{
  "model": "bluearchivejp:ammo/fuel_geo",
  "texture": "bluearchivejp:ammo/uv/fuel",
  "slot": "bluearchivejp:ammo/slot/fuel",
  "particle": {
    "name": "flame",
    "delta": [
      0,
      0,
      0
    ],
    "speed": 0.0,
    "life_time": 12,
    "count": 30
  },
  "transform": {
    "scale": {
      "thirdperson": [
        0.3,
        0.3,
        0.3
      ],
      "ground": [
        0.3,
        0.3,
        0.3
      ],
      "fixed": [
        0.5,
        0.5,
        0.5
      ]
    }
  }
}