{
  "materials": [
    {
      "item": {
        "tag": "forge:ingots/iron"
      },
      "count": 30
    },
    {
      "item": {
        "tag": "forge:ingots/copper"
      },
      "count": 8
    },
    {
      "item": {
        "tag": "forge:ingots/gold"
      },
      "count": 10
    },
    {
      "item": {
        "item": "minecraft:purple_dye"
      },
      "count": 3
    },
    {
      "item": {
        "item": "minecraft:red_dye"
      },
      "count": 1
    }
  ],
  "result": {
    "type": "gun",
    "id": "bluearchivejp:38_renge"
  },
  "type": "tacz:gun_smith_table_crafting"
}