{
  "materials": [
    {
      "item": {
        "tag": "forge:ingots/iron"
      },
      "count": 35
    },
    {
      "item": {
        "tag": "forge:ingots/copper"
      },
      "count": 10
    },
    {
      "item": {
        "tag": "forge:ingots/gold"
      },
      "count": 12
    },
    {
      "item": {
        "tag": "forge:ingots/netherite"
      },
      "count": 1
    },
    {
      "item": {
        "item": "minecraft:black_dye"
      },
      "count": 2
    },
    {
      "item": {
        "item": "minecraft:white_dye"
      },
      "count": 1
    },
    {
      "item": {
        "item": "minecraft:red_dye"
      },
      "count": 2
    }
  ],
  "result": {
    "type": "gun",
    "id": "bluearchivejp:99_wakamo"
  },
  "type": "tacz:gun_smith_table_crafting"
}