{
  "materials": [
    {
      "item": {
        "tag": "forge:ingots/iron"
      },
      "count": 64
    },
    {
      "item": {
        "tag": "forge:ingots/copper"
      },
      "count": 24
    },
    {
      "item": {
        "item": "minecraft:blaze_powder"
      },
      "count": 6
    },
    {
      "item": {
        "tag": "forge:gems/diamond"
      },
      "count": 10
    },
    {
      "item": {
        "item": "minecraft:white_dye"
      },
      "count": 5
    },
    {
      "item": {
        "item": "minecraft:black_dye"
      },
      "count": 2
    }
  ],
  "result": {
    "type": "gun",
    "id": "bluearchivejp:al1s"
  },
  "type": "tacz:gun_smith_table_crafting"
}