{
  "materials": [
    {
      "item": {
        "tag": "forge:ingots/iron"
      },
      "count": 40
    },
    {
      "item": {
        "tag": "forge:ingots/gold"
      },
      "count": 20
    },
    {
      "item": {
        "tag": "forge:ingots/copper"
      },
      "count": 10
    },
    {
      "item": {
        "tag": "forge:ingots/netherite"
      },
      "count": 1
    },
    {
      "item": {
        "tag": "forge:gems/diamond"
      },
      "count": 10
    },
    {
      "item": {
        "item": "minecraft:black_dye"
      },
      "count": 3
    }
  ],
  "result": {
    "type": "gun",
    "id": "bluearchivejp:eoht"
  },
  "type": "tacz:gun_smith_table_crafting"
}