{
  "materials": [
    {
      "item": {
        "tag": "forge:ingots/iron"
      },
      "count": 18
    },
    {
      "item": {
        "tag": "forge:ingots/copper"
      },
      "count": 10
    },
    {
      "item": {
        "tag": "forge:ingots/gold"
      },
      "count": 8
    },
    {
      "item": {
        "tag": "forge:dusts/redstone"
      },
      "count": 5
    },
    {
      "item": {
        "tag": "forge:gems/diamond"
      },
      "count": 2
    }
  ],
  "result": {
    "type": "gun",
    "id": "bluearchivejp:miyako_d"
  },
  "type": "tacz:gun_smith_table_crafting"
}