{
  "materials": [
    {
      "item": {
        "tag": "forge:ingots/iron"
      },
      "count": 26
    },
    {
      "item": {
        "tag": "forge:ingots/copper"
      },
      "count": 6
    },
    {
      "item": {
        "tag": "forge:ingots/gold"
      },
      "count": 4
    },
    {
      "item": {
        "item": "minecraft:white_dye"
      },
      "count": 3
    }
  ],
  "result": {
    "type": "gun",
    "id": "bluearchivejp:rb26_saki"
  },
  "type": "tacz:gun_smith_table_crafting"
}