{
    "model": "bluearchivejp:gun/lmv_geo",
    "texture": "bluearchivejp:gun/uv/lmv",
    "slot": "bluearchivejp:gun/slot/lmv",
    "hud": "bluearchivejp:gun/hud/lmv",
    "ammo_count_style": "normal",
    "damage_style": "per_projectile",
    "muzzle_flash": {
      "texture": "tacz:flash/common_muzzle_flash",
      "scale": 1.5
    },
    "animation": "bluearchivejp:lmv",
    "state_machine": "tacz:minigun_state_machine",
    "use_default_animation": "rifle",
    "show_crosshair": true,
    "transform": {
        "scale": {
            "thirdperson": [
                0.6,
                0.6,
                0.6
            ],
            "ground": [
                0.85,
                0.85,
                0.85
            ],
            "fixed": [
                1,
                1,
                1
            ]
        }
    },
  "shell": {
    "initial_velocity": [9, 2, 1],
    "random_velocity": [2, 1, 3],
    "acceleration": [0.0, -10, 0.0],
    "angular_velocity": [360, -1200, 90],
    "living_time": 1.5
  },
  "ammo": {
    "tracer_color": "#FF8888"
  },
    "sounds": {
        "put_away": "tacz:minigun/minigun_put_away",
        "shoot": "tacz:minigun/minigun_shoot",
        "shoot_3p": "tacz:minigun/minigun_shoot_3p",
        "silence": "tacz:minigun/minigun_silence",
        "silence_3p": "tacz:minigun/minigun_silence_3p",
        "dry_fire": "bluearchivejp:sounds/ba_dry_fire",
        "reload_tactical":"bluearchivejp:sounds/lmv_reload",
        "reload_empty":"bluearchivejp:sounds/lmv_reload",
        "inspect": "bluearchivejp:sounds/lmv_inspect",
        "inspect_empty": "bluearchivejp:sounds/lmv_inspect"
    },
  "text_show": {
    "ammo_count_text_show_pos": {
      "scale": 1,
      "align": "center",
      "shadow": false,
      "color": "#FFFFFF",
      "light": 15,
      "text": "text_show.tacz.ak47.ammo_count"
    }
  },
  "controllable": {
    "semi": {
      "low_frequency": 0.25,
      "high_frequency": 0.5,
      "time": 100
    },
    "auto": {
      "low_frequency": 0.15,
      "high_frequency": 0.25,
      "time": 80
    },
    "burst": {
      "low_frequency": 0.25,
      "high_frequency": 0.5,
      "time": 100
    }
  }
}