{
    "model": "bluearchivejp:gun/makoto2000_geo",
    "texture": "bluearchivejp:gun/uv/makoto2000",
    "slot": "bluearchivejp:gun/slot/makoto2000",
    "hud": "bluearchivejp:gun/hud/makoto2000",
    "muzzle_flash": {
      "texture": "tacz:flash/common_muzzle_flash",
      "scale": 1
    },
    "animation": "bluearchivejp:makoto2000",
    "use_default_animation": "rifle",
    "transform": {
        "scale": {
            "thirdperson": [
                0.6,
                0.6,
                0.6
            ],
            "ground": [
                0.5,
                0.5,
                0.5
            ],
            "fixed": [
                1,
                1,
                1
            ]
        }
    },
    "sounds": {
    "draw": "tacz:m700/m700_draw",
    "shoot": "tacz:m700/m700_shoot",
    "shoot_3p": "tacz:m700/m700_shoot_3p",
    "silence": "tacz:m700/m700_silence",
    "silence_3p": "tacz:m700/m700_silence_3p",
    "put_away": "tacz:m700/m700_put_away",
    "dry_fire": "bluearchivejp:sounds/ba_dry_fire",
    "reload_tactical":"bluearchivejp:sounds/makoto2000_reload_tactical",
    "reload_empty":"bluearchivejp:sounds/makoto2000_reload_empty",
    "inspect": "bluearchivejp:sounds/makoto2000_inspect",
    "inspect_empty": "bluearchivejp:sounds/makoto2000_inspect"
    },
    "third_person_animation": "default"
}