{
    "model": "bluearchivejp:gun/nagisa118_geo",
    "texture": "bluearchivejp:gun/uv/nagisa118",
    "slot": "bluearchivejp:gun/slot/nagisa118",
    "hud": "bluearchivejp:gun/hud/nagisa118",
    "animation": "bluearchivejp:nagisa118",
    "use_default_animation": "rifle",
    "transform": {
        "scale": {
            "thirdperson": [
                0.6,
                0.6,
                0.6
            ],
            "ground": [
                0.5,
                0.5,
                0.5
            ],
            "fixed": [
                1.5,
                1.5,
                1.5
            ]
        }
    },
    "sounds": {
    "draw": "tacz:m1911/m1911_draw",
    "put_away": "tacz:m1911/m1911_put_away",
    "shoot": "bluearchivejp:sounds/nagisa118_shoot",
    "shoot_3p": "tacz:b93r/b93r_shoot_3p",
    "reload_tactical":"bluearchivejp:sounds/nagisa118_reload",
    "reload_empty":"bluearchivejp:sounds/nagisa118_reload",
    "inspect": "bluearchivejp:sounds/nagisa118_inspect",
    "inspect_empty": "bluearchivejp:sounds/nagisa118_inspect",
    "dry_fire": "bluearchivejp:sounds/ba_dry_fire"
    },
    "third_person_animation": "default"
}