{
    "model": "bluearchivejp:gun/noa45_geo",
    "texture": "bluearchivejp:gun/uv/noa45",
    "slot": "bluearchivejp:gun/slot/noa45",
    "hud": "bluearchivejp:gun/hud/noa45",
    "muzzle_flash": {
      "texture": "tacz:flash/common_muzzle_flash",
      "scale": 1
    },
    "animation": "bluearchivejp:noa45",
    "use_default_animation": "pistol",
    "transform": {
        "scale": {
            "thirdperson": [
                0.6,
                0.6,
                0.6
            ],
            "ground": [
                0.5,
                0.5,
                0.5
            ],
            "fixed": [
                1,
                1,
                1
            ]
        }
    },
  "shell": {
    "initial_velocity": [5, 2, 1],
    "random_velocity": [1, 1, 0.25],
    "acceleration": [0.0, -10, 0.0],
    "angular_velocity": [360, -1200, 90],
    "living_time": 1.0
  },
    "text_show": {
        "ammo_display": {
          "scale": 0.4,
          "align": "center",
          "shadow": false,
          "color": "#36d036",
          "light": 15,
          "text": "%ammo_count%"
        }
    },
    "sounds": {
        "draw": "bluearchivejp:sounds/noa45_draw",
        "put_away": "tacz:m1911/m1911_put_away",
        "shoot": "tacz:m1911/m1911_shoot",
        "shoot_3p": "tacz:m1911/m1911_shoot_3p",
        "silence": "tacz:m1911/m1911_silence",
        "silence_3p": "tacz:m1911/m1911_silence_3p",
        "dry_fire": "bluearchivejp:sounds/ba_dry_fire",
        "reload_tactical":"bluearchivejp:sounds/rb224_moe_reload_tactical",
        "reload_empty":"bluearchivejp:sounds/rb224_moe_reload_empty",
        "inspect": "bluearchivejp:sounds/rb224_moe_inspect",
        "inspect_empty": "bluearchivejp:sounds/rb224_moe_inspect"
    },
    "third_person_animation": "default"
}