{
    "model": "bluearchivejp:gun/rb26_saki_geo",
    "texture": "bluearchivejp:gun/uv/rb26_saki",
    "slot": "bluearchivejp:gun/slot/rb26_saki",
    "hud": "bluearchivejp:gun/hud/rb26_saki",
    "muzzle_flash": {
      "texture": "tacz:flash/common_muzzle_flash",
      "scale": 1
    },
    "animation": "bluearchivejp:rb26_saki",
    "use_default_animation": "rifle",
    "transform": {
        "scale": {
            "thirdperson": [
                0.6,
                0.6,
                0.6
            ],
            "ground": [
                0.5,
                0.5,
                0.5
            ],
            "fixed": [
                1,
                1,
                1
            ]
        }
    },
  "shell": {
    "initial_velocity": [5, 2, 1],
    "random_velocity": [1, 1, 0.25],
    "acceleration": [0.0, -10, 0.0],
    "angular_velocity": [360, -1200, 90],
    "living_time": 1.0
  },
    "sounds": {
    "draw": "tacz:ak47/ak47_draw",
    "put_away": "tacz:ak47/ak47_put_away",
    "shoot": "tacz:ak47/ak47_shoot",
    "shoot_3p": "tacz:ak47/ak47_shoot_3p",
    "dry_fire": "bluearchivejp:sounds/ba_dry_fire",
    "silence": "tacz:ak47/ak47_silence",
    "silence_3p": "tacz:ak47/ak47_silence_3p",
    "reload_tactical":"bluearchivejp:sounds/rb26_reload_tactical",
    "reload_empty":"bluearchivejp:sounds/rb26_reload_empty",
    "inspect": "bluearchivejp:sounds/rb26_inspect",
    "inspect_empty": "bluearchivejp:sounds/rb26_inspect"
    },
    "third_person_animation": "default"
}