{
    "model": "bluearchivejp:gun/shiroko_d_geo",
    "texture": "bluearchivejp:gun/uv/shiroko_d",
    "slot": "bluearchivejp:gun/slot/shiroko_d",
    "hud": "bluearchivejp:gun/hud/shiroko_d",
    "animation": "bluearchivejp:shiroko_d",
    "use_default_animation": "rifle",
    "transform": {
        "scale": {
            "thirdperson": [
                0.6,
                0.6,
                0.6
            ],
            "ground": [
                0.5,
                0.5,
                0.5
            ],
            "fixed": [
                1,
                1,
                1
            ]
        }
    },
    "sounds": {
        "draw": "tacz:hk_mp5a5/hk_mp5a5_draw",
        "put_away": "tacz:hk_mp5a5/hk_mp5a5_put_away",
    "shoot": "bluearchivejp:sounds/shiroko_d",
    "shoot_3p": "bluearchivejp:sounds/shiroko_d",
    "dry_fire": "bluearchivejp:sounds/ba_dry_fire"
    },
    "third_person_animation": "default"
}