{
	"format_version": "1.12.0",
	"minecraft:geometry": [
		{
			"description": {
				"identifier": "geometry.unknown",
				"texture_width": 64,
				"texture_height": 64,
				"visible_bounds_width": 2,
				"visible_bounds_height": 2.5,
				"visible_bounds_offset": [0, 0.75, 0]
			},
			"bones": [
				{
					"name": "motor",
					"pivot": [0, 7.68756, 0],
					"rotation": [0, 90, 0],
					"cubes": [
						{
							"origin": [-3, 4.2, -0.7],
							"size": [6.9, 3.5, 1.4],
							"uv": {
								"north": {"uv": [0, 0], "uv_size": [6.875, 3.5]},
								"east": {"uv": [20, 35], "uv_size": [1.375, 3.5]},
								"south": {"uv": [0, 4], "uv_size": [6.875, 3.5]},
								"west": {"uv": [35, 20], "uv_size": [1.375, 3.5]},
								"up": {"uv": [0, 24], "uv_size": [6.875, 1.375]},
								"down": {"uv": [7, 25.375], "uv_size": [6.875, -1.375]}
							}
						},
						{
							"origin": [-3, 4.14474, -0.49378],
							"size": [6.9, 3.5, 1.4],
							"pivot": [0, 5.44474, 0.20622],
							"rotation": [-30, 0, 0],
							"uv": {
								"north": {"uv": [7, 0], "uv_size": [6.875, 3.5]},
								"east": {"uv": [22, 35], "uv_size": [1.375, 3.5]},
								"south": {"uv": [7, 4], "uv_size": [6.875, 3.5]},
								"west": {"uv": [24, 35], "uv_size": [1.375, 3.5]},
								"up": {"uv": [14, 24], "uv_size": [6.875, 1.375]},
								"down": {"uv": [21, 25.375], "uv_size": [6.875, -1.375]}
							}
						},
						{
							"origin": [-3, 3.99378, -0.34282],
							"size": [6.9, 3.5, 1.4],
							"pivot": [0, 5.29378, 0.35718],
							"rotation": [-60, 0, 0],
							"uv": {
								"north": {"uv": [0, 8], "uv_size": [6.875, 3.5]},
								"east": {"uv": [26, 35], "uv_size": [1.375, 3.5]},
								"south": {"uv": [7, 8], "uv_size": [6.875, 3.5]},
								"west": {"uv": [28, 35], "uv_size": [1.375, 3.5]},
								"up": {"uv": [0, 26], "uv_size": [6.875, 1.375]},
								"down": {"uv": [7, 27.375], "uv_size": [6.875, -1.375]}
							}
						},
						{
							"origin": [-3, 3.78756, -0.28756],
							"size": [6.9, 3.5, 1.4],
							"pivot": [0, 5.08756, 0.41244],
							"rotation": [-90, 0, 0],
							"uv": {
								"north": {"uv": [0, 12], "uv_size": [6.875, 3.5]},
								"east": {"uv": [30, 35], "uv_size": [1.375, 3.5]},
								"south": {"uv": [7, 12], "uv_size": [6.875, 3.5]},
								"west": {"uv": [32, 35], "uv_size": [1.375, 3.5]},
								"up": {"uv": [14, 26], "uv_size": [6.875, 1.375]},
								"down": {"uv": [21, 27.375], "uv_size": [6.875, -1.375]}
							}
						},
						{
							"origin": [-3, 3.58135, -0.34282],
							"size": [6.9, 3.5, 1.4],
							"pivot": [0, 4.88135, 0.35718],
							"rotation": [-120, 0, 0],
							"uv": {
								"north": {"uv": [14, 0], "uv_size": [6.875, 3.5]},
								"east": {"uv": [34, 35], "uv_size": [1.375, 3.5]},
								"south": {"uv": [14, 4], "uv_size": [6.875, 3.5]},
								"west": {"uv": [0, 36], "uv_size": [1.375, 3.5]},
								"up": {"uv": [0, 28], "uv_size": [6.875, 1.375]},
								"down": {"uv": [28, 1.375], "uv_size": [6.875, -1.375]}
							}
						},
						{
							"origin": [-3, 3.43038, -0.49378],
							"size": [6.9, 3.5, 1.4],
							"pivot": [0, 4.73038, 0.20622],
							"rotation": [-150, 0, 0],
							"uv": {
								"north": {"uv": [14, 8], "uv_size": [6.875, 3.5]},
								"east": {"uv": [2, 36], "uv_size": [1.375, 3.5]},
								"south": {"uv": [14, 12], "uv_size": [6.875, 3.5]},
								"west": {"uv": [4, 36], "uv_size": [1.375, 3.5]},
								"up": {"uv": [28, 2], "uv_size": [6.875, 1.375]},
								"down": {"uv": [28, 5.375], "uv_size": [6.875, -1.375]}
							}
						},
						{
							"origin": [-3, 3.37513, -0.7],
							"size": [6.9, 3.5, 1.4],
							"pivot": [0, 4.67513, 0],
							"rotation": [180, 0, 0],
							"uv": {
								"north": {"uv": [0, 16], "uv_size": [6.875, 3.5]},
								"east": {"uv": [6, 36], "uv_size": [1.375, 3.5]},
								"south": {"uv": [7, 16], "uv_size": [6.875, 3.5]},
								"west": {"uv": [8, 36], "uv_size": [1.375, 3.5]},
								"up": {"uv": [28, 6], "uv_size": [6.875, 1.375]},
								"down": {"uv": [7, 29.375], "uv_size": [6.875, -1.375]}
							}
						},
						{
							"origin": [-3, 3.43038, -0.90622],
							"size": [6.9, 3.5, 1.4],
							"pivot": [0, 4.73038, -0.20622],
							"rotation": [150, 0, 0],
							"uv": {
								"north": {"uv": [14, 16], "uv_size": [6.875, 3.5]},
								"east": {"uv": [10, 36], "uv_size": [1.375, 3.5]},
								"south": {"uv": [0, 20], "uv_size": [6.875, 3.5]},
								"west": {"uv": [36, 32], "uv_size": [1.375, 3.5]},
								"up": {"uv": [28, 8], "uv_size": [6.875, 1.375]},
								"down": {"uv": [28, 11.375], "uv_size": [6.875, -1.375]}
							}
						},
						{
							"origin": [-3, 3.58135, -1.05718],
							"size": [6.9, 3.5, 1.4],
							"pivot": [0, 4.88135, -0.35718],
							"rotation": [120, 0, 0],
							"uv": {
								"north": {"uv": [7, 20], "uv_size": [6.875, 3.5]},
								"east": {"uv": [36, 36], "uv_size": [1.375, 3.5]},
								"south": {"uv": [14, 20], "uv_size": [6.875, 3.5]},
								"west": {"uv": [37, 16], "uv_size": [1.375, 3.5]},
								"up": {"uv": [28, 12], "uv_size": [6.875, 1.375]},
								"down": {"uv": [14, 29.375], "uv_size": [6.875, -1.375]}
							}
						},
						{
							"origin": [-3, 3.78756, -1.11244],
							"size": [6.9, 3.5, 1.4],
							"pivot": [0, 5.08756, -0.41244],
							"rotation": [90, 0, 0],
							"uv": {
								"north": {"uv": [21, 0], "uv_size": [6.875, 3.5]},
								"east": {"uv": [37, 20], "uv_size": [1.375, 3.5]},
								"south": {"uv": [21, 4], "uv_size": [6.875, 3.5]},
								"west": {"uv": [38, 4], "uv_size": [1.375, 3.5]},
								"up": {"uv": [28, 14], "uv_size": [6.875, 1.375]},
								"down": {"uv": [28, 17.375], "uv_size": [6.875, -1.375]}
							}
						},
						{
							"origin": [-3, 3.99378, -1.05718],
							"size": [6.9, 3.5, 1.4],
							"pivot": [0, 5.29378, -0.35718],
							"rotation": [60, 0, 0],
							"uv": {
								"north": {"uv": [21, 8], "uv_size": [6.875, 3.5]},
								"east": {"uv": [38, 8], "uv_size": [1.375, 3.5]},
								"south": {"uv": [21, 12], "uv_size": [6.875, 3.5]},
								"west": {"uv": [12, 38], "uv_size": [1.375, 3.5]},
								"up": {"uv": [28, 18], "uv_size": [6.875, 1.375]},
								"down": {"uv": [28, 21.375], "uv_size": [6.875, -1.375]}
							}
						},
						{
							"origin": [-3, 4.14474, -0.90622],
							"size": [6.9, 3.5, 1.4],
							"pivot": [0, 5.44474, -0.20622],
							"rotation": [30, 0, 0],
							"uv": {
								"north": {"uv": [21, 16], "uv_size": [6.875, 3.5]},
								"east": {"uv": [38, 12], "uv_size": [1.375, 3.5]},
								"south": {"uv": [21, 20], "uv_size": [6.875, 3.5]},
								"west": {"uv": [14, 38], "uv_size": [1.375, 3.5]},
								"up": {"uv": [21, 28], "uv_size": [6.875, 1.375]},
								"down": {"uv": [28, 23.375], "uv_size": [6.875, -1.375]}
							}
						},
						{
							"origin": [3.8, 6.79378, 0.05718],
							"size": [0.2, 0.6, 0.6],
							"pivot": [0.2, 5.29378, 0.35718],
							"rotation": [-60, 0, 0],
							"uv": {
								"north": {"uv": [42, 50], "uv_size": [0.25, 0.625]},
								"east": {"uv": [46, 47], "uv_size": [0.625, 0.625]},
								"south": {"uv": [43, 50], "uv_size": [0.25, 0.625]},
								"west": {"uv": [47, 46], "uv_size": [0.625, 0.625]},
								"up": {"uv": [50, 43], "uv_size": [0.25, 0.625]},
								"down": {"uv": [44, 50.625], "uv_size": [0.25, -0.625]}
							}
						},
						{
							"origin": [3.8, 6.23038, -0.09378],
							"size": [0.2, 0.6, 0.6],
							"pivot": [0.2, 4.73038, 0.20622],
							"rotation": [-150, 0, 0],
							"uv": {
								"north": {"uv": [38, 50], "uv_size": [0.25, 0.625]},
								"east": {"uv": [47, 44], "uv_size": [0.625, 0.625]},
								"south": {"uv": [39, 50], "uv_size": [0.25, 0.625]},
								"west": {"uv": [45, 47], "uv_size": [0.625, 0.625]},
								"up": {"uv": [40, 50], "uv_size": [0.25, 0.625]},
								"down": {"uv": [41, 50.625], "uv_size": [0.25, -0.625]}
							}
						},
						{
							"origin": [3.8, 6.38135, -0.65718],
							"size": [0.2, 0.6, 0.6],
							"pivot": [0.2, 4.88135, -0.35718],
							"rotation": [120, 0, 0],
							"uv": {
								"north": {"uv": [36, 50], "uv_size": [0.25, 0.625]},
								"east": {"uv": [47, 43], "uv_size": [0.625, 0.625]},
								"south": {"uv": [50, 36], "uv_size": [0.25, 0.625]},
								"west": {"uv": [44, 47], "uv_size": [0.625, 0.625]},
								"up": {"uv": [37, 50], "uv_size": [0.25, 0.625]},
								"down": {"uv": [50, 37.625], "uv_size": [0.25, -0.625]}
							}
						},
						{
							"origin": [3.8, 6.94474, -0.50622],
							"size": [0.2, 0.6, 0.6],
							"pivot": [0.2, 5.44474, -0.20622],
							"rotation": [30, 0, 0],
							"uv": {
								"north": {"uv": [34, 50], "uv_size": [0.25, 0.625]},
								"east": {"uv": [42, 47], "uv_size": [0.625, 0.625]},
								"south": {"uv": [50, 34], "uv_size": [0.25, 0.625]},
								"west": {"uv": [43, 47], "uv_size": [0.625, 0.625]},
								"up": {"uv": [35, 50], "uv_size": [0.25, 0.625]},
								"down": {"uv": [50, 35.625], "uv_size": [0.25, -0.625]}
							}
						},
						{
							"origin": [3.7113, 4.43419, -0.62801],
							"size": [1.3774, 2.4255, 0.9702],
							"pivot": [1.74, 5.33509, -0.14291],
							"rotation": [30, 0, 0],
							"uv": {
								"north": {"uv": [16, 38], "uv_size": [1.375, 2.375]},
								"east": {"uv": [36, 43], "uv_size": [1, 2.375]},
								"south": {"uv": [38, 36], "uv_size": [1.375, 2.375]},
								"west": {"uv": [37, 43], "uv_size": [1, 2.375]},
								"up": {"uv": [26, 30], "uv_size": [1.375, 1]},
								"down": {"uv": [26, 32], "uv_size": [1.375, -1]}
							}
						},
						{
							"origin": [3.7113, 4.32957, -0.73263],
							"size": [1.3774, 2.4255, 0.9702],
							"pivot": [1.74, 5.23047, -0.24753],
							"rotation": [60, 0, 0],
							"uv": {
								"north": {"uv": [39, 16], "uv_size": [1.375, 2.375]},
								"east": {"uv": [40, 43], "uv_size": [1, 2.375]},
								"south": {"uv": [18, 39], "uv_size": [1.375, 2.375]},
								"west": {"uv": [41, 43], "uv_size": [1, 2.375]},
								"up": {"uv": [45, 8], "uv_size": [1.375, 1]},
								"down": {"uv": [45, 10], "uv_size": [1.375, -1]}
							}
						},
						{
							"origin": [3.7113, 4.18666, -0.77092],
							"size": [1.3774, 2.4255, 0.9702],
							"pivot": [1.74, 5.08756, -0.28582],
							"rotation": [90, 0, 0],
							"uv": {
								"north": {"uv": [39, 19], "uv_size": [1.375, 2.375]},
								"east": {"uv": [42, 43], "uv_size": [1, 2.375]},
								"south": {"uv": [20, 39], "uv_size": [1.375, 2.375]},
								"west": {"uv": [43, 43], "uv_size": [1, 2.375]},
								"up": {"uv": [45, 10], "uv_size": [1.375, 1]},
								"down": {"uv": [45, 12], "uv_size": [1.375, -1]}
							}
						},
						{
							"origin": [3.7113, 4.04376, -0.73263],
							"size": [1.3774, 2.4255, 0.9702],
							"pivot": [1.74, 4.94466, -0.24753],
							"rotation": [120, 0, 0],
							"uv": {
								"north": {"uv": [22, 39], "uv_size": [1.375, 2.375]},
								"east": {"uv": [0, 44], "uv_size": [1, 2.375]},
								"south": {"uv": [24, 39], "uv_size": [1.375, 2.375]},
								"west": {"uv": [1, 44], "uv_size": [1, 2.375]},
								"up": {"uv": [12, 45], "uv_size": [1.375, 1]},
								"down": {"uv": [45, 13], "uv_size": [1.375, -1]}
							}
						},
						{
							"origin": [3.7113, 3.93914, -0.62801],
							"size": [1.3774, 2.4255, 0.9702],
							"pivot": [1.74, 4.84004, -0.14291],
							"rotation": [150, 0, 0],
							"uv": {
								"north": {"uv": [26, 39], "uv_size": [1.375, 2.375]},
								"east": {"uv": [2, 44], "uv_size": [1, 2.375]},
								"south": {"uv": [28, 39], "uv_size": [1.375, 2.375]},
								"west": {"uv": [3, 44], "uv_size": [1, 2.375]},
								"up": {"uv": [45, 13], "uv_size": [1.375, 1]},
								"down": {"uv": [14, 46], "uv_size": [1.375, -1]}
							}
						},
						{
							"origin": [3.7113, 3.90085, -0.4851],
							"size": [1.3774, 2.4255, 0.9702],
							"pivot": [1.74, 4.80175, 0],
							"rotation": [180, 0, 0],
							"uv": {
								"north": {"uv": [30, 39], "uv_size": [1.375, 2.375]},
								"east": {"uv": [4, 44], "uv_size": [1, 2.375]},
								"south": {"uv": [32, 39], "uv_size": [1.375, 2.375]},
								"west": {"uv": [44, 4], "uv_size": [1, 2.375]},
								"up": {"uv": [45, 14], "uv_size": [1.375, 1]},
								"down": {"uv": [45, 16], "uv_size": [1.375, -1]}
							}
						},
						{
							"origin": [3.7113, 3.93914, -0.34219],
							"size": [1.3774, 2.4255, 0.9702],
							"pivot": [1.74, 4.84004, 0.14291],
							"rotation": [-150, 0, 0],
							"uv": {
								"north": {"uv": [34, 39], "uv_size": [1.375, 2.375]},
								"east": {"uv": [5, 44], "uv_size": [1, 2.375]},
								"south": {"uv": [38, 39], "uv_size": [1.375, 2.375]},
								"west": {"uv": [6, 44], "uv_size": [1, 2.375]},
								"up": {"uv": [18, 45], "uv_size": [1.375, 1]},
								"down": {"uv": [20, 46], "uv_size": [1.375, -1]}
							}
						},
						{
							"origin": [3.7113, 4.04376, -0.23757],
							"size": [1.3774, 2.4255, 0.9702],
							"pivot": [1.74, 4.94466, 0.24753],
							"rotation": [-120, 0, 0],
							"uv": {
								"north": {"uv": [0, 40], "uv_size": [1.375, 2.375]},
								"east": {"uv": [7, 44], "uv_size": [1, 2.375]},
								"south": {"uv": [2, 40], "uv_size": [1.375, 2.375]},
								"west": {"uv": [44, 7], "uv_size": [1, 2.375]},
								"up": {"uv": [22, 45], "uv_size": [1.375, 1]},
								"down": {"uv": [24, 46], "uv_size": [1.375, -1]}
							}
						},
						{
							"origin": [3.7113, 4.18666, -0.19928],
							"size": [1.3774, 2.4255, 0.9702],
							"pivot": [1.74, 5.08756, 0.28582],
							"rotation": [-90, 0, 0],
							"uv": {
								"north": {"uv": [4, 40], "uv_size": [1.375, 2.375]},
								"east": {"uv": [8, 44], "uv_size": [1, 2.375]},
								"south": {"uv": [40, 4], "uv_size": [1.375, 2.375]},
								"west": {"uv": [9, 44], "uv_size": [1, 2.375]},
								"up": {"uv": [26, 45], "uv_size": [1.375, 1]},
								"down": {"uv": [28, 46], "uv_size": [1.375, -1]}
							}
						},
						{
							"origin": [3.7113, 4.32957, -0.23757],
							"size": [1.3774, 2.4255, 0.9702],
							"pivot": [1.74, 5.23047, 0.24753],
							"rotation": [-60, 0, 0],
							"uv": {
								"north": {"uv": [6, 40], "uv_size": [1.375, 2.375]},
								"east": {"uv": [10, 44], "uv_size": [1, 2.375]},
								"south": {"uv": [40, 7], "uv_size": [1.375, 2.375]},
								"west": {"uv": [44, 10], "uv_size": [1, 2.375]},
								"up": {"uv": [30, 45], "uv_size": [1.375, 1]},
								"down": {"uv": [32, 46], "uv_size": [1.375, -1]}
							}
						},
						{
							"origin": [3.7113, 4.43419, -0.34219],
							"size": [1.3774, 2.4255, 0.9702],
							"pivot": [1.74, 5.33509, 0.14291],
							"rotation": [-30, 0, 0],
							"uv": {
								"north": {"uv": [8, 40], "uv_size": [1.375, 2.375]},
								"east": {"uv": [11, 44], "uv_size": [1, 2.375]},
								"south": {"uv": [10, 40], "uv_size": [1.375, 2.375]},
								"west": {"uv": [44, 13], "uv_size": [1, 2.375]},
								"up": {"uv": [34, 45], "uv_size": [1.375, 1]},
								"down": {"uv": [38, 46], "uv_size": [1.375, -1]}
							}
						},
						{
							"origin": [3.7113, 4.47248, -0.4851],
							"size": [1.3774, 2.4255, 0.9702],
							"uv": {
								"north": {"uv": [40, 10], "uv_size": [1.375, 2.375]},
								"east": {"uv": [16, 44], "uv_size": [1, 2.375]},
								"south": {"uv": [40, 13], "uv_size": [1.375, 2.375]},
								"west": {"uv": [17, 44], "uv_size": [1, 2.375]},
								"up": {"uv": [44, 45], "uv_size": [1.375, 1]},
								"down": {"uv": [12, 47], "uv_size": [1.375, -1]}
							}
						},
						{
							"origin": [-4.28084, 4.90462, -0.17584],
							"size": [11.36167, 0.67914, 0.27166],
							"pivot": [3.9672, 5.15687, -0.04001],
							"rotation": [30, 0, 0],
							"uv": {
								"north": {"uv": [14, 30], "uv_size": [11.375, 0.625]},
								"east": {"uv": [50, 10], "uv_size": [0.25, 0.625]},
								"south": {"uv": [14, 31], "uv_size": [11.375, 0.625]},
								"west": {"uv": [11, 50], "uv_size": [0.25, 0.625]},
								"up": {"uv": [39, 22], "uv_size": [11.375, 0.25]},
								"down": {"uv": [39, 23.25], "uv_size": [11.375, -0.25]}
							}
						},
						{
							"origin": [-4.28084, 4.87533, -0.20514],
							"size": [11.36167, 0.67914, 0.27166],
							"pivot": [3.9672, 5.12758, -0.06931],
							"rotation": [60, 0, 0],
							"uv": {
								"north": {"uv": [31, 24], "uv_size": [11.375, 0.625]},
								"east": {"uv": [12, 50], "uv_size": [0.25, 0.625]},
								"south": {"uv": [31, 25], "uv_size": [11.375, 0.625]},
								"west": {"uv": [13, 50], "uv_size": [0.25, 0.625]},
								"up": {"uv": [42, 38], "uv_size": [11.375, 0.25]},
								"down": {"uv": [42, 39.25], "uv_size": [11.375, -0.25]}
							}
						},
						{
							"origin": [-4.28084, 4.83531, -0.21586],
							"size": [11.36167, 0.67914, 0.27166],
							"pivot": [3.9672, 5.08756, -0.08003],
							"rotation": [90, 0, 0],
							"uv": {
								"north": {"uv": [31, 26], "uv_size": [11.375, 0.625]},
								"east": {"uv": [14, 50], "uv_size": [0.25, 0.625]},
								"south": {"uv": [31, 27], "uv_size": [11.375, 0.625]},
								"west": {"uv": [15, 50], "uv_size": [0.25, 0.625]},
								"up": {"uv": [40, 42], "uv_size": [11.375, 0.25]},
								"down": {"uv": [42, 40.25], "uv_size": [11.375, -0.25]}
							}
						},
						{
							"origin": [-4.28084, 4.7953, -0.20514],
							"size": [11.36167, 0.67914, 0.27166],
							"pivot": [3.9672, 5.04755, -0.06931],
							"rotation": [120, 0, 0],
							"uv": {
								"north": {"uv": [31, 28], "uv_size": [11.375, 0.625]},
								"east": {"uv": [16, 50], "uv_size": [0.25, 0.625]},
								"south": {"uv": [31, 29], "uv_size": [11.375, 0.625]},
								"west": {"uv": [17, 50], "uv_size": [0.25, 0.625]},
								"up": {"uv": [42, 41], "uv_size": [11.375, 0.25]},
								"down": {"uv": [0, 43.25], "uv_size": [11.375, -0.25]}
							}
						},
						{
							"origin": [-4.28084, 4.76601, -0.17584],
							"size": [11.36167, 0.67914, 0.27166],
							"pivot": [3.9672, 5.01826, -0.04001],
							"rotation": [150, 0, 0],
							"uv": {
								"north": {"uv": [31, 30], "uv_size": [11.375, 0.625]},
								"east": {"uv": [18, 50], "uv_size": [0.25, 0.625]},
								"south": {"uv": [31, 31], "uv_size": [11.375, 0.625]},
								"west": {"uv": [19, 50], "uv_size": [0.25, 0.625]},
								"up": {"uv": [43, 16], "uv_size": [11.375, 0.25]},
								"down": {"uv": [43, 17.25], "uv_size": [11.375, -0.25]}
							}
						},
						{
							"origin": [-4.28084, 4.75528, -0.13583],
							"size": [11.36167, 0.67914, 0.27166],
							"pivot": [3.9672, 5.00754, 0],
							"rotation": [180, 0, 0],
							"uv": {
								"north": {"uv": [0, 32], "uv_size": [11.375, 0.625]},
								"east": {"uv": [20, 50], "uv_size": [0.25, 0.625]},
								"south": {"uv": [12, 32], "uv_size": [11.375, 0.625]},
								"west": {"uv": [21, 50], "uv_size": [0.25, 0.625]},
								"up": {"uv": [43, 18], "uv_size": [11.375, 0.25]},
								"down": {"uv": [43, 19.25], "uv_size": [11.375, -0.25]}
							}
						},
						{
							"origin": [-4.28084, 4.76601, -0.09581],
							"size": [11.36167, 0.67914, 0.27166],
							"pivot": [3.9672, 5.01826, 0.04001],
							"rotation": [-150, 0, 0],
							"uv": {
								"north": {"uv": [24, 32], "uv_size": [11.375, 0.625]},
								"east": {"uv": [22, 50], "uv_size": [0.25, 0.625]},
								"south": {"uv": [0, 33], "uv_size": [11.375, 0.625]},
								"west": {"uv": [23, 50], "uv_size": [0.25, 0.625]},
								"up": {"uv": [43, 20], "uv_size": [11.375, 0.25]},
								"down": {"uv": [43, 21.25], "uv_size": [11.375, -0.25]}
							}
						},
						{
							"origin": [-4.28084, 4.7953, -0.06652],
							"size": [11.36167, 0.67914, 0.27166],
							"pivot": [3.9672, 5.04755, 0.06931],
							"rotation": [-120, 0, 0],
							"uv": {
								"north": {"uv": [12, 33], "uv_size": [11.375, 0.625]},
								"east": {"uv": [24, 50], "uv_size": [0.25, 0.625]},
								"south": {"uv": [24, 33], "uv_size": [11.375, 0.625]},
								"west": {"uv": [25, 50], "uv_size": [0.25, 0.625]},
								"up": {"uv": [43, 24], "uv_size": [11.375, 0.25]},
								"down": {"uv": [43, 25.25], "uv_size": [11.375, -0.25]}
							}
						},
						{
							"origin": [-4.28084, 4.83531, -0.0558],
							"size": [11.36167, 0.67914, 0.27166],
							"pivot": [3.9672, 5.08756, 0.08003],
							"rotation": [-90, 0, 0],
							"uv": {
								"north": {"uv": [0, 34], "uv_size": [11.375, 0.625]},
								"east": {"uv": [26, 50], "uv_size": [0.25, 0.625]},
								"south": {"uv": [12, 34], "uv_size": [11.375, 0.625]},
								"west": {"uv": [27, 50], "uv_size": [0.25, 0.625]},
								"up": {"uv": [43, 26], "uv_size": [11.375, 0.25]},
								"down": {"uv": [43, 27.25], "uv_size": [11.375, -0.25]}
							}
						},
						{
							"origin": [-4.28084, 4.87533, -0.06652],
							"size": [11.36167, 0.67914, 0.27166],
							"pivot": [3.9672, 5.12758, 0.06931],
							"rotation": [-60, 0, 0],
							"uv": {
								"north": {"uv": [24, 34], "uv_size": [11.375, 0.625]},
								"east": {"uv": [28, 50], "uv_size": [0.25, 0.625]},
								"south": {"uv": [0, 35], "uv_size": [11.375, 0.625]},
								"west": {"uv": [29, 50], "uv_size": [0.25, 0.625]},
								"up": {"uv": [43, 28], "uv_size": [11.375, 0.25]},
								"down": {"uv": [43, 29.25], "uv_size": [11.375, -0.25]}
							}
						},
						{
							"origin": [-4.28084, 4.90462, -0.09581],
							"size": [11.36167, 0.67914, 0.27166],
							"pivot": [3.9672, 5.15687, 0.04001],
							"rotation": [-30, 0, 0],
							"uv": {
								"north": {"uv": [35, 0], "uv_size": [11.375, 0.625]},
								"east": {"uv": [30, 50], "uv_size": [0.25, 0.625]},
								"south": {"uv": [35, 1], "uv_size": [11.375, 0.625]},
								"west": {"uv": [31, 50], "uv_size": [0.25, 0.625]},
								"up": {"uv": [43, 30], "uv_size": [11.375, 0.25]},
								"down": {"uv": [43, 31.25], "uv_size": [11.375, -0.25]}
							}
						},
						{
							"origin": [-4.28084, 4.91534, -0.13583],
							"size": [11.36167, 0.67914, 0.27166],
							"uv": {
								"north": {"uv": [35, 2], "uv_size": [11.375, 0.625]},
								"east": {"uv": [32, 50], "uv_size": [0.25, 0.625]},
								"south": {"uv": [35, 3], "uv_size": [11.375, 0.625]},
								"west": {"uv": [33, 50], "uv_size": [0.25, 0.625]},
								"up": {"uv": [43, 32], "uv_size": [11.375, 0.25]},
								"down": {"uv": [43, 33.25], "uv_size": [11.375, -0.25]}
							}
						},
						{
							"origin": [-4.08084, 3.51534, -0.93583],
							"size": [2.46167, 3.17914, 1.87166],
							"uv": {
								"north": {"uv": [28, 24], "uv_size": [2.5, 3.125]},
								"east": {"uv": [35, 16], "uv_size": [1.875, 3.125]},
								"south": {"uv": [28, 28], "uv_size": [2.5, 3.125]},
								"west": {"uv": [18, 35], "uv_size": [1.875, 3.125]},
								"up": {"uv": [38, 32], "uv_size": [2.5, 1.875]},
								"down": {"uv": [38, 35.875], "uv_size": [2.5, -1.875]}
							}
						},
						{
							"origin": [-4.08084, 6.03221, 0.70265],
							"size": [2.46167, 0.56569, 0.47166],
							"pivot": [-2.85, 6.35832, 0.93847],
							"rotation": [45, 0, 0],
							"uv": {
								"north": {"uv": [43, 34], "uv_size": [2.5, 0.625]},
								"east": {"uv": [48, 11], "uv_size": [0.5, 0.625]},
								"south": {"uv": [44, 35], "uv_size": [2.5, 0.625]},
								"west": {"uv": [48, 12], "uv_size": [0.5, 0.625]},
								"up": {"uv": [18, 46], "uv_size": [2.5, 0.5]},
								"down": {"uv": [21, 46.5], "uv_size": [2.5, -0.5]}
							}
						},
						{
							"origin": [-4.08084, 6.03221, -1.1743],
							"size": [2.46167, 0.56569, 0.47166],
							"pivot": [-2.85, 6.35832, -0.93847],
							"rotation": [-45, 0, 0],
							"uv": {
								"north": {"uv": [44, 36], "uv_size": [2.5, 0.625]},
								"east": {"uv": [48, 13], "uv_size": [0.5, 0.625]},
								"south": {"uv": [44, 37], "uv_size": [2.5, 0.625]},
								"west": {"uv": [48, 14], "uv_size": [0.5, 0.625]},
								"up": {"uv": [24, 46], "uv_size": [2.5, 0.5]},
								"down": {"uv": [27, 46.5], "uv_size": [2.5, -0.5]}
							}
						},
						{
							"origin": [-4.08084, 3.61193, 0.70265],
							"size": [2.46167, 0.56569, 0.47166],
							"pivot": [-2.85, 3.8515, 0.93847],
							"rotation": [-45, 0, 0],
							"uv": {
								"north": {"uv": [45, 4], "uv_size": [2.5, 0.625]},
								"east": {"uv": [24, 48], "uv_size": [0.5, 0.625]},
								"south": {"uv": [45, 5], "uv_size": [2.5, 0.625]},
								"west": {"uv": [25, 48], "uv_size": [0.5, 0.625]},
								"up": {"uv": [46, 34], "uv_size": [2.5, 0.5]},
								"down": {"uv": [36, 46.5], "uv_size": [2.5, -0.5]}
							}
						},
						{
							"origin": [-4.08084, 3.61193, -1.1743],
							"size": [2.46167, 0.56569, 0.47166],
							"pivot": [-2.85, 3.8515, -0.93847],
							"rotation": [45, 0, 0],
							"uv": {
								"north": {"uv": [44, 43], "uv_size": [2.5, 0.625]},
								"east": {"uv": [48, 15], "uv_size": [0.5, 0.625]},
								"south": {"uv": [44, 44], "uv_size": [2.5, 0.625]},
								"west": {"uv": [23, 48], "uv_size": [0.5, 0.625]},
								"up": {"uv": [30, 46], "uv_size": [2.5, 0.5]},
								"down": {"uv": [33, 46.5], "uv_size": [2.5, -0.5]}
							}
						},
						{
							"origin": [-4.08084, 3.91534, -1.33583],
							"size": [2.46167, 2.37914, 2.67166],
							"uv": {
								"north": {"uv": [35, 13], "uv_size": [2.5, 2.375]},
								"east": {"uv": [35, 10], "uv_size": [2.625, 2.375]},
								"south": {"uv": [15, 35], "uv_size": [2.5, 2.375]},
								"west": {"uv": [12, 35], "uv_size": [2.625, 2.375]},
								"up": {"uv": [35, 4], "uv_size": [2.5, 2.625]},
								"down": {"uv": [35, 9.625], "uv_size": [2.5, -2.625]}
							}
						},
						{
							"origin": [-3.166, 4.30502, -0.75216],
							"size": [0.232, 2.905, 1.162],
							"pivot": [-0.776, 5.38402, -0.17116],
							"rotation": [30, 0, 0],
							"uv": {
								"north": {"uv": [15, 47], "uv_size": [0.25, 2.875]},
								"east": {"uv": [24, 42], "uv_size": [1.125, 2.875]},
								"south": {"uv": [16, 47], "uv_size": [0.25, 2.875]},
								"west": {"uv": [26, 42], "uv_size": [1.125, 2.875]},
								"up": {"uv": [42, 48], "uv_size": [0.25, 1.125]},
								"down": {"uv": [43, 49.125], "uv_size": [0.25, -1.125]}
							}
						},
						{
							"origin": [-3.166, 4.17973, -0.87746],
							"size": [0.232, 2.905, 1.162],
							"pivot": [-0.776, 5.25873, -0.29646],
							"rotation": [60, 0, 0],
							"uv": {
								"north": {"uv": [13, 47], "uv_size": [0.25, 2.875]},
								"east": {"uv": [20, 42], "uv_size": [1.125, 2.875]},
								"south": {"uv": [14, 47], "uv_size": [0.25, 2.875]},
								"west": {"uv": [22, 42], "uv_size": [1.125, 2.875]},
								"up": {"uv": [40, 48], "uv_size": [0.25, 1.125]},
								"down": {"uv": [41, 49.125], "uv_size": [0.25, -1.125]}
							}
						},
						{
							"origin": [-3.166, 4.00856, -0.92332],
							"size": [0.232, 2.905, 1.162],
							"pivot": [-0.776, 5.08756, -0.34232],
							"rotation": [90, 0, 0],
							"uv": {
								"north": {"uv": [47, 1], "uv_size": [0.25, 2.875]},
								"east": {"uv": [36, 40], "uv_size": [1.125, 2.875]},
								"south": {"uv": [2, 47], "uv_size": [0.25, 2.875]},
								"west": {"uv": [40, 36], "uv_size": [1.125, 2.875]},
								"up": {"uv": [26, 48], "uv_size": [0.25, 1.125]},
								"down": {"uv": [27, 49.125], "uv_size": [0.25, -1.125]}
							}
						},
						{
							"origin": [-3.166, 3.8374, -0.87746],
							"size": [0.232, 2.905, 1.162],
							"pivot": [-0.776, 4.9164, -0.29646],
							"rotation": [120, 0, 0],
							"uv": {
								"north": {"uv": [47, 11], "uv_size": [0.25, 2.875]},
								"east": {"uv": [14, 42], "uv_size": [1.125, 2.875]},
								"south": {"uv": [12, 47], "uv_size": [0.25, 2.875]},
								"west": {"uv": [18, 42], "uv_size": [1.125, 2.875]},
								"up": {"uv": [38, 48], "uv_size": [0.25, 1.125]},
								"down": {"uv": [39, 49.125], "uv_size": [0.25, -1.125]}
							}
						},
						{
							"origin": [-3.166, 3.71211, -0.75216],
							"size": [0.232, 2.905, 1.162],
							"pivot": [-0.776, 4.79111, -0.17116],
							"rotation": [150, 0, 0],
							"uv": {
								"north": {"uv": [10, 47], "uv_size": [0.25, 2.875]},
								"east": {"uv": [12, 42], "uv_size": [1.125, 2.875]},
								"south": {"uv": [11, 47], "uv_size": [0.25, 2.875]},
								"west": {"uv": [42, 13], "uv_size": [1.125, 2.875]},
								"up": {"uv": [36, 48], "uv_size": [0.25, 1.125]},
								"down": {"uv": [37, 49.125], "uv_size": [0.25, -1.125]}
							}
						},
						{
							"origin": [-3.166, 3.66624, -0.581],
							"size": [0.232, 2.905, 1.162],
							"pivot": [-0.776, 4.74524, 0],
							"rotation": [180, 0, 0],
							"uv": {
								"north": {"uv": [7, 47], "uv_size": [0.25, 2.875]},
								"east": {"uv": [41, 32], "uv_size": [1.125, 2.875]},
								"south": {"uv": [8, 47], "uv_size": [0.25, 2.875]},
								"west": {"uv": [42, 4], "uv_size": [1.125, 2.875]},
								"up": {"uv": [32, 48], "uv_size": [0.25, 1.125]},
								"down": {"uv": [33, 49.125], "uv_size": [0.25, -1.125]}
							}
						},
						{
							"origin": [-3.166, 3.71211, -0.40984],
							"size": [0.232, 2.905, 1.162],
							"pivot": [-0.776, 4.79111, 0.17116],
							"rotation": [-150, 0, 0],
							"uv": {
								"north": {"uv": [47, 8], "uv_size": [0.25, 2.875]},
								"east": {"uv": [42, 7], "uv_size": [1.125, 2.875]},
								"south": {"uv": [9, 47], "uv_size": [0.25, 2.875]},
								"west": {"uv": [42, 10], "uv_size": [1.125, 2.875]},
								"up": {"uv": [34, 48], "uv_size": [0.25, 1.125]},
								"down": {"uv": [35, 49.125], "uv_size": [0.25, -1.125]}
							}
						},
						{
							"origin": [-3.166, 3.8374, -0.28454],
							"size": [0.232, 2.905, 1.162],
							"pivot": [-0.776, 4.9164, 0.29646],
							"rotation": [-120, 0, 0],
							"uv": {
								"north": {"uv": [5, 47], "uv_size": [0.25, 2.875]},
								"east": {"uv": [41, 16], "uv_size": [1.125, 2.875]},
								"south": {"uv": [6, 47], "uv_size": [0.25, 2.875]},
								"west": {"uv": [41, 19], "uv_size": [1.125, 2.875]},
								"up": {"uv": [30, 48], "uv_size": [0.25, 1.125]},
								"down": {"uv": [31, 49.125], "uv_size": [0.25, -1.125]}
							}
						},
						{
							"origin": [-3.966, 6.30856, -0.72332],
							"size": [0.832, 0.305, 0.762],
							"pivot": [-0.976, 5.08756, -0.34232],
							"rotation": [90, 0, 0],
							"uv": {
								"north": {"uv": [49, 46], "uv_size": [0.875, 0.25]},
								"east": {"uv": [7, 50], "uv_size": [0.75, 0.25]},
								"south": {"uv": [49, 47], "uv_size": [0.875, 0.25]},
								"west": {"uv": [8, 50], "uv_size": [0.75, 0.25]},
								"up": {"uv": [47, 15], "uv_size": [0.875, 0.75]},
								"down": {"uv": [23, 47.75], "uv_size": [0.875, -0.75]}
							}
						},
						{
							"origin": [-4.966, 6.20856, -0.42332],
							"size": [0.632, 0.3, 0.3],
							"pivot": [-2.176, 4.98756, -0.34232],
							"rotation": [90, 0, 0],
							"uv": {
								"north": {"uv": [50, 44], "uv_size": [0.625, 0.25]},
								"east": {"uv": [6, 51], "uv_size": [0.25, 0.25]},
								"south": {"uv": [45, 50], "uv_size": [0.625, 0.25]},
								"west": {"uv": [7, 51], "uv_size": [0.25, 0.25]},
								"up": {"uv": [50, 45], "uv_size": [0.625, 0.25]},
								"down": {"uv": [46, 50.25], "uv_size": [0.625, -0.25]}
							}
						},
						{
							"origin": [-4.05714, 6.89756, -2.72907],
							"size": [1.932, 0.3, 0.3],
							"pivot": [-3.74114, 7.04756, -2.57907],
							"rotation": [128, 0, 0],
							"uv": {
								"north": {"uv": [47, 36], "uv_size": [1.875, 0.25]},
								"east": {"uv": [14, 51], "uv_size": [0.25, 0.25]},
								"south": {"uv": [47, 37], "uv_size": [1.875, 0.25]},
								"west": {"uv": [51, 14], "uv_size": [0.25, 0.25]},
								"up": {"uv": [38, 47], "uv_size": [1.875, 0.25]},
								"down": {"uv": [40, 47.25], "uv_size": [1.875, -0.25]}
							}
						},
						{
							"origin": [-2.75714, 6.79756, -2.82907],
							"size": [1.932, 0.5, 0.5],
							"pivot": [-1.79114, 7.04756, -2.57907],
							"rotation": [108, 0, 0],
							"uv": {
								"north": {"uv": [14, 46], "uv_size": [1.875, 0.5]},
								"east": {"uv": [49, 35], "uv_size": [0.5, 0.5]},
								"south": {"uv": [39, 46], "uv_size": [1.875, 0.5]},
								"west": {"uv": [49, 36], "uv_size": [0.5, 0.5]},
								"up": {"uv": [41, 46], "uv_size": [1.875, 0.5]},
								"down": {"uv": [43, 46.5], "uv_size": [1.875, -0.5]}
							}
						},
						{
							"origin": [-5.44296, 5.02827, -1.92574],
							"size": [0.632, 0.3, 0.3],
							"pivot": [-5.12696, 5.17827, -1.77574],
							"rotation": [90, -12, 31],
							"uv": {
								"north": {"uv": [50, 48], "uv_size": [0.625, 0.25]},
								"east": {"uv": [9, 51], "uv_size": [0.25, 0.25]},
								"south": {"uv": [49, 50], "uv_size": [0.625, 0.25]},
								"west": {"uv": [51, 9], "uv_size": [0.25, 0.25]},
								"up": {"uv": [50, 49], "uv_size": [0.625, 0.25]},
								"down": {"uv": [50, 50.25], "uv_size": [0.625, -0.25]}
							}
						},
						{
							"origin": [-5.76965, 5.32381, -2.12958],
							"size": [0.632, 0.3, 0.3],
							"pivot": [-5.45365, 5.47381, -1.97958],
							"rotation": [83.96834, -33.25795, 58.83495],
							"uv": {
								"north": {"uv": [0, 51], "uv_size": [0.625, 0.25]},
								"east": {"uv": [10, 51], "uv_size": [0.25, 0.25]},
								"south": {"uv": [51, 0], "uv_size": [0.625, 0.25]},
								"west": {"uv": [51, 10], "uv_size": [0.25, 0.25]},
								"up": {"uv": [1, 51], "uv_size": [0.625, 0.25]},
								"down": {"uv": [51, 1.25], "uv_size": [0.625, -0.25]}
							}
						},
						{
							"origin": [-5.84286, 5.75497, -2.3761],
							"size": [0.632, 0.3, 0.3],
							"pivot": [-5.52686, 5.90497, -2.2261],
							"rotation": [64.11303, -22.43234, 99.75088],
							"uv": {
								"north": {"uv": [2, 51], "uv_size": [0.625, 0.25]},
								"east": {"uv": [11, 51], "uv_size": [0.25, 0.25]},
								"south": {"uv": [51, 2], "uv_size": [0.625, 0.25]},
								"west": {"uv": [51, 11], "uv_size": [0.25, 0.25]},
								"up": {"uv": [3, 51], "uv_size": [0.625, 0.25]},
								"down": {"uv": [51, 3.25], "uv_size": [0.625, -0.25]}
							}
						},
						{
							"origin": [-5.63447, 6.19126, -2.54721],
							"size": [0.632, 0.3, 0.3],
							"pivot": [-5.31847, 6.34126, -2.39721],
							"rotation": [56.2195, -13.65827, 130.9226],
							"uv": {
								"north": {"uv": [4, 51], "uv_size": [0.625, 0.25]},
								"east": {"uv": [12, 51], "uv_size": [0.25, 0.25]},
								"south": {"uv": [51, 4], "uv_size": [0.625, 0.25]},
								"west": {"uv": [51, 12], "uv_size": [0.25, 0.25]},
								"up": {"uv": [5, 51], "uv_size": [0.625, 0.25]},
								"down": {"uv": [51, 5.25], "uv_size": [0.625, -0.25]}
							}
						},
						{
							"origin": [-5.91399, 6.50269, -2.64252],
							"size": [1.332, 0.3, 0.3],
							"pivot": [-4.89799, 6.65269, -2.49252],
							"rotation": [53.70596, -5.23352, 155.92145],
							"uv": {
								"north": {"uv": [47, 47], "uv_size": [1.375, 0.25]},
								"east": {"uv": [13, 51], "uv_size": [0.25, 0.25]},
								"south": {"uv": [0, 48], "uv_size": [1.375, 0.25]},
								"west": {"uv": [51, 13], "uv_size": [0.25, 0.25]},
								"up": {"uv": [48, 1], "uv_size": [1.375, 0.25]},
								"down": {"uv": [48, 2.25], "uv_size": [1.375, -0.25]}
							}
						},
						{
							"origin": [-4.366, 6.10856, -0.52332],
							"size": [1.232, 0.5, 0.5],
							"pivot": [-1.576, 4.98756, -0.34232],
							"rotation": [90, 0, 0],
							"uv": {
								"north": {"uv": [24, 47], "uv_size": [1.25, 0.5]},
								"east": {"uv": [23, 49], "uv_size": [0.5, 0.5]},
								"south": {"uv": [26, 47], "uv_size": [1.25, 0.5]},
								"west": {"uv": [24, 49], "uv_size": [0.5, 0.5]},
								"up": {"uv": [28, 47], "uv_size": [1.25, 0.5]},
								"down": {"uv": [30, 47.5], "uv_size": [1.25, -0.5]}
							}
						},
						{
							"origin": [-4.366, 6.08, 2.87668],
							"size": [1.232, 0.5, 0.5],
							"pivot": [-1.576, 4.98756, 3.05768],
							"rotation": [90, 0, 0],
							"uv": {
								"north": {"uv": [32, 47], "uv_size": [1.25, 0.5]},
								"east": {"uv": [25, 49], "uv_size": [0.5, 0.5]},
								"south": {"uv": [34, 47], "uv_size": [1.25, 0.5]},
								"west": {"uv": [49, 34], "uv_size": [0.5, 0.5]},
								"up": {"uv": [47, 35], "uv_size": [1.25, 0.5]},
								"down": {"uv": [36, 47.5], "uv_size": [1.25, -0.5]}
							}
						},
						{
							"origin": [-4.966, 4.90656, 1.56524],
							"size": [0.632, 0.3, 0.3],
							"pivot": [-4.65, 5.05656, 1.71524],
							"rotation": [90, 0, 0],
							"uv": {
								"north": {"uv": [50, 46], "uv_size": [0.625, 0.25]},
								"east": {"uv": [8, 51], "uv_size": [0.25, 0.25]},
								"south": {"uv": [47, 50], "uv_size": [0.625, 0.25]},
								"west": {"uv": [51, 8], "uv_size": [0.25, 0.25]},
								"up": {"uv": [50, 47], "uv_size": [0.625, 0.25]},
								"down": {"uv": [48, 50.25], "uv_size": [0.625, -0.25]}
							}
						},
						{
							"origin": [-4.04389, 7.89842, -0.62096],
							"size": [1.332, 0.3, 0.3],
							"pivot": [-3.72789, 8.04842, -0.47096],
							"rotation": [77, 0, 0],
							"uv": {
								"north": {"uv": [48, 3], "uv_size": [1.375, 0.25]},
								"east": {"uv": [24, 51], "uv_size": [0.25, 0.25]},
								"south": {"uv": [48, 4], "uv_size": [1.375, 0.25]},
								"west": {"uv": [25, 51], "uv_size": [0.25, 0.25]},
								"up": {"uv": [48, 5], "uv_size": [1.375, 0.25]},
								"down": {"uv": [48, 8.25], "uv_size": [1.375, -0.25]}
							}
						},
						{
							"origin": [-2.74389, 7.79842, -0.72096],
							"size": [1.732, 0.5, 0.5],
							"pivot": [-2.07789, 8.04842, -0.47096],
							"rotation": [59.5, 0, 0],
							"uv": {
								"north": {"uv": [45, 46], "uv_size": [1.75, 0.5]},
								"east": {"uv": [49, 37], "uv_size": [0.5, 0.5]},
								"south": {"uv": [46, 45], "uv_size": [1.75, 0.5]},
								"west": {"uv": [49, 43], "uv_size": [0.5, 0.5]},
								"up": {"uv": [0, 47], "uv_size": [1.75, 0.5]},
								"down": {"uv": [47, 0.5], "uv_size": [1.75, -0.5]}
							}
						},
						{
							"origin": [-5.4923, 4.98461, 1.43119],
							"size": [0.732, 0.3, 0.3],
							"pivot": [-5.0763, 5.13461, 1.58119],
							"rotation": [84.53217, -32.61461, 23.9568],
							"uv": {
								"north": {"uv": [50, 8], "uv_size": [0.75, 0.25]},
								"east": {"uv": [15, 51], "uv_size": [0.25, 0.25]},
								"south": {"uv": [9, 50], "uv_size": [0.75, 0.25]},
								"west": {"uv": [51, 15], "uv_size": [0.25, 0.25]},
								"up": {"uv": [50, 9], "uv_size": [0.75, 0.25]},
								"down": {"uv": [10, 50.25], "uv_size": [0.75, -0.25]}
							}
						},
						{
							"origin": [-6.02936, 5.28715, 1.06367],
							"size": [0.832, 0.3, 0.3],
							"pivot": [-5.51336, 5.43715, 1.21367],
							"rotation": [70.90524, -34.96474, 50.45911],
							"uv": {
								"north": {"uv": [48, 49], "uv_size": [0.875, 0.25]},
								"east": {"uv": [16, 51], "uv_size": [0.25, 0.25]},
								"south": {"uv": [49, 49], "uv_size": [0.875, 0.25]},
								"west": {"uv": [17, 51], "uv_size": [0.25, 0.25]},
								"up": {"uv": [0, 50], "uv_size": [0.875, 0.25]},
								"down": {"uv": [1, 50.25], "uv_size": [0.875, -0.25]}
							}
						},
						{
							"origin": [-6.30027, 5.80944, 0.65378],
							"size": [0.832, 0.3, 0.3],
							"pivot": [-5.78427, 5.95944, 0.80378],
							"rotation": [51.72274, -32.36448, 83.22093],
							"uv": {
								"north": {"uv": [50, 1], "uv_size": [0.875, 0.25]},
								"east": {"uv": [18, 51], "uv_size": [0.25, 0.25]},
								"south": {"uv": [2, 50], "uv_size": [0.875, 0.25]},
								"west": {"uv": [19, 51], "uv_size": [0.25, 0.25]},
								"up": {"uv": [50, 2], "uv_size": [0.875, 0.25]},
								"down": {"uv": [3, 50.25], "uv_size": [0.875, -0.25]}
							}
						},
						{
							"origin": [-6.54532, 6.40837, 0.28605],
							"size": [1.132, 0.3, 0.3],
							"pivot": [-5.72932, 6.55837, 0.43605],
							"rotation": [34.64716, -27.57582, 115.70118],
							"uv": {
								"north": {"uv": [48, 48], "uv_size": [1.125, 0.25]},
								"east": {"uv": [20, 51], "uv_size": [0.25, 0.25]},
								"south": {"uv": [0, 49], "uv_size": [1.125, 0.25]},
								"west": {"uv": [21, 51], "uv_size": [0.25, 0.25]},
								"up": {"uv": [49, 0], "uv_size": [1.125, 0.25]},
								"down": {"uv": [49, 11.25], "uv_size": [1.125, -0.25]}
							}
						},
						{
							"origin": [-6.05335, 7.19896, -0.15494],
							"size": [1.132, 0.3, 0.3],
							"pivot": [-5.23735, 7.34896, -0.00494],
							"rotation": [22.88947, -19.36387, 139.05773],
							"uv": {
								"north": {"uv": [49, 12], "uv_size": [1.125, 0.25]},
								"east": {"uv": [22, 51], "uv_size": [0.25, 0.25]},
								"south": {"uv": [49, 13], "uv_size": [1.125, 0.25]},
								"west": {"uv": [51, 22], "uv_size": [0.25, 0.25]},
								"up": {"uv": [49, 14], "uv_size": [1.125, 0.25]},
								"down": {"uv": [49, 15.25], "uv_size": [1.125, -0.25]}
							}
						},
						{
							"origin": [-4.85139, 7.77805, -0.49806],
							"size": [0.832, 0.3, 0.3],
							"pivot": [-4.38539, 7.92805, -0.34806],
							"rotation": [13.94715, -16.23097, 162.23191],
							"uv": {
								"north": {"uv": [50, 3], "uv_size": [0.875, 0.25]},
								"east": {"uv": [23, 51], "uv_size": [0.25, 0.25]},
								"south": {"uv": [4, 50], "uv_size": [0.875, 0.25]},
								"west": {"uv": [51, 23], "uv_size": [0.25, 0.25]},
								"up": {"uv": [50, 4], "uv_size": [0.875, 0.25]},
								"down": {"uv": [5, 50.25], "uv_size": [0.875, -0.25]}
							}
						},
						{
							"origin": [-3.966, 6.30856, -0.03868],
							"size": [0.832, 0.305, 0.762],
							"pivot": [-0.976, 5.08756, 0.34232],
							"rotation": [-90, 0, 0],
							"uv": {
								"north": {"uv": [49, 44], "uv_size": [0.875, 0.25]},
								"east": {"uv": [50, 5], "uv_size": [0.75, 0.25]},
								"south": {"uv": [49, 45], "uv_size": [0.875, 0.25]},
								"west": {"uv": [6, 50], "uv_size": [0.75, 0.25]},
								"up": {"uv": [41, 35], "uv_size": [0.875, 0.75]},
								"down": {"uv": [47, 14.75], "uv_size": [0.875, -0.75]}
							}
						},
						{
							"origin": [-3.166, 4.00856, -0.23868],
							"size": [0.232, 2.905, 1.162],
							"pivot": [-0.776, 5.08756, 0.34232],
							"rotation": [-90, 0, 0],
							"uv": {
								"north": {"uv": [3, 47], "uv_size": [0.25, 2.875]},
								"east": {"uv": [40, 39], "uv_size": [1.125, 2.875]},
								"south": {"uv": [4, 47], "uv_size": [0.25, 2.875]},
								"west": {"uv": [16, 41], "uv_size": [1.125, 2.875]},
								"up": {"uv": [28, 48], "uv_size": [0.25, 1.125]},
								"down": {"uv": [29, 49.125], "uv_size": [0.25, -1.125]}
							}
						},
						{
							"origin": [-3.166, 4.17973, -0.28454],
							"size": [0.232, 2.905, 1.162],
							"pivot": [-0.776, 5.25873, 0.29646],
							"rotation": [-60, 0, 0],
							"uv": {
								"north": {"uv": [21, 47], "uv_size": [0.25, 2.875]},
								"east": {"uv": [42, 35], "uv_size": [1.125, 2.875]},
								"south": {"uv": [22, 47], "uv_size": [0.25, 2.875]},
								"west": {"uv": [38, 42], "uv_size": [1.125, 2.875]},
								"up": {"uv": [46, 48], "uv_size": [0.25, 1.125]},
								"down": {"uv": [47, 49.125], "uv_size": [0.25, -1.125]}
							}
						},
						{
							"origin": [-3.166, 4.30502, -0.40984],
							"size": [0.232, 2.905, 1.162],
							"pivot": [-0.776, 5.38402, 0.17116],
							"rotation": [-30, 0, 0],
							"uv": {
								"north": {"uv": [19, 47], "uv_size": [0.25, 2.875]},
								"east": {"uv": [32, 42], "uv_size": [1.125, 2.875]},
								"south": {"uv": [20, 47], "uv_size": [0.25, 2.875]},
								"west": {"uv": [34, 42], "uv_size": [1.125, 2.875]},
								"up": {"uv": [45, 48], "uv_size": [0.25, 1.125]},
								"down": {"uv": [48, 46.125], "uv_size": [0.25, -1.125]}
							}
						},
						{
							"origin": [-3.166, 4.35089, -0.581],
							"size": [0.232, 2.905, 1.162],
							"uv": {
								"north": {"uv": [17, 47], "uv_size": [0.25, 2.875]},
								"east": {"uv": [28, 42], "uv_size": [1.125, 2.875]},
								"south": {"uv": [18, 47], "uv_size": [0.25, 2.875]},
								"west": {"uv": [30, 42], "uv_size": [1.125, 2.875]},
								"up": {"uv": [48, 43], "uv_size": [0.25, 1.125]},
								"down": {"uv": [44, 49.125], "uv_size": [0.25, -1.125]}
							}
						}
					]
				},
				{
					"name": "ABYDOS-30000HC",
					"parent": "motor",
					"pivot": [0.45, 5.08756, 4.66244],
					"cubes": [
						{
							"origin": [-2.6, 6.989, -0.175],
							"size": [6.1, 0.3, 1.2],
							"pivot": [0, 5.08756, 0.41244],
							"rotation": [-90, 0, 0],
							"uv": {
								"north": {"uv": [55.625, 3.75], "uv_size": [6.125, 1.25]},
								"east": {"uv": [54.5, 7], "uv_size": [1.25, 0.25]},
								"south": {"uv": [53.875, 3.375], "uv_size": [6.125, 0.875]},
								"west": {"uv": [55.75, 5.25], "uv_size": [1.25, 0.25]},
								"up": {"uv": [37, 62.125], "uv_size": [-35.125, -6]},
								"down": {"uv": [55.75, 7.625], "uv_size": [6.125, -1.25]}
							}
						}
					]
				}
			]
		}
	]
}