{
	"format_version": "1.12.0",
	"minecraft:geometry": [
		{
			"description": {
				"identifier": "geometry.unknown",
				"texture_width": 32,
				"texture_height": 32,
				"visible_bounds_width": 25,
				"visible_bounds_height": 5,
				"visible_bounds_offset": [0, 0.5, 0]
			},
			"bones": [
				{
					"name": "scope_body",
					"pivot": [0, 21.7, -2]
				},
				{
					"name": "552",
					"parent": "scope_body",
					"pivot": [-1, 3.40625, 6],
					"cubes": [
						{
							"origin": [-1.1066, 0.81752, -0.47198],
							"size": [0.2132, 0.44264, 0.14924],
							"pivot": [-1, 1.02564, -0.39736],
							"rotation": [30, 0, 0],
							"uv": {
								"north": {"uv": [23, 21], "uv_size": [0.21875, 0.4375]},
								"east": {"uv": [25, 15], "uv_size": [0.15625, 0.4375]},
								"south": {"uv": [22, 23], "uv_size": [0.21875, 0.4375]},
								"west": {"uv": [16, 25], "uv_size": [0.15625, 0.4375]},
								"up": {"uv": [1, 28], "uv_size": [0.21875, 0.15625]},
								"down": {"uv": [28, 1.15625], "uv_size": [0.21875, -0.15625]}
							}
						},
						{
							"origin": [-1.1066, 0.80143, -0.48808],
							"size": [0.2132, 0.44264, 0.14924],
							"pivot": [-1, 1.00955, -0.41346],
							"rotation": [60, 0, 0],
							"uv": {
								"north": {"uv": [23, 20], "uv_size": [0.21875, 0.4375]},
								"east": {"uv": [25, 14], "uv_size": [0.15625, 0.4375]},
								"south": {"uv": [21, 23], "uv_size": [0.21875, 0.4375]},
								"west": {"uv": [15, 25], "uv_size": [0.15625, 0.4375]},
								"up": {"uv": [0, 28], "uv_size": [0.21875, 0.15625]},
								"down": {"uv": [28, 0.15625], "uv_size": [0.21875, -0.15625]}
							}
						},
						{
							"origin": [-1.1066, 0.77944, -0.49397],
							"size": [0.2132, 0.44264, 0.14924],
							"pivot": [-1, 0.98756, -0.41935],
							"rotation": [90, 0, 0],
							"uv": {
								"north": {"uv": [23, 19], "uv_size": [0.21875, 0.4375]},
								"east": {"uv": [25, 13], "uv_size": [0.15625, 0.4375]},
								"south": {"uv": [20, 23], "uv_size": [0.21875, 0.4375]},
								"west": {"uv": [14, 25], "uv_size": [0.15625, 0.4375]},
								"up": {"uv": [27, 26], "uv_size": [0.21875, 0.15625]},
								"down": {"uv": [27, 27.15625], "uv_size": [0.21875, -0.15625]}
							}
						},
						{
							"origin": [-1.1066, 0.75746, -0.48808],
							"size": [0.2132, 0.44264, 0.14924],
							"pivot": [-1, 0.96558, -0.41346],
							"rotation": [120, 0, 0],
							"uv": {
								"north": {"uv": [23, 18], "uv_size": [0.21875, 0.4375]},
								"east": {"uv": [25, 12], "uv_size": [0.15625, 0.4375]},
								"south": {"uv": [19, 23], "uv_size": [0.21875, 0.4375]},
								"west": {"uv": [13, 25], "uv_size": [0.15625, 0.4375]},
								"up": {"uv": [27, 25], "uv_size": [0.21875, 0.15625]},
								"down": {"uv": [26, 27.15625], "uv_size": [0.21875, -0.15625]}
							}
						},
						{
							"origin": [-1.1066, 0.74137, -0.47198],
							"size": [0.2132, 0.44264, 0.14924],
							"pivot": [-1, 0.94949, -0.39736],
							"rotation": [150, 0, 0],
							"uv": {
								"north": {"uv": [23, 17], "uv_size": [0.21875, 0.4375]},
								"east": {"uv": [25, 11], "uv_size": [0.15625, 0.4375]},
								"south": {"uv": [18, 23], "uv_size": [0.21875, 0.4375]},
								"west": {"uv": [12, 25], "uv_size": [0.15625, 0.4375]},
								"up": {"uv": [27, 24], "uv_size": [0.21875, 0.15625]},
								"down": {"uv": [25, 27.15625], "uv_size": [0.21875, -0.15625]}
							}
						},
						{
							"origin": [-1.1066, 0.73548, -0.45],
							"size": [0.2132, 0.44264, 0.14924],
							"pivot": [-1, 0.9436, -0.37538],
							"rotation": [180, 0, 0],
							"uv": {
								"north": {"uv": [23, 16], "uv_size": [0.21875, 0.4375]},
								"east": {"uv": [25, 10], "uv_size": [0.15625, 0.4375]},
								"south": {"uv": [17, 23], "uv_size": [0.21875, 0.4375]},
								"west": {"uv": [11, 25], "uv_size": [0.15625, 0.4375]},
								"up": {"uv": [27, 23], "uv_size": [0.21875, 0.15625]},
								"down": {"uv": [24, 27.15625], "uv_size": [0.21875, -0.15625]}
							}
						},
						{
							"origin": [-1.1066, 0.74137, -0.42802],
							"size": [0.2132, 0.44264, 0.14924],
							"pivot": [-1, 0.94949, -0.3534],
							"rotation": [-150, 0, 0],
							"uv": {
								"north": {"uv": [23, 15], "uv_size": [0.21875, 0.4375]},
								"east": {"uv": [25, 9], "uv_size": [0.15625, 0.4375]},
								"south": {"uv": [16, 23], "uv_size": [0.21875, 0.4375]},
								"west": {"uv": [10, 25], "uv_size": [0.15625, 0.4375]},
								"up": {"uv": [27, 22], "uv_size": [0.21875, 0.15625]},
								"down": {"uv": [23, 27.15625], "uv_size": [0.21875, -0.15625]}
							}
						},
						{
							"origin": [-1.1066, 0.75746, -0.41192],
							"size": [0.2132, 0.44264, 0.14924],
							"pivot": [-1, 0.96558, -0.3373],
							"rotation": [-120, 0, 0],
							"uv": {
								"north": {"uv": [23, 14], "uv_size": [0.21875, 0.4375]},
								"east": {"uv": [25, 8], "uv_size": [0.15625, 0.4375]},
								"south": {"uv": [15, 23], "uv_size": [0.21875, 0.4375]},
								"west": {"uv": [9, 25], "uv_size": [0.15625, 0.4375]},
								"up": {"uv": [21, 27], "uv_size": [0.21875, 0.15625]},
								"down": {"uv": [22, 27.15625], "uv_size": [0.21875, -0.15625]}
							}
						},
						{
							"origin": [-1.1066, 0.77944, -0.40603],
							"size": [0.2132, 0.44264, 0.14924],
							"pivot": [-1, 0.98756, -0.33141],
							"rotation": [-90, 0, 0],
							"uv": {
								"north": {"uv": [23, 13], "uv_size": [0.21875, 0.4375]},
								"east": {"uv": [25, 7], "uv_size": [0.15625, 0.4375]},
								"south": {"uv": [14, 23], "uv_size": [0.21875, 0.4375]},
								"west": {"uv": [8, 25], "uv_size": [0.15625, 0.4375]},
								"up": {"uv": [27, 19], "uv_size": [0.21875, 0.15625]},
								"down": {"uv": [27, 20.15625], "uv_size": [0.21875, -0.15625]}
							}
						},
						{
							"origin": [-1.1066, 0.80143, -0.41192],
							"size": [0.2132, 0.44264, 0.14924],
							"pivot": [-1, 1.00955, -0.3373],
							"rotation": [-60, 0, 0],
							"uv": {
								"north": {"uv": [23, 12], "uv_size": [0.21875, 0.4375]},
								"east": {"uv": [25, 6], "uv_size": [0.15625, 0.4375]},
								"south": {"uv": [13, 23], "uv_size": [0.21875, 0.4375]},
								"west": {"uv": [7, 25], "uv_size": [0.15625, 0.4375]},
								"up": {"uv": [27, 18], "uv_size": [0.21875, 0.15625]},
								"down": {"uv": [19, 27.15625], "uv_size": [0.21875, -0.15625]}
							}
						},
						{
							"origin": [-1.1066, 0.81752, -0.42802],
							"size": [0.2132, 0.44264, 0.14924],
							"pivot": [-1, 1.02564, -0.3534],
							"rotation": [-30, 0, 0],
							"uv": {
								"north": {"uv": [23, 10], "uv_size": [0.21875, 0.4375]},
								"east": {"uv": [25, 5], "uv_size": [0.15625, 0.4375]},
								"south": {"uv": [23, 11], "uv_size": [0.21875, 0.4375]},
								"west": {"uv": [6, 25], "uv_size": [0.15625, 0.4375]},
								"up": {"uv": [27, 17], "uv_size": [0.21875, 0.15625]},
								"down": {"uv": [18, 27.15625], "uv_size": [0.21875, -0.15625]}
							}
						},
						{
							"origin": [-1.1066, 0.82341, -0.45],
							"size": [0.2132, 0.44264, 0.14924],
							"uv": {
								"north": {"uv": [23, 9], "uv_size": [0.21875, 0.4375]},
								"east": {"uv": [25, 4], "uv_size": [0.15625, 0.4375]},
								"south": {"uv": [10, 23], "uv_size": [0.21875, 0.4375]},
								"west": {"uv": [5, 25], "uv_size": [0.15625, 0.4375]},
								"up": {"uv": [27, 16], "uv_size": [0.21875, 0.15625]},
								"down": {"uv": [17, 27.15625], "uv_size": [0.21875, -0.15625]}
							}
						},
						{
							"origin": [-0.1875, 0.58904, 0.5],
							"size": [0.375, 0.375, 0.16563],
							"pivot": [0, 0.77654, 0.63282],
							"rotation": [-16.325, 15.6999, -137.2658],
							"uv": {
								"north": {"uv": [21, 7], "uv_size": [0.375, 0.375]},
								"east": {"uv": [26, 14], "uv_size": [0.15625, 0.375]},
								"south": {"uv": [8, 21], "uv_size": [0.375, 0.375]},
								"west": {"uv": [15, 26], "uv_size": [0.15625, 0.375]},
								"up": {"uv": [26, 15], "uv_size": [0.375, 0.15625]},
								"down": {"uv": [16, 26.15625], "uv_size": [0.375, -0.15625]}
							}
						},
						{
							"origin": [0.25, 0.28125, 0.625],
							"size": [0.5625, 0.375, 0.21875],
							"pivot": [0, 0.46875, 0.73438],
							"rotation": [17, 0, 0],
							"uv": {
								"east": {"uv": [25, 1], "uv_size": [0.21875, 0.375]},
								"south": {"uv": [20, 8], "uv_size": [0.5625, 0.375]},
								"west": {"uv": [2, 25], "uv_size": [0.21875, 0.375]},
								"up": {"uv": [16, 22], "uv_size": [0.5625, 0.21875]},
								"down": {"uv": [22, 16.21875], "uv_size": [0.5625, -0.21875]}
							}
						},
						{
							"origin": [-0.8125, 0.28125, 0.625],
							"size": [0.5625, 0.375, 0.21875],
							"pivot": [0, 0.46875, 0.73438],
							"rotation": [17, 0, 0],
							"uv": {
								"east": {"uv": [25, 0], "uv_size": [0.21875, 0.375]},
								"south": {"uv": [7, 20], "uv_size": [0.5625, 0.375]},
								"west": {"uv": [1, 25], "uv_size": [0.21875, 0.375]},
								"up": {"uv": [15, 22], "uv_size": [0.5625, 0.21875]},
								"down": {"uv": [22, 15.21875], "uv_size": [0.5625, -0.21875]}
							}
						},
						{
							"origin": [-0.9375, -0.21181, -4.2241],
							"size": [0.375, 0.375, 0.5],
							"pivot": [-0.65625, -0.02431, -3.94285],
							"rotation": [-22.5, 0, 0],
							"uv": {
								"east": {"uv": [12, 20], "uv_size": [0.5, 0.375]},
								"west": {"uv": [20, 12], "uv_size": [0.5, 0.375]},
								"down": {"uv": [13, 20.5], "uv_size": [0.375, -0.5]}
							}
						},
						{
							"origin": [-0.375, 0.03125, -3],
							"size": [0.75, 0.125, 3.8125],
							"uv": {
								"south": {"uv": [24, 12], "uv_size": [0.75, 0.125]},
								"down": {"uv": [5, 9.8125], "uv_size": [0.75, -3.8125]}
							}
						},
						{
							"origin": [-0.9375, -0.28125, -3.8125],
							"size": [0.5625, 0.4375, 4.625],
							"uv": {
								"north": {"uv": [19, 10], "uv_size": [0.5625, 0.4375]},
								"east": {"uv": [11, 10], "uv_size": [4.625, 0.4375]},
								"south": {"uv": [11, 19], "uv_size": [0.5625, 0.4375]},
								"west": {"uv": [12, 0], "uv_size": [4.625, 0.4375]},
								"down": {"uv": [4, 12.625], "uv_size": [0.5625, -4.625]}
							}
						},
						{
							"origin": [0.375, -0.28125, -3.8125],
							"size": [0.5625, 0.4375, 4.625],
							"uv": {
								"north": {"uv": [9, 19], "uv_size": [0.5625, 0.4375]},
								"east": {"uv": [11, 9], "uv_size": [4.625, 0.4375]},
								"south": {"uv": [10, 19], "uv_size": [0.5625, 0.4375]},
								"west": {"uv": [10, 11], "uv_size": [4.625, 0.4375]},
								"down": {"uv": [8, 7.625], "uv_size": [0.5625, -4.625]}
							}
						},
						{
							"origin": [0.5625, -0.21181, -4.2241],
							"size": [0.375, 0.375, 0.5],
							"pivot": [0.65625, -0.02431, -3.94285],
							"rotation": [-22.5, 0, 0],
							"uv": {
								"east": {"uv": [20, 10], "uv_size": [0.5, 0.375]},
								"west": {"uv": [11, 20], "uv_size": [0.5, 0.375]},
								"down": {"uv": [20, 11.5], "uv_size": [0.375, -0.5]}
							}
						},
						{
							"origin": [0.5625, -0.09375, -4.6875],
							"size": [0.5, 0.25, 1.75],
							"uv": {
								"east": {"uv": [11, 17], "uv_size": [1.75, 0.25]},
								"west": {"uv": [13, 17], "uv_size": [1.75, 0.25]},
								"down": {"uv": [11, 15.75], "uv_size": [0.5, -1.75]}
							}
						},
						{
							"origin": [0.63258, -0.09375, -4.75314],
							"size": [0.35356, 0.25, 0.25],
							"pivot": [0.94508, 0.25, -4.62814],
							"rotation": [0, -45, 0],
							"uv": {
								"north": {"uv": [22, 24], "uv_size": [0.34375, 0.25]},
								"down": {"uv": [24, 22.25], "uv_size": [0.34375, -0.25]}
							}
						},
						{
							"origin": [0.5625, -0.09375, -4.9375],
							"size": [0.25, 0.25, 0.25],
							"uv": {
								"north": {"uv": [26, 9], "uv_size": [0.25, 0.25]},
								"east": {"uv": [10, 26], "uv_size": [0.25, 0.25]},
								"down": {"uv": [26, 10.25], "uv_size": [0.25, -0.25]}
							}
						},
						{
							"origin": [-0.5625, 0.03125, -4.9375],
							"size": [1.125, 0.125, 1.9375],
							"uv": {
								"north": {"uv": [21, 8], "uv_size": [1.125, 0.125]},
								"up": {"uv": [2, 10], "uv_size": [1.125, 1.9375]},
								"down": {"uv": [11, 6.9375], "uv_size": [1.125, -1.9375]}
							}
						},
						{
							"origin": [-0.98614, -0.09375, -4.75314],
							"size": [0.35356, 0.25, 0.25],
							"pivot": [-0.94508, 0.25, -4.62814],
							"rotation": [0, 45, 0],
							"uv": {
								"north": {"uv": [21, 24], "uv_size": [0.34375, 0.25]},
								"down": {"uv": [24, 21.25], "uv_size": [0.34375, -0.25]}
							}
						},
						{
							"origin": [-0.8125, -0.09375, -4.9375],
							"size": [0.25, 0.25, 0.25],
							"uv": {
								"north": {"uv": [8, 26], "uv_size": [0.25, 0.25]},
								"west": {"uv": [26, 8], "uv_size": [0.25, 0.25]},
								"down": {"uv": [9, 26.25], "uv_size": [0.25, -0.25]}
							}
						},
						{
							"origin": [-1.0625, -0.09375, -4.6875],
							"size": [0.5, 0.25, 1.75],
							"uv": {
								"east": {"uv": [7, 17], "uv_size": [1.75, 0.25]},
								"west": {"uv": [9, 17], "uv_size": [1.75, 0.25]},
								"down": {"uv": [9, 15.75], "uv_size": [0.5, -1.75]}
							}
						},
						{
							"origin": [-0.78125, -0.15624, -0.11029],
							"size": [0.25, 0.25, 1.03125],
							"pivot": [-0.65625, -0.03125, 0.40534],
							"rotation": [0, 0, -45],
							"uv": {
								"east": {"uv": [19, 6], "uv_size": [1.03125, 0.25]},
								"south": {"uv": [26, 11], "uv_size": [0.25, 0.25]},
								"west": {"uv": [19, 7], "uv_size": [1.03125, 0.25]},
								"up": {"uv": [8, 19], "uv_size": [0.25, 1.03125]},
								"down": {"uv": [19, 9.03125], "uv_size": [0.25, -1.03125]}
							}
						},
						{
							"origin": [0.53125, -0.15624, -0.11029],
							"size": [0.25, 0.25, 1.03125],
							"pivot": [0.65625, -0.03125, 0.40534],
							"rotation": [0, 0, -45],
							"uv": {
								"east": {"uv": [2, 19], "uv_size": [1.03125, 0.25]},
								"south": {"uv": [11, 26], "uv_size": [0.25, 0.25]},
								"west": {"uv": [19, 3], "uv_size": [1.03125, 0.25]},
								"up": {"uv": [4, 19], "uv_size": [0.25, 1.03125]},
								"down": {"uv": [19, 5.03125], "uv_size": [0.25, -1.03125]}
							}
						},
						{
							"origin": [-0.8125, 0.75, 0.51471],
							"size": [0.1875, 0.1875, 0.15],
							"pivot": [-0.71875, 0.84375, 0.61627],
							"rotation": [16.3249, 15.6999, -42.7342],
							"uv": {
								"north": {"uv": [27, 14], "uv_size": [0.1875, 0.1875]},
								"east": {"uv": [28, 17], "uv_size": [0.15625, 0.1875]},
								"south": {"uv": [15, 27], "uv_size": [0.1875, 0.1875]},
								"west": {"uv": [18, 28], "uv_size": [0.15625, 0.1875]},
								"up": {"uv": [28, 18], "uv_size": [0.1875, 0.15625]},
								"down": {"uv": [19, 28.15625], "uv_size": [0.1875, -0.15625]}
							}
						},
						{
							"origin": [0.625, 0.75, 0.51471],
							"size": [0.1875, 0.1875, 0.15],
							"pivot": [0.71875, 0.84375, 0.61627],
							"rotation": [16.3249, 15.6999, -42.7342],
							"uv": {
								"north": {"uv": [27, 13], "uv_size": [0.1875, 0.1875]},
								"east": {"uv": [28, 15], "uv_size": [0.15625, 0.1875]},
								"south": {"uv": [14, 27], "uv_size": [0.1875, 0.1875]},
								"west": {"uv": [16, 28], "uv_size": [0.15625, 0.1875]},
								"up": {"uv": [28, 16], "uv_size": [0.1875, 0.15625]},
								"down": {"uv": [17, 28.15625], "uv_size": [0.1875, -0.15625]}
							}
						}
					]
				},
				{
					"name": "group",
					"parent": "552",
					"pivot": [-1, 3.40625, 6]
				},
				{
					"name": "group9",
					"parent": "group",
					"pivot": [-2.0508, 4.12301, 8.1875],
					"cubes": [
						{
							"origin": [1.125, 0.15625, -2],
							"size": [0.125, 1.0625, 2.4375],
							"uv": {
								"east": {"uv": [6, 8], "uv_size": [2.4375, 1.0625]},
								"west": {"uv": [9, 3], "uv_size": [2.4375, 1.0625]}
							}
						},
						{
							"origin": [1.125, 0.15625, 0.4375],
							"size": [0.125, 0.4375, 0.3125],
							"uv": {
								"east": {"uv": [22, 1], "uv_size": [0.3125, 0.4375]},
								"south": {"uv": [26, 16], "uv_size": [0.125, 0.4375]},
								"west": {"uv": [2, 22], "uv_size": [0.3125, 0.4375]}
							}
						},
						{
							"origin": [1.125, 0.51737, 0.30351],
							"size": [0.125, 0.75, 0.3125],
							"pivot": [0, 0.89237, 0.49101],
							"rotation": [22.5, 0, 0],
							"uv": {
								"east": {"uv": [19, 12], "uv_size": [0.3125, 0.75]},
								"south": {"uv": [11, 24], "uv_size": [0.125, 0.75]},
								"west": {"uv": [13, 19], "uv_size": [0.3125, 0.75]}
							}
						},
						{
							"origin": [1.125, 0.12186, -2.95003],
							"size": [0.125, 0.5625, 1.6],
							"inflate": 0.001,
							"pivot": [0, 0.46561, -2.69378],
							"rotation": [45, 0, 0],
							"uv": {
								"east": {"uv": [14, 1], "uv_size": [1.59375, 0.5625]},
								"west": {"uv": [14, 2], "uv_size": [1.59375, 0.5625]},
								"up": {"uv": [9, 20], "uv_size": [0.125, 1.59375]}
							}
						},
						{
							"origin": [1.125, 0.15625, -2.5625],
							"size": [0.125, 0.5625, 0.5625],
							"uv": {
								"east": {"uv": [12, 18], "uv_size": [0.5625, 0.5625]},
								"west": {"uv": [13, 18], "uv_size": [0.5625, 0.5625]}
							}
						},
						{
							"origin": [1.125, 1.21875, -1.75],
							"size": [0.125, 1.0625, 1.875],
							"uv": {
								"east": {"uv": [0, 12], "uv_size": [1.875, 1.0625]},
								"south": {"uv": [22, 4], "uv_size": [0.125, 1.0625]},
								"west": {"uv": [12, 1], "uv_size": [1.875, 1.0625]}
							}
						},
						{
							"origin": [1.125, 1.37132, -2.2045],
							"size": [0.125, 1.0625, 0.375],
							"pivot": [0, 1.21507, -2.36075],
							"rotation": [-22.5, 0, 0],
							"uv": {
								"north": {"uv": [12, 22], "uv_size": [0.125, 1.0625]},
								"east": {"uv": [0, 18], "uv_size": [0.375, 1.0625]},
								"west": {"uv": [1, 18], "uv_size": [0.375, 1.0625]}
							}
						},
						{
							"origin": [1.125, 1.08844, -0.07807],
							"size": [0.125, 0.5, 0.3125],
							"pivot": [0, 1.46344, 0.10943],
							"rotation": [45, 0, 0],
							"uv": {
								"east": {"uv": [21, 0], "uv_size": [0.3125, 0.5]},
								"south": {"uv": [6, 26], "uv_size": [0.125, 0.5]},
								"west": {"uv": [1, 21], "uv_size": [0.3125, 0.5]}
							}
						},
						{
							"origin": [-1.25, 0.15625, 0.4375],
							"size": [0.125, 0.4375, 0.3125],
							"uv": {
								"east": {"uv": [22, 2], "uv_size": [0.3125, 0.4375]},
								"south": {"uv": [17, 26], "uv_size": [0.125, 0.4375]},
								"west": {"uv": [3, 22], "uv_size": [0.3125, 0.4375]}
							}
						},
						{
							"origin": [-1.25, 0.51737, 0.30351],
							"size": [0.125, 0.75, 0.3125],
							"pivot": [0, 0.89237, 0.49101],
							"rotation": [22.5, 0, 0],
							"uv": {
								"east": {"uv": [19, 13], "uv_size": [0.3125, 0.75]},
								"south": {"uv": [24, 11], "uv_size": [0.125, 0.75]},
								"west": {"uv": [14, 19], "uv_size": [0.3125, 0.75]}
							}
						},
						{
							"origin": [-1.251, -0.28125, -3.03107],
							"size": [0.3135, 0.4375, 3.78107],
							"uv": {
								"north": {"uv": [22, 3], "uv_size": [0.3125, 0.4375]},
								"east": {"uv": [10, 12], "uv_size": [3.78125, 0.4375]},
								"south": {"uv": [4, 22], "uv_size": [0.3125, 0.4375]},
								"up": {"uv": [2, 14], "uv_size": [0.3125, 3.78125]},
								"down": {"uv": [3, 17.78125], "uv_size": [0.3125, -3.78125]}
							}
						},
						{
							"origin": [-1.25, 0.48123, -2.95003],
							"size": [0.125, 0.20313, 1.2875],
							"inflate": 0.001,
							"pivot": [0, 0.46561, -2.69378],
							"rotation": [45, 0, 0],
							"uv": {
								"east": {"uv": [17, 18], "uv_size": [1.28125, 0.21875]},
								"west": {"uv": [18, 17], "uv_size": [1.28125, 0.21875]},
								"up": {"uv": [20, 20], "uv_size": [0.125, 1.28125]},
								"down": {"uv": [0, 22.28125], "uv_size": [0.125, -1.28125]}
							}
						},
						{
							"origin": [0.9375, -0.28125, -3.03107],
							"size": [0.3135, 0.72034, 3.78107],
							"uv": {
								"north": {"uv": [15, 19], "uv_size": [0.3125, 0.71875]},
								"south": {"uv": [16, 19], "uv_size": [0.3125, 0.71875]},
								"west": {"uv": [8, 0], "uv_size": [3.78125, 0.71875]},
								"up": {"uv": [5, 14], "uv_size": [0.3125, 3.78125]},
								"down": {"uv": [6, 17.78125], "uv_size": [0.3125, -3.78125]}
							}
						},
						{
							"origin": [0.62575, -0.15393, 0.12527],
							"size": [0.66959, 0.19176, 0.19176],
							"pivot": [0.01055, -0.05805, 0.22115],
							"rotation": [-45, 0, 0],
							"uv": {
								"north": {"uv": [12, 16], "uv_size": [2.5625, 0.1875]},
								"south": {"uv": [16, 12], "uv_size": [2.5625, 0.1875]},
								"west": {"uv": [16, 27], "uv_size": [0.1875, 0.1875]},
								"up": {"uv": [16, 13], "uv_size": [2.5625, 0.1875]},
								"down": {"uv": [28.375, 24.40625], "uv_size": [2.1875, -1.53125]}
							}
						},
						{
							"origin": [0.62575, -0.15393, -2.37473],
							"size": [0.66959, 0.19176, 0.19176],
							"pivot": [0.01055, -0.05805, -2.27885],
							"rotation": [-45, 0, 0],
							"uv": {
								"north": {"uv": [12, 16], "uv_size": [2.5625, 0.1875]},
								"south": {"uv": [16, 12], "uv_size": [2.5625, 0.1875]},
								"west": {"uv": [16, 27], "uv_size": [0.1875, 0.1875]},
								"up": {"uv": [16, 13], "uv_size": [2.5625, 0.1875]},
								"down": {"uv": [28.375, 24.40625], "uv_size": [2.1875, -1.53125]}
							}
						},
						{
							"origin": [-1.29534, -0.15393, -2.37473],
							"size": [0.66959, 0.19176, 0.19176],
							"pivot": [-0.01055, -0.05805, -2.27885],
							"rotation": [-45, 0, 0],
							"uv": {
								"north": {"uv": [14.5625, 16], "uv_size": [-2.5625, 0.1875]},
								"east": {"uv": [16.1875, 27], "uv_size": [-0.1875, 0.1875]},
								"south": {"uv": [18.5625, 12], "uv_size": [-2.5625, 0.1875]},
								"up": {"uv": [18.5625, 13], "uv_size": [-2.5625, 0.1875]},
								"down": {"uv": [30.5625, 24.40625], "uv_size": [-2.1875, -1.53125]}
							}
						},
						{
							"origin": [-1.29534, -0.15393, 0.12527],
							"size": [0.66959, 0.19176, 0.19176],
							"pivot": [-0.01055, -0.05805, 0.22115],
							"rotation": [-45, 0, 0],
							"uv": {
								"north": {"uv": [14.5625, 16], "uv_size": [-2.5625, 0.1875]},
								"east": {"uv": [16.1875, 27], "uv_size": [-0.1875, 0.1875]},
								"south": {"uv": [18.5625, 12], "uv_size": [-2.5625, 0.1875]},
								"up": {"uv": [18.5625, 13], "uv_size": [-2.5625, 0.1875]},
								"down": {"uv": [30.5625, 24.40625], "uv_size": [-2.1875, -1.53125]}
							}
						},
						{
							"origin": [-1.25, 1.37132, -2.2045],
							"size": [0.125, 1.0625, 0.3125],
							"pivot": [0, 1.21507, -2.36075],
							"rotation": [-22.5, 0, 0],
							"uv": {
								"north": {"uv": [22, 11], "uv_size": [0.125, 1.0625]},
								"east": {"uv": [6, 18], "uv_size": [0.3125, 1.0625]},
								"west": {"uv": [7, 18], "uv_size": [0.3125, 1.0625]}
							}
						},
						{
							"origin": [-1.25, 1.08844, -0.07807],
							"size": [0.125, 0.5, 0.3125],
							"pivot": [0, 1.46344, 0.10943],
							"rotation": [45, 0, 0],
							"uv": {
								"east": {"uv": [21, 1], "uv_size": [0.3125, 0.5]},
								"south": {"uv": [26, 6], "uv_size": [0.125, 0.5]},
								"west": {"uv": [21, 2], "uv_size": [0.3125, 0.5]}
							}
						},
						{
							"origin": [0.67735, 2.53819, -1.75],
							"size": [0.42188, 0.125, 1.875],
							"pivot": [0.88048, 2.53819, -0.8125],
							"rotation": [0, 0, 22.5],
							"uv": {
								"north": {"uv": [26, 17], "uv_size": [0.4375, 0.125]},
								"south": {"uv": [18, 26], "uv_size": [0.4375, 0.125]},
								"up": {"uv": [12, 14], "uv_size": [0.4375, 1.875]},
								"down": {"uv": [14, 13.875], "uv_size": [0.4375, -1.875]}
							}
						},
						{
							"origin": [1.0508, 2.21676, -1.75],
							"size": [0.125, 0.3125, 1.875],
							"pivot": [1.0508, 2.43551, -0.8125],
							"rotation": [0, 0, -22.5],
							"uv": {
								"north": {"uv": [9, 27], "uv_size": [0.125, 0.3125]},
								"east": {"uv": [15, 14], "uv_size": [1.875, 0.3125]},
								"south": {"uv": [10, 27], "uv_size": [0.125, 0.3125]},
								"west": {"uv": [15, 15], "uv_size": [1.875, 0.3125]}
							}
						},
						{
							"origin": [-0.74065, 2.60584, -1.75],
							"size": [1.4813, 0.12557, 1.875],
							"uv": {
								"north": {"uv": [20, 14], "uv_size": [1.46875, 0.125]},
								"south": {"uv": [15, 20], "uv_size": [1.46875, 0.125]},
								"up": {"uv": [6, 6], "uv_size": [1.46875, 1.875]},
								"down": {"uv": [0, 9.875], "uv_size": [1.46875, -1.875]}
							}
						},
						{
							"origin": [-1.09923, 2.53819, -1.75],
							"size": [0.42188, 0.125, 1.875],
							"pivot": [-0.88048, 2.53819, -0.8125],
							"rotation": [0, 0, -22.5],
							"uv": {
								"north": {"uv": [26, 18], "uv_size": [0.4375, 0.125]},
								"south": {"uv": [19, 26], "uv_size": [0.4375, 0.125]},
								"up": {"uv": [13, 14], "uv_size": [0.4375, 1.875]},
								"down": {"uv": [14, 15.875], "uv_size": [0.4375, -1.875]}
							}
						},
						{
							"origin": [-1.1758, 2.21676, -1.75],
							"size": [0.125, 0.3125, 1.875],
							"pivot": [-1.0508, 2.43551, -0.8125],
							"rotation": [0, 0, 22.5],
							"uv": {
								"north": {"uv": [27, 10], "uv_size": [0.125, 0.3125]},
								"east": {"uv": [16, 1], "uv_size": [1.875, 0.3125]},
								"south": {"uv": [11, 27], "uv_size": [0.125, 0.3125]},
								"west": {"uv": [16, 2], "uv_size": [1.875, 0.3125]}
							}
						}
					]
				},
				{
					"name": "group8",
					"parent": "group",
					"pivot": [-1.8125, 2.69286, 5.34911],
					"cubes": [
						{
							"origin": [-1.25, 0.15625, -2.5625],
							"size": [0.125, 0.75, 0.25],
							"uv": {
								"east": {"uv": [20, 9], "uv_size": [0.25, 0.75]},
								"south": {"uv": [12, 24], "uv_size": [0.125, 0.75]},
								"west": {"uv": [10, 20], "uv_size": [0.25, 0.75]}
							}
						},
						{
							"origin": [-1.25, 0.15625, -2.8125],
							"size": [0.125, 0.5, 0.25],
							"uv": {
								"east": {"uv": [13, 22], "uv_size": [0.25, 0.5]},
								"west": {"uv": [22, 13], "uv_size": [0.25, 0.5]}
							}
						},
						{
							"origin": [-1.251, 0.15625, -3.03107],
							"size": [0.126, 0.28284, 0.21857],
							"uv": {
								"east": {"uv": [26, 13], "uv_size": [0.21875, 0.28125]},
								"west": {"uv": [14, 26], "uv_size": [0.21875, 0.28125]}
							}
						},
						{
							"origin": [-1.25, 0.70987, 0.125],
							"size": [0.125, 0.51776, 0.25],
							"pivot": [-0.75, 0.96875, -0.375],
							"rotation": [-45, 0, 0],
							"uv": {
								"north": {"uv": [3, 26], "uv_size": [0.125, 0.53125]},
								"east": {"uv": [5, 22], "uv_size": [0.25, 0.53125]},
								"west": {"uv": [6, 22], "uv_size": [0.25, 0.53125]}
							}
						},
						{
							"origin": [-1.25, 0.21875, -0.63388],
							"size": [0.125, 0.25, 0.51776],
							"pivot": [-0.75, 0.96875, -0.375],
							"rotation": [-45, 0, 0],
							"uv": {
								"east": {"uv": [22, 6], "uv_size": [0.53125, 0.25]},
								"west": {"uv": [7, 22], "uv_size": [0.53125, 0.25]},
								"up": {"uv": [26, 3], "uv_size": [0.125, 0.53125]}
							}
						},
						{
							"origin": [-1.25, 1.46875, -0.63388],
							"size": [0.125, 0.25, 0.51776],
							"pivot": [-0.75, 0.96875, -0.375],
							"rotation": [-45, 0, 0],
							"uv": {
								"east": {"uv": [22, 7], "uv_size": [0.53125, 0.25]},
								"west": {"uv": [8, 22], "uv_size": [0.53125, 0.25]},
								"down": {"uv": [4, 26.53125], "uv_size": [0.125, -0.53125]}
							}
						},
						{
							"origin": [-1.25, 0.39737, -1.3125],
							"size": [0.125, 0.51776, 0.25],
							"pivot": [-0.75, 0.65625, -1.8125],
							"rotation": [-45, 0, 0],
							"uv": {
								"north": {"uv": [26, 4], "uv_size": [0.125, 0.53125]},
								"east": {"uv": [9, 22], "uv_size": [0.25, 0.53125]},
								"south": {"uv": [5, 26], "uv_size": [0.125, 0.53125]},
								"west": {"uv": [22, 9], "uv_size": [0.25, 0.53125]}
							}
						},
						{
							"origin": [-1.25, 0.39737, -1.3125],
							"size": [0.125, 0.83026, 0.4375],
							"uv": {
								"north": {"uv": [22, 18], "uv_size": [0.125, 0.84375]},
								"east": {"uv": [18, 1], "uv_size": [0.4375, 0.84375]},
								"south": {"uv": [19, 22], "uv_size": [0.125, 0.84375]},
								"west": {"uv": [2, 18], "uv_size": [0.4375, 0.84375]}
							}
						},
						{
							"origin": [-1.25, -0.09375, -2.07138],
							"size": [0.125, 0.25, 0.51776],
							"pivot": [-0.75, 0.65625, -1.8125],
							"rotation": [-45, 0, 0],
							"uv": {
								"east": {"uv": [10, 22], "uv_size": [0.53125, 0.25]},
								"west": {"uv": [22, 10], "uv_size": [0.53125, 0.25]},
								"up": {"uv": [26, 5], "uv_size": [0.125, 0.53125]}
							}
						},
						{
							"origin": [-1.25, 1.15625, -2.19638],
							"size": [0.125, 0.99632, 0.67938],
							"pivot": [-0.75, 0.65625, -1.8125],
							"rotation": [-45, 0, 0],
							"uv": {
								"east": {"uv": [8, 10], "uv_size": [0.6875, 1]},
								"south": {"uv": [14, 22], "uv_size": [0.125, 1]},
								"west": {"uv": [7, 12], "uv_size": [0.6875, 1]},
								"down": {"uv": [13, 24.6875], "uv_size": [0.125, -0.6875]}
							}
						},
						{
							"origin": [-1.25, 1.15625, -2.07138],
							"size": [0.125, 0.3125, 0.58026],
							"uv": {
								"east": {"uv": [20, 13], "uv_size": [0.59375, 0.3125]},
								"west": {"uv": [14, 20], "uv_size": [0.59375, 0.3125]},
								"down": {"uv": [3, 25.59375], "uv_size": [0.125, -0.59375]}
							}
						},
						{
							"origin": [-1.25, 0.15625, -0.5625],
							"size": [0.125, 0.3125, 1],
							"uv": {
								"east": {"uv": [14, 18], "uv_size": [1, 0.3125]},
								"west": {"uv": [18, 14], "uv_size": [1, 0.3125]},
								"up": {"uv": [22, 14], "uv_size": [0.125, 1]}
							}
						},
						{
							"origin": [-1.25, 0.15625, -1.25],
							"size": [0.125, 0.3125, 0.6875],
							"uv": {
								"north": {"uv": [27, 11], "uv_size": [0.125, 0.3125]},
								"east": {"uv": [19, 18], "uv_size": [0.6875, 0.3125]},
								"west": {"uv": [19, 19], "uv_size": [0.6875, 0.3125]},
								"up": {"uv": [24, 13], "uv_size": [0.125, 0.6875]}
							}
						},
						{
							"origin": [-1.25, 1.46875, -1.75],
							"size": [0.125, 0.8125, 1.875],
							"uv": {
								"east": {"uv": [13, 5], "uv_size": [1.875, 0.8125]},
								"south": {"uv": [9, 23], "uv_size": [0.125, 0.8125]},
								"west": {"uv": [13, 6], "uv_size": [1.875, 0.8125]},
								"down": {"uv": [19, 15.875], "uv_size": [0.125, -1.875]}
							}
						},
						{
							"origin": [-1.25, 0.15625, 0.125],
							"size": [0.125, 1.0625, 0.3125],
							"uv": {
								"north": {"uv": [11, 22], "uv_size": [0.125, 1.0625]},
								"east": {"uv": [18, 3], "uv_size": [0.3125, 1.0625]},
								"west": {"uv": [5, 18], "uv_size": [0.3125, 1.0625]}
							}
						}
					]
				},
				{
					"name": "group7",
					"parent": "552",
					"pivot": [-1, 1.65625, 7.6875],
					"cubes": [
						{
							"origin": [-1.0625, 0.15625, -4.6875],
							"size": [2.125, 0.6875, 2.125],
							"uv": {
								"north": {"uv": [7, 13], "uv_size": [2.125, 0.6875]},
								"east": {"uv": [13, 7], "uv_size": [2.125, 0.6875]},
								"west": {"uv": [13, 8], "uv_size": [2.125, 0.6875]},
								"up": {"uv": [5, 3], "uv_size": [2.125, 2.125]}
							}
						},
						{
							"origin": [-0.8125, 0.15625, -4.9375],
							"size": [0.625, 0.6875, 0.25],
							"uv": {
								"north": {"uv": [1, 17], "uv_size": [0.625, 0.6875]},
								"west": {"uv": [20, 15], "uv_size": [0.25, 0.6875]}
							}
						},
						{
							"origin": [-0.8125, 0.84375, -4.6875],
							"size": [0.625, 0.25, 2.125],
							"uv": {
								"south": {"uv": [21, 3], "uv_size": [0.625, 0.25]},
								"west": {"uv": [16, 5], "uv_size": [2.125, 0.25]},
								"up": {"uv": [4, 13], "uv_size": [0.625, 2.125]}
							}
						},
						{
							"origin": [-0.91291, 0.48261, -4.6875],
							"size": [0.35355, 0.25, 2.75],
							"pivot": [-1.12186, 0.60761, -3.9375],
							"rotation": [0, 0, -45],
							"uv": {
								"north": {"uv": [14, 24], "uv_size": [0.34375, 0.25]},
								"south": {"uv": [24, 14], "uv_size": [0.34375, 0.25]},
								"up": {"uv": [7, 14], "uv_size": [0.34375, 2.75]}
							}
						},
						{
							"origin": [0.55936, 0.48261, -4.6875],
							"size": [0.35355, 0.25, 2.75],
							"pivot": [1.12186, 0.60761, -3.9375],
							"rotation": [0, 0, 45],
							"uv": {
								"north": {"uv": [15, 24], "uv_size": [0.34375, 0.25]},
								"south": {"uv": [24, 15], "uv_size": [0.34375, 0.25]},
								"up": {"uv": [8, 14], "uv_size": [0.34375, 2.75]}
							}
						},
						{
							"origin": [0.1875, 0.84375, -4.6875],
							"size": [0.625, 0.25, 2.125],
							"uv": {
								"east": {"uv": [16, 6], "uv_size": [2.125, 0.25]},
								"south": {"uv": [4, 21], "uv_size": [0.625, 0.25]},
								"up": {"uv": [10, 13], "uv_size": [0.625, 2.125]}
							}
						},
						{
							"origin": [0.1875, 0.15625, -4.9375],
							"size": [0.625, 0.6875, 0.25],
							"uv": {
								"north": {"uv": [4, 17], "uv_size": [0.625, 0.6875]},
								"east": {"uv": [20, 16], "uv_size": [0.25, 0.6875]}
							}
						},
						{
							"origin": [0.63258, 0.15625, -4.75314],
							"size": [0.35356, 0.6875, 0.25],
							"pivot": [0.94508, 0.5, -4.62814],
							"rotation": [0, -45, 0],
							"uv": {
								"north": {"uv": [19, 11], "uv_size": [0.34375, 0.6875]},
								"up": {"uv": [16, 24], "uv_size": [0.34375, 0.25]}
							}
						},
						{
							"origin": [-0.98614, 0.15625, -4.75314],
							"size": [0.35356, 0.6875, 0.25],
							"pivot": [-0.94508, 0.5, -4.62814],
							"rotation": [0, 45, 0],
							"uv": {
								"north": {"uv": [12, 19], "uv_size": [0.34375, 0.6875]},
								"up": {"uv": [24, 16], "uv_size": [0.34375, 0.25]}
							}
						},
						{
							"origin": [0.1875, 0.75249, -4.96718],
							"size": [0.625, 0.35355, 0.25],
							"pivot": [0.5, 0.76229, -4.84218],
							"rotation": [-45, 0, 0],
							"uv": {
								"north": {"uv": [0, 20], "uv_size": [0.625, 0.34375]},
								"east": {"uv": [17, 24], "uv_size": [0.25, 0.34375]},
								"west": {"uv": [24, 17], "uv_size": [0.25, 0.34375]}
							}
						},
						{
							"origin": [-0.8125, 0.75249, -4.96718],
							"size": [0.625, 0.35355, 0.25],
							"pivot": [-0.5, 0.76229, -4.84218],
							"rotation": [-45, 0, 0],
							"uv": {
								"north": {"uv": [20, 0], "uv_size": [0.625, 0.34375]},
								"east": {"uv": [18, 24], "uv_size": [0.25, 0.34375]},
								"west": {"uv": [24, 18], "uv_size": [0.25, 0.34375]}
							}
						},
						{
							"origin": [-0.8125, 0.84375, -2.5625],
							"size": [0.4375, 0.25, 0.625],
							"uv": {
								"west": {"uv": [21, 4], "uv_size": [0.625, 0.25]},
								"up": {"uv": [19, 0], "uv_size": [0.4375, 0.625]}
							}
						},
						{
							"origin": [0.375, 0.84375, -2.5625],
							"size": [0.4375, 0.25, 0.625],
							"uv": {
								"east": {"uv": [21, 5], "uv_size": [0.625, 0.25]},
								"up": {"uv": [19, 1], "uv_size": [0.4375, 0.625]}
							}
						},
						{
							"origin": [-1.0625, 0.15625, -2.5625],
							"size": [2.125, 0.6875, 0.625],
							"uv": {
								"east": {"uv": [17, 14], "uv_size": [0.625, 0.6875]},
								"west": {"uv": [15, 17], "uv_size": [0.625, 0.6875]},
								"up": {"uv": [11, 13], "uv_size": [2.125, 0.625]}
							}
						}
					]
				},
				{
					"name": "group6",
					"parent": "group7",
					"pivot": [-0.5, 2.84375, 3.25],
					"cubes": [
						{
							"origin": [-0.15625, 0.90188, -2.68629],
							"size": [0.3125, 0.25, 0.35355],
							"pivot": [0, 1.02688, -2.50952],
							"rotation": [22.5, 0, 0],
							"uv": {
								"east": {"uv": [19, 24], "uv_size": [0.34375, 0.25]},
								"south": {"uv": [25, 2], "uv_size": [0.3125, 0.25]},
								"west": {"uv": [24, 19], "uv_size": [0.34375, 0.25]},
								"up": {"uv": [17, 22], "uv_size": [0.3125, 0.34375]},
								"down": {"uv": [22, 17.34375], "uv_size": [0.3125, -0.34375]}
							}
						},
						{
							"origin": [-0.15625, 0.84375, -4.6875],
							"size": [0.3125, 0.25, 2.0625],
							"uv": {
								"east": {"uv": [16, 7], "uv_size": [2.0625, 0.25]},
								"west": {"uv": [16, 8], "uv_size": [2.0625, 0.25]},
								"up": {"uv": [15, 11], "uv_size": [0.3125, 2.0625]}
							}
						},
						{
							"origin": [-0.15625, 0.65468, -4.73104],
							"size": [0.3125, 0.35355, 0.25],
							"pivot": [0, 0.99843, -4.60604],
							"rotation": [-45, 0, 0],
							"uv": {
								"north": {"uv": [18, 22], "uv_size": [0.3125, 0.34375]},
								"east": {"uv": [20, 24], "uv_size": [0.25, 0.34375]},
								"west": {"uv": [24, 20], "uv_size": [0.25, 0.34375]}
							}
						},
						{
							"origin": [-0.15625, 0.15625, -4.9375],
							"size": [0.3125, 0.6875, 0.25],
							"uv": {
								"north": {"uv": [1, 20], "uv_size": [0.3125, 0.6875]},
								"east": {"uv": [20, 17], "uv_size": [0.25, 0.6875]},
								"west": {"uv": [20, 18], "uv_size": [0.25, 0.6875]}
							}
						}
					]
				},
				{
					"name": "body",
					"parent": "552",
					"pivot": [-2.16984, 4.10382, -1.5],
					"cubes": [
						{
							"origin": [0.875, 1.09375, -1.6875],
							"size": [0.1875, 1.125, 1.75],
							"uv": {
								"north": {"uv": [20, 1], "uv_size": [0.1875, 1.125]},
								"east": {"uv": [2, 12], "uv_size": [1.75, 1.125]},
								"south": {"uv": [2, 20], "uv_size": [0.1875, 1.125]},
								"west": {"uv": [5, 12], "uv_size": [1.75, 1.125]}
							}
						},
						{
							"origin": [-0.75, 2.34375, -1.6875],
							"size": [1.5, 0.1875, 1.75],
							"uv": {
								"north": {"uv": [15, 18], "uv_size": [1.5, 0.1875]},
								"south": {"uv": [18, 16], "uv_size": [1.5, 0.1875]},
								"up": {"uv": [8, 1], "uv_size": [1.5, 1.75]},
								"down": {"uv": [2, 9.75], "uv_size": [1.5, -1.75]}
							}
						},
						{
							"origin": [0.875, 0.75601, -0.25287],
							"size": [0.1875, 0.75, 0.4375],
							"pivot": [0, 1.38101, -0.03412],
							"rotation": [45, 0, 0],
							"uv": {
								"east": {"uv": [8, 18], "uv_size": [0.4375, 0.75]},
								"south": {"uv": [21, 6], "uv_size": [0.1875, 0.75]},
								"west": {"uv": [9, 18], "uv_size": [0.4375, 0.75]}
							}
						},
						{
							"origin": [-1.0625, 0.75601, -0.25287],
							"size": [0.1875, 0.75, 0.4375],
							"pivot": [0, 1.38101, -0.03412],
							"rotation": [45, 0, 0],
							"uv": {
								"east": {"uv": [10, 18], "uv_size": [0.4375, 0.75]},
								"south": {"uv": [7, 21], "uv_size": [0.1875, 0.75]},
								"west": {"uv": [11, 18], "uv_size": [0.4375, 0.75]}
							}
						},
						{
							"origin": [-1.0625, 0.15625, -1.9375],
							"size": [2.125, 0.9375, 2.5],
							"uv": {
								"north": {"uv": [12, 3], "uv_size": [2.125, 0.9375]},
								"east": {"uv": [5, 10], "uv_size": [2.5, 0.9375]},
								"south": {"uv": [12, 4], "uv_size": [2.125, 0.9375]},
								"west": {"uv": [5, 11], "uv_size": [2.5, 0.9375]},
								"up": {"uv": [5, 0], "uv_size": [2.125, 2.5]}
							}
						},
						{
							"origin": [-0.9375, 0.15625, 0.5625],
							"size": [1.875, 0.25, 0.25],
							"uv": {
								"east": {"uv": [7, 26], "uv_size": [0.25, 0.25]},
								"south": {"uv": [17, 0], "uv_size": [1.875, 0.25]},
								"west": {"uv": [26, 7], "uv_size": [0.25, 0.25]}
							}
						},
						{
							"origin": [0.48234, 1.88507, -1.6875],
							"size": [0.44195, 0.1875, 1.75],
							"pivot": [1.16984, 1.97882, -0.4375],
							"rotation": [0, 0, 45],
							"uv": {
								"north": {"uv": [23, 24], "uv_size": [0.4375, 0.1875]},
								"south": {"uv": [24, 23], "uv_size": [0.4375, 0.1875]},
								"up": {"uv": [0, 15], "uv_size": [0.4375, 1.75]},
								"down": {"uv": [1, 16.75], "uv_size": [0.4375, -1.75]}
							}
						},
						{
							"origin": [-0.9375, 0.32749, 0.41655],
							"size": [1.875, 0.67188, 0.25],
							"pivot": [0, 0.73374, 0.54155],
							"rotation": [22.5, 0, 0],
							"uv": {
								"east": {"uv": [19, 20], "uv_size": [0.25, 0.6875]},
								"south": {"uv": [0, 14], "uv_size": [1.875, 0.6875]},
								"west": {"uv": [20, 19], "uv_size": [0.25, 0.6875]}
							}
						},
						{
							"origin": [-1.0625, 1.03125, -1.6875],
							"size": [0.1875, 1.1875, 1.75],
							"uv": {
								"north": {"uv": [17, 19], "uv_size": [0.1875, 1.1875]},
								"east": {"uv": [11, 7], "uv_size": [1.75, 1.1875]},
								"south": {"uv": [18, 19], "uv_size": [0.1875, 1.1875]},
								"west": {"uv": [8, 11], "uv_size": [1.75, 1.1875]}
							}
						},
						{
							"origin": [-0.92429, 1.88507, -1.6875],
							"size": [0.44195, 0.1875, 1.75],
							"pivot": [-1.16984, 1.97882, -0.4375],
							"rotation": [0, 0, -45],
							"uv": {
								"north": {"uv": [24, 24], "uv_size": [0.4375, 0.1875]},
								"south": {"uv": [0, 25], "uv_size": [0.4375, 0.1875]},
								"up": {"uv": [15, 3], "uv_size": [0.4375, 1.75]},
								"down": {"uv": [15, 6.75], "uv_size": [0.4375, -1.75]}
							}
						},
						{
							"origin": [0.875, 1.09375, -2],
							"size": [0.1875, 0.125, 0.5625],
							"uv": {
								"west": {"uv": [25, 3], "uv_size": [0.5625, 0.125]}
							}
						},
						{
							"origin": [-1.0625, 1.09375, -2],
							"size": [0.1875, 0.125, 0.5625],
							"uv": {
								"east": {"uv": [4, 25], "uv_size": [0.5625, 0.125]}
							}
						},
						{
							"origin": [-1.0625, 1.35734, -2.6458],
							"size": [0.1875, 0.375, 1.125],
							"pivot": [0, 1.51359, -1.4583],
							"rotation": [45, 0, 0],
							"uv": {
								"east": {"uv": [17, 15], "uv_size": [1.125, 0.375]},
								"west": {"uv": [16, 17], "uv_size": [1.125, 0.375]},
								"up": {"uv": [3, 20], "uv_size": [0.1875, 1.125]},
								"down": {"uv": [20, 5.125], "uv_size": [0.1875, -1.125]}
							}
						},
						{
							"origin": [0.875, 1.41984, -2.6458],
							"size": [0.1875, 0.3125, 1.125],
							"pivot": [0, 1.51359, -1.4583],
							"rotation": [45, 0, 0],
							"uv": {
								"east": {"uv": [18, 2], "uv_size": [1.125, 0.3125]},
								"west": {"uv": [3, 18], "uv_size": [1.125, 0.3125]},
								"up": {"uv": [5, 20], "uv_size": [0.1875, 1.125]},
								"down": {"uv": [6, 21.125], "uv_size": [0.1875, -1.125]}
							}
						}
					]
				},
				{
					"name": "group5",
					"parent": "body",
					"pivot": [-1.5, 2.44979, 3.15782]
				},
				{
					"name": "octagon5",
					"parent": "body",
					"pivot": [-1, 3.40625, 6]
				},
				{
					"name": "bone",
					"parent": "552",
					"pivot": [1.2, 0.18756, -1.1],
					"cubes": [
						{
							"origin": [1.07, -0.02482, -1.191],
							"size": [0.26, 0.552, 0.182],
							"uv": {
								"north": {"uv": [21, 9], "uv_size": [0.25, 0.5625]},
								"east": {"uv": [22, 19], "uv_size": [0.1875, 0.5625]},
								"south": {"uv": [10, 21], "uv_size": [0.25, 0.5625]},
								"west": {"uv": [20, 22], "uv_size": [0.1875, 0.5625]},
								"up": {"uv": [26, 22], "uv_size": [0.25, 0.1875]},
								"down": {"uv": [23, 26.1875], "uv_size": [0.25, -0.1875]}
							}
						},
						{
							"origin": [1.07, -0.032, -1.16419],
							"size": [0.26, 0.552, 0.182],
							"pivot": [1.2, 0.234, -1.07319],
							"rotation": [-30, 0, 0],
							"uv": {
								"north": {"uv": [21, 10], "uv_size": [0.25, 0.5625]},
								"east": {"uv": [22, 20], "uv_size": [0.1875, 0.5625]},
								"south": {"uv": [11, 21], "uv_size": [0.25, 0.5625]},
								"west": {"uv": [21, 22], "uv_size": [0.1875, 0.5625]},
								"up": {"uv": [26, 23], "uv_size": [0.25, 0.1875]},
								"down": {"uv": [24, 26.1875], "uv_size": [0.25, -0.1875]}
							}
						},
						{
							"origin": [1.07, -0.05163, -1.14457],
							"size": [0.26, 0.552, 0.182],
							"pivot": [1.2, 0.21437, -1.05357],
							"rotation": [-60, 0, 0],
							"uv": {
								"north": {"uv": [21, 11], "uv_size": [0.25, 0.5625]},
								"east": {"uv": [22, 21], "uv_size": [0.1875, 0.5625]},
								"south": {"uv": [12, 21], "uv_size": [0.25, 0.5625]},
								"west": {"uv": [22, 22], "uv_size": [0.1875, 0.5625]},
								"up": {"uv": [26, 24], "uv_size": [0.25, 0.1875]},
								"down": {"uv": [25, 26.1875], "uv_size": [0.25, -0.1875]}
							}
						},
						{
							"origin": [1.07, -0.07844, -1.13738],
							"size": [0.26, 0.552, 0.182],
							"pivot": [1.2, 0.18756, -1.04638],
							"rotation": [-90, 0, 0],
							"uv": {
								"north": {"uv": [21, 12], "uv_size": [0.25, 0.5625]},
								"east": {"uv": [0, 23], "uv_size": [0.1875, 0.5625]},
								"south": {"uv": [13, 21], "uv_size": [0.25, 0.5625]},
								"west": {"uv": [23, 0], "uv_size": [0.1875, 0.5625]},
								"up": {"uv": [26, 25], "uv_size": [0.25, 0.1875]},
								"down": {"uv": [26, 26.1875], "uv_size": [0.25, -0.1875]}
							}
						},
						{
							"origin": [1.07, -0.10524, -1.14457],
							"size": [0.26, 0.552, 0.182],
							"pivot": [1.2, 0.16076, -1.05357],
							"rotation": [-120, 0, 0],
							"uv": {
								"north": {"uv": [21, 13], "uv_size": [0.25, 0.5625]},
								"east": {"uv": [1, 23], "uv_size": [0.1875, 0.5625]},
								"south": {"uv": [14, 21], "uv_size": [0.25, 0.5625]},
								"west": {"uv": [23, 1], "uv_size": [0.1875, 0.5625]},
								"up": {"uv": [0, 27], "uv_size": [0.25, 0.1875]},
								"down": {"uv": [27, 0.1875], "uv_size": [0.25, -0.1875]}
							}
						},
						{
							"origin": [1.07, -0.12487, -1.16419],
							"size": [0.26, 0.552, 0.182],
							"pivot": [1.2, 0.14113, -1.07319],
							"rotation": [-150, 0, 0],
							"uv": {
								"north": {"uv": [15, 21], "uv_size": [0.25, 0.5625]},
								"east": {"uv": [2, 23], "uv_size": [0.1875, 0.5625]},
								"south": {"uv": [21, 15], "uv_size": [0.25, 0.5625]},
								"west": {"uv": [23, 2], "uv_size": [0.1875, 0.5625]},
								"up": {"uv": [1, 27], "uv_size": [0.25, 0.1875]},
								"down": {"uv": [27, 1.1875], "uv_size": [0.25, -0.1875]}
							}
						},
						{
							"origin": [1.07, -0.13205, -1.191],
							"size": [0.26, 0.552, 0.182],
							"pivot": [1.2, 0.13395, -1.1],
							"rotation": [180, 0, 0],
							"uv": {
								"north": {"uv": [16, 21], "uv_size": [0.25, 0.5625]},
								"east": {"uv": [3, 23], "uv_size": [0.1875, 0.5625]},
								"south": {"uv": [21, 16], "uv_size": [0.25, 0.5625]},
								"west": {"uv": [23, 3], "uv_size": [0.1875, 0.5625]},
								"up": {"uv": [2, 27], "uv_size": [0.25, 0.1875]},
								"down": {"uv": [27, 2.1875], "uv_size": [0.25, -0.1875]}
							}
						},
						{
							"origin": [1.07, -0.12487, -1.21781],
							"size": [0.26, 0.552, 0.182],
							"pivot": [1.2, 0.14113, -1.12681],
							"rotation": [150, 0, 0],
							"uv": {
								"north": {"uv": [17, 21], "uv_size": [0.25, 0.5625]},
								"east": {"uv": [4, 23], "uv_size": [0.1875, 0.5625]},
								"south": {"uv": [21, 17], "uv_size": [0.25, 0.5625]},
								"west": {"uv": [23, 4], "uv_size": [0.1875, 0.5625]},
								"up": {"uv": [3, 27], "uv_size": [0.25, 0.1875]},
								"down": {"uv": [27, 3.1875], "uv_size": [0.25, -0.1875]}
							}
						},
						{
							"origin": [1.07, -0.10524, -1.23743],
							"size": [0.26, 0.552, 0.182],
							"pivot": [1.2, 0.16076, -1.14643],
							"rotation": [120, 0, 0],
							"uv": {
								"north": {"uv": [18, 21], "uv_size": [0.25, 0.5625]},
								"east": {"uv": [5, 23], "uv_size": [0.1875, 0.5625]},
								"south": {"uv": [21, 18], "uv_size": [0.25, 0.5625]},
								"west": {"uv": [23, 5], "uv_size": [0.1875, 0.5625]},
								"up": {"uv": [4, 27], "uv_size": [0.25, 0.1875]},
								"down": {"uv": [27, 4.1875], "uv_size": [0.25, -0.1875]}
							}
						},
						{
							"origin": [1.07, -0.07844, -1.24462],
							"size": [0.26, 0.552, 0.182],
							"pivot": [1.2, 0.18756, -1.15362],
							"rotation": [90, 0, 0],
							"uv": {
								"north": {"uv": [19, 21], "uv_size": [0.25, 0.5625]},
								"east": {"uv": [6, 23], "uv_size": [0.1875, 0.5625]},
								"south": {"uv": [21, 19], "uv_size": [0.25, 0.5625]},
								"west": {"uv": [23, 6], "uv_size": [0.1875, 0.5625]},
								"up": {"uv": [5, 27], "uv_size": [0.25, 0.1875]},
								"down": {"uv": [27, 5.1875], "uv_size": [0.25, -0.1875]}
							}
						},
						{
							"origin": [1.07, -0.05163, -1.23743],
							"size": [0.26, 0.552, 0.182],
							"pivot": [1.2, 0.21437, -1.14643],
							"rotation": [60, 0, 0],
							"uv": {
								"north": {"uv": [21, 20], "uv_size": [0.25, 0.5625]},
								"east": {"uv": [7, 23], "uv_size": [0.1875, 0.5625]},
								"south": {"uv": [21, 21], "uv_size": [0.25, 0.5625]},
								"west": {"uv": [23, 7], "uv_size": [0.1875, 0.5625]},
								"up": {"uv": [6, 27], "uv_size": [0.25, 0.1875]},
								"down": {"uv": [27, 6.1875], "uv_size": [0.25, -0.1875]}
							}
						},
						{
							"origin": [1.07, -0.032, -1.21781],
							"size": [0.26, 0.552, 0.182],
							"pivot": [1.2, 0.234, -1.12681],
							"rotation": [30, 0, 0],
							"uv": {
								"north": {"uv": [22, 0], "uv_size": [0.25, 0.5625]},
								"east": {"uv": [8, 23], "uv_size": [0.1875, 0.5625]},
								"south": {"uv": [1, 22], "uv_size": [0.25, 0.5625]},
								"west": {"uv": [23, 8], "uv_size": [0.1875, 0.5625]},
								"up": {"uv": [7, 27], "uv_size": [0.25, 0.1875]},
								"down": {"uv": [27, 7.1875], "uv_size": [0.25, -0.1875]}
							}
						}
					]
				},
				{
					"name": "bone2",
					"parent": "552",
					"pivot": [-1, 0.68756, -1.77538],
					"cubes": [
						{
							"origin": [-1.1066, 0.52341, -1.88],
							"size": [0.2132, 0.44264, 0.14924],
							"uv": {
								"north": {"uv": [10, 24], "uv_size": [0.21875, 0.4375]},
								"east": {"uv": [2, 26], "uv_size": [0.15625, 0.4375]},
								"south": {"uv": [24, 10], "uv_size": [0.21875, 0.4375]},
								"west": {"uv": [26, 2], "uv_size": [0.15625, 0.4375]},
								"up": {"uv": [28, 14], "uv_size": [0.21875, 0.15625]},
								"down": {"uv": [15, 28.15625], "uv_size": [0.21875, -0.15625]}
							}
						},
						{
							"origin": [-1.1066, 0.51752, -1.85802],
							"size": [0.2132, 0.44264, 0.14924],
							"pivot": [-1, 0.72564, -1.7834],
							"rotation": [-30, 0, 0],
							"uv": {
								"north": {"uv": [9, 24], "uv_size": [0.21875, 0.4375]},
								"east": {"uv": [1, 26], "uv_size": [0.15625, 0.4375]},
								"south": {"uv": [24, 9], "uv_size": [0.21875, 0.4375]},
								"west": {"uv": [26, 1], "uv_size": [0.15625, 0.4375]},
								"up": {"uv": [28, 13], "uv_size": [0.21875, 0.15625]},
								"down": {"uv": [14, 28.15625], "uv_size": [0.21875, -0.15625]}
							}
						},
						{
							"origin": [-1.1066, 0.50143, -1.84192],
							"size": [0.2132, 0.44264, 0.14924],
							"pivot": [-1, 0.70955, -1.7673],
							"rotation": [-60, 0, 0],
							"uv": {
								"north": {"uv": [8, 24], "uv_size": [0.21875, 0.4375]},
								"east": {"uv": [0, 26], "uv_size": [0.15625, 0.4375]},
								"south": {"uv": [24, 8], "uv_size": [0.21875, 0.4375]},
								"west": {"uv": [26, 0], "uv_size": [0.15625, 0.4375]},
								"up": {"uv": [28, 11], "uv_size": [0.21875, 0.15625]},
								"down": {"uv": [28, 12.15625], "uv_size": [0.21875, -0.15625]}
							}
						},
						{
							"origin": [-1.1066, 0.47944, -1.83603],
							"size": [0.2132, 0.44264, 0.14924],
							"pivot": [-1, 0.68756, -1.76141],
							"rotation": [-90, 0, 0],
							"uv": {
								"north": {"uv": [7, 24], "uv_size": [0.21875, 0.4375]},
								"east": {"uv": [25, 24], "uv_size": [0.15625, 0.4375]},
								"south": {"uv": [24, 7], "uv_size": [0.21875, 0.4375]},
								"west": {"uv": [25, 25], "uv_size": [0.15625, 0.4375]},
								"up": {"uv": [28, 10], "uv_size": [0.21875, 0.15625]},
								"down": {"uv": [11, 28.15625], "uv_size": [0.21875, -0.15625]}
							}
						},
						{
							"origin": [-1.1066, 0.45746, -1.84192],
							"size": [0.2132, 0.44264, 0.14924],
							"pivot": [-1, 0.66558, -1.7673],
							"rotation": [-120, 0, 0],
							"uv": {
								"north": {"uv": [6, 24], "uv_size": [0.21875, 0.4375]},
								"east": {"uv": [25, 23], "uv_size": [0.15625, 0.4375]},
								"south": {"uv": [24, 6], "uv_size": [0.21875, 0.4375]},
								"west": {"uv": [24, 25], "uv_size": [0.15625, 0.4375]},
								"up": {"uv": [28, 9], "uv_size": [0.21875, 0.15625]},
								"down": {"uv": [10, 28.15625], "uv_size": [0.21875, -0.15625]}
							}
						},
						{
							"origin": [-1.1066, 0.44137, -1.85802],
							"size": [0.2132, 0.44264, 0.14924],
							"pivot": [-1, 0.64949, -1.7834],
							"rotation": [-150, 0, 0],
							"uv": {
								"north": {"uv": [5, 24], "uv_size": [0.21875, 0.4375]},
								"east": {"uv": [25, 22], "uv_size": [0.15625, 0.4375]},
								"south": {"uv": [24, 5], "uv_size": [0.21875, 0.4375]},
								"west": {"uv": [23, 25], "uv_size": [0.15625, 0.4375]},
								"up": {"uv": [28, 8], "uv_size": [0.21875, 0.15625]},
								"down": {"uv": [9, 28.15625], "uv_size": [0.21875, -0.15625]}
							}
						},
						{
							"origin": [-1.1066, 0.43548, -1.88],
							"size": [0.2132, 0.44264, 0.14924],
							"pivot": [-1, 0.6436, -1.80538],
							"rotation": [180, 0, 0],
							"uv": {
								"north": {"uv": [4, 24], "uv_size": [0.21875, 0.4375]},
								"east": {"uv": [25, 21], "uv_size": [0.15625, 0.4375]},
								"south": {"uv": [24, 4], "uv_size": [0.21875, 0.4375]},
								"west": {"uv": [22, 25], "uv_size": [0.15625, 0.4375]},
								"up": {"uv": [7, 28], "uv_size": [0.21875, 0.15625]},
								"down": {"uv": [28, 7.15625], "uv_size": [0.21875, -0.15625]}
							}
						},
						{
							"origin": [-1.1066, 0.44137, -1.90198],
							"size": [0.2132, 0.44264, 0.14924],
							"pivot": [-1, 0.64949, -1.82736],
							"rotation": [150, 0, 0],
							"uv": {
								"north": {"uv": [3, 24], "uv_size": [0.21875, 0.4375]},
								"east": {"uv": [25, 20], "uv_size": [0.15625, 0.4375]},
								"south": {"uv": [24, 3], "uv_size": [0.21875, 0.4375]},
								"west": {"uv": [21, 25], "uv_size": [0.15625, 0.4375]},
								"up": {"uv": [6, 28], "uv_size": [0.21875, 0.15625]},
								"down": {"uv": [28, 6.15625], "uv_size": [0.21875, -0.15625]}
							}
						},
						{
							"origin": [-1.1066, 0.45746, -1.91808],
							"size": [0.2132, 0.44264, 0.14924],
							"pivot": [-1, 0.66558, -1.84346],
							"rotation": [120, 0, 0],
							"uv": {
								"north": {"uv": [2, 24], "uv_size": [0.21875, 0.4375]},
								"east": {"uv": [25, 19], "uv_size": [0.15625, 0.4375]},
								"south": {"uv": [24, 2], "uv_size": [0.21875, 0.4375]},
								"west": {"uv": [20, 25], "uv_size": [0.15625, 0.4375]},
								"up": {"uv": [5, 28], "uv_size": [0.21875, 0.15625]},
								"down": {"uv": [28, 5.15625], "uv_size": [0.21875, -0.15625]}
							}
						},
						{
							"origin": [-1.1066, 0.47944, -1.92397],
							"size": [0.2132, 0.44264, 0.14924],
							"pivot": [-1, 0.68756, -1.84935],
							"rotation": [90, 0, 0],
							"uv": {
								"north": {"uv": [1, 24], "uv_size": [0.21875, 0.4375]},
								"east": {"uv": [25, 18], "uv_size": [0.15625, 0.4375]},
								"south": {"uv": [24, 1], "uv_size": [0.21875, 0.4375]},
								"west": {"uv": [19, 25], "uv_size": [0.15625, 0.4375]},
								"up": {"uv": [4, 28], "uv_size": [0.21875, 0.15625]},
								"down": {"uv": [28, 4.15625], "uv_size": [0.21875, -0.15625]}
							}
						},
						{
							"origin": [-1.1066, 0.50143, -1.91808],
							"size": [0.2132, 0.44264, 0.14924],
							"pivot": [-1, 0.70955, -1.84346],
							"rotation": [60, 0, 0],
							"uv": {
								"north": {"uv": [0, 24], "uv_size": [0.21875, 0.4375]},
								"east": {"uv": [25, 17], "uv_size": [0.15625, 0.4375]},
								"south": {"uv": [24, 0], "uv_size": [0.21875, 0.4375]},
								"west": {"uv": [18, 25], "uv_size": [0.15625, 0.4375]},
								"up": {"uv": [3, 28], "uv_size": [0.21875, 0.15625]},
								"down": {"uv": [28, 3.15625], "uv_size": [0.21875, -0.15625]}
							}
						},
						{
							"origin": [-1.1066, 0.51752, -1.90198],
							"size": [0.2132, 0.44264, 0.14924],
							"pivot": [-1, 0.72564, -1.82736],
							"rotation": [30, 0, 0],
							"uv": {
								"north": {"uv": [23, 22], "uv_size": [0.21875, 0.4375]},
								"east": {"uv": [25, 16], "uv_size": [0.15625, 0.4375]},
								"south": {"uv": [23, 23], "uv_size": [0.21875, 0.4375]},
								"west": {"uv": [17, 25], "uv_size": [0.15625, 0.4375]},
								"up": {"uv": [2, 28], "uv_size": [0.21875, 0.15625]},
								"down": {"uv": [28, 2.15625], "uv_size": [0.21875, -0.15625]}
							}
						}
					]
				},
				{
					"name": "abydos",
					"parent": "scope_body",
					"pivot": [-8.45313, 8.8125, 6.25],
					"cubes": [
						{
							"origin": [1.25, 1.2125, -1.625],
							"size": [0.001, 1.0375, 1.6],
							"uv": {
								"north": {"uv": [21, 28], "uv_size": [0.03125, 0.34375]},
								"east": {"uv": [16, 3], "uv_size": [1.59375, 0.34375]},
								"south": {"uv": [28, 21], "uv_size": [0.03125, 0.34375]},
								"west": {"uv": [26.09375, 27.40625], "uv_size": [5.84375, 4.5625]},
								"up": {"uv": [26, 19], "uv_size": [0.03125, 1.59375]},
								"down": {"uv": [20, 27.59375], "uv_size": [0.03125, -1.59375]}
							}
						},
						{
							"origin": [-1.251, 1.5125, -1.525],
							"size": [0.001, 0.7375, 1.4],
							"uv": {
								"north": {"uv": [21.03125, 28], "uv_size": [-0.03125, 0.34375]},
								"east": {"uv": [14.9375, 28.40625], "uv_size": [-6.8125, 3.59375]},
								"south": {"uv": [28.03125, 21], "uv_size": [-0.03125, 0.34375]},
								"west": {"uv": [17.59375, 3], "uv_size": [-1.59375, 0.34375]},
								"up": {"uv": [26.03125, 19], "uv_size": [-0.03125, 1.59375]},
								"down": {"uv": [20.03125, 27.59375], "uv_size": [-0.03125, -1.59375]}
							}
						},
						{
							"origin": [1.25, 0.8125, -1.625],
							"size": [0.001, 0.4375, 1.6],
							"uv": {
								"north": {"uv": [21, 28], "uv_size": [0.03125, 0.34375]},
								"east": {"uv": [16, 3], "uv_size": [1.59375, 0.34375]},
								"south": {"uv": [28, 21], "uv_size": [0.03125, 0.34375]},
								"west": {"uv": [18.5625, 30.1875], "uv_size": [7, 1.46875]},
								"up": {"uv": [26, 19], "uv_size": [0.03125, 1.59375]},
								"down": {"uv": [20, 27.59375], "uv_size": [0.03125, -1.59375]}
							}
						}
					]
				},
				{
					"name": "ocular",
					"pivot": [0, 2.24, 0.605],
					"cubes": [
						{
							"origin": [-0.87638, 1.02427, -0.169],
							"size": [1.74963, 1.33741, 0.02463],
							"uv": {
								"south": {"uv": [10, 1], "uv_size": [1.75, 1.34375]}
							}
						}
					]
				},
				{
					"name": "division",
					"pivot": [0, -0.7875, -120.175],
					"cubes": [
						{
							"origin": [-26.1875, -5.175, -84.3],
							"size": [52.375, 13.775, 0.25],
							"uv": {
								"south": {"uv": [1.375, 29.4375], "uv_size": [4.5625, 1.46875]}
							}
						}
					]
				},
				{
					"name": "division_illuminated",
					"parent": "division",
					"pivot": [0, -0.4, -120.675],
					"cubes": [
						{
							"origin": [-2.3, -0.8, -83.8],
							"size": [4.6, 5.2, 0.25],
							"uv": {
								"south": {"uv": [28.4375, 14.15625], "uv_size": [3.5625, 3.875]}
							}
						}
					]
				},
				{
					"name": "scope_view",
					"pivot": [0, 1.8, 6.9]
				}
			]
		}
	]
}