{
	"format_version": "1.12.0",
	"minecraft:geometry": [
		{
			"description": {
				"identifier": "geometry.unknown",
				"texture_width": 64,
				"texture_height": 64,
				"visible_bounds_width": 4,
				"visible_bounds_height": 1.5,
				"visible_bounds_offset": [0, 0.25, 0]
			},
			"bones": [
				{
					"name": "gh552",
					"pivot": [0.00377, 0.974, -0.06817],
					"cubes": [
						{
							"origin": [0.29758, 0.31344, -2.41641],
							"size": [0.13479, 0.02747, 4.60377],
							"pivot": [0.00253, 0.47577, -1.31657],
							"rotation": [0, 0, -40],
							"uv": {
								"north": {"uv": [20, 3], "uv_size": [0.25, 0.25]},
								"east": {"uv": [6, 7], "uv_size": [4.5, 0.25]},
								"south": {"uv": [4, 20], "uv_size": [0.25, 0.25]},
								"west": {"uv": [8, 0], "uv_size": [4.5, 0.25]},
								"up": {"uv": [8, 1], "uv_size": [0.25, 4.5]},
								"down": {"uv": [6, 12.5], "uv_size": [0.25, -4.5]}
							}
						},
						{
							"origin": [-0.32001, 0.01623, -2.41641],
							"size": [0.67682, 0.63045, 4.60377],
							"uv": {
								"north": {"uv": [4, 10], "uv_size": [0.75, 0.75]},
								"east": {"uv": [0, 3], "uv_size": [4.5, 0.75]},
								"south": {"uv": [4, 11], "uv_size": [0.75, 0.75]},
								"west": {"uv": [3, 0], "uv_size": [4.5, 0.75]},
								"up": {"uv": [0, 4], "uv_size": [0.75, 4.5]},
								"down": {"uv": [1, 8.5], "uv_size": [0.75, -4.5]}
							}
						},
						{
							"origin": [-0.42916, 0.31189, -2.41641],
							"size": [0.17053, 0.03499, 4.60377],
							"pivot": [0.00253, 0.47577, -1.31657],
							"rotation": [0, 0, 40],
							"uv": {
								"north": {"uv": [20, 4], "uv_size": [0.25, 0.25]},
								"east": {"uv": [8, 6], "uv_size": [4.5, 0.25]},
								"south": {"uv": [5, 20], "uv_size": [0.25, 0.25]},
								"west": {"uv": [7, 8], "uv_size": [4.5, 0.25]},
								"up": {"uv": [0, 9], "uv_size": [0.25, 4.5]},
								"down": {"uv": [1, 13.5], "uv_size": [0.25, -4.5]}
							}
						},
						{
							"origin": [-2.23495, 0.12966, 0.69124],
							"size": [0.23909, 0.63468, 0.23909],
							"pivot": [0.00253, 0.47577, -1.31657],
							"rotation": [0, 45, 0],
							"uv": {
								"north": {"uv": [15, 17], "uv_size": [0.25, 0.75]},
								"east": {"uv": [17, 15], "uv_size": [0.25, 0.75]},
								"south": {"uv": [16, 17], "uv_size": [0.25, 0.75]},
								"west": {"uv": [17, 16], "uv_size": [0.25, 0.75]},
								"up": {"uv": [20, 5], "uv_size": [0.25, 0.25]},
								"down": {"uv": [6, 20.25], "uv_size": [0.25, -0.25]}
							}
						},
						{
							"origin": [2.01579, 0.12966, -1.0895],
							"size": [0.23909, 0.63468, 0.2391],
							"pivot": [0.00253, 0.47577, 1.15343],
							"rotation": [0, 45, 0],
							"uv": {
								"north": {"uv": [17, 17], "uv_size": [0.25, 0.75]},
								"east": {"uv": [0, 18], "uv_size": [0.25, 0.75]},
								"south": {"uv": [18, 0], "uv_size": [0.25, 0.75]},
								"west": {"uv": [1, 18], "uv_size": [0.25, 0.75]},
								"up": {"uv": [20, 6], "uv_size": [0.25, 0.25]},
								"down": {"uv": [7, 20.25], "uv_size": [0.25, -0.25]}
							}
						},
						{
							"origin": [-0.21133, 0.76624, 1.94238],
							"size": [0.22064, 0.13301, 0.24498],
							"pivot": [0.00253, 0.47577, -1.31657],
							"rotation": [0, 0, -40],
							"uv": {
								"north": {"uv": [20, 7], "uv_size": [0.25, 0.25]},
								"east": {"uv": [8, 20], "uv_size": [0.25, 0.25]},
								"south": {"uv": [20, 8], "uv_size": [0.25, 0.25]},
								"west": {"uv": [9, 20], "uv_size": [0.25, 0.25]},
								"up": {"uv": [20, 9], "uv_size": [0.25, 0.25]},
								"down": {"uv": [10, 20.25], "uv_size": [0.25, -0.25]}
							}
						},
						{
							"origin": [-0.26449, 0.59455, 1.94238],
							"size": [0.18475, 0.20998, 0.24498],
							"uv": {
								"north": {"uv": [20, 10], "uv_size": [0.25, 0.25]},
								"east": {"uv": [11, 20], "uv_size": [0.25, 0.25]},
								"south": {"uv": [20, 11], "uv_size": [0.25, 0.25]},
								"west": {"uv": [12, 20], "uv_size": [0.25, 0.25]},
								"up": {"uv": [20, 12], "uv_size": [0.25, 0.25]},
								"down": {"uv": [13, 20.25], "uv_size": [0.25, -0.25]}
							}
						},
						{
							"origin": [0.08239, 0.59455, 1.94238],
							"size": [0.18474, 0.20998, 0.24498],
							"uv": {
								"north": {"uv": [20, 13], "uv_size": [0.25, 0.25]},
								"east": {"uv": [14, 20], "uv_size": [0.25, 0.25]},
								"south": {"uv": [20, 14], "uv_size": [0.25, 0.25]},
								"west": {"uv": [15, 20], "uv_size": [0.25, 0.25]},
								"up": {"uv": [20, 15], "uv_size": [0.25, 0.25]},
								"down": {"uv": [16, 20.25], "uv_size": [0.25, -0.25]}
							}
						},
						{
							"origin": [-0.0061, 0.76393, 1.94238],
							"size": [0.22064, 0.13377, 0.24498],
							"pivot": [0.00253, 0.47577, -1.31657],
							"rotation": [0, 0, 40],
							"uv": {
								"north": {"uv": [20, 16], "uv_size": [0.25, 0.25]},
								"east": {"uv": [17, 20], "uv_size": [0.25, 0.25]},
								"south": {"uv": [20, 17], "uv_size": [0.25, 0.25]},
								"west": {"uv": [18, 20], "uv_size": [0.25, 0.25]},
								"up": {"uv": [20, 18], "uv_size": [0.25, 0.25]},
								"down": {"uv": [19, 20.25], "uv_size": [0.25, -0.25]}
							}
						},
						{
							"origin": [-0.26449, 0.59455, 1.19094],
							"size": [0.18475, 0.20998, 0.24499],
							"uv": {
								"north": {"uv": [20, 19], "uv_size": [0.25, 0.25]},
								"east": {"uv": [20, 20], "uv_size": [0.25, 0.25]},
								"south": {"uv": [0, 21], "uv_size": [0.25, 0.25]},
								"west": {"uv": [21, 0], "uv_size": [0.25, 0.25]},
								"up": {"uv": [1, 21], "uv_size": [0.25, 0.25]},
								"down": {"uv": [21, 1.25], "uv_size": [0.25, -0.25]}
							}
						},
						{
							"origin": [-0.21133, 0.76624, 1.19094],
							"size": [0.22064, 0.13301, 0.24499],
							"pivot": [0.00253, 0.47577, -1.31657],
							"rotation": [0, 0, -40],
							"uv": {
								"north": {"uv": [2, 21], "uv_size": [0.25, 0.25]},
								"east": {"uv": [21, 2], "uv_size": [0.25, 0.25]},
								"south": {"uv": [3, 21], "uv_size": [0.25, 0.25]},
								"west": {"uv": [21, 3], "uv_size": [0.25, 0.25]},
								"up": {"uv": [4, 21], "uv_size": [0.25, 0.25]},
								"down": {"uv": [21, 4.25], "uv_size": [0.25, -0.25]}
							}
						},
						{
							"origin": [0.08239, 0.59455, 1.19094],
							"size": [0.18474, 0.20998, 0.24499],
							"uv": {
								"north": {"uv": [5, 21], "uv_size": [0.25, 0.25]},
								"east": {"uv": [21, 5], "uv_size": [0.25, 0.25]},
								"south": {"uv": [6, 21], "uv_size": [0.25, 0.25]},
								"west": {"uv": [21, 6], "uv_size": [0.25, 0.25]},
								"up": {"uv": [7, 21], "uv_size": [0.25, 0.25]},
								"down": {"uv": [21, 7.25], "uv_size": [0.25, -0.25]}
							}
						},
						{
							"origin": [-0.0061, 0.76393, 1.19094],
							"size": [0.22064, 0.13377, 0.24499],
							"pivot": [0.00253, 0.47577, -1.31657],
							"rotation": [0, 0, 40],
							"uv": {
								"north": {"uv": [8, 21], "uv_size": [0.25, 0.25]},
								"east": {"uv": [21, 8], "uv_size": [0.25, 0.25]},
								"south": {"uv": [9, 21], "uv_size": [0.25, 0.25]},
								"west": {"uv": [21, 9], "uv_size": [0.25, 0.25]},
								"up": {"uv": [10, 21], "uv_size": [0.25, 0.25]},
								"down": {"uv": [21, 10.25], "uv_size": [0.25, -0.25]}
							}
						},
						{
							"origin": [-0.26449, 0.59455, 0.71276],
							"size": [0.18475, 0.20998, 0.24498],
							"uv": {
								"north": {"uv": [11, 21], "uv_size": [0.25, 0.25]},
								"east": {"uv": [21, 11], "uv_size": [0.25, 0.25]},
								"south": {"uv": [12, 21], "uv_size": [0.25, 0.25]},
								"west": {"uv": [21, 12], "uv_size": [0.25, 0.25]},
								"up": {"uv": [13, 21], "uv_size": [0.25, 0.25]},
								"down": {"uv": [21, 13.25], "uv_size": [0.25, -0.25]}
							}
						},
						{
							"origin": [-0.21133, 0.76624, 0.71276],
							"size": [0.22064, 0.13301, 0.24498],
							"pivot": [0.00253, 0.47577, -1.31657],
							"rotation": [0, 0, -40],
							"uv": {
								"north": {"uv": [14, 21], "uv_size": [0.25, 0.25]},
								"east": {"uv": [21, 14], "uv_size": [0.25, 0.25]},
								"south": {"uv": [15, 21], "uv_size": [0.25, 0.25]},
								"west": {"uv": [21, 15], "uv_size": [0.25, 0.25]},
								"up": {"uv": [16, 21], "uv_size": [0.25, 0.25]},
								"down": {"uv": [21, 16.25], "uv_size": [0.25, -0.25]}
							}
						},
						{
							"origin": [0.08239, 0.59455, 0.71276],
							"size": [0.18474, 0.20998, 0.24498],
							"uv": {
								"north": {"uv": [17, 21], "uv_size": [0.25, 0.25]},
								"east": {"uv": [21, 17], "uv_size": [0.25, 0.25]},
								"south": {"uv": [18, 21], "uv_size": [0.25, 0.25]},
								"west": {"uv": [21, 18], "uv_size": [0.25, 0.25]},
								"up": {"uv": [19, 21], "uv_size": [0.25, 0.25]},
								"down": {"uv": [21, 19.25], "uv_size": [0.25, -0.25]}
							}
						},
						{
							"origin": [-0.0061, 0.76393, 0.71276],
							"size": [0.22064, 0.13377, 0.24498],
							"pivot": [0.00253, 0.47577, -1.31657],
							"rotation": [0, 0, 40],
							"uv": {
								"north": {"uv": [20, 21], "uv_size": [0.25, 0.25]},
								"east": {"uv": [21, 20], "uv_size": [0.25, 0.25]},
								"south": {"uv": [21, 21], "uv_size": [0.25, 0.25]},
								"west": {"uv": [0, 22], "uv_size": [0.25, 0.25]},
								"up": {"uv": [22, 0], "uv_size": [0.25, 0.25]},
								"down": {"uv": [1, 22.25], "uv_size": [0.25, -0.25]}
							}
						},
						{
							"origin": [-0.26449, 0.59455, 0.23458],
							"size": [0.18475, 0.20998, 0.24498],
							"uv": {
								"north": {"uv": [22, 1], "uv_size": [0.25, 0.25]},
								"east": {"uv": [2, 22], "uv_size": [0.25, 0.25]},
								"south": {"uv": [22, 2], "uv_size": [0.25, 0.25]},
								"west": {"uv": [3, 22], "uv_size": [0.25, 0.25]},
								"up": {"uv": [22, 3], "uv_size": [0.25, 0.25]},
								"down": {"uv": [4, 22.25], "uv_size": [0.25, -0.25]}
							}
						},
						{
							"origin": [-0.21133, 0.76624, 0.23458],
							"size": [0.22064, 0.13301, 0.24498],
							"pivot": [0.00253, 0.47577, -1.31657],
							"rotation": [0, 0, -40],
							"uv": {
								"north": {"uv": [22, 4], "uv_size": [0.25, 0.25]},
								"east": {"uv": [5, 22], "uv_size": [0.25, 0.25]},
								"south": {"uv": [22, 5], "uv_size": [0.25, 0.25]},
								"west": {"uv": [6, 22], "uv_size": [0.25, 0.25]},
								"up": {"uv": [22, 6], "uv_size": [0.25, 0.25]},
								"down": {"uv": [7, 22.25], "uv_size": [0.25, -0.25]}
							}
						},
						{
							"origin": [0.08239, 0.59455, 0.23458],
							"size": [0.18474, 0.20998, 0.24498],
							"uv": {
								"north": {"uv": [22, 7], "uv_size": [0.25, 0.25]},
								"east": {"uv": [8, 22], "uv_size": [0.25, 0.25]},
								"south": {"uv": [22, 8], "uv_size": [0.25, 0.25]},
								"west": {"uv": [9, 22], "uv_size": [0.25, 0.25]},
								"up": {"uv": [22, 9], "uv_size": [0.25, 0.25]},
								"down": {"uv": [10, 22.25], "uv_size": [0.25, -0.25]}
							}
						},
						{
							"origin": [-0.0061, 0.76393, 0.23458],
							"size": [0.22064, 0.13377, 0.24498],
							"pivot": [0.00253, 0.47577, -1.31657],
							"rotation": [0, 0, 40],
							"uv": {
								"north": {"uv": [22, 10], "uv_size": [0.25, 0.25]},
								"east": {"uv": [11, 22], "uv_size": [0.25, 0.25]},
								"south": {"uv": [22, 11], "uv_size": [0.25, 0.25]},
								"west": {"uv": [12, 22], "uv_size": [0.25, 0.25]},
								"up": {"uv": [22, 12], "uv_size": [0.25, 0.25]},
								"down": {"uv": [13, 22.25], "uv_size": [0.25, -0.25]}
							}
						},
						{
							"origin": [-0.26449, 0.59455, -0.24361],
							"size": [0.18475, 0.20998, 0.24499],
							"uv": {
								"north": {"uv": [22, 13], "uv_size": [0.25, 0.25]},
								"east": {"uv": [14, 22], "uv_size": [0.25, 0.25]},
								"south": {"uv": [22, 14], "uv_size": [0.25, 0.25]},
								"west": {"uv": [15, 22], "uv_size": [0.25, 0.25]},
								"up": {"uv": [22, 15], "uv_size": [0.25, 0.25]},
								"down": {"uv": [16, 22.25], "uv_size": [0.25, -0.25]}
							}
						},
						{
							"origin": [-0.21133, 0.76624, -0.24361],
							"size": [0.22064, 0.13301, 0.24499],
							"pivot": [0.00253, 0.47577, -1.31657],
							"rotation": [0, 0, -40],
							"uv": {
								"north": {"uv": [22, 16], "uv_size": [0.25, 0.25]},
								"east": {"uv": [17, 22], "uv_size": [0.25, 0.25]},
								"south": {"uv": [22, 17], "uv_size": [0.25, 0.25]},
								"west": {"uv": [18, 22], "uv_size": [0.25, 0.25]},
								"up": {"uv": [22, 18], "uv_size": [0.25, 0.25]},
								"down": {"uv": [19, 22.25], "uv_size": [0.25, -0.25]}
							}
						},
						{
							"origin": [0.08239, 0.59455, -0.24361],
							"size": [0.18474, 0.20998, 0.24499],
							"uv": {
								"north": {"uv": [22, 19], "uv_size": [0.25, 0.25]},
								"east": {"uv": [20, 22], "uv_size": [0.25, 0.25]},
								"south": {"uv": [22, 20], "uv_size": [0.25, 0.25]},
								"west": {"uv": [21, 22], "uv_size": [0.25, 0.25]},
								"up": {"uv": [22, 21], "uv_size": [0.25, 0.25]},
								"down": {"uv": [22, 22.25], "uv_size": [0.25, -0.25]}
							}
						},
						{
							"origin": [-0.0061, 0.76393, -0.24361],
							"size": [0.22064, 0.13377, 0.24499],
							"pivot": [0.00253, 0.47577, -1.31657],
							"rotation": [0, 0, 40],
							"uv": {
								"north": {"uv": [0, 23], "uv_size": [0.25, 0.25]},
								"east": {"uv": [23, 0], "uv_size": [0.25, 0.25]},
								"south": {"uv": [1, 23], "uv_size": [0.25, 0.25]},
								"west": {"uv": [23, 1], "uv_size": [0.25, 0.25]},
								"up": {"uv": [2, 23], "uv_size": [0.25, 0.25]},
								"down": {"uv": [23, 2.25], "uv_size": [0.25, -0.25]}
							}
						},
						{
							"origin": [-0.26449, 0.59455, -0.72179],
							"size": [0.18475, 0.20998, 0.24498],
							"uv": {
								"north": {"uv": [3, 23], "uv_size": [0.25, 0.25]},
								"east": {"uv": [23, 3], "uv_size": [0.25, 0.25]},
								"south": {"uv": [4, 23], "uv_size": [0.25, 0.25]},
								"west": {"uv": [23, 4], "uv_size": [0.25, 0.25]},
								"up": {"uv": [5, 23], "uv_size": [0.25, 0.25]},
								"down": {"uv": [23, 5.25], "uv_size": [0.25, -0.25]}
							}
						},
						{
							"origin": [-0.21133, 0.76624, -0.72179],
							"size": [0.22064, 0.13301, 0.24498],
							"pivot": [0.00253, 0.47577, -1.31657],
							"rotation": [0, 0, -40],
							"uv": {
								"north": {"uv": [6, 23], "uv_size": [0.25, 0.25]},
								"east": {"uv": [23, 6], "uv_size": [0.25, 0.25]},
								"south": {"uv": [7, 23], "uv_size": [0.25, 0.25]},
								"west": {"uv": [23, 7], "uv_size": [0.25, 0.25]},
								"up": {"uv": [8, 23], "uv_size": [0.25, 0.25]},
								"down": {"uv": [23, 8.25], "uv_size": [0.25, -0.25]}
							}
						},
						{
							"origin": [0.08239, 0.59455, -0.72179],
							"size": [0.18474, 0.20998, 0.24498],
							"uv": {
								"north": {"uv": [9, 23], "uv_size": [0.25, 0.25]},
								"east": {"uv": [23, 9], "uv_size": [0.25, 0.25]},
								"south": {"uv": [10, 23], "uv_size": [0.25, 0.25]},
								"west": {"uv": [23, 10], "uv_size": [0.25, 0.25]},
								"up": {"uv": [11, 23], "uv_size": [0.25, 0.25]},
								"down": {"uv": [23, 11.25], "uv_size": [0.25, -0.25]}
							}
						},
						{
							"origin": [-0.0061, 0.76393, -0.72179],
							"size": [0.22064, 0.13377, 0.24498],
							"pivot": [0.00253, 0.47577, -1.31657],
							"rotation": [0, 0, 40],
							"uv": {
								"north": {"uv": [12, 23], "uv_size": [0.25, 0.25]},
								"east": {"uv": [23, 12], "uv_size": [0.25, 0.25]},
								"south": {"uv": [13, 23], "uv_size": [0.25, 0.25]},
								"west": {"uv": [23, 13], "uv_size": [0.25, 0.25]},
								"up": {"uv": [14, 23], "uv_size": [0.25, 0.25]},
								"down": {"uv": [23, 14.25], "uv_size": [0.25, -0.25]}
							}
						},
						{
							"origin": [-0.26449, 0.59455, -1.19997],
							"size": [0.18475, 0.20998, 0.24498],
							"uv": {
								"north": {"uv": [15, 23], "uv_size": [0.25, 0.25]},
								"east": {"uv": [23, 15], "uv_size": [0.25, 0.25]},
								"south": {"uv": [16, 23], "uv_size": [0.25, 0.25]},
								"west": {"uv": [23, 16], "uv_size": [0.25, 0.25]},
								"up": {"uv": [17, 23], "uv_size": [0.25, 0.25]},
								"down": {"uv": [23, 17.25], "uv_size": [0.25, -0.25]}
							}
						},
						{
							"origin": [-0.21133, 0.76624, -1.19997],
							"size": [0.22064, 0.13301, 0.24498],
							"pivot": [0.00253, 0.47577, -1.31657],
							"rotation": [0, 0, -40],
							"uv": {
								"north": {"uv": [18, 23], "uv_size": [0.25, 0.25]},
								"east": {"uv": [23, 18], "uv_size": [0.25, 0.25]},
								"south": {"uv": [19, 23], "uv_size": [0.25, 0.25]},
								"west": {"uv": [23, 19], "uv_size": [0.25, 0.25]},
								"up": {"uv": [20, 23], "uv_size": [0.25, 0.25]},
								"down": {"uv": [23, 20.25], "uv_size": [0.25, -0.25]}
							}
						},
						{
							"origin": [0.08239, 0.59455, -1.19997],
							"size": [0.18474, 0.20998, 0.24498],
							"uv": {
								"north": {"uv": [21, 23], "uv_size": [0.25, 0.25]},
								"east": {"uv": [23, 21], "uv_size": [0.25, 0.25]},
								"south": {"uv": [22, 23], "uv_size": [0.25, 0.25]},
								"west": {"uv": [23, 22], "uv_size": [0.25, 0.25]},
								"up": {"uv": [23, 23], "uv_size": [0.25, 0.25]},
								"down": {"uv": [0, 24.25], "uv_size": [0.25, -0.25]}
							}
						},
						{
							"origin": [-0.0061, 0.76393, -1.19997],
							"size": [0.22064, 0.13377, 0.24498],
							"pivot": [0.00253, 0.47577, -1.31657],
							"rotation": [0, 0, 40],
							"uv": {
								"north": {"uv": [24, 0], "uv_size": [0.25, 0.25]},
								"east": {"uv": [1, 24], "uv_size": [0.25, 0.25]},
								"south": {"uv": [24, 1], "uv_size": [0.25, 0.25]},
								"west": {"uv": [2, 24], "uv_size": [0.25, 0.25]},
								"up": {"uv": [24, 2], "uv_size": [0.25, 0.25]},
								"down": {"uv": [3, 24.25], "uv_size": [0.25, -0.25]}
							}
						},
						{
							"origin": [-0.0061, 0.76393, -2.4155],
							"size": [0.22064, 0.13377, 0.24498],
							"pivot": [0.00253, 0.47577, 1.08843],
							"rotation": [0, 0, 40],
							"uv": {
								"north": {"uv": [24, 3], "uv_size": [0.25, 0.25]},
								"east": {"uv": [4, 24], "uv_size": [0.25, 0.25]},
								"south": {"uv": [24, 4], "uv_size": [0.25, 0.25]},
								"west": {"uv": [5, 24], "uv_size": [0.25, 0.25]},
								"up": {"uv": [24, 5], "uv_size": [0.25, 0.25]},
								"down": {"uv": [6, 24.25], "uv_size": [0.25, -0.25]}
							}
						},
						{
							"origin": [0.08239, 0.59455, -2.4155],
							"size": [0.18474, 0.20998, 0.24498],
							"uv": {
								"north": {"uv": [24, 6], "uv_size": [0.25, 0.25]},
								"east": {"uv": [7, 24], "uv_size": [0.25, 0.25]},
								"south": {"uv": [24, 7], "uv_size": [0.25, 0.25]},
								"west": {"uv": [8, 24], "uv_size": [0.25, 0.25]},
								"up": {"uv": [24, 8], "uv_size": [0.25, 0.25]},
								"down": {"uv": [9, 24.25], "uv_size": [0.25, -0.25]}
							}
						},
						{
							"origin": [-0.26449, 0.59455, -2.4155],
							"size": [0.18475, 0.20998, 0.24498],
							"uv": {
								"north": {"uv": [24, 9], "uv_size": [0.25, 0.25]},
								"east": {"uv": [10, 24], "uv_size": [0.25, 0.25]},
								"south": {"uv": [24, 10], "uv_size": [0.25, 0.25]},
								"west": {"uv": [11, 24], "uv_size": [0.25, 0.25]},
								"up": {"uv": [24, 11], "uv_size": [0.25, 0.25]},
								"down": {"uv": [12, 24.25], "uv_size": [0.25, -0.25]}
							}
						},
						{
							"origin": [-0.21133, 0.76624, -2.4155],
							"size": [0.22064, 0.13301, 0.24498],
							"pivot": [0.00253, 0.47577, 1.08843],
							"rotation": [0, 0, -40],
							"uv": {
								"north": {"uv": [24, 12], "uv_size": [0.25, 0.25]},
								"east": {"uv": [13, 24], "uv_size": [0.25, 0.25]},
								"south": {"uv": [24, 13], "uv_size": [0.25, 0.25]},
								"west": {"uv": [14, 24], "uv_size": [0.25, 0.25]},
								"up": {"uv": [24, 14], "uv_size": [0.25, 0.25]},
								"down": {"uv": [15, 24.25], "uv_size": [0.25, -0.25]}
							}
						},
						{
							"origin": [-0.4335, 0.62771, -2.41641],
							"size": [0.86965, 0.035, 4.60377],
							"uv": {
								"north": {"uv": [2, 18], "uv_size": [0.75, 0.25]},
								"east": {"uv": [9, 1], "uv_size": [4.5, 0.25]},
								"south": {"uv": [3, 18], "uv_size": [0.75, 0.25]},
								"west": {"uv": [9, 2], "uv_size": [4.5, 0.25]},
								"up": {"uv": [2, 4], "uv_size": [0.75, 4.5]},
								"down": {"uv": [3, 8.5], "uv_size": [0.75, -4.5]}
							}
						},
						{
							"origin": [-0.21133, 0.76624, -1.67816],
							"size": [0.22064, 0.13301, 0.24499],
							"pivot": [0.00253, 0.47577, -1.31657],
							"rotation": [0, 0, -40],
							"uv": {
								"north": {"uv": [24, 15], "uv_size": [0.25, 0.25]},
								"east": {"uv": [16, 24], "uv_size": [0.25, 0.25]},
								"south": {"uv": [24, 16], "uv_size": [0.25, 0.25]},
								"west": {"uv": [17, 24], "uv_size": [0.25, 0.25]},
								"up": {"uv": [24, 17], "uv_size": [0.25, 0.25]},
								"down": {"uv": [18, 24.25], "uv_size": [0.25, -0.25]}
							}
						},
						{
							"origin": [-0.26449, 0.59455, -1.67816],
							"size": [0.18475, 0.20998, 0.24499],
							"uv": {
								"north": {"uv": [24, 18], "uv_size": [0.25, 0.25]},
								"east": {"uv": [19, 24], "uv_size": [0.25, 0.25]},
								"south": {"uv": [24, 19], "uv_size": [0.25, 0.25]},
								"west": {"uv": [20, 24], "uv_size": [0.25, 0.25]},
								"up": {"uv": [24, 20], "uv_size": [0.25, 0.25]},
								"down": {"uv": [21, 24.25], "uv_size": [0.25, -0.25]}
							}
						},
						{
							"origin": [0.08239, 0.59455, -1.67816],
							"size": [0.18474, 0.20998, 0.24499],
							"uv": {
								"north": {"uv": [24, 21], "uv_size": [0.25, 0.25]},
								"east": {"uv": [22, 24], "uv_size": [0.25, 0.25]},
								"south": {"uv": [24, 22], "uv_size": [0.25, 0.25]},
								"west": {"uv": [23, 24], "uv_size": [0.25, 0.25]},
								"up": {"uv": [24, 23], "uv_size": [0.25, 0.25]},
								"down": {"uv": [24, 24.25], "uv_size": [0.25, -0.25]}
							}
						},
						{
							"origin": [-0.0061, 0.76393, -1.67816],
							"size": [0.22064, 0.13377, 0.24499],
							"pivot": [0.00253, 0.47577, -1.31657],
							"rotation": [0, 0, 40],
							"uv": {
								"north": {"uv": [0, 25], "uv_size": [0.25, 0.25]},
								"east": {"uv": [25, 0], "uv_size": [0.25, 0.25]},
								"south": {"uv": [1, 25], "uv_size": [0.25, 0.25]},
								"west": {"uv": [25, 1], "uv_size": [0.25, 0.25]},
								"up": {"uv": [2, 25], "uv_size": [0.25, 0.25]},
								"down": {"uv": [25, 2.25], "uv_size": [0.25, -0.25]}
							}
						},
						{
							"origin": [0.59025, 0.56271, -0.53141],
							"size": [0.15465, 0.815, 2.32877],
							"uv": {
								"north": {"uv": [18, 4], "uv_size": [0.25, 0.75]},
								"east": {"uv": [5, 1], "uv_size": [2.25, 0.75]},
								"south": {"uv": [5, 18], "uv_size": [0.25, 0.75]},
								"west": {"uv": [5, 2], "uv_size": [2.25, 0.75]},
								"up": {"uv": [4, 12], "uv_size": [0.25, 2.25]},
								"down": {"uv": [12, 14.25], "uv_size": [0.25, -2.25]}
							}
						},
						{
							"origin": [-0.726, 0.56271, -0.53141],
							"size": [0.15465, 0.815, 2.32877],
							"uv": {
								"north": {"uv": [18, 5], "uv_size": [0.25, 0.75]},
								"east": {"uv": [5, 3], "uv_size": [2.25, 0.75]},
								"south": {"uv": [18, 6], "uv_size": [0.25, 0.75]},
								"west": {"uv": [4, 6], "uv_size": [2.25, 0.75]},
								"up": {"uv": [13, 3], "uv_size": [0.25, 2.25]},
								"down": {"uv": [5, 15.25], "uv_size": [0.25, -2.25]}
							}
						},
						{
							"origin": [-0.5635, 0.69271, -0.14141],
							"size": [1.12965, 0.555, 1.93877],
							"uv": {
								"north": {"uv": [8, 11], "uv_size": [1.25, 0.5]},
								"east": {"uv": [2, 9], "uv_size": [2, 0.5]},
								"south": {"uv": [10, 11], "uv_size": [1.25, 0.5]},
								"west": {"uv": [9, 3], "uv_size": [2, 0.5]},
								"up": {"uv": [3, 1], "uv_size": [1.25, 2]},
								"down": {"uv": [4, 6], "uv_size": [1.25, -2]}
							}
						},
						{
							"origin": [-0.5635, 0.61132, 1.60996],
							"size": [1.12965, 0.61999, 0.24876],
							"pivot": [0.00132, 0.88882, 1.73434],
							"rotation": [10, 0, 0],
							"uv": {
								"north": {"uv": [8, 12], "uv_size": [1.25, 0.5]},
								"east": {"uv": [18, 8], "uv_size": [0.25, 0.5]},
								"south": {"uv": [12, 8], "uv_size": [1.25, 0.5]},
								"west": {"uv": [9, 18], "uv_size": [0.25, 0.5]},
								"up": {"uv": [17, 2], "uv_size": [1.25, 0.25]},
								"down": {"uv": [17, 3.25], "uv_size": [1.25, -0.25]}
							}
						},
						{
							"origin": [0.59025, 1.36583, 0.26074],
							"size": [0.15465, 0.555, 1.365],
							"uv": {
								"north": {"uv": [18, 9], "uv_size": [0.25, 0.5]},
								"east": {"uv": [12, 9], "uv_size": [1.25, 0.5]},
								"south": {"uv": [10, 18], "uv_size": [0.25, 0.5]},
								"west": {"uv": [10, 12], "uv_size": [1.25, 0.5]},
								"up": {"uv": [4, 17], "uv_size": [0.25, 1.25]},
								"down": {"uv": [17, 5.25], "uv_size": [0.25, -1.25]}
							}
						},
						{
							"origin": [-0.65539, 1.8498, -0.63802],
							"size": [0.15465, 0.3275, 2.26376],
							"pivot": [-0.57806, 1.9973, 0.91636],
							"rotation": [0, 0, 35],
							"uv": {
								"north": {"uv": [3, 25], "uv_size": [0.25, 0.25]},
								"east": {"uv": [13, 0], "uv_size": [2.25, 0.25]},
								"south": {"uv": [25, 3], "uv_size": [0.25, 0.25]},
								"west": {"uv": [6, 13], "uv_size": [2.25, 0.25]},
								"up": {"uv": [9, 13], "uv_size": [0.25, 2.25]},
								"down": {"uv": [10, 15.25], "uv_size": [0.25, -2.25]}
							}
						},
						{
							"origin": [0.51031, 1.84687, -0.63802],
							"size": [0.15465, 0.32749, 2.26376],
							"pivot": [0.58763, 2.01061, 0.49386],
							"rotation": [0, 0, -35],
							"uv": {
								"north": {"uv": [4, 25], "uv_size": [0.25, 0.25]},
								"east": {"uv": [13, 6], "uv_size": [2.25, 0.25]},
								"south": {"uv": [25, 4], "uv_size": [0.25, 0.25]},
								"west": {"uv": [13, 7], "uv_size": [2.25, 0.25]},
								"up": {"uv": [11, 13], "uv_size": [0.25, 2.25]},
								"down": {"uv": [13, 14.25], "uv_size": [0.25, -2.25]}
							}
						},
						{
							"origin": [-0.42651, 2.03812, -0.63802],
							"size": [0.87191, 0.1, 2.26376],
							"uv": {
								"north": {"uv": [18, 7], "uv_size": [0.75, 0.25]},
								"east": {"uv": [0, 14], "uv_size": [2.25, 0.25]},
								"south": {"uv": [8, 18], "uv_size": [0.75, 0.25]},
								"west": {"uv": [14, 1], "uv_size": [2.25, 0.25]},
								"up": {"uv": [4, 7], "uv_size": [0.75, 2.25]},
								"down": {"uv": [7, 6.25], "uv_size": [0.75, -2.25]}
							}
						},
						{
							"origin": [-0.726, 1.29112, -0.59988],
							"size": [0.15465, 0.555, 0.37876],
							"pivot": [-0.09618, 1.66612, -0.508],
							"rotation": [13, 0, 0],
							"uv": {
								"north": {"uv": [18, 10], "uv_size": [0.25, 0.5]},
								"east": {"uv": [17, 7], "uv_size": [0.5, 0.5]},
								"south": {"uv": [11, 18], "uv_size": [0.25, 0.5]},
								"west": {"uv": [8, 17], "uv_size": [0.5, 0.5]},
								"up": {"uv": [18, 11], "uv_size": [0.25, 0.5]},
								"down": {"uv": [12, 18.5], "uv_size": [0.25, -0.5]}
							}
						},
						{
							"origin": [0.59025, 1.29112, -0.59988],
							"size": [0.15465, 0.555, 0.37876],
							"pivot": [0.11507, 1.66612, -0.508],
							"rotation": [13, 0, 0],
							"uv": {
								"north": {"uv": [18, 12], "uv_size": [0.25, 0.5]},
								"east": {"uv": [17, 8], "uv_size": [0.5, 0.5]},
								"south": {"uv": [13, 18], "uv_size": [0.25, 0.5]},
								"west": {"uv": [9, 17], "uv_size": [0.5, 0.5]},
								"up": {"uv": [18, 13], "uv_size": [0.25, 0.5]},
								"down": {"uv": [14, 18.5], "uv_size": [0.25, -0.5]}
							}
						},
						{
							"origin": [-0.4335, 0.69271, -1.89641],
							"size": [0.86965, 0.425, 1.74377],
							"uv": {
								"north": {"uv": [9, 16], "uv_size": [0.75, 0.5]},
								"east": {"uv": [11, 3], "uv_size": [1.75, 0.5]},
								"south": {"uv": [16, 9], "uv_size": [0.75, 0.5]},
								"west": {"uv": [11, 7], "uv_size": [1.75, 0.5]},
								"up": {"uv": [6, 4], "uv_size": [0.75, 1.75]},
								"down": {"uv": [5, 8.75], "uv_size": [0.75, -1.75]}
							}
						},
						{
							"origin": [0.0865, 1.01771, -1.89641],
							"size": [0.21965, 0.23, 1.74377],
							"uv": {
								"north": {"uv": [5, 25], "uv_size": [0.25, 0.25]},
								"east": {"uv": [14, 8], "uv_size": [1.75, 0.25]},
								"south": {"uv": [25, 5], "uv_size": [0.25, 0.25]},
								"west": {"uv": [14, 9], "uv_size": [1.75, 0.25]},
								"up": {"uv": [14, 10], "uv_size": [0.25, 1.75]},
								"down": {"uv": [14, 13.75], "uv_size": [0.25, -1.75]}
							}
						},
						{
							"origin": [-0.40339, 1.04501, -1.89641],
							"size": [0.18385, 0.23, 1.74377],
							"pivot": [-0.22857, 1.16001, -1.02453],
							"rotation": [0, 0, -45],
							"uv": {
								"north": {"uv": [6, 25], "uv_size": [0.25, 0.25]},
								"east": {"uv": [14, 14], "uv_size": [1.75, 0.25]},
								"south": {"uv": [25, 6], "uv_size": [0.25, 0.25]},
								"west": {"uv": [0, 15], "uv_size": [1.75, 0.25]},
								"up": {"uv": [2, 15], "uv_size": [0.25, 1.75]},
								"down": {"uv": [4, 16.75], "uv_size": [0.25, -1.75]}
							}
						},
						{
							"origin": [0.22219, 1.04501, -1.89641],
							"size": [0.18384, 0.23, 1.74377],
							"pivot": [0.23121, 1.16001, -1.02453],
							"rotation": [0, 0, 45],
							"uv": {
								"north": {"uv": [7, 25], "uv_size": [0.25, 0.25]},
								"east": {"uv": [15, 10], "uv_size": [1.75, 0.25]},
								"south": {"uv": [25, 7], "uv_size": [0.25, 0.25]},
								"west": {"uv": [15, 11], "uv_size": [1.75, 0.25]},
								"up": {"uv": [12, 15], "uv_size": [0.25, 1.75]},
								"down": {"uv": [15, 13.75], "uv_size": [0.25, -1.75]}
							}
						},
						{
							"origin": [-0.3035, 0.94965, -2.03964],
							"size": [0.21965, 0.22999, 0.23436],
							"pivot": [0.00132, 1.06464, -1.96216],
							"rotation": [34, 0, 0],
							"uv": {
								"north": {"uv": [8, 25], "uv_size": [0.25, 0.25]},
								"east": {"uv": [25, 8], "uv_size": [0.25, 0.25]},
								"south": {"uv": [9, 25], "uv_size": [0.25, 0.25]},
								"west": {"uv": [25, 9], "uv_size": [0.25, 0.25]},
								"up": {"uv": [10, 25], "uv_size": [0.25, 0.25]},
								"down": {"uv": [25, 10.25], "uv_size": [0.25, -0.25]}
							}
						},
						{
							"origin": [-0.3035, 1.01771, -1.89641],
							"size": [0.21965, 0.23, 1.74377],
							"uv": {
								"north": {"uv": [11, 25], "uv_size": [0.25, 0.25]},
								"east": {"uv": [13, 15], "uv_size": [1.75, 0.25]},
								"south": {"uv": [25, 11], "uv_size": [0.25, 0.25]},
								"west": {"uv": [15, 15], "uv_size": [1.75, 0.25]},
								"up": {"uv": [0, 16], "uv_size": [0.25, 1.75]},
								"down": {"uv": [1, 17.75], "uv_size": [0.25, -1.75]}
							}
						},
						{
							"origin": [-0.1085, 1.01771, -1.89641],
							"size": [0.21965, 0.2015, 1.74377],
							"uv": {
								"north": {"uv": [12, 25], "uv_size": [0.25, 0.25]},
								"east": {"uv": [16, 0], "uv_size": [1.75, 0.25]},
								"south": {"uv": [25, 12], "uv_size": [0.25, 0.25]},
								"west": {"uv": [16, 6], "uv_size": [1.75, 0.25]},
								"up": {"uv": [5, 16], "uv_size": [0.25, 1.75]},
								"down": {"uv": [16, 8.75], "uv_size": [0.25, -1.75]}
							}
						},
						{
							"origin": [0.0865, 0.94965, -2.03964],
							"size": [0.21965, 0.22999, 0.23436],
							"pivot": [0.39132, 1.06464, -1.96216],
							"rotation": [34, 0, 0],
							"uv": {
								"north": {"uv": [13, 25], "uv_size": [0.25, 0.25]},
								"east": {"uv": [25, 13], "uv_size": [0.25, 0.25]},
								"south": {"uv": [14, 25], "uv_size": [0.25, 0.25]},
								"west": {"uv": [25, 14], "uv_size": [0.25, 0.25]},
								"up": {"uv": [15, 25], "uv_size": [0.25, 0.25]},
								"down": {"uv": [25, 15.25], "uv_size": [0.25, -0.25]}
							}
						},
						{
							"origin": [-0.1085, 0.54739, -1.87477],
							"size": [0.21965, 0.2015, 0.18376],
							"pivot": [0.00132, 0.64814, -2.56289],
							"rotation": [34, 0, 0],
							"uv": {
								"north": {"uv": [16, 25], "uv_size": [0.25, 0.25]},
								"east": {"uv": [25, 16], "uv_size": [0.25, 0.25]},
								"south": {"uv": [17, 25], "uv_size": [0.25, 0.25]},
								"west": {"uv": [25, 17], "uv_size": [0.25, 0.25]},
								"up": {"uv": [18, 25], "uv_size": [0.25, 0.25]},
								"down": {"uv": [25, 18.25], "uv_size": [0.25, -0.25]}
							}
						},
						{
							"origin": [-0.4335, 0.69271, -2.09141],
							"size": [0.34965, 0.425, 0.24877],
							"uv": {
								"north": {"uv": [18, 14], "uv_size": [0.25, 0.5]},
								"east": {"uv": [15, 18], "uv_size": [0.25, 0.5]},
								"south": {"uv": [18, 15], "uv_size": [0.25, 0.5]},
								"west": {"uv": [16, 18], "uv_size": [0.25, 0.5]},
								"up": {"uv": [19, 25], "uv_size": [0.25, 0.25]},
								"down": {"uv": [25, 19.25], "uv_size": [0.25, -0.25]}
							}
						},
						{
							"origin": [0.0865, 0.69271, -2.09141],
							"size": [0.34965, 0.425, 0.24877],
							"uv": {
								"north": {"uv": [18, 16], "uv_size": [0.25, 0.5]},
								"east": {"uv": [17, 18], "uv_size": [0.25, 0.5]},
								"south": {"uv": [18, 17], "uv_size": [0.25, 0.5]},
								"west": {"uv": [18, 18], "uv_size": [0.25, 0.5]},
								"up": {"uv": [20, 25], "uv_size": [0.25, 0.25]},
								"down": {"uv": [25, 20.25], "uv_size": [0.25, -0.25]}
							}
						},
						{
							"origin": [-0.1085, 0.65495, -2.04876],
							"size": [0.21965, 0.4615, 0.18377],
							"uv": {
								"north": {"uv": [0, 19], "uv_size": [0.25, 0.5]},
								"east": {"uv": [19, 0], "uv_size": [0.25, 0.5]},
								"south": {"uv": [1, 19], "uv_size": [0.25, 0.5]},
								"west": {"uv": [19, 1], "uv_size": [0.25, 0.5]},
								"up": {"uv": [21, 25], "uv_size": [0.25, 0.25]},
								"down": {"uv": [25, 21.25], "uv_size": [0.25, -0.25]}
							}
						},
						{
							"origin": [0.59025, 1.82083, -0.63802],
							"size": [0.15465, 0.1, 0.89876],
							"uv": {
								"north": {"uv": [25, 29], "uv_size": [0.25, 0.25]},
								"east": {"uv": [17, 9], "uv_size": [1, 0.25]},
								"south": {"uv": [29, 25], "uv_size": [0.25, 0.25]},
								"west": {"uv": [10, 17], "uv_size": [1, 0.25]},
								"up": {"uv": [17, 10], "uv_size": [0.25, 1]},
								"down": {"uv": [11, 18], "uv_size": [0.25, -1]}
							}
						},
						{
							"origin": [-0.726, 1.82083, -0.63802],
							"size": [0.15465, 0.1, 0.89876],
							"uv": {
								"north": {"uv": [26, 29], "uv_size": [0.25, 0.25]},
								"east": {"uv": [17, 11], "uv_size": [1, 0.25]},
								"south": {"uv": [29, 26], "uv_size": [0.25, 0.25]},
								"west": {"uv": [12, 17], "uv_size": [1, 0.25]},
								"up": {"uv": [13, 17], "uv_size": [0.25, 1]},
								"down": {"uv": [14, 18], "uv_size": [0.25, -1]}
							}
						},
						{
							"origin": [-0.726, 1.29112, -0.07988],
							"size": [0.15465, 0.555, 0.11876],
							"pivot": [-0.09618, 1.66612, -0.053],
							"rotation": [13, 0, 0],
							"uv": {
								"north": {"uv": [8, 19], "uv_size": [0.25, 0.5]},
								"east": {"uv": [19, 8], "uv_size": [0.25, 0.5]},
								"south": {"uv": [9, 19], "uv_size": [0.25, 0.5]},
								"west": {"uv": [19, 9], "uv_size": [0.25, 0.5]},
								"up": {"uv": [27, 29], "uv_size": [0.25, 0.25]},
								"down": {"uv": [29, 27.25], "uv_size": [0.25, -0.25]}
							}
						},
						{
							"origin": [0.59025, 1.29112, -0.07988],
							"size": [0.15465, 0.555, 0.11876],
							"pivot": [0.11507, 1.66612, -0.053],
							"rotation": [13, 0, 0],
							"uv": {
								"north": {"uv": [10, 19], "uv_size": [0.25, 0.5]},
								"east": {"uv": [19, 10], "uv_size": [0.25, 0.5]},
								"south": {"uv": [11, 19], "uv_size": [0.25, 0.5]},
								"west": {"uv": [19, 11], "uv_size": [0.25, 0.5]},
								"up": {"uv": [28, 29], "uv_size": [0.25, 0.25]},
								"down": {"uv": [29, 28.25], "uv_size": [0.25, -0.25]}
							}
						},
						{
							"origin": [-0.726, 1.29112, 0.18012],
							"size": [0.15465, 0.555, 0.11876],
							"pivot": [-0.09618, 1.66612, 0.207],
							"rotation": [13, 0, 0],
							"uv": {
								"north": {"uv": [12, 19], "uv_size": [0.25, 0.5]},
								"east": {"uv": [19, 12], "uv_size": [0.25, 0.5]},
								"south": {"uv": [13, 19], "uv_size": [0.25, 0.5]},
								"west": {"uv": [19, 13], "uv_size": [0.25, 0.5]},
								"up": {"uv": [29, 29], "uv_size": [0.25, 0.25]},
								"down": {"uv": [0, 30.25], "uv_size": [0.25, -0.25]}
							}
						},
						{
							"origin": [0.59025, 1.29112, 0.18012],
							"size": [0.15465, 0.555, 0.11876],
							"pivot": [0.11507, 1.66612, 0.207],
							"rotation": [13, 0, 0],
							"uv": {
								"north": {"uv": [14, 19], "uv_size": [0.25, 0.5]},
								"east": {"uv": [19, 14], "uv_size": [0.25, 0.5]},
								"south": {"uv": [15, 19], "uv_size": [0.25, 0.5]},
								"west": {"uv": [19, 15], "uv_size": [0.25, 0.5]},
								"up": {"uv": [30, 0], "uv_size": [0.25, 0.25]},
								"down": {"uv": [1, 30.25], "uv_size": [0.25, -0.25]}
							}
						},
						{
							"origin": [-0.51448, 1.90919, -0.63802],
							"size": [0.08965, 0.16499, 2.26376],
							"pivot": [-0.43716, 2.05669, 0.49386],
							"rotation": [0, 0, 115],
							"uv": {
								"north": {"uv": [30, 1], "uv_size": [0.25, 0.25]},
								"east": {"uv": [14, 2], "uv_size": [2.25, 0.25]},
								"south": {"uv": [2, 30], "uv_size": [0.25, 0.25]},
								"west": {"uv": [14, 3], "uv_size": [2.25, 0.25]},
								"up": {"uv": [3, 14], "uv_size": [0.25, 2.25]},
								"down": {"uv": [6, 16.25], "uv_size": [0.25, -2.25]}
							}
						},
						{
							"origin": [0.44373, 1.90919, -0.63802],
							"size": [0.08965, 0.16499, 2.26376],
							"pivot": [0.45605, 2.05669, 0.49386],
							"rotation": [0, 0, -115],
							"uv": {
								"north": {"uv": [30, 2], "uv_size": [0.25, 0.25]},
								"east": {"uv": [14, 4], "uv_size": [2.25, 0.25]},
								"south": {"uv": [3, 30], "uv_size": [0.25, 0.25]},
								"west": {"uv": [14, 5], "uv_size": [2.25, 0.25]},
								"up": {"uv": [7, 14], "uv_size": [0.25, 2.25]},
								"down": {"uv": [8, 16.25], "uv_size": [0.25, -2.25]}
							}
						},
						{
							"origin": [-0.4985, 0.56271, -1.96141],
							"size": [0.21965, 0.36, 3.75877],
							"uv": {
								"north": {"uv": [30, 3], "uv_size": [0.25, 0.25]},
								"east": {"uv": [9, 4], "uv_size": [3.75, 0.25]},
								"south": {"uv": [4, 30], "uv_size": [0.25, 0.25]},
								"west": {"uv": [9, 5], "uv_size": [3.75, 0.25]},
								"up": {"uv": [5, 9], "uv_size": [0.25, 3.75]},
								"down": {"uv": [7, 12.75], "uv_size": [0.25, -3.75]}
							}
						},
						{
							"origin": [0.2815, 0.56271, -1.96141],
							"size": [0.21965, 0.36, 3.75877],
							"uv": {
								"north": {"uv": [30, 4], "uv_size": [0.25, 0.25]},
								"east": {"uv": [8, 9], "uv_size": [3.75, 0.25]},
								"south": {"uv": [5, 30], "uv_size": [0.25, 0.25]},
								"west": {"uv": [8, 10], "uv_size": [3.75, 0.25]},
								"up": {"uv": [2, 10], "uv_size": [0.25, 3.75]},
								"down": {"uv": [3, 13.75], "uv_size": [0.25, -3.75]}
							}
						},
						{
							"origin": [-0.7585, 0.62771, -0.20641],
							"size": [1.51965, 0.195, 0.195],
							"pivot": [0.00132, 0.72521, -0.10891],
							"rotation": [-30, 0, 0],
							"uv": {
								"north": {"uv": [10, 16], "uv_size": [1.5, 0.25]},
								"east": {"uv": [30, 5], "uv_size": [0.25, 0.25]},
								"south": {"uv": [16, 12], "uv_size": [1.5, 0.25]},
								"west": {"uv": [6, 30], "uv_size": [0.25, 0.25]},
								"up": {"uv": [13, 16], "uv_size": [1.5, 0.25]},
								"down": {"uv": [16, 13.25], "uv_size": [1.5, -0.25]}
							}
						},
						{
							"origin": [-0.7585, 0.62771, 0.96359],
							"size": [1.51965, 0.195, 0.195],
							"pivot": [0.00132, 0.72521, 1.06109],
							"rotation": [-30, 0, 0],
							"uv": {
								"north": {"uv": [16, 14], "uv_size": [1.5, 0.25]},
								"east": {"uv": [30, 6], "uv_size": [0.25, 0.25]},
								"south": {"uv": [15, 16], "uv_size": [1.5, 0.25]},
								"west": {"uv": [7, 30], "uv_size": [0.25, 0.25]},
								"up": {"uv": [17, 1], "uv_size": [1.5, 0.25]},
								"down": {"uv": [2, 17.25], "uv_size": [1.5, -0.25]}
							}
						},
						{
							"origin": [-0.726, 1.25455, 1.53272],
							"size": [0.15465, 0.36, 0.18376],
							"pivot": [-0.09618, 1.46705, 1.5271],
							"rotation": [30, 0, 0],
							"uv": {
								"north": {"uv": [30, 7], "uv_size": [0.25, 0.25]},
								"east": {"uv": [8, 30], "uv_size": [0.25, 0.25]},
								"south": {"uv": [30, 8], "uv_size": [0.25, 0.25]},
								"west": {"uv": [9, 30], "uv_size": [0.25, 0.25]},
								"up": {"uv": [30, 9], "uv_size": [0.25, 0.25]},
								"down": {"uv": [10, 30.25], "uv_size": [0.25, -0.25]}
							}
						},
						{
							"origin": [0.59025, 1.25455, 1.53272],
							"size": [0.15465, 0.36, 0.18376],
							"pivot": [0.11507, 1.46705, 1.5271],
							"rotation": [30, 0, 0],
							"uv": {
								"north": {"uv": [30, 10], "uv_size": [0.25, 0.25]},
								"east": {"uv": [11, 30], "uv_size": [0.25, 0.25]},
								"south": {"uv": [30, 11], "uv_size": [0.25, 0.25]},
								"west": {"uv": [12, 30], "uv_size": [0.25, 0.25]},
								"up": {"uv": [30, 12], "uv_size": [0.25, 0.25]},
								"down": {"uv": [13, 30.25], "uv_size": [0.25, -0.25]}
							}
						},
						{
							"origin": [0.2165, 0.80632, 1.80496],
							"size": [0.21965, 0.22999, 0.11876],
							"pivot": [0.00132, 0.88882, 1.73434],
							"rotation": [10, 0, 0],
							"uv": {
								"north": {"uv": [30, 13], "uv_size": [0.25, 0.25]},
								"east": {"uv": [14, 30], "uv_size": [0.25, 0.25]},
								"south": {"uv": [30, 14], "uv_size": [0.25, 0.25]},
								"west": {"uv": [15, 30], "uv_size": [0.25, 0.25]},
								"up": {"uv": [30, 15], "uv_size": [0.25, 0.25]},
								"down": {"uv": [16, 30.25], "uv_size": [0.25, -0.25]}
							}
						},
						{
							"origin": [-0.4335, 0.80632, 1.80496],
							"size": [0.21965, 0.22999, 0.11876],
							"pivot": [-0.64868, 0.88882, 1.73434],
							"rotation": [10, 0, 0],
							"uv": {
								"north": {"uv": [30, 16], "uv_size": [0.25, 0.25]},
								"east": {"uv": [17, 30], "uv_size": [0.25, 0.25]},
								"south": {"uv": [30, 17], "uv_size": [0.25, 0.25]},
								"west": {"uv": [18, 30], "uv_size": [0.25, 0.25]},
								"up": {"uv": [30, 18], "uv_size": [0.25, 0.25]},
								"down": {"uv": [19, 30.25], "uv_size": [0.25, -0.25]}
							}
						},
						{
							"origin": [-0.1085, 0.93632, 1.80496],
							"size": [0.21965, 0.22999, 0.11876],
							"pivot": [-0.32368, 1.01882, 1.73434],
							"rotation": [10, 0, 0],
							"uv": {
								"north": {"uv": [30, 19], "uv_size": [0.25, 0.25]},
								"east": {"uv": [20, 30], "uv_size": [0.25, 0.25]},
								"south": {"uv": [30, 20], "uv_size": [0.25, 0.25]},
								"west": {"uv": [21, 30], "uv_size": [0.25, 0.25]},
								"up": {"uv": [30, 21], "uv_size": [0.25, 0.25]},
								"down": {"uv": [22, 30.25], "uv_size": [0.25, -0.25]}
							}
						},
						{
							"origin": [-0.726, 1.36583, 0.26074],
							"size": [0.15465, 0.555, 1.365],
							"uv": {
								"north": {"uv": [16, 19], "uv_size": [0.25, 0.5]},
								"east": {"uv": [12, 10], "uv_size": [1.25, 0.5]},
								"south": {"uv": [19, 16], "uv_size": [0.25, 0.5]},
								"west": {"uv": [12, 11], "uv_size": [1.25, 0.5]},
								"up": {"uv": [6, 17], "uv_size": [0.25, 1.25]},
								"down": {"uv": [7, 18.25], "uv_size": [0.25, -1.25]}
							}
						}
					]
				},
				{
					"name": "logo",
					"parent": "gh552",
					"pivot": [0.71325, 1.48418, 0.90893],
					"cubes": [
						{
							"origin": [0.66793, 1.23061, 0.64123],
							"size": [0.09064, 0.22659, 0.04078],
							"pivot": [0.71325, 1.48418, 0.90893],
							"rotation": [45, 0, 0],
							"uv": {
								"north": {"uv": [22, 25], "uv_size": [0.25, 0.25]},
								"east": {"uv": [25, 22], "uv_size": [0.25, 0.25]},
								"south": {"uv": [23, 25], "uv_size": [0.25, 0.25]},
								"west": {"uv": [25, 23], "uv_size": [0.25, 0.25]},
								"up": {"uv": [24, 25], "uv_size": [0.25, 0.25]},
								"down": {"uv": [25, 24.25], "uv_size": [0.25, -0.25]}
							}
						},
						{
							"origin": [0.66793, 1.78389, 1.17625],
							"size": [0.09064, 0.02564, 0.01968],
							"uv": {
								"north": {"uv": [25, 25], "uv_size": [0.25, 0.25]},
								"east": {"uv": [0, 26], "uv_size": [0.25, 0.25]},
								"south": {"uv": [26, 0], "uv_size": [0.25, 0.25]},
								"west": {"uv": [1, 26], "uv_size": [0.25, 0.25]},
								"up": {"uv": [26, 1], "uv_size": [0.25, 0.25]},
								"down": {"uv": [2, 26.25], "uv_size": [0.25, -0.25]}
							}
						},
						{
							"origin": [0.66793, 1.86701, 0.8679],
							"size": [0.09064, 0.03625, 0.02266],
							"pivot": [0.71325, 1.48418, 0.90893],
							"rotation": [-45, 0, 0],
							"uv": {
								"north": {"uv": [26, 2], "uv_size": [0.25, 0.25]},
								"east": {"uv": [3, 26], "uv_size": [0.25, 0.25]},
								"south": {"uv": [26, 3], "uv_size": [0.25, 0.25]},
								"west": {"uv": [4, 26], "uv_size": [0.25, 0.25]},
								"up": {"uv": [26, 4], "uv_size": [0.25, 0.25]},
								"down": {"uv": [5, 26.25], "uv_size": [0.25, -0.25]}
							}
						},
						{
							"origin": [0.66793, 1.64794, 1.15061],
							"size": [0.09064, 0.13595, 0.04532],
							"uv": {
								"north": {"uv": [26, 5], "uv_size": [0.25, 0.25]},
								"east": {"uv": [6, 26], "uv_size": [0.25, 0.25]},
								"south": {"uv": [26, 6], "uv_size": [0.25, 0.25]},
								"west": {"uv": [7, 26], "uv_size": [0.25, 0.25]},
								"up": {"uv": [26, 7], "uv_size": [0.25, 0.25]},
								"down": {"uv": [8, 26.25], "uv_size": [0.25, -0.25]}
							}
						},
						{
							"origin": [0.66793, 1.71228, 0.8679],
							"size": [0.09064, 0.15473, 0.03755],
							"pivot": [0.71325, 1.48418, 0.90893],
							"rotation": [-45, 0, 0],
							"uv": {
								"north": {"uv": [26, 8], "uv_size": [0.25, 0.25]},
								"east": {"uv": [9, 26], "uv_size": [0.25, 0.25]},
								"south": {"uv": [26, 9], "uv_size": [0.25, 0.25]},
								"west": {"uv": [10, 26], "uv_size": [0.25, 0.25]},
								"up": {"uv": [26, 10], "uv_size": [0.25, 0.25]},
								"down": {"uv": [11, 26.25], "uv_size": [0.25, -0.25]}
							}
						},
						{
							"origin": [0.66793, 1.64794, 1.06775],
							"size": [0.09064, 0.04531, 0.12818],
							"uv": {
								"north": {"uv": [26, 11], "uv_size": [0.25, 0.25]},
								"east": {"uv": [12, 26], "uv_size": [0.25, 0.25]},
								"south": {"uv": [26, 12], "uv_size": [0.25, 0.25]},
								"west": {"uv": [13, 26], "uv_size": [0.25, 0.25]},
								"up": {"uv": [26, 13], "uv_size": [0.25, 0.25]},
								"down": {"uv": [14, 26.25], "uv_size": [0.25, -0.25]}
							}
						},
						{
							"origin": [0.66793, 1.7631, 0.89995],
							"size": [0.09064, 0.06797, 0.03625],
							"pivot": [0.71325, 1.48418, 0.90893],
							"rotation": [-45, 0, 0],
							"uv": {
								"north": {"uv": [26, 14], "uv_size": [0.25, 0.25]},
								"east": {"uv": [15, 26], "uv_size": [0.25, 0.25]},
								"south": {"uv": [26, 15], "uv_size": [0.25, 0.25]},
								"west": {"uv": [16, 26], "uv_size": [0.25, 0.25]},
								"up": {"uv": [26, 16], "uv_size": [0.25, 0.25]},
								"down": {"uv": [17, 26.25], "uv_size": [0.25, -0.25]}
							}
						},
						{
							"origin": [0.66793, 1.63492, 0.77177],
							"size": [0.09064, 0.06798, 0.06798],
							"pivot": [0.71325, 1.48418, 0.90893],
							"rotation": [-45, 0, 0],
							"uv": {
								"north": {"uv": [26, 17], "uv_size": [0.25, 0.25]},
								"east": {"uv": [18, 26], "uv_size": [0.25, 0.25]},
								"south": {"uv": [26, 18], "uv_size": [0.25, 0.25]},
								"west": {"uv": [19, 26], "uv_size": [0.25, 0.25]},
								"up": {"uv": [26, 19], "uv_size": [0.25, 0.25]},
								"down": {"uv": [20, 26.25], "uv_size": [0.25, -0.25]}
							}
						},
						{
							"origin": [0.66793, 1.55756, 0.73972],
							"size": [0.09064, 0.18127, 0.04532],
							"pivot": [0.71325, 1.48418, 0.90893],
							"rotation": [-45, 0, 0],
							"uv": {
								"north": {"uv": [26, 20], "uv_size": [0.25, 0.25]},
								"east": {"uv": [21, 26], "uv_size": [0.25, 0.25]},
								"south": {"uv": [26, 21], "uv_size": [0.25, 0.25]},
								"west": {"uv": [22, 26], "uv_size": [0.25, 0.25]},
								"up": {"uv": [26, 22], "uv_size": [0.25, 0.25]},
								"down": {"uv": [23, 26.25], "uv_size": [0.25, -0.25]}
							}
						},
						{
							"origin": [0.66793, 1.78389, 0.99498],
							"size": [0.09064, 0.02564, 0.01968],
							"uv": {
								"north": {"uv": [26, 23], "uv_size": [0.25, 0.25]},
								"east": {"uv": [24, 26], "uv_size": [0.25, 0.25]},
								"south": {"uv": [26, 24], "uv_size": [0.25, 0.25]},
								"west": {"uv": [25, 26], "uv_size": [0.25, 0.25]},
								"up": {"uv": [26, 25], "uv_size": [0.25, 0.25]},
								"down": {"uv": [26, 26.25], "uv_size": [0.25, -0.25]}
							}
						},
						{
							"origin": [0.66793, 1.73883, 0.73972],
							"size": [0.09064, 0.03625, 0.02266],
							"pivot": [0.71325, 1.48418, 0.90893],
							"rotation": [-45, 0, 0],
							"uv": {
								"north": {"uv": [0, 27], "uv_size": [0.25, 0.25]},
								"east": {"uv": [27, 0], "uv_size": [0.25, 0.25]},
								"south": {"uv": [1, 27], "uv_size": [0.25, 0.25]},
								"west": {"uv": [27, 1], "uv_size": [0.25, 0.25]},
								"up": {"uv": [2, 27], "uv_size": [0.25, 0.25]},
								"down": {"uv": [27, 2.25], "uv_size": [0.25, -0.25]}
							}
						},
						{
							"origin": [0.66793, 1.60262, 0.96934],
							"size": [0.09064, 0.18127, 0.04532],
							"uv": {
								"north": {"uv": [3, 27], "uv_size": [0.25, 0.25]},
								"east": {"uv": [27, 3], "uv_size": [0.25, 0.25]},
								"south": {"uv": [4, 27], "uv_size": [0.25, 0.25]},
								"west": {"uv": [27, 4], "uv_size": [0.25, 0.25]},
								"up": {"uv": [5, 27], "uv_size": [0.25, 0.25]},
								"down": {"uv": [27, 5.25], "uv_size": [0.25, -0.25]}
							}
						},
						{
							"origin": [0.66793, 1.55756, 0.73972],
							"size": [0.09064, 0.10574, 0.45318],
							"pivot": [0.71325, 1.48418, 0.90893],
							"rotation": [-45, 0, 0],
							"uv": {
								"north": {"uv": [6, 27], "uv_size": [0.25, 0.25]},
								"east": {"uv": [2, 19], "uv_size": [0.5, 0.25]},
								"south": {"uv": [27, 6], "uv_size": [0.25, 0.25]},
								"west": {"uv": [19, 2], "uv_size": [0.5, 0.25]},
								"up": {"uv": [3, 19], "uv_size": [0.25, 0.5]},
								"down": {"uv": [19, 3.5], "uv_size": [0.25, -0.5]}
							}
						},
						{
							"origin": [0.66793, 1.37097, 1.16161],
							"size": [0.09064, 0.0272, 0.08157],
							"uv": {
								"north": {"uv": [7, 27], "uv_size": [0.25, 0.25]},
								"east": {"uv": [27, 7], "uv_size": [0.25, 0.25]},
								"south": {"uv": [8, 27], "uv_size": [0.25, 0.25]},
								"west": {"uv": [27, 8], "uv_size": [0.25, 0.25]},
								"up": {"uv": [9, 27], "uv_size": [0.25, 0.25]},
								"down": {"uv": [27, 9.25], "uv_size": [0.25, -0.25]}
							}
						},
						{
							"origin": [0.66793, 1.64064, 1.1929],
							"size": [0.09064, 0.02312, 0.08652],
							"pivot": [0.71325, 1.48418, 0.90893],
							"rotation": [-45, 0, 0],
							"uv": {
								"north": {"uv": [10, 27], "uv_size": [0.25, 0.25]},
								"east": {"uv": [27, 10], "uv_size": [0.25, 0.25]},
								"south": {"uv": [11, 27], "uv_size": [0.25, 0.25]},
								"west": {"uv": [27, 11], "uv_size": [0.25, 0.25]},
								"up": {"uv": [12, 27], "uv_size": [0.25, 0.25]},
								"down": {"uv": [27, 12.25], "uv_size": [0.25, -0.25]}
							}
						},
						{
							"origin": [0.66793, 1.33526, 1.16161],
							"size": [0.09064, 0.0136, 0.13595],
							"uv": {
								"north": {"uv": [13, 27], "uv_size": [0.25, 0.25]},
								"east": {"uv": [27, 13], "uv_size": [0.25, 0.25]},
								"south": {"uv": [14, 27], "uv_size": [0.25, 0.25]},
								"west": {"uv": [27, 14], "uv_size": [0.25, 0.25]},
								"up": {"uv": [15, 27], "uv_size": [0.25, 0.25]},
								"down": {"uv": [27, 15.25], "uv_size": [0.25, -0.25]}
							}
						},
						{
							"origin": [0.66793, 1.34378, 1.16161],
							"size": [0.09064, 0.02719, 0.1133],
							"uv": {
								"north": {"uv": [16, 27], "uv_size": [0.25, 0.25]},
								"east": {"uv": [27, 16], "uv_size": [0.25, 0.25]},
								"south": {"uv": [17, 27], "uv_size": [0.25, 0.25]},
								"west": {"uv": [27, 17], "uv_size": [0.25, 0.25]},
								"up": {"uv": [18, 27], "uv_size": [0.25, 0.25]},
								"down": {"uv": [27, 18.25], "uv_size": [0.25, -0.25]}
							}
						},
						{
							"origin": [0.66793, 1.61065, 0.61155],
							"size": [0.09064, 0.03625, 0.02265],
							"pivot": [0.71325, 1.48418, 0.90893],
							"rotation": [-45, 0, 0],
							"uv": {
								"north": {"uv": [19, 27], "uv_size": [0.25, 0.25]},
								"east": {"uv": [27, 19], "uv_size": [0.25, 0.25]},
								"south": {"uv": [20, 27], "uv_size": [0.25, 0.25]},
								"west": {"uv": [27, 20], "uv_size": [0.25, 0.25]},
								"up": {"uv": [21, 27], "uv_size": [0.25, 0.25]},
								"down": {"uv": [27, 21.25], "uv_size": [0.25, -0.25]}
							}
						},
						{
							"origin": [0.66793, 1.42938, 0.61155],
							"size": [0.09064, 0.10423, 0.45318],
							"pivot": [0.71325, 1.48418, 0.90893],
							"rotation": [-45, 0, 0],
							"uv": {
								"north": {"uv": [22, 27], "uv_size": [0.25, 0.25]},
								"east": {"uv": [4, 19], "uv_size": [0.5, 0.25]},
								"south": {"uv": [27, 22], "uv_size": [0.25, 0.25]},
								"west": {"uv": [19, 4], "uv_size": [0.5, 0.25]},
								"up": {"uv": [5, 19], "uv_size": [0.25, 0.5]},
								"down": {"uv": [19, 5.5], "uv_size": [0.25, -0.5]}
							}
						},
						{
							"origin": [0.66793, 1.50674, 0.64359],
							"size": [0.09064, 0.06798, 0.06798],
							"pivot": [0.71325, 1.48418, 0.90893],
							"rotation": [-45, 0, 0],
							"uv": {
								"north": {"uv": [23, 27], "uv_size": [0.25, 0.25]},
								"east": {"uv": [27, 23], "uv_size": [0.25, 0.25]},
								"south": {"uv": [24, 27], "uv_size": [0.25, 0.25]},
								"west": {"uv": [27, 24], "uv_size": [0.25, 0.25]},
								"up": {"uv": [25, 27], "uv_size": [0.25, 0.25]},
								"down": {"uv": [27, 25.25], "uv_size": [0.25, -0.25]}
							}
						},
						{
							"origin": [0.66793, 1.78389, 0.81371],
							"size": [0.09064, 0.02564, 0.01968],
							"uv": {
								"north": {"uv": [26, 27], "uv_size": [0.25, 0.25]},
								"east": {"uv": [27, 26], "uv_size": [0.25, 0.25]},
								"south": {"uv": [27, 27], "uv_size": [0.25, 0.25]},
								"west": {"uv": [0, 28], "uv_size": [0.25, 0.25]},
								"up": {"uv": [28, 0], "uv_size": [0.25, 0.25]},
								"down": {"uv": [1, 28.25], "uv_size": [0.25, -0.25]}
							}
						},
						{
							"origin": [0.66793, 1.60262, 0.78807],
							"size": [0.09064, 0.18127, 0.04532],
							"uv": {
								"north": {"uv": [28, 1], "uv_size": [0.25, 0.25]},
								"east": {"uv": [2, 28], "uv_size": [0.25, 0.25]},
								"south": {"uv": [28, 2], "uv_size": [0.25, 0.25]},
								"west": {"uv": [3, 28], "uv_size": [0.25, 0.25]},
								"up": {"uv": [28, 3], "uv_size": [0.25, 0.25]},
								"down": {"uv": [4, 28.25], "uv_size": [0.25, -0.25]}
							}
						},
						{
							"origin": [0.66793, 1.42938, 0.61155],
							"size": [0.09064, 0.18127, 0.04531],
							"pivot": [0.71325, 1.48418, 0.90893],
							"rotation": [-45, 0, 0],
							"uv": {
								"north": {"uv": [28, 4], "uv_size": [0.25, 0.25]},
								"east": {"uv": [5, 28], "uv_size": [0.25, 0.25]},
								"south": {"uv": [28, 5], "uv_size": [0.25, 0.25]},
								"west": {"uv": [6, 28], "uv_size": [0.25, 0.25]},
								"up": {"uv": [28, 6], "uv_size": [0.25, 0.25]},
								"down": {"uv": [7, 28.25], "uv_size": [0.25, -0.25]}
							}
						},
						{
							"origin": [0.66793, 1.36068, 1.1327],
							"size": [0.09064, 0.08682, 0.02266],
							"pivot": [0.71325, 1.48418, 0.90893],
							"rotation": [-45, 0, 0],
							"uv": {
								"north": {"uv": [28, 7], "uv_size": [0.25, 0.25]},
								"east": {"uv": [8, 28], "uv_size": [0.25, 0.25]},
								"south": {"uv": [28, 8], "uv_size": [0.25, 0.25]},
								"west": {"uv": [9, 28], "uv_size": [0.25, 0.25]},
								"up": {"uv": [28, 9], "uv_size": [0.25, 0.25]},
								"down": {"uv": [10, 28.25], "uv_size": [0.25, -0.25]}
							}
						},
						{
							"origin": [0.66793, 1.4475, 1.06473],
							"size": [0.09064, 0.08611, 0.09063],
							"pivot": [0.71325, 1.48418, 0.90893],
							"rotation": [-45, 0, 0],
							"uv": {
								"north": {"uv": [28, 10], "uv_size": [0.25, 0.25]},
								"east": {"uv": [11, 28], "uv_size": [0.25, 0.25]},
								"south": {"uv": [28, 11], "uv_size": [0.25, 0.25]},
								"west": {"uv": [12, 28], "uv_size": [0.25, 0.25]},
								"up": {"uv": [28, 12], "uv_size": [0.25, 0.25]},
								"down": {"uv": [13, 28.25], "uv_size": [0.25, -0.25]}
							}
						},
						{
							"origin": [0.66793, 1.60193, 0.76191],
							"size": [0.09064, 0.06797, 0.09064],
							"pivot": [0.71325, 1.48418, 0.90893],
							"rotation": [180, 0, 0],
							"uv": {
								"north": {"uv": [28, 13], "uv_size": [0.25, 0.25]},
								"east": {"uv": [14, 28], "uv_size": [0.25, 0.25]},
								"south": {"uv": [28, 14], "uv_size": [0.25, 0.25]},
								"west": {"uv": [15, 28], "uv_size": [0.25, 0.25]},
								"up": {"uv": [28, 15], "uv_size": [0.25, 0.25]},
								"down": {"uv": [16, 28.25], "uv_size": [0.25, -0.25]}
							}
						},
						{
							"origin": [0.66793, 1.62459, 0.96531],
							"size": [0.09064, 0.12118, 0.03054],
							"pivot": [0.71325, 1.48418, 0.90893],
							"rotation": [0, 0, -180],
							"uv": {
								"north": {"uv": [28, 16], "uv_size": [0.25, 0.25]},
								"east": {"uv": [17, 28], "uv_size": [0.25, 0.25]},
								"south": {"uv": [28, 17], "uv_size": [0.25, 0.25]},
								"west": {"uv": [18, 28], "uv_size": [0.25, 0.25]},
								"up": {"uv": [28, 18], "uv_size": [0.25, 0.25]},
								"down": {"uv": [19, 28.25], "uv_size": [0.25, -0.25]}
							}
						},
						{
							"origin": [0.66793, 1.37953, 1.10098],
							"size": [0.09064, 0.06797, 0.05438],
							"pivot": [0.71325, 1.48418, 0.90893],
							"rotation": [-45, 0, 0],
							"uv": {
								"north": {"uv": [28, 19], "uv_size": [0.25, 0.25]},
								"east": {"uv": [20, 28], "uv_size": [0.25, 0.25]},
								"south": {"uv": [28, 20], "uv_size": [0.25, 0.25]},
								"west": {"uv": [21, 28], "uv_size": [0.25, 0.25]},
								"up": {"uv": [28, 21], "uv_size": [0.25, 0.25]},
								"down": {"uv": [22, 28.25], "uv_size": [0.25, -0.25]}
							}
						},
						{
							"origin": [0.66793, 1.13997, 0.64123],
							"size": [0.09064, 0.31723, 0.02266],
							"pivot": [0.71325, 1.48418, 0.90893],
							"rotation": [45, 0, 0],
							"uv": {
								"north": {"uv": [28, 22], "uv_size": [0.25, 0.25]},
								"east": {"uv": [23, 28], "uv_size": [0.25, 0.25]},
								"south": {"uv": [28, 23], "uv_size": [0.25, 0.25]},
								"west": {"uv": [24, 28], "uv_size": [0.25, 0.25]},
								"up": {"uv": [28, 24], "uv_size": [0.25, 0.25]},
								"down": {"uv": [25, 28.25], "uv_size": [0.25, -0.25]}
							}
						},
						{
							"origin": [0.66793, 1.32124, 0.68201],
							"size": [0.09064, 0.13596, 0.02719],
							"pivot": [0.71325, 1.48418, 0.90893],
							"rotation": [45, 0, 0],
							"uv": {
								"north": {"uv": [28, 25], "uv_size": [0.25, 0.25]},
								"east": {"uv": [26, 28], "uv_size": [0.25, 0.25]},
								"south": {"uv": [28, 26], "uv_size": [0.25, 0.25]},
								"west": {"uv": [27, 28], "uv_size": [0.25, 0.25]},
								"up": {"uv": [28, 27], "uv_size": [0.25, 0.25]},
								"down": {"uv": [28, 28.25], "uv_size": [0.25, -0.25]}
							}
						},
						{
							"origin": [0.66793, 1.09091, 0.73299],
							"size": [0.09064, 0.33081, 0.02145],
							"pivot": [0.71325, 1.48418, 0.90893],
							"rotation": [31, 0, 0],
							"uv": {
								"north": {"uv": [0, 29], "uv_size": [0.25, 0.25]},
								"east": {"uv": [29, 0], "uv_size": [0.25, 0.25]},
								"south": {"uv": [1, 29], "uv_size": [0.25, 0.25]},
								"west": {"uv": [29, 1], "uv_size": [0.25, 0.25]},
								"up": {"uv": [2, 29], "uv_size": [0.25, 0.25]},
								"down": {"uv": [29, 2.25], "uv_size": [0.25, -0.25]}
							}
						},
						{
							"origin": [0.66793, 1.27592, 0.68201],
							"size": [0.09064, 0.18128, 0.0136],
							"pivot": [0.71325, 1.48418, 0.90893],
							"rotation": [45, 0, 0],
							"uv": {
								"north": {"uv": [3, 29], "uv_size": [0.25, 0.25]},
								"east": {"uv": [29, 3], "uv_size": [0.25, 0.25]},
								"south": {"uv": [4, 29], "uv_size": [0.25, 0.25]},
								"west": {"uv": [29, 4], "uv_size": [0.25, 0.25]},
								"up": {"uv": [5, 29], "uv_size": [0.25, 0.25]},
								"down": {"uv": [29, 5.25], "uv_size": [0.25, -0.25]}
							}
						},
						{
							"origin": [0.66793, 1.27581, 0.73872],
							"size": [0.09064, 0.13595, 0.09063],
							"uv": {
								"north": {"uv": [6, 29], "uv_size": [0.25, 0.25]},
								"east": {"uv": [29, 6], "uv_size": [0.25, 0.25]},
								"south": {"uv": [7, 29], "uv_size": [0.25, 0.25]},
								"west": {"uv": [29, 7], "uv_size": [0.25, 0.25]},
								"up": {"uv": [8, 29], "uv_size": [0.25, 0.25]},
								"down": {"uv": [29, 8.25], "uv_size": [0.25, -0.25]}
							}
						},
						{
							"origin": [0.66793, 1.37856, 0.51541],
							"size": [0.09064, 0.06798, 0.06798],
							"pivot": [0.71325, 1.48418, 0.90893],
							"rotation": [-45, 0, 0],
							"uv": {
								"north": {"uv": [9, 29], "uv_size": [0.25, 0.25]},
								"east": {"uv": [29, 9], "uv_size": [0.25, 0.25]},
								"south": {"uv": [10, 29], "uv_size": [0.25, 0.25]},
								"west": {"uv": [29, 10], "uv_size": [0.25, 0.25]},
								"up": {"uv": [11, 29], "uv_size": [0.25, 0.25]},
								"down": {"uv": [29, 11.25], "uv_size": [0.25, -0.25]}
							}
						},
						{
							"origin": [0.66793, 1.3012, 0.48337],
							"size": [0.09064, 0.10423, 0.49849],
							"pivot": [0.71325, 1.48418, 0.90893],
							"rotation": [-45, 0, 0],
							"uv": {
								"north": {"uv": [12, 29], "uv_size": [0.25, 0.25]},
								"east": {"uv": [6, 19], "uv_size": [0.5, 0.25]},
								"south": {"uv": [29, 12], "uv_size": [0.25, 0.25]},
								"west": {"uv": [19, 6], "uv_size": [0.5, 0.25]},
								"up": {"uv": [7, 19], "uv_size": [0.25, 0.5]},
								"down": {"uv": [19, 7.5], "uv_size": [0.25, -0.5]}
							}
						},
						{
							"origin": [0.66793, 1.48247, 0.48337],
							"size": [0.09064, 0.03625, 0.02266],
							"pivot": [0.71325, 1.48418, 0.90893],
							"rotation": [-45, 0, 0],
							"uv": {
								"north": {"uv": [13, 29], "uv_size": [0.25, 0.25]},
								"east": {"uv": [29, 13], "uv_size": [0.25, 0.25]},
								"south": {"uv": [14, 29], "uv_size": [0.25, 0.25]},
								"west": {"uv": [29, 14], "uv_size": [0.25, 0.25]},
								"up": {"uv": [15, 29], "uv_size": [0.25, 0.25]},
								"down": {"uv": [29, 15.25], "uv_size": [0.25, -0.25]}
							}
						},
						{
							"origin": [0.66793, 1.60262, 0.6068],
							"size": [0.09064, 0.18127, 0.04532],
							"uv": {
								"north": {"uv": [16, 29], "uv_size": [0.25, 0.25]},
								"east": {"uv": [29, 16], "uv_size": [0.25, 0.25]},
								"south": {"uv": [17, 29], "uv_size": [0.25, 0.25]},
								"west": {"uv": [29, 17], "uv_size": [0.25, 0.25]},
								"up": {"uv": [18, 29], "uv_size": [0.25, 0.25]},
								"down": {"uv": [29, 18.25], "uv_size": [0.25, -0.25]}
							}
						},
						{
							"origin": [0.66793, 1.78389, 0.63243],
							"size": [0.09064, 0.02564, 0.01969],
							"uv": {
								"north": {"uv": [19, 29], "uv_size": [0.25, 0.25]},
								"east": {"uv": [29, 19], "uv_size": [0.25, 0.25]},
								"south": {"uv": [20, 29], "uv_size": [0.25, 0.25]},
								"west": {"uv": [29, 20], "uv_size": [0.25, 0.25]},
								"up": {"uv": [21, 29], "uv_size": [0.25, 0.25]},
								"down": {"uv": [29, 21.25], "uv_size": [0.25, -0.25]}
							}
						},
						{
							"origin": [0.66793, 1.3012, 0.48337],
							"size": [0.09064, 0.18127, 0.04531],
							"pivot": [0.71325, 1.48418, 0.90893],
							"rotation": [-45, 0, 0],
							"uv": {
								"north": {"uv": [22, 29], "uv_size": [0.25, 0.25]},
								"east": {"uv": [29, 22], "uv_size": [0.25, 0.25]},
								"south": {"uv": [23, 29], "uv_size": [0.25, 0.25]},
								"west": {"uv": [29, 23], "uv_size": [0.25, 0.25]},
								"up": {"uv": [24, 29], "uv_size": [0.25, 0.25]},
								"down": {"uv": [29, 24.25], "uv_size": [0.25, -0.25]}
							}
						}
					]
				},
				{
					"name": "logo2",
					"parent": "gh552",
					"pivot": [-0.69436, 1.54815, 0.93366],
					"rotation": [0, 180, 0],
					"cubes": [
						{
							"origin": [-0.73968, 1.23061, 0.64123],
							"size": [0.09064, 0.22659, 0.04078],
							"pivot": [-0.69436, 1.48418, 0.90893],
							"rotation": [45, 0, 0],
							"uv": {
								"north": {"uv": [30, 23], "uv_size": [0.25, 0.25]},
								"east": {"uv": [24, 30], "uv_size": [0.25, 0.25]},
								"south": {"uv": [30, 24], "uv_size": [0.25, 0.25]},
								"west": {"uv": [25, 30], "uv_size": [0.25, 0.25]},
								"up": {"uv": [30, 25], "uv_size": [0.25, 0.25]},
								"down": {"uv": [26, 30.25], "uv_size": [0.25, -0.25]}
							}
						},
						{
							"origin": [-0.73968, 1.78389, 1.17625],
							"size": [0.09064, 0.02564, 0.01968],
							"uv": {
								"north": {"uv": [30, 26], "uv_size": [0.25, 0.25]},
								"east": {"uv": [27, 30], "uv_size": [0.25, 0.25]},
								"south": {"uv": [30, 27], "uv_size": [0.25, 0.25]},
								"west": {"uv": [28, 30], "uv_size": [0.25, 0.25]},
								"up": {"uv": [30, 28], "uv_size": [0.25, 0.25]},
								"down": {"uv": [29, 30.25], "uv_size": [0.25, -0.25]}
							}
						},
						{
							"origin": [-0.73968, 1.86701, 0.8679],
							"size": [0.09064, 0.03625, 0.02266],
							"pivot": [-0.69436, 1.48418, 0.90893],
							"rotation": [-45, 0, 0],
							"uv": {
								"north": {"uv": [30, 29], "uv_size": [0.25, 0.25]},
								"east": {"uv": [30, 30], "uv_size": [0.25, 0.25]},
								"south": {"uv": [0, 31], "uv_size": [0.25, 0.25]},
								"west": {"uv": [31, 0], "uv_size": [0.25, 0.25]},
								"up": {"uv": [1, 31], "uv_size": [0.25, 0.25]},
								"down": {"uv": [31, 1.25], "uv_size": [0.25, -0.25]}
							}
						},
						{
							"origin": [-0.73968, 1.64794, 1.15061],
							"size": [0.09064, 0.13595, 0.04532],
							"uv": {
								"north": {"uv": [2, 31], "uv_size": [0.25, 0.25]},
								"east": {"uv": [31, 2], "uv_size": [0.25, 0.25]},
								"south": {"uv": [3, 31], "uv_size": [0.25, 0.25]},
								"west": {"uv": [31, 3], "uv_size": [0.25, 0.25]},
								"up": {"uv": [4, 31], "uv_size": [0.25, 0.25]},
								"down": {"uv": [31, 4.25], "uv_size": [0.25, -0.25]}
							}
						},
						{
							"origin": [-0.73968, 1.71228, 0.8679],
							"size": [0.09064, 0.15473, 0.03755],
							"pivot": [-0.69436, 1.48418, 0.90893],
							"rotation": [-45, 0, 0],
							"uv": {
								"north": {"uv": [5, 31], "uv_size": [0.25, 0.25]},
								"east": {"uv": [31, 5], "uv_size": [0.25, 0.25]},
								"south": {"uv": [6, 31], "uv_size": [0.25, 0.25]},
								"west": {"uv": [31, 6], "uv_size": [0.25, 0.25]},
								"up": {"uv": [7, 31], "uv_size": [0.25, 0.25]},
								"down": {"uv": [31, 7.25], "uv_size": [0.25, -0.25]}
							}
						},
						{
							"origin": [-0.73968, 1.64794, 1.06775],
							"size": [0.09064, 0.04531, 0.12818],
							"uv": {
								"north": {"uv": [8, 31], "uv_size": [0.25, 0.25]},
								"east": {"uv": [31, 8], "uv_size": [0.25, 0.25]},
								"south": {"uv": [9, 31], "uv_size": [0.25, 0.25]},
								"west": {"uv": [31, 9], "uv_size": [0.25, 0.25]},
								"up": {"uv": [10, 31], "uv_size": [0.25, 0.25]},
								"down": {"uv": [31, 10.25], "uv_size": [0.25, -0.25]}
							}
						},
						{
							"origin": [-0.73968, 1.7631, 0.89995],
							"size": [0.09064, 0.06797, 0.03625],
							"pivot": [-0.69436, 1.48418, 0.90893],
							"rotation": [-45, 0, 0],
							"uv": {
								"north": {"uv": [11, 31], "uv_size": [0.25, 0.25]},
								"east": {"uv": [31, 11], "uv_size": [0.25, 0.25]},
								"south": {"uv": [12, 31], "uv_size": [0.25, 0.25]},
								"west": {"uv": [31, 12], "uv_size": [0.25, 0.25]},
								"up": {"uv": [13, 31], "uv_size": [0.25, 0.25]},
								"down": {"uv": [31, 13.25], "uv_size": [0.25, -0.25]}
							}
						},
						{
							"origin": [-0.73968, 1.63492, 0.77177],
							"size": [0.09064, 0.06798, 0.06798],
							"pivot": [-0.69436, 1.48418, 0.90893],
							"rotation": [-45, 0, 0],
							"uv": {
								"north": {"uv": [14, 31], "uv_size": [0.25, 0.25]},
								"east": {"uv": [31, 14], "uv_size": [0.25, 0.25]},
								"south": {"uv": [15, 31], "uv_size": [0.25, 0.25]},
								"west": {"uv": [31, 15], "uv_size": [0.25, 0.25]},
								"up": {"uv": [16, 31], "uv_size": [0.25, 0.25]},
								"down": {"uv": [31, 16.25], "uv_size": [0.25, -0.25]}
							}
						},
						{
							"origin": [-0.73968, 1.55756, 0.73972],
							"size": [0.09064, 0.18127, 0.04532],
							"pivot": [-0.69436, 1.48418, 0.90893],
							"rotation": [-45, 0, 0],
							"uv": {
								"north": {"uv": [17, 31], "uv_size": [0.25, 0.25]},
								"east": {"uv": [31, 17], "uv_size": [0.25, 0.25]},
								"south": {"uv": [18, 31], "uv_size": [0.25, 0.25]},
								"west": {"uv": [31, 18], "uv_size": [0.25, 0.25]},
								"up": {"uv": [19, 31], "uv_size": [0.25, 0.25]},
								"down": {"uv": [31, 19.25], "uv_size": [0.25, -0.25]}
							}
						},
						{
							"origin": [-0.73968, 1.78389, 0.99498],
							"size": [0.09064, 0.02564, 0.01968],
							"uv": {
								"north": {"uv": [20, 31], "uv_size": [0.25, 0.25]},
								"east": {"uv": [31, 20], "uv_size": [0.25, 0.25]},
								"south": {"uv": [21, 31], "uv_size": [0.25, 0.25]},
								"west": {"uv": [31, 21], "uv_size": [0.25, 0.25]},
								"up": {"uv": [22, 31], "uv_size": [0.25, 0.25]},
								"down": {"uv": [31, 22.25], "uv_size": [0.25, -0.25]}
							}
						},
						{
							"origin": [-0.73968, 1.73883, 0.73972],
							"size": [0.09064, 0.03625, 0.02266],
							"pivot": [-0.69436, 1.48418, 0.90893],
							"rotation": [-45, 0, 0],
							"uv": {
								"north": {"uv": [23, 31], "uv_size": [0.25, 0.25]},
								"east": {"uv": [31, 23], "uv_size": [0.25, 0.25]},
								"south": {"uv": [24, 31], "uv_size": [0.25, 0.25]},
								"west": {"uv": [31, 24], "uv_size": [0.25, 0.25]},
								"up": {"uv": [25, 31], "uv_size": [0.25, 0.25]},
								"down": {"uv": [31, 25.25], "uv_size": [0.25, -0.25]}
							}
						},
						{
							"origin": [-0.73968, 1.60262, 0.96934],
							"size": [0.09064, 0.18127, 0.04532],
							"uv": {
								"north": {"uv": [26, 31], "uv_size": [0.25, 0.25]},
								"east": {"uv": [31, 26], "uv_size": [0.25, 0.25]},
								"south": {"uv": [27, 31], "uv_size": [0.25, 0.25]},
								"west": {"uv": [31, 27], "uv_size": [0.25, 0.25]},
								"up": {"uv": [28, 31], "uv_size": [0.25, 0.25]},
								"down": {"uv": [31, 28.25], "uv_size": [0.25, -0.25]}
							}
						},
						{
							"origin": [-0.73968, 1.55756, 0.73972],
							"size": [0.09064, 0.10574, 0.45318],
							"pivot": [-0.69436, 1.48418, 0.90893],
							"rotation": [-45, 0, 0],
							"uv": {
								"north": {"uv": [29, 31], "uv_size": [0.25, 0.25]},
								"east": {"uv": [17, 19], "uv_size": [0.5, 0.25]},
								"south": {"uv": [31, 29], "uv_size": [0.25, 0.25]},
								"west": {"uv": [19, 17], "uv_size": [0.5, 0.25]},
								"up": {"uv": [18, 19], "uv_size": [0.25, 0.5]},
								"down": {"uv": [19, 18.5], "uv_size": [0.25, -0.5]}
							}
						},
						{
							"origin": [-0.73968, 1.37097, 1.16161],
							"size": [0.09064, 0.0272, 0.08157],
							"uv": {
								"north": {"uv": [30, 31], "uv_size": [0.25, 0.25]},
								"east": {"uv": [31, 30], "uv_size": [0.25, 0.25]},
								"south": {"uv": [31, 31], "uv_size": [0.25, 0.25]},
								"west": {"uv": [0, 32], "uv_size": [0.25, 0.25]},
								"up": {"uv": [32, 0], "uv_size": [0.25, 0.25]},
								"down": {"uv": [1, 32.25], "uv_size": [0.25, -0.25]}
							}
						},
						{
							"origin": [-0.73968, 1.64064, 1.1929],
							"size": [0.09064, 0.02312, 0.08652],
							"pivot": [-0.69436, 1.48418, 0.90893],
							"rotation": [-45, 0, 0],
							"uv": {
								"north": {"uv": [32, 1], "uv_size": [0.25, 0.25]},
								"east": {"uv": [2, 32], "uv_size": [0.25, 0.25]},
								"south": {"uv": [32, 2], "uv_size": [0.25, 0.25]},
								"west": {"uv": [3, 32], "uv_size": [0.25, 0.25]},
								"up": {"uv": [32, 3], "uv_size": [0.25, 0.25]},
								"down": {"uv": [4, 32.25], "uv_size": [0.25, -0.25]}
							}
						},
						{
							"origin": [-0.73968, 1.33526, 1.16161],
							"size": [0.09064, 0.0136, 0.13595],
							"uv": {
								"north": {"uv": [32, 4], "uv_size": [0.25, 0.25]},
								"east": {"uv": [5, 32], "uv_size": [0.25, 0.25]},
								"south": {"uv": [32, 5], "uv_size": [0.25, 0.25]},
								"west": {"uv": [6, 32], "uv_size": [0.25, 0.25]},
								"up": {"uv": [32, 6], "uv_size": [0.25, 0.25]},
								"down": {"uv": [7, 32.25], "uv_size": [0.25, -0.25]}
							}
						},
						{
							"origin": [-0.73968, 1.34378, 1.16161],
							"size": [0.09064, 0.02719, 0.1133],
							"uv": {
								"north": {"uv": [32, 7], "uv_size": [0.25, 0.25]},
								"east": {"uv": [8, 32], "uv_size": [0.25, 0.25]},
								"south": {"uv": [32, 8], "uv_size": [0.25, 0.25]},
								"west": {"uv": [9, 32], "uv_size": [0.25, 0.25]},
								"up": {"uv": [32, 9], "uv_size": [0.25, 0.25]},
								"down": {"uv": [10, 32.25], "uv_size": [0.25, -0.25]}
							}
						},
						{
							"origin": [-0.73968, 1.61065, 0.61155],
							"size": [0.09064, 0.03625, 0.02265],
							"pivot": [-0.69436, 1.48418, 0.90893],
							"rotation": [-45, 0, 0],
							"uv": {
								"north": {"uv": [32, 10], "uv_size": [0.25, 0.25]},
								"east": {"uv": [11, 32], "uv_size": [0.25, 0.25]},
								"south": {"uv": [32, 11], "uv_size": [0.25, 0.25]},
								"west": {"uv": [12, 32], "uv_size": [0.25, 0.25]},
								"up": {"uv": [32, 12], "uv_size": [0.25, 0.25]},
								"down": {"uv": [13, 32.25], "uv_size": [0.25, -0.25]}
							}
						},
						{
							"origin": [-0.73968, 1.42938, 0.61155],
							"size": [0.09064, 0.10423, 0.45318],
							"pivot": [-0.69436, 1.48418, 0.90893],
							"rotation": [-45, 0, 0],
							"uv": {
								"north": {"uv": [32, 13], "uv_size": [0.25, 0.25]},
								"east": {"uv": [19, 19], "uv_size": [0.5, 0.25]},
								"south": {"uv": [14, 32], "uv_size": [0.25, 0.25]},
								"west": {"uv": [0, 20], "uv_size": [0.5, 0.25]},
								"up": {"uv": [20, 0], "uv_size": [0.25, 0.5]},
								"down": {"uv": [1, 20.5], "uv_size": [0.25, -0.5]}
							}
						},
						{
							"origin": [-0.73968, 1.50674, 0.64359],
							"size": [0.09064, 0.06798, 0.06798],
							"pivot": [-0.69436, 1.48418, 0.90893],
							"rotation": [-45, 0, 0],
							"uv": {
								"north": {"uv": [32, 14], "uv_size": [0.25, 0.25]},
								"east": {"uv": [15, 32], "uv_size": [0.25, 0.25]},
								"south": {"uv": [32, 15], "uv_size": [0.25, 0.25]},
								"west": {"uv": [16, 32], "uv_size": [0.25, 0.25]},
								"up": {"uv": [32, 16], "uv_size": [0.25, 0.25]},
								"down": {"uv": [17, 32.25], "uv_size": [0.25, -0.25]}
							}
						},
						{
							"origin": [-0.73968, 1.78389, 0.81371],
							"size": [0.09064, 0.02564, 0.01968],
							"uv": {
								"north": {"uv": [32, 17], "uv_size": [0.25, 0.25]},
								"east": {"uv": [18, 32], "uv_size": [0.25, 0.25]},
								"south": {"uv": [32, 18], "uv_size": [0.25, 0.25]},
								"west": {"uv": [19, 32], "uv_size": [0.25, 0.25]},
								"up": {"uv": [32, 19], "uv_size": [0.25, 0.25]},
								"down": {"uv": [20, 32.25], "uv_size": [0.25, -0.25]}
							}
						},
						{
							"origin": [-0.73968, 1.60262, 0.78807],
							"size": [0.09064, 0.18127, 0.04532],
							"uv": {
								"north": {"uv": [32, 20], "uv_size": [0.25, 0.25]},
								"east": {"uv": [21, 32], "uv_size": [0.25, 0.25]},
								"south": {"uv": [32, 21], "uv_size": [0.25, 0.25]},
								"west": {"uv": [22, 32], "uv_size": [0.25, 0.25]},
								"up": {"uv": [32, 22], "uv_size": [0.25, 0.25]},
								"down": {"uv": [23, 32.25], "uv_size": [0.25, -0.25]}
							}
						},
						{
							"origin": [-0.73968, 1.42938, 0.61155],
							"size": [0.09064, 0.18127, 0.04531],
							"pivot": [-0.69436, 1.48418, 0.90893],
							"rotation": [-45, 0, 0],
							"uv": {
								"north": {"uv": [32, 23], "uv_size": [0.25, 0.25]},
								"east": {"uv": [24, 32], "uv_size": [0.25, 0.25]},
								"south": {"uv": [32, 24], "uv_size": [0.25, 0.25]},
								"west": {"uv": [25, 32], "uv_size": [0.25, 0.25]},
								"up": {"uv": [32, 25], "uv_size": [0.25, 0.25]},
								"down": {"uv": [26, 32.25], "uv_size": [0.25, -0.25]}
							}
						},
						{
							"origin": [-0.73968, 1.36068, 1.1327],
							"size": [0.09064, 0.08682, 0.02266],
							"pivot": [-0.69436, 1.48418, 0.90893],
							"rotation": [-45, 0, 0],
							"uv": {
								"north": {"uv": [32, 26], "uv_size": [0.25, 0.25]},
								"east": {"uv": [27, 32], "uv_size": [0.25, 0.25]},
								"south": {"uv": [32, 27], "uv_size": [0.25, 0.25]},
								"west": {"uv": [28, 32], "uv_size": [0.25, 0.25]},
								"up": {"uv": [32, 28], "uv_size": [0.25, 0.25]},
								"down": {"uv": [29, 32.25], "uv_size": [0.25, -0.25]}
							}
						},
						{
							"origin": [-0.73968, 1.4475, 1.06473],
							"size": [0.09064, 0.08611, 0.09063],
							"pivot": [-0.69436, 1.48418, 0.90893],
							"rotation": [-45, 0, 0],
							"uv": {
								"north": {"uv": [32, 29], "uv_size": [0.25, 0.25]},
								"east": {"uv": [30, 32], "uv_size": [0.25, 0.25]},
								"south": {"uv": [32, 30], "uv_size": [0.25, 0.25]},
								"west": {"uv": [31, 32], "uv_size": [0.25, 0.25]},
								"up": {"uv": [32, 31], "uv_size": [0.25, 0.25]},
								"down": {"uv": [32, 32.25], "uv_size": [0.25, -0.25]}
							}
						},
						{
							"origin": [-0.73968, 1.60193, 0.76191],
							"size": [0.09064, 0.06797, 0.09064],
							"pivot": [-0.69436, 1.48418, 0.90893],
							"rotation": [180, 0, 0],
							"uv": {
								"north": {"uv": [0, 33], "uv_size": [0.25, 0.25]},
								"east": {"uv": [33, 0], "uv_size": [0.25, 0.25]},
								"south": {"uv": [1, 33], "uv_size": [0.25, 0.25]},
								"west": {"uv": [33, 1], "uv_size": [0.25, 0.25]},
								"up": {"uv": [2, 33], "uv_size": [0.25, 0.25]},
								"down": {"uv": [33, 2.25], "uv_size": [0.25, -0.25]}
							}
						},
						{
							"origin": [-0.73968, 1.62459, 0.96531],
							"size": [0.09064, 0.12118, 0.03054],
							"pivot": [-0.69436, 1.48418, 0.90893],
							"rotation": [0, 0, 180],
							"uv": {
								"north": {"uv": [3, 33], "uv_size": [0.25, 0.25]},
								"east": {"uv": [33, 3], "uv_size": [0.25, 0.25]},
								"south": {"uv": [4, 33], "uv_size": [0.25, 0.25]},
								"west": {"uv": [33, 4], "uv_size": [0.25, 0.25]},
								"up": {"uv": [5, 33], "uv_size": [0.25, 0.25]},
								"down": {"uv": [33, 5.25], "uv_size": [0.25, -0.25]}
							}
						},
						{
							"origin": [-0.73968, 1.37953, 1.10098],
							"size": [0.09064, 0.06797, 0.05438],
							"pivot": [-0.69436, 1.48418, 0.90893],
							"rotation": [-45, 0, 0],
							"uv": {
								"north": {"uv": [6, 33], "uv_size": [0.25, 0.25]},
								"east": {"uv": [33, 6], "uv_size": [0.25, 0.25]},
								"south": {"uv": [7, 33], "uv_size": [0.25, 0.25]},
								"west": {"uv": [33, 7], "uv_size": [0.25, 0.25]},
								"up": {"uv": [8, 33], "uv_size": [0.25, 0.25]},
								"down": {"uv": [33, 8.25], "uv_size": [0.25, -0.25]}
							}
						},
						{
							"origin": [-0.73968, 1.13997, 0.64123],
							"size": [0.09064, 0.31723, 0.02266],
							"pivot": [-0.69436, 1.48418, 0.90893],
							"rotation": [45, 0, 0],
							"uv": {
								"north": {"uv": [9, 33], "uv_size": [0.25, 0.25]},
								"east": {"uv": [33, 9], "uv_size": [0.25, 0.25]},
								"south": {"uv": [10, 33], "uv_size": [0.25, 0.25]},
								"west": {"uv": [33, 10], "uv_size": [0.25, 0.25]},
								"up": {"uv": [11, 33], "uv_size": [0.25, 0.25]},
								"down": {"uv": [33, 11.25], "uv_size": [0.25, -0.25]}
							}
						},
						{
							"origin": [-0.73968, 1.32124, 0.68201],
							"size": [0.09064, 0.13596, 0.02719],
							"pivot": [-0.69436, 1.48418, 0.90893],
							"rotation": [45, 0, 0],
							"uv": {
								"north": {"uv": [12, 33], "uv_size": [0.25, 0.25]},
								"east": {"uv": [33, 12], "uv_size": [0.25, 0.25]},
								"south": {"uv": [13, 33], "uv_size": [0.25, 0.25]},
								"west": {"uv": [33, 13], "uv_size": [0.25, 0.25]},
								"up": {"uv": [14, 33], "uv_size": [0.25, 0.25]},
								"down": {"uv": [33, 14.25], "uv_size": [0.25, -0.25]}
							}
						},
						{
							"origin": [-0.73968, 1.09091, 0.73299],
							"size": [0.09064, 0.33081, 0.02145],
							"pivot": [-0.69436, 1.48418, 0.90893],
							"rotation": [31, 0, 0],
							"uv": {
								"north": {"uv": [15, 33], "uv_size": [0.25, 0.25]},
								"east": {"uv": [33, 15], "uv_size": [0.25, 0.25]},
								"south": {"uv": [16, 33], "uv_size": [0.25, 0.25]},
								"west": {"uv": [33, 16], "uv_size": [0.25, 0.25]},
								"up": {"uv": [17, 33], "uv_size": [0.25, 0.25]},
								"down": {"uv": [33, 17.25], "uv_size": [0.25, -0.25]}
							}
						},
						{
							"origin": [-0.73968, 1.27592, 0.68201],
							"size": [0.09064, 0.18128, 0.0136],
							"pivot": [-0.69436, 1.48418, 0.90893],
							"rotation": [45, 0, 0],
							"uv": {
								"north": {"uv": [18, 33], "uv_size": [0.25, 0.25]},
								"east": {"uv": [33, 18], "uv_size": [0.25, 0.25]},
								"south": {"uv": [19, 33], "uv_size": [0.25, 0.25]},
								"west": {"uv": [33, 19], "uv_size": [0.25, 0.25]},
								"up": {"uv": [20, 33], "uv_size": [0.25, 0.25]},
								"down": {"uv": [33, 20.25], "uv_size": [0.25, -0.25]}
							}
						},
						{
							"origin": [-0.73968, 1.27581, 0.73872],
							"size": [0.09064, 0.13595, 0.09063],
							"uv": {
								"north": {"uv": [21, 33], "uv_size": [0.25, 0.25]},
								"east": {"uv": [33, 21], "uv_size": [0.25, 0.25]},
								"south": {"uv": [22, 33], "uv_size": [0.25, 0.25]},
								"west": {"uv": [33, 22], "uv_size": [0.25, 0.25]},
								"up": {"uv": [23, 33], "uv_size": [0.25, 0.25]},
								"down": {"uv": [33, 23.25], "uv_size": [0.25, -0.25]}
							}
						},
						{
							"origin": [-0.73968, 1.37856, 0.51541],
							"size": [0.09064, 0.06798, 0.06798],
							"pivot": [-0.69436, 1.48418, 0.90893],
							"rotation": [-45, 0, 0],
							"uv": {
								"north": {"uv": [24, 33], "uv_size": [0.25, 0.25]},
								"east": {"uv": [33, 24], "uv_size": [0.25, 0.25]},
								"south": {"uv": [25, 33], "uv_size": [0.25, 0.25]},
								"west": {"uv": [33, 25], "uv_size": [0.25, 0.25]},
								"up": {"uv": [26, 33], "uv_size": [0.25, 0.25]},
								"down": {"uv": [33, 26.25], "uv_size": [0.25, -0.25]}
							}
						},
						{
							"origin": [-0.73968, 1.3012, 0.48337],
							"size": [0.09064, 0.10423, 0.49849],
							"pivot": [-0.69436, 1.48418, 0.90893],
							"rotation": [-45, 0, 0],
							"uv": {
								"north": {"uv": [27, 33], "uv_size": [0.25, 0.25]},
								"east": {"uv": [20, 1], "uv_size": [0.5, 0.25]},
								"south": {"uv": [33, 27], "uv_size": [0.25, 0.25]},
								"west": {"uv": [2, 20], "uv_size": [0.5, 0.25]},
								"up": {"uv": [20, 2], "uv_size": [0.25, 0.5]},
								"down": {"uv": [3, 20.5], "uv_size": [0.25, -0.5]}
							}
						},
						{
							"origin": [-0.73968, 1.48247, 0.48337],
							"size": [0.09064, 0.03625, 0.02266],
							"pivot": [-0.69436, 1.48418, 0.90893],
							"rotation": [-45, 0, 0],
							"uv": {
								"north": {"uv": [28, 33], "uv_size": [0.25, 0.25]},
								"east": {"uv": [33, 28], "uv_size": [0.25, 0.25]},
								"south": {"uv": [29, 33], "uv_size": [0.25, 0.25]},
								"west": {"uv": [33, 29], "uv_size": [0.25, 0.25]},
								"up": {"uv": [30, 33], "uv_size": [0.25, 0.25]},
								"down": {"uv": [33, 30.25], "uv_size": [0.25, -0.25]}
							}
						},
						{
							"origin": [-0.73968, 1.60262, 0.6068],
							"size": [0.09064, 0.18127, 0.04532],
							"uv": {
								"north": {"uv": [31, 33], "uv_size": [0.25, 0.25]},
								"east": {"uv": [33, 31], "uv_size": [0.25, 0.25]},
								"south": {"uv": [32, 33], "uv_size": [0.25, 0.25]},
								"west": {"uv": [33, 32], "uv_size": [0.25, 0.25]},
								"up": {"uv": [33, 33], "uv_size": [0.25, 0.25]},
								"down": {"uv": [0, 34.25], "uv_size": [0.25, -0.25]}
							}
						},
						{
							"origin": [-0.73968, 1.78389, 0.63243],
							"size": [0.09064, 0.02564, 0.01969],
							"uv": {
								"north": {"uv": [34, 0], "uv_size": [0.25, 0.25]},
								"east": {"uv": [1, 34], "uv_size": [0.25, 0.25]},
								"south": {"uv": [34, 1], "uv_size": [0.25, 0.25]},
								"west": {"uv": [2, 34], "uv_size": [0.25, 0.25]},
								"up": {"uv": [34, 2], "uv_size": [0.25, 0.25]},
								"down": {"uv": [3, 34.25], "uv_size": [0.25, -0.25]}
							}
						},
						{
							"origin": [-0.73968, 1.3012, 0.48337],
							"size": [0.09064, 0.18127, 0.04531],
							"pivot": [-0.69436, 1.48418, 0.90893],
							"rotation": [-45, 0, 0],
							"uv": {
								"north": {"uv": [34, 3], "uv_size": [0.25, 0.25]},
								"east": {"uv": [4, 34], "uv_size": [0.25, 0.25]},
								"south": {"uv": [34, 4], "uv_size": [0.25, 0.25]},
								"west": {"uv": [5, 34], "uv_size": [0.25, 0.25]},
								"up": {"uv": [34, 5], "uv_size": [0.25, 0.25]},
								"down": {"uv": [6, 34.25], "uv_size": [0.25, -0.25]}
							}
						}
					]
				},
				{
					"name": "scope_view",
					"pivot": [0, 1.65, 11]
				},
				{
					"name": "division",
					"pivot": [0, 0, 0]
				},
				{
					"name": "division_illuminated",
					"parent": "division",
					"pivot": [0, 1.62625, -34.2],
					"cubes": [
						{
							"origin": [-0.9, 0.72625, -34.35],
							"size": [1.8, 1.8, 0.3],
							"uv": {
								"south": {"uv": [0.25, 35.75], "uv_size": [28.25, 28.25]}
							}
						}
					]
				},
				{
					"name": "ocular",
					"pivot": [0.01093, 1.54297, 1.44332],
					"cubes": [
						{
							"origin": [-0.60138, 1.02427, 1.431],
							"size": [1.22463, 1.03741, 0.02463],
							"uv": {
								"south": {"uv": [35.75, 1.5], "uv_size": [5, 3.5]}
							}
						}
					]
				}
			]
		}
	]
}