{
	"format_version": "1.12.0",
	"minecraft:geometry": [
		{
			"description": {
				"identifier": "geometry.unknown",
				"texture_width": 32,
				"texture_height": 32,
				"visible_bounds_width": 4,
				"visible_bounds_height": 1.5,
				"visible_bounds_offset": [0, 0.25, 0]
			},
			"bones": [
				{
					"name": "sight",
					"pivot": [-0.07668, 0.635, -0.24191],
					"cubes": [
						{
							"origin": [-0.68205, 0.02547, 1.33387],
							"size": [1.3594, 0.50744, 0.13105],
							"uv": {
								"north": {"uv": [2, 2], "uv_size": [1, 1]},
								"east": {"uv": [3, 0], "uv_size": [1, 1]},
								"south": {"uv": [1, 3], "uv_size": [1, 1]},
								"west": {"uv": [3, 1], "uv_size": [1, 1]},
								"up": {"uv": [2, 3], "uv_size": [1, 1]},
								"down": {"uv": [3, 3], "uv_size": [1, -1]}
							}
						},
						{
							"origin": [-0.68205, 0.02547, -1.38533],
							"size": [1.3594, 0.54864, 0.25465],
							"uv": {
								"north": {"uv": [3, 3], "uv_size": [1, 1]},
								"east": {"uv": [0, 4], "uv_size": [1, 1]},
								"south": {"uv": [4, 0], "uv_size": [1, 1]},
								"west": {"uv": [1, 4], "uv_size": [1, 1]},
								"up": {"uv": [4, 1], "uv_size": [1, 1]},
								"down": {"uv": [2, 5], "uv_size": [1, -1]}
							}
						},
						{
							"origin": [-0.68205, 0.42433, 1.20279],
							"size": [1.3594, 0.1748, 0.13105],
							"pivot": [-0.00235, 0.63686, 1.26831],
							"rotation": [45, 0, 0],
							"uv": {
								"north": {"uv": [4, 2], "uv_size": [1, 1]},
								"east": {"uv": [3, 4], "uv_size": [1, 1]},
								"south": {"uv": [4, 3], "uv_size": [1, 1]},
								"west": {"uv": [4, 4], "uv_size": [1, 1]},
								"up": {"uv": [0, 5], "uv_size": [1, 1]},
								"down": {"uv": [5, 1], "uv_size": [1, -1]}
							}
						},
						{
							"origin": [0.55395, 0.56107, -1.30293],
							"size": [0.1234, 0.83704, 0.54305],
							"uv": {
								"north": {"uv": [1, 5], "uv_size": [1, 1]},
								"east": {"uv": [5, 1], "uv_size": [1, 1]},
								"south": {"uv": [2, 5], "uv_size": [1, 1]},
								"west": {"uv": [5, 2], "uv_size": [1, 1]},
								"up": {"uv": [3, 5], "uv_size": [1, 1]},
								"down": {"uv": [5, 4], "uv_size": [1, -1]}
							}
						},
						{
							"origin": [-0.68205, 0.56107, -1.30293],
							"size": [0.1234, 0.83704, 0.54305],
							"uv": {
								"north": {"uv": [4, 5], "uv_size": [1, 1]},
								"east": {"uv": [5, 4], "uv_size": [1, 1]},
								"south": {"uv": [5, 5], "uv_size": [1, 1]},
								"west": {"uv": [0, 6], "uv_size": [1, 1]},
								"up": {"uv": [6, 0], "uv_size": [1, 1]},
								"down": {"uv": [1, 7], "uv_size": [1, -1]}
							}
						},
						{
							"origin": [0.48001, 1.31637, -1.30293],
							"size": [0.1234, 0.26025, 0.54305],
							"pivot": [0.54171, 1.44649, -1.0314],
							"rotation": [0, 0, -45],
							"uv": {
								"north": {"uv": [6, 1], "uv_size": [1, 1]},
								"east": {"uv": [2, 6], "uv_size": [1, 1]},
								"south": {"uv": [6, 2], "uv_size": [1, 1]},
								"west": {"uv": [3, 6], "uv_size": [1, 1]},
								"up": {"uv": [6, 3], "uv_size": [1, 1]},
								"down": {"uv": [4, 7], "uv_size": [1, -1]}
							}
						},
						{
							"origin": [-0.60811, 1.31637, -1.30293],
							"size": [0.1234, 0.26025, 0.54305],
							"pivot": [-0.54641, 1.44649, -1.0314],
							"rotation": [0, 0, 45],
							"uv": {
								"north": {"uv": [6, 4], "uv_size": [1, 1]},
								"east": {"uv": [5, 6], "uv_size": [1, 1]},
								"south": {"uv": [6, 5], "uv_size": [1, 1]},
								"west": {"uv": [6, 6], "uv_size": [1, 1]},
								"up": {"uv": [0, 7], "uv_size": [1, 1]},
								"down": {"uv": [7, 1], "uv_size": [1, -1]}
							}
						},
						{
							"origin": [-0.49803, 1.44549, -1.30293],
							"size": [0.99136, 0.13664, 0.54305],
							"uv": {
								"north": {"uv": [1, 7], "uv_size": [1, 1]},
								"east": {"uv": [7, 1], "uv_size": [1, 1]},
								"south": {"uv": [2, 7], "uv_size": [1, 1]},
								"west": {"uv": [7, 2], "uv_size": [1, 1]},
								"up": {"uv": [3, 7], "uv_size": [1, 1]},
								"down": {"uv": [7, 4], "uv_size": [1, -1]}
							}
						},
						{
							"origin": [-0.68205, 0.92462, -1.33027],
							"size": [0.1234, 0.38384, 0.13104],
							"pivot": [-0.00235, 1.11654, -1.26475],
							"rotation": [-8, 0, 0],
							"uv": {
								"north": {"uv": [4, 7], "uv_size": [1, 1]},
								"east": {"uv": [7, 4], "uv_size": [1, 1]},
								"south": {"uv": [5, 7], "uv_size": [1, 1]},
								"west": {"uv": [7, 5], "uv_size": [1, 1]},
								"up": {"uv": [6, 7], "uv_size": [1, 1]},
								"down": {"uv": [7, 7], "uv_size": [1, -1]}
							}
						},
						{
							"origin": [0.55395, 0.92462, -1.33027],
							"size": [0.1234, 0.38384, 0.13104],
							"pivot": [-0.00235, 1.11654, -1.26475],
							"rotation": [-8, 0, 0],
							"uv": {
								"north": {"uv": [7, 7], "uv_size": [1, 1]},
								"east": {"uv": [0, 8], "uv_size": [1, 1]},
								"south": {"uv": [8, 0], "uv_size": [1, 1]},
								"west": {"uv": [1, 8], "uv_size": [1, 1]},
								"up": {"uv": [8, 1], "uv_size": [1, 1]},
								"down": {"uv": [2, 9], "uv_size": [1, -1]}
							}
						},
						{
							"origin": [0.55395, 0.55176, -1.35635],
							"size": [0.1234, 0.38384, 0.13105],
							"uv": {
								"north": {"uv": [8, 2], "uv_size": [1, 1]},
								"east": {"uv": [3, 8], "uv_size": [1, 1]},
								"south": {"uv": [8, 3], "uv_size": [1, 1]},
								"west": {"uv": [4, 8], "uv_size": [1, 1]},
								"up": {"uv": [8, 4], "uv_size": [1, 1]},
								"down": {"uv": [5, 9], "uv_size": [1, -1]}
							}
						},
						{
							"origin": [-0.68205, 0.55176, -1.35635],
							"size": [0.1234, 0.38384, 0.13105],
							"uv": {
								"north": {"uv": [8, 5], "uv_size": [1, 1]},
								"east": {"uv": [6, 8], "uv_size": [1, 1]},
								"south": {"uv": [8, 6], "uv_size": [1, 1]},
								"west": {"uv": [7, 8], "uv_size": [1, 1]},
								"up": {"uv": [8, 7], "uv_size": [1, 1]},
								"down": {"uv": [8, 9], "uv_size": [1, -1]}
							}
						},
						{
							"origin": [0.55395, 0.95063, -0.88716],
							"size": [0.1234, 0.34264, 0.21345],
							"pivot": [-0.00235, 1.06015, -0.78043],
							"rotation": [20, 0, 0],
							"uv": {
								"north": {"uv": [0, 9], "uv_size": [1, 1]},
								"east": {"uv": [9, 0], "uv_size": [1, 1]},
								"south": {"uv": [1, 9], "uv_size": [1, 1]},
								"west": {"uv": [9, 1], "uv_size": [1, 1]},
								"up": {"uv": [2, 9], "uv_size": [1, 1]},
								"down": {"uv": [9, 3], "uv_size": [1, -1]}
							}
						},
						{
							"origin": [-0.68205, 0.95063, -0.88716],
							"size": [0.1234, 0.34264, 0.21345],
							"pivot": [-0.00235, 1.06015, -0.78043],
							"rotation": [20, 0, 0],
							"uv": {
								"north": {"uv": [3, 9], "uv_size": [1, 1]},
								"east": {"uv": [9, 3], "uv_size": [1, 1]},
								"south": {"uv": [4, 9], "uv_size": [1, 1]},
								"west": {"uv": [9, 4], "uv_size": [1, 1]},
								"up": {"uv": [5, 9], "uv_size": [1, 1]},
								"down": {"uv": [9, 6], "uv_size": [1, -1]}
							}
						},
						{
							"origin": [-0.68205, 0.64434, -0.99495],
							"size": [0.1234, 0.38385, 0.41945],
							"pivot": [-0.00235, 0.91866, -0.68223],
							"rotation": [40, 0, 0],
							"uv": {
								"north": {"uv": [6, 9], "uv_size": [1, 1]},
								"east": {"uv": [9, 6], "uv_size": [1, 1]},
								"south": {"uv": [7, 9], "uv_size": [1, 1]},
								"west": {"uv": [9, 7], "uv_size": [1, 1]},
								"up": {"uv": [8, 9], "uv_size": [1, 1]},
								"down": {"uv": [9, 9], "uv_size": [1, -1]}
							}
						},
						{
							"origin": [0.55395, 0.64434, -0.99495],
							"size": [0.1234, 0.38385, 0.41945],
							"pivot": [-0.00235, 0.91866, -0.68223],
							"rotation": [40, 0, 0],
							"uv": {
								"north": {"uv": [9, 9], "uv_size": [1, 1]},
								"east": {"uv": [0, 10], "uv_size": [1, 1]},
								"south": {"uv": [10, 0], "uv_size": [1, 1]},
								"west": {"uv": [1, 10], "uv_size": [1, 1]},
								"up": {"uv": [10, 1], "uv_size": [1, 1]},
								"down": {"uv": [2, 11], "uv_size": [1, -1]}
							}
						},
						{
							"origin": [0.55395, 0.48186, -0.80131],
							"size": [0.1234, 0.38384, 0.41945],
							"pivot": [-0.00235, 0.75618, -0.48859],
							"rotation": [60, 0, 0],
							"uv": {
								"north": {"uv": [10, 2], "uv_size": [1, 1]},
								"east": {"uv": [3, 10], "uv_size": [1, 1]},
								"south": {"uv": [10, 3], "uv_size": [1, 1]},
								"west": {"uv": [4, 10], "uv_size": [1, 1]},
								"up": {"uv": [10, 4], "uv_size": [1, 1]},
								"down": {"uv": [5, 11], "uv_size": [1, -1]}
							}
						},
						{
							"origin": [-0.68205, 0.48186, -0.80131],
							"size": [0.1234, 0.38384, 0.41945],
							"pivot": [-0.00235, 0.75618, -0.48859],
							"rotation": [60, 0, 0],
							"uv": {
								"north": {"uv": [10, 5], "uv_size": [1, 1]},
								"east": {"uv": [6, 10], "uv_size": [1, 1]},
								"south": {"uv": [10, 6], "uv_size": [1, 1]},
								"west": {"uv": [7, 10], "uv_size": [1, 1]},
								"up": {"uv": [10, 7], "uv_size": [1, 1]},
								"down": {"uv": [8, 11], "uv_size": [1, -1]}
							}
						},
						{
							"origin": [0.55395, -0.0578, -0.28641],
							"size": [0.1234, 0.79585, 0.21344],
							"pivot": [-0.00235, 0.62852, -0.17969],
							"rotation": [80, 0, 0],
							"uv": {
								"north": {"uv": [10, 8], "uv_size": [1, 1]},
								"east": {"uv": [9, 10], "uv_size": [1, 1]},
								"south": {"uv": [10, 9], "uv_size": [1, 1]},
								"west": {"uv": [10, 10], "uv_size": [1, 1]},
								"up": {"uv": [0, 11], "uv_size": [1, 1]},
								"down": {"uv": [11, 1], "uv_size": [1, -1]}
							}
						},
						{
							"origin": [-0.68205, -0.0578, -0.28641],
							"size": [0.1234, 0.79585, 0.21344],
							"pivot": [-0.00235, 0.62852, -0.17969],
							"rotation": [80, 0, 0],
							"uv": {
								"north": {"uv": [1, 11], "uv_size": [1, 1]},
								"east": {"uv": [11, 1], "uv_size": [1, 1]},
								"south": {"uv": [2, 11], "uv_size": [1, 1]},
								"west": {"uv": [11, 2], "uv_size": [1, 1]},
								"up": {"uv": [3, 11], "uv_size": [1, 1]},
								"down": {"uv": [11, 4], "uv_size": [1, -1]}
							}
						},
						{
							"origin": [0.55395, 0.48496, 0.47416],
							"size": [0.1234, 0.13664, 0.21345],
							"uv": {
								"north": {"uv": [4, 11], "uv_size": [1, 1]},
								"east": {"uv": [11, 4], "uv_size": [1, 1]},
								"south": {"uv": [5, 11], "uv_size": [1, 1]},
								"west": {"uv": [11, 5], "uv_size": [1, 1]},
								"up": {"uv": [6, 11], "uv_size": [1, 1]},
								"down": {"uv": [11, 7], "uv_size": [1, -1]}
							}
						},
						{
							"origin": [-0.68205, 0.48496, 0.47416],
							"size": [0.1234, 0.13664, 0.21345],
							"uv": {
								"north": {"uv": [7, 11], "uv_size": [1, 1]},
								"east": {"uv": [11, 7], "uv_size": [1, 1]},
								"south": {"uv": [8, 11], "uv_size": [1, 1]},
								"west": {"uv": [11, 8], "uv_size": [1, 1]},
								"up": {"uv": [9, 11], "uv_size": [1, 1]},
								"down": {"uv": [11, 10], "uv_size": [1, -1]}
							}
						},
						{
							"origin": [-0.68205, 0.56107, 0.67467],
							"size": [1.3594, 0.09544, 0.66665],
							"uv": {
								"north": {"uv": [10, 11], "uv_size": [1, 1]},
								"east": {"uv": [11, 10], "uv_size": [1, 1]},
								"south": {"uv": [11, 11], "uv_size": [1, 1]},
								"west": {"uv": [0, 12], "uv_size": [1, 1]},
								"up": {"uv": [12, 0], "uv_size": [1, 1]},
								"down": {"uv": [1, 13], "uv_size": [1, -1]}
							}
						},
						{
							"origin": [-0.18765, 0.56107, 0.63347],
							"size": [0.3706, 0.13664, 0.46065],
							"uv": {
								"north": {"uv": [12, 1], "uv_size": [1, 1]},
								"east": {"uv": [2, 12], "uv_size": [1, 1]},
								"south": {"uv": [12, 2], "uv_size": [1, 1]},
								"west": {"uv": [3, 12], "uv_size": [1, 1]},
								"up": {"uv": [12, 3], "uv_size": [1, 1]},
								"down": {"uv": [4, 13], "uv_size": [1, -1]}
							}
						},
						{
							"origin": [0.23731, 0.48284, 0.05844],
							"size": [0.0946, 0.21149, 0.07183],
							"pivot": [0.28461, 0.5603, 0.09435],
							"rotation": [30, 0, -90],
							"uv": {
								"north": {"uv": [12, 4], "uv_size": [1, 1]},
								"east": {"uv": [5, 12], "uv_size": [1, 1]},
								"south": {"uv": [12, 5], "uv_size": [1, 1]},
								"west": {"uv": [6, 12], "uv_size": [1, 1]},
								"up": {"uv": [12, 6], "uv_size": [1, 1]},
								"down": {"uv": [7, 13], "uv_size": [1, -1]}
							}
						},
						{
							"origin": [0.23731, 0.48284, 0.05844],
							"size": [0.0946, 0.21149, 0.07183],
							"pivot": [0.28461, 0.5603, 0.09435],
							"rotation": [60, 0, -90],
							"uv": {
								"north": {"uv": [12, 7], "uv_size": [1, 1]},
								"east": {"uv": [8, 12], "uv_size": [1, 1]},
								"south": {"uv": [12, 8], "uv_size": [1, 1]},
								"west": {"uv": [9, 12], "uv_size": [1, 1]},
								"up": {"uv": [12, 9], "uv_size": [1, 1]},
								"down": {"uv": [10, 13], "uv_size": [1, -1]}
							}
						},
						{
							"origin": [0.23731, 0.48284, 0.05844],
							"size": [0.0946, 0.21149, 0.07183],
							"pivot": [0.28461, 0.5603, 0.09435],
							"rotation": [90, 0, -90],
							"uv": {
								"north": {"uv": [12, 10], "uv_size": [1, 1]},
								"east": {"uv": [11, 12], "uv_size": [1, 1]},
								"south": {"uv": [12, 11], "uv_size": [1, 1]},
								"west": {"uv": [12, 12], "uv_size": [1, 1]},
								"up": {"uv": [0, 13], "uv_size": [1, 1]},
								"down": {"uv": [13, 1], "uv_size": [1, -1]}
							}
						},
						{
							"origin": [0.23731, 0.48284, 0.05844],
							"size": [0.0946, 0.21149, 0.07183],
							"pivot": [0.28461, 0.5603, 0.09435],
							"rotation": [120, 0, -90],
							"uv": {
								"north": {"uv": [1, 13], "uv_size": [1, 1]},
								"east": {"uv": [13, 1], "uv_size": [1, 1]},
								"south": {"uv": [2, 13], "uv_size": [1, 1]},
								"west": {"uv": [13, 2], "uv_size": [1, 1]},
								"up": {"uv": [3, 13], "uv_size": [1, 1]},
								"down": {"uv": [13, 4], "uv_size": [1, -1]}
							}
						},
						{
							"origin": [0.23731, 0.48284, 0.05844],
							"size": [0.0946, 0.21149, 0.07183],
							"pivot": [0.28461, 0.5603, 0.09435],
							"rotation": [150, 0, -90],
							"uv": {
								"north": {"uv": [4, 13], "uv_size": [1, 1]},
								"east": {"uv": [13, 4], "uv_size": [1, 1]},
								"south": {"uv": [5, 13], "uv_size": [1, 1]},
								"west": {"uv": [13, 5], "uv_size": [1, 1]},
								"up": {"uv": [6, 13], "uv_size": [1, 1]},
								"down": {"uv": [13, 7], "uv_size": [1, -1]}
							}
						},
						{
							"origin": [0.23731, 0.48284, 0.05844],
							"size": [0.0946, 0.21149, 0.07183],
							"pivot": [0.28461, 0.5603, 0.09435],
							"rotation": [180, 0, -90],
							"uv": {
								"north": {"uv": [7, 13], "uv_size": [1, 1]},
								"east": {"uv": [13, 7], "uv_size": [1, 1]},
								"south": {"uv": [8, 13], "uv_size": [1, 1]},
								"west": {"uv": [13, 8], "uv_size": [1, 1]},
								"up": {"uv": [9, 13], "uv_size": [1, 1]},
								"down": {"uv": [13, 10], "uv_size": [1, -1]}
							}
						},
						{
							"origin": [0.23731, 0.48284, 0.05844],
							"size": [0.0946, 0.21149, 0.07183],
							"pivot": [0.28461, 0.5603, 0.09435],
							"rotation": [-150, 0, -90],
							"uv": {
								"north": {"uv": [10, 13], "uv_size": [1, 1]},
								"east": {"uv": [13, 10], "uv_size": [1, 1]},
								"south": {"uv": [11, 13], "uv_size": [1, 1]},
								"west": {"uv": [13, 11], "uv_size": [1, 1]},
								"up": {"uv": [12, 13], "uv_size": [1, 1]},
								"down": {"uv": [13, 13], "uv_size": [1, -1]}
							}
						},
						{
							"origin": [0.23731, 0.48284, 0.05844],
							"size": [0.0946, 0.21149, 0.07183],
							"pivot": [0.28461, 0.5603, 0.09435],
							"rotation": [-120, 0, -90],
							"uv": {
								"north": {"uv": [13, 13], "uv_size": [1, 1]},
								"east": {"uv": [0, 14], "uv_size": [1, 1]},
								"south": {"uv": [14, 0], "uv_size": [1, 1]},
								"west": {"uv": [1, 14], "uv_size": [1, 1]},
								"up": {"uv": [14, 1], "uv_size": [1, 1]},
								"down": {"uv": [2, 15], "uv_size": [1, -1]}
							}
						},
						{
							"origin": [0.23731, 0.48284, 0.05844],
							"size": [0.0946, 0.21149, 0.07183],
							"pivot": [0.28461, 0.5603, 0.09435],
							"rotation": [-90, 0, -90],
							"uv": {
								"north": {"uv": [14, 2], "uv_size": [1, 1]},
								"east": {"uv": [3, 14], "uv_size": [1, 1]},
								"south": {"uv": [14, 3], "uv_size": [1, 1]},
								"west": {"uv": [4, 14], "uv_size": [1, 1]},
								"up": {"uv": [14, 4], "uv_size": [1, 1]},
								"down": {"uv": [5, 15], "uv_size": [1, -1]}
							}
						},
						{
							"origin": [0.23731, 0.48284, 0.05844],
							"size": [0.0946, 0.21149, 0.07183],
							"pivot": [0.28461, 0.5603, 0.09435],
							"rotation": [-60, 0, -90],
							"uv": {
								"north": {"uv": [14, 5], "uv_size": [1, 1]},
								"east": {"uv": [6, 14], "uv_size": [1, 1]},
								"south": {"uv": [14, 6], "uv_size": [1, 1]},
								"west": {"uv": [7, 14], "uv_size": [1, 1]},
								"up": {"uv": [14, 7], "uv_size": [1, 1]},
								"down": {"uv": [8, 15], "uv_size": [1, -1]}
							}
						},
						{
							"origin": [0.23731, 0.48284, 0.05844],
							"size": [0.0946, 0.21149, 0.07183],
							"pivot": [0.28461, 0.5603, 0.09435],
							"rotation": [-30, 0, -90],
							"uv": {
								"north": {"uv": [14, 8], "uv_size": [1, 1]},
								"east": {"uv": [9, 14], "uv_size": [1, 1]},
								"south": {"uv": [14, 9], "uv_size": [1, 1]},
								"west": {"uv": [10, 14], "uv_size": [1, 1]},
								"up": {"uv": [14, 10], "uv_size": [1, 1]},
								"down": {"uv": [11, 15], "uv_size": [1, -1]}
							}
						},
						{
							"origin": [0.23731, 0.48284, 0.05844],
							"size": [0.0946, 0.21149, 0.07183],
							"pivot": [0.28461, 0.5603, 0.09435],
							"rotation": [0, 0, -90],
							"uv": {
								"north": {"uv": [14, 11], "uv_size": [1, 1]},
								"east": {"uv": [12, 14], "uv_size": [1, 1]},
								"south": {"uv": [14, 12], "uv_size": [1, 1]},
								"west": {"uv": [13, 14], "uv_size": [1, 1]},
								"up": {"uv": [14, 13], "uv_size": [1, 1]},
								"down": {"uv": [14, 15], "uv_size": [1, -1]}
							}
						},
						{
							"origin": [-0.33769, 0.48284, 0.05844],
							"size": [0.0946, 0.21149, 0.07183],
							"pivot": [-0.29039, 0.5603, 0.09435],
							"rotation": [30, 0, -90],
							"uv": {
								"north": {"uv": [12, 4], "uv_size": [1, 1]},
								"east": {"uv": [5, 12], "uv_size": [1, 1]},
								"south": {"uv": [12, 5], "uv_size": [1, 1]},
								"west": {"uv": [6, 12], "uv_size": [1, 1]},
								"up": {"uv": [12, 6], "uv_size": [1, 1]},
								"down": {"uv": [7, 13], "uv_size": [1, -1]}
							}
						},
						{
							"origin": [-0.33769, 0.48284, 0.05844],
							"size": [0.0946, 0.21149, 0.07183],
							"pivot": [-0.29039, 0.5603, 0.09435],
							"rotation": [60, 0, -90],
							"uv": {
								"north": {"uv": [12, 7], "uv_size": [1, 1]},
								"east": {"uv": [8, 12], "uv_size": [1, 1]},
								"south": {"uv": [12, 8], "uv_size": [1, 1]},
								"west": {"uv": [9, 12], "uv_size": [1, 1]},
								"up": {"uv": [12, 9], "uv_size": [1, 1]},
								"down": {"uv": [10, 13], "uv_size": [1, -1]}
							}
						},
						{
							"origin": [-0.33769, 0.48284, 0.05844],
							"size": [0.0946, 0.21149, 0.07183],
							"pivot": [-0.29039, 0.5603, 0.09435],
							"rotation": [90, 0, -90],
							"uv": {
								"north": {"uv": [12, 10], "uv_size": [1, 1]},
								"east": {"uv": [11, 12], "uv_size": [1, 1]},
								"south": {"uv": [12, 11], "uv_size": [1, 1]},
								"west": {"uv": [12, 12], "uv_size": [1, 1]},
								"up": {"uv": [0, 13], "uv_size": [1, 1]},
								"down": {"uv": [13, 1], "uv_size": [1, -1]}
							}
						},
						{
							"origin": [-0.33769, 0.48284, 0.05844],
							"size": [0.0946, 0.21149, 0.07183],
							"pivot": [-0.29039, 0.5603, 0.09435],
							"rotation": [120, 0, -90],
							"uv": {
								"north": {"uv": [1, 13], "uv_size": [1, 1]},
								"east": {"uv": [13, 1], "uv_size": [1, 1]},
								"south": {"uv": [2, 13], "uv_size": [1, 1]},
								"west": {"uv": [13, 2], "uv_size": [1, 1]},
								"up": {"uv": [3, 13], "uv_size": [1, 1]},
								"down": {"uv": [13, 4], "uv_size": [1, -1]}
							}
						},
						{
							"origin": [-0.33769, 0.48284, 0.05844],
							"size": [0.0946, 0.21149, 0.07183],
							"pivot": [-0.29039, 0.5603, 0.09435],
							"rotation": [150, 0, -90],
							"uv": {
								"north": {"uv": [4, 13], "uv_size": [1, 1]},
								"east": {"uv": [13, 4], "uv_size": [1, 1]},
								"south": {"uv": [5, 13], "uv_size": [1, 1]},
								"west": {"uv": [13, 5], "uv_size": [1, 1]},
								"up": {"uv": [6, 13], "uv_size": [1, 1]},
								"down": {"uv": [13, 7], "uv_size": [1, -1]}
							}
						},
						{
							"origin": [-0.33769, 0.48284, 0.05844],
							"size": [0.0946, 0.21149, 0.07183],
							"pivot": [-0.29039, 0.5603, 0.09435],
							"rotation": [180, 0, -90],
							"uv": {
								"north": {"uv": [7, 13], "uv_size": [1, 1]},
								"east": {"uv": [13, 7], "uv_size": [1, 1]},
								"south": {"uv": [8, 13], "uv_size": [1, 1]},
								"west": {"uv": [13, 8], "uv_size": [1, 1]},
								"up": {"uv": [9, 13], "uv_size": [1, 1]},
								"down": {"uv": [13, 10], "uv_size": [1, -1]}
							}
						},
						{
							"origin": [-0.33769, 0.48284, 0.05844],
							"size": [0.0946, 0.21149, 0.07183],
							"pivot": [-0.29039, 0.5603, 0.09435],
							"rotation": [-150, 0, -90],
							"uv": {
								"north": {"uv": [10, 13], "uv_size": [1, 1]},
								"east": {"uv": [13, 10], "uv_size": [1, 1]},
								"south": {"uv": [11, 13], "uv_size": [1, 1]},
								"west": {"uv": [13, 11], "uv_size": [1, 1]},
								"up": {"uv": [12, 13], "uv_size": [1, 1]},
								"down": {"uv": [13, 13], "uv_size": [1, -1]}
							}
						},
						{
							"origin": [-0.33769, 0.48284, 0.05844],
							"size": [0.0946, 0.21149, 0.07183],
							"pivot": [-0.29039, 0.5603, 0.09435],
							"rotation": [-120, 0, -90],
							"uv": {
								"north": {"uv": [13, 13], "uv_size": [1, 1]},
								"east": {"uv": [0, 14], "uv_size": [1, 1]},
								"south": {"uv": [14, 0], "uv_size": [1, 1]},
								"west": {"uv": [1, 14], "uv_size": [1, 1]},
								"up": {"uv": [14, 1], "uv_size": [1, 1]},
								"down": {"uv": [2, 15], "uv_size": [1, -1]}
							}
						},
						{
							"origin": [-0.33769, 0.48284, 0.05844],
							"size": [0.0946, 0.21149, 0.07183],
							"pivot": [-0.29039, 0.5603, 0.09435],
							"rotation": [-90, 0, -90],
							"uv": {
								"north": {"uv": [14, 2], "uv_size": [1, 1]},
								"east": {"uv": [3, 14], "uv_size": [1, 1]},
								"south": {"uv": [14, 3], "uv_size": [1, 1]},
								"west": {"uv": [4, 14], "uv_size": [1, 1]},
								"up": {"uv": [14, 4], "uv_size": [1, 1]},
								"down": {"uv": [5, 15], "uv_size": [1, -1]}
							}
						},
						{
							"origin": [-0.33769, 0.48284, 0.05844],
							"size": [0.0946, 0.21149, 0.07183],
							"pivot": [-0.29039, 0.5603, 0.09435],
							"rotation": [-60, 0, -90],
							"uv": {
								"north": {"uv": [14, 5], "uv_size": [1, 1]},
								"east": {"uv": [6, 14], "uv_size": [1, 1]},
								"south": {"uv": [14, 6], "uv_size": [1, 1]},
								"west": {"uv": [7, 14], "uv_size": [1, 1]},
								"up": {"uv": [14, 7], "uv_size": [1, 1]},
								"down": {"uv": [8, 15], "uv_size": [1, -1]}
							}
						},
						{
							"origin": [-0.33769, 0.48284, 0.05844],
							"size": [0.0946, 0.21149, 0.07183],
							"pivot": [-0.29039, 0.5603, 0.09435],
							"rotation": [-30, 0, -90],
							"uv": {
								"north": {"uv": [14, 8], "uv_size": [1, 1]},
								"east": {"uv": [9, 14], "uv_size": [1, 1]},
								"south": {"uv": [14, 9], "uv_size": [1, 1]},
								"west": {"uv": [10, 14], "uv_size": [1, 1]},
								"up": {"uv": [14, 10], "uv_size": [1, 1]},
								"down": {"uv": [11, 15], "uv_size": [1, -1]}
							}
						},
						{
							"origin": [-0.33769, 0.48284, 0.05844],
							"size": [0.0946, 0.21149, 0.07183],
							"pivot": [-0.29039, 0.5603, 0.09435],
							"rotation": [0, 0, -90],
							"uv": {
								"north": {"uv": [14, 11], "uv_size": [1, 1]},
								"east": {"uv": [12, 14], "uv_size": [1, 1]},
								"south": {"uv": [14, 12], "uv_size": [1, 1]},
								"west": {"uv": [13, 14], "uv_size": [1, 1]},
								"up": {"uv": [14, 13], "uv_size": [1, 1]},
								"down": {"uv": [14, 15], "uv_size": [1, -1]}
							}
						},
						{
							"origin": [-0.68205, 0.02547, -0.60253],
							"size": [1.3594, 0.54864, 1.94385],
							"uv": {
								"north": {"uv": [4, 17], "uv_size": [1, 1]},
								"east": {"uv": [0, 0], "uv_size": [2, 1]},
								"south": {"uv": [17, 4], "uv_size": [1, 1]},
								"west": {"uv": [0, 1], "uv_size": [2, 1]},
								"up": {"uv": [0, 2], "uv_size": [1, 2]},
								"down": {"uv": [2, 2], "uv_size": [1, -2]}
							}
						},
						{
							"origin": [-0.68205, 0.43747, -1.17933],
							"size": [0.3294, 0.13664, 0.62545],
							"uv": {
								"north": {"uv": [5, 17], "uv_size": [1, 1]},
								"east": {"uv": [17, 5], "uv_size": [1, 1]},
								"south": {"uv": [6, 17], "uv_size": [1, 1]},
								"west": {"uv": [17, 6], "uv_size": [1, 1]},
								"up": {"uv": [7, 17], "uv_size": [1, 1]},
								"down": {"uv": [17, 8], "uv_size": [1, -1]}
							}
						},
						{
							"origin": [-0.68205, 0.02547, -1.17933],
							"size": [0.3294, 0.21904, 0.5768],
							"uv": {
								"north": {"uv": [8, 17], "uv_size": [1, 1]},
								"east": {"uv": [17, 8], "uv_size": [1, 1]},
								"south": {"uv": [9, 17], "uv_size": [1, 1]},
								"west": {"uv": [17, 9], "uv_size": [1, 1]},
								"up": {"uv": [10, 17], "uv_size": [1, 1]},
								"down": {"uv": [17, 11], "uv_size": [1, -1]}
							}
						},
						{
							"origin": [-0.64085, 0.02547, -1.17933],
							"size": [1.3182, 0.54864, 0.62545],
							"uv": {
								"north": {"uv": [11, 17], "uv_size": [1, 1]},
								"east": {"uv": [17, 11], "uv_size": [1, 1]},
								"south": {"uv": [12, 17], "uv_size": [1, 1]},
								"west": {"uv": [17, 12], "uv_size": [1, 1]},
								"up": {"uv": [13, 17], "uv_size": [1, 1]},
								"down": {"uv": [17, 14], "uv_size": [1, -1]}
							}
						},
						{
							"origin": [-0.68205, 0.39627, -0.68493],
							"size": [0.3294, 0.05424, 0.13105],
							"pivot": [-0.51735, 0.42339, -0.5988],
							"rotation": [-45, 0, 0],
							"uv": {
								"north": {"uv": [14, 17], "uv_size": [1, 1]},
								"east": {"uv": [17, 14], "uv_size": [1, 1]},
								"south": {"uv": [15, 17], "uv_size": [1, 1]},
								"west": {"uv": [17, 15], "uv_size": [1, 1]},
								"up": {"uv": [16, 17], "uv_size": [1, 1]},
								"down": {"uv": [17, 17], "uv_size": [1, -1]}
							}
						},
						{
							"origin": [-0.68205, 0.19027, -1.17933],
							"size": [0.3294, 0.05424, 0.08985],
							"pivot": [-0.51735, 0.21739, -1.0932],
							"rotation": [-45, 0, 0],
							"uv": {
								"north": {"uv": [17, 17], "uv_size": [1, 1]},
								"east": {"uv": [0, 18], "uv_size": [1, 1]},
								"south": {"uv": [18, 0], "uv_size": [1, 1]},
								"west": {"uv": [1, 18], "uv_size": [1, 1]},
								"up": {"uv": [18, 1], "uv_size": [1, 1]},
								"down": {"uv": [2, 19], "uv_size": [1, -1]}
							}
						},
						{
							"origin": [-0.68205, 0.23147, -0.68493],
							"size": [0.3294, 0.05424, 0.13105],
							"pivot": [-0.51735, 0.25859, -0.5988],
							"rotation": [45, 0, 0],
							"uv": {
								"north": {"uv": [18, 2], "uv_size": [1, 1]},
								"east": {"uv": [3, 18], "uv_size": [1, 1]},
								"south": {"uv": [18, 3], "uv_size": [1, 1]},
								"west": {"uv": [4, 18], "uv_size": [1, 1]},
								"up": {"uv": [18, 4], "uv_size": [1, 1]},
								"down": {"uv": [5, 19], "uv_size": [1, -1]}
							}
						},
						{
							"origin": [-0.68205, 0.43747, -1.17933],
							"size": [0.3294, 0.05424, 0.08985],
							"pivot": [-0.51735, 0.46459, -1.0932],
							"rotation": [45, 0, 0],
							"uv": {
								"north": {"uv": [18, 5], "uv_size": [1, 1]},
								"east": {"uv": [6, 18], "uv_size": [1, 1]},
								"south": {"uv": [18, 6], "uv_size": [1, 1]},
								"west": {"uv": [7, 18], "uv_size": [1, 1]},
								"up": {"uv": [18, 7], "uv_size": [1, 1]},
								"down": {"uv": [8, 19], "uv_size": [1, -1]}
							}
						},
						{
							"origin": [-0.68205, 0.27267, -0.93213],
							"size": [0.0822, 0.13664, 0.13105],
							"uv": {
								"north": {"uv": [18, 8], "uv_size": [1, 1]},
								"east": {"uv": [9, 18], "uv_size": [1, 1]},
								"south": {"uv": [18, 9], "uv_size": [1, 1]},
								"west": {"uv": [10, 18], "uv_size": [1, 1]},
								"up": {"uv": [18, 10], "uv_size": [1, 1]},
								"down": {"uv": [11, 19], "uv_size": [1, -1]}
							}
						}
					]
				},
				{
					"name": "division",
					"pivot": [0, 0, 0]
				},
				{
					"name": "division_illuminated",
					"parent": "division",
					"pivot": [0, 1.02, -36.05],
					"cubes": [
						{
							"origin": [-0.25, 0.745, -36.2],
							"size": [0.5, 0.5, 0.3],
							"uv": {
								"south": {"uv": [1, 19], "uv_size": [13, 13]}
							}
						}
					]
				},
				{
					"name": "ocular",
					"pivot": [-0.00157, 0.97422, -1.14419],
					"cubes": [
						{
							"origin": [-0.60157, 0.48672, -1.20669],
							"size": [1.2, 0.975, 0.125],
							"uv": {
								"north": {"uv": [18, 11], "uv_size": [1, 1]},
								"east": {"uv": [12, 18], "uv_size": [1, 1]},
								"south": {"uv": [18, 12], "uv_size": [1, 1]},
								"west": {"uv": [13, 18], "uv_size": [1, 1]},
								"up": {"uv": [18, 13], "uv_size": [1, 1]},
								"down": {"uv": [14, 19], "uv_size": [1, -1]}
							}
						}
					]
				},
				{
					"name": "scope_view",
					"pivot": [0, 1.05, 8.1]
				}
			]
		}
	]
}