{
	"format_version": "1.12.0",
	"minecraft:geometry": [
		{
			"description": {
				"identifier": "geometry.unknown",
				"texture_width": 16,
				"texture_height": 25,
				"visible_bounds_width": 6,
				"visible_bounds_height": 1.5,
				"visible_bounds_offset": [0, 0.25, 0]
			},
			"bones": [
				{
					"name": "scopebody",
					"pivot": [-0.00574, 0.55518, -1.44521],
					"cubes": [
						{
							"origin": [0.91926, -0.00732, -0.30771],
							"size": [0.025, 1.125, 0.225],
							"uv": {
								"north": {"uv": [7, 10], "uv_size": [0.03125, 1.125]},
								"east": {"uv": [9, 6], "uv_size": [0.0625, 1.125]},
								"south": {"uv": [9, 10], "uv_size": [0.03125, 1.125]},
								"west": {"uv": [8, 9], "uv_size": [0.0625, 1.125]},
								"up": {"uv": [11, 2], "uv_size": [0.03125, 0.0625]},
								"down": {"uv": [3, 11.0625], "uv_size": [0.03125, -0.0625]}
							}
						},
						{
							"origin": [-0.95574, 1.11768, -0.30771],
							"size": [1.9, 0.025, 0.225],
							"uv": {
								"north": {"uv": [5, 10], "uv_size": [1.90625, 0.03125]},
								"east": {"uv": [11, 0], "uv_size": [0.0625, 0.03125]},
								"south": {"uv": [10, 6], "uv_size": [1.90625, 0.03125]},
								"west": {"uv": [1, 11], "uv_size": [0.0625, 0.03125]},
								"up": {"uv": [4, 9], "uv_size": [1.90625, 0.0625]},
								"down": {"uv": [9, 4.0625], "uv_size": [1.90625, -0.0625]}
							}
						},
						{
							"origin": [-0.95574, -0.00732, -0.30771],
							"size": [0.025, 1.125, 0.225],
							"uv": {
								"north": {"uv": [10, 9], "uv_size": [0.03125, 1.125]},
								"east": {"uv": [9, 8], "uv_size": [0.0625, 1.125]},
								"south": {"uv": [0, 11], "uv_size": [0.03125, 1.125]},
								"west": {"uv": [4, 10], "uv_size": [0.0625, 1.125]},
								"up": {"uv": [11, 3], "uv_size": [0.03125, 0.0625]},
								"down": {"uv": [11, 4.0625], "uv_size": [0.03125, -0.0625]}
							}
						},
						{
							"origin": [-0.95574, -0.03232, -0.30771],
							"size": [1.9, 0.025, 0.225],
							"uv": {
								"north": {"uv": [10, 7], "uv_size": [1.90625, 0.03125]},
								"east": {"uv": [11, 1], "uv_size": [0.0625, 0.03125]},
								"south": {"uv": [10, 8], "uv_size": [1.90625, 0.03125]},
								"west": {"uv": [2, 11], "uv_size": [0.0625, 0.03125]},
								"up": {"uv": [9, 5], "uv_size": [1.90625, 0.0625]},
								"down": {"uv": [6, 9.0625], "uv_size": [1.90625, -0.0625]}
							}
						}
					]
				},
				{
					"name": "ocular",
					"pivot": [-0.00574, 0.55518, -0.10771],
					"cubes": [
						{
							"origin": [-0.93074, -0.00732, -0.10771],
							"size": [1.85, 1.125, 0],
							"uv": {
								"north": {"uv": [2, 9], "uv_size": [1.84375, 1.125]},
								"east": {"uv": [0, 0], "uv_size": [0, 1.125]},
								"south": {"uv": [9, 2], "uv_size": [1.84375, 1.125]},
								"west": {"uv": [0, 0], "uv_size": [0, 1.125]},
								"up": {"uv": [0, 0], "uv_size": [1.84375, 0]},
								"down": {"uv": [0, 0], "uv_size": [1.84375, 0]}
							}
						}
					]
				},
				{
					"name": "ocular_ring",
					"pivot": [-0.00574, 0.55518, -0.07021],
					"cubes": [
						{
							"origin": [-0.95574, 1.06768, -0.10771],
							"size": [1.9, 0.075, 0.075],
							"uv": {
								"north": {"uv": [5, 10], "uv_size": [1.90625, 0.03125]},
								"east": {"uv": [11, 0], "uv_size": [0.0625, 0.03125]},
								"south": {"uv": [10, 6], "uv_size": [1.90625, 0.03125]},
								"west": {"uv": [1, 11], "uv_size": [0.0625, 0.03125]},
								"up": {"uv": [4, 9], "uv_size": [1.90625, 0.0625]},
								"down": {"uv": [9, 4.0625], "uv_size": [1.90625, -0.0625]}
							}
						},
						{
							"origin": [0.86926, -0.00732, -0.10771],
							"size": [0.075, 1.125, 0.075],
							"uv": {
								"north": {"uv": [7, 10], "uv_size": [0.03125, 1.125]},
								"east": {"uv": [9, 6], "uv_size": [0.0625, 1.125]},
								"south": {"uv": [9, 10], "uv_size": [0.03125, 1.125]},
								"west": {"uv": [8, 9], "uv_size": [0.0625, 1.125]},
								"up": {"uv": [11, 2], "uv_size": [0.03125, 0.0625]},
								"down": {"uv": [3, 11.0625], "uv_size": [0.03125, -0.0625]}
							}
						},
						{
							"origin": [-0.95574, -0.00732, -0.10771],
							"size": [0.075, 1.125, 0.075],
							"uv": {
								"north": {"uv": [10, 9], "uv_size": [0.03125, 1.125]},
								"east": {"uv": [9, 8], "uv_size": [0.0625, 1.125]},
								"south": {"uv": [0, 11], "uv_size": [0.03125, 1.125]},
								"west": {"uv": [4, 10], "uv_size": [0.0625, 1.125]},
								"up": {"uv": [11, 3], "uv_size": [0.03125, 0.0625]},
								"down": {"uv": [11, 4.0625], "uv_size": [0.03125, -0.0625]}
							}
						},
						{
							"origin": [-0.95574, -0.03232, -0.10771],
							"size": [1.9, 0.075, 0.075],
							"uv": {
								"north": {"uv": [10, 7], "uv_size": [1.90625, 0.03125]},
								"east": {"uv": [11, 1], "uv_size": [0.0625, 0.03125]},
								"south": {"uv": [10, 8], "uv_size": [1.90625, 0.03125]},
								"west": {"uv": [2, 11], "uv_size": [0.0625, 0.03125]},
								"up": {"uv": [9, 5], "uv_size": [1.90625, 0.0625]},
								"down": {"uv": [6, 9.0625], "uv_size": [1.90625, -0.0625]}
							}
						}
					]
				},
				{
					"name": "division",
					"pivot": [0, 0, 0]
				},
				{
					"name": "division_illuminated",
					"parent": "division",
					"pivot": [0, 1.295, -41.9],
					"cubes": [
						{
							"origin": [-4.25, -2.18, -13.05],
							"size": [8.5, 5.5, 0],
							"uv": {
								"south": {"uv": [1.96875, 12.78125], "uv_size": [6.21875, 4.15625]}
							}
						}
					]
				},
				{
					"name": "scope_view",
					"pivot": [0, 0.55, 2.9]
				}
			]
		}
	]
}