{
	"format_version": "1.12.0",
	"minecraft:geometry": [
		{
			"description": {
				"identifier": "geometry.unknown",
				"texture_width": 32,
				"texture_height": 32,
				"visible_bounds_width": 5,
				"visible_bounds_height": 1.5,
				"visible_bounds_offset": [0, 0.25, 0]
			},
			"bones": [
				{
					"name": "sight",
					"pivot": [0.00998, 0.78263, -0.54399],
					"cubes": [
						{
							"origin": [-0.66925, 0.6273, 2.70843],
							"size": [1.377, 0.06149, 0.29431],
							"uv": {
								"north": {"uv": [12, 13], "uv_size": [1.375, 0.125]},
								"east": {"uv": [1, 17], "uv_size": [0.25, 0.125]},
								"south": {"uv": [13, 12], "uv_size": [1.375, 0.125]},
								"west": {"uv": [17, 1], "uv_size": [0.25, 0.125]},
								"up": {"uv": [1, 12], "uv_size": [1.375, 0.25]},
								"down": {"uv": [12, 1.25], "uv_size": [1.375, -0.25]}
							}
						},
						{
							"origin": [-0.83125, -0.12121, -2.89357],
							"size": [1.701, 0.567, 2.8755],
							"uv": {
								"north": {"uv": [2, 8], "uv_size": [1.75, 0.625]},
								"east": {"uv": [6, 6], "uv_size": [2.875, 0.625]},
								"south": {"uv": [8, 2], "uv_size": [1.75, 0.625]},
								"west": {"uv": [0, 7], "uv_size": [2.875, 0.625]},
								"up": {"uv": [4, 0], "uv_size": [1.75, 2.875]},
								"down": {"uv": [4, 5.875], "uv_size": [1.75, -2.875]}
							}
						},
						{
							"origin": [0.66725, 0.08129, -3.54157],
							"size": [0.243, 1.782, 0.6075],
							"uv": {
								"north": {"uv": [11, 0], "uv_size": [0.25, 1.75]},
								"east": {"uv": [8, 7], "uv_size": [0.625, 1.75]},
								"south": {"uv": [11, 2], "uv_size": [0.25, 1.75]},
								"west": {"uv": [2, 9], "uv_size": [0.625, 1.75]},
								"up": {"uv": [4, 14], "uv_size": [0.25, 0.625]},
								"down": {"uv": [14, 4.625], "uv_size": [0.25, -0.625]}
							}
						},
						{
							"origin": [-0.87175, 0.08129, -3.54157],
							"size": [0.243, 1.782, 0.6075],
							"uv": {
								"north": {"uv": [4, 11], "uv_size": [0.25, 1.75]},
								"east": {"uv": [3, 9], "uv_size": [0.625, 1.75]},
								"south": {"uv": [5, 11], "uv_size": [0.25, 1.75]},
								"west": {"uv": [6, 9], "uv_size": [0.625, 1.75]},
								"up": {"uv": [5, 14], "uv_size": [0.25, 0.625]},
								"down": {"uv": [14, 5.625], "uv_size": [0.25, -0.625]}
							}
						},
						{
							"origin": [0.05975, 1.41779, -3.54157],
							"size": [0.243, 1.377, 0.6075],
							"pivot": [0.18125, 1.94429, -3.23782],
							"rotation": [0, 0, -90],
							"uv": {
								"north": {"uv": [12, 2], "uv_size": [0.25, 1.375]},
								"east": {"uv": [9, 6], "uv_size": [0.625, 1.375]},
								"south": {"uv": [3, 12], "uv_size": [0.25, 1.375]},
								"west": {"uv": [7, 9], "uv_size": [0.625, 1.375]},
								"up": {"uv": [6, 14], "uv_size": [0.25, 0.625]},
								"down": {"uv": [14, 6.625], "uv_size": [0.25, -0.625]}
							}
						},
						{
							"origin": [-0.42625, 3.57292, -3.54157],
							"size": [0.26672, 0.28638, 0.6075],
							"pivot": [-0.10225, 2.71379, -3.23782],
							"rotation": [0, 0, -135],
							"uv": {
								"north": {"uv": [16, 4], "uv_size": [0.25, 0.25]},
								"east": {"uv": [7, 14], "uv_size": [0.625, 0.25]},
								"south": {"uv": [5, 16], "uv_size": [0.25, 0.25]},
								"west": {"uv": [14, 7], "uv_size": [0.625, 0.25]},
								"up": {"uv": [8, 14], "uv_size": [0.25, 0.625]},
								"down": {"uv": [14, 8.625], "uv_size": [0.25, -0.625]}
							}
						},
						{
							"origin": [0.58133, 1.72704, -3.54157],
							"size": [0.26673, 0.28638, 0.6075],
							"pivot": [0.71469, 1.87023, -3.23782],
							"rotation": [0, 0, -45],
							"uv": {
								"north": {"uv": [16, 5], "uv_size": [0.25, 0.25]},
								"east": {"uv": [9, 14], "uv_size": [0.625, 0.25]},
								"south": {"uv": [6, 16], "uv_size": [0.25, 0.25]},
								"west": {"uv": [14, 9], "uv_size": [0.625, 0.25]},
								"up": {"uv": [10, 14], "uv_size": [0.25, 0.625]},
								"down": {"uv": [14, 10.625], "uv_size": [0.25, -0.625]}
							}
						},
						{
							"origin": [-0.10225, 0.27042, -2.0297],
							"size": [0.324, 1.0125, 0.486],
							"pivot": [0.05975, 0.67832, -1.76645],
							"rotation": [90, -15, 0],
							"uv": {
								"north": {"uv": [6, 11], "uv_size": [0.375, 1]},
								"east": {"uv": [3, 7], "uv_size": [0.5, 1]},
								"south": {"uv": [11, 6], "uv_size": [0.375, 1]},
								"west": {"uv": [10, 0], "uv_size": [0.5, 1]},
								"up": {"uv": [12, 9], "uv_size": [0.375, 0.5]},
								"down": {"uv": [10, 12.5], "uv_size": [0.375, -0.5]}
							}
						},
						{
							"origin": [-0.10225, 0.27042, -2.0297],
							"size": [0.324, 1.0125, 0.486],
							"pivot": [0.05975, 0.67832, -1.76645],
							"rotation": [90, -45, 0],
							"uv": {
								"north": {"uv": [7, 11], "uv_size": [0.375, 1]},
								"east": {"uv": [10, 1], "uv_size": [0.5, 1]},
								"south": {"uv": [11, 7], "uv_size": [0.375, 1]},
								"west": {"uv": [10, 2], "uv_size": [0.5, 1]},
								"up": {"uv": [11, 12], "uv_size": [0.375, 0.5]},
								"down": {"uv": [12, 11.5], "uv_size": [0.375, -0.5]}
							}
						},
						{
							"origin": [-0.10225, 0.27042, -2.0297],
							"size": [0.324, 1.0125, 0.486],
							"pivot": [0.05975, 0.67832, -1.76645],
							"rotation": [90, -75, 0],
							"uv": {
								"north": {"uv": [8, 11], "uv_size": [0.375, 1]},
								"east": {"uv": [10, 3], "uv_size": [0.5, 1]},
								"south": {"uv": [11, 8], "uv_size": [0.375, 1]},
								"west": {"uv": [4, 10], "uv_size": [0.5, 1]},
								"up": {"uv": [12, 12], "uv_size": [0.375, 0.5]},
								"down": {"uv": [0, 13.5], "uv_size": [0.375, -0.5]}
							}
						},
						{
							"origin": [-0.10225, 0.27042, -2.0297],
							"size": [0.324, 1.0125, 0.486],
							"pivot": [0.05975, 0.67832, -1.76645],
							"rotation": [-90, -75, -180],
							"uv": {
								"north": {"uv": [9, 11], "uv_size": [0.375, 1]},
								"east": {"uv": [5, 10], "uv_size": [0.5, 1]},
								"south": {"uv": [11, 9], "uv_size": [0.375, 1]},
								"west": {"uv": [10, 6], "uv_size": [0.5, 1]},
								"up": {"uv": [13, 0], "uv_size": [0.375, 0.5]},
								"down": {"uv": [1, 13.5], "uv_size": [0.375, -0.5]}
							}
						},
						{
							"origin": [-0.10225, 1.08042, -2.0297],
							"size": [0.324, 0.2025, 0.486],
							"pivot": [0.05975, 0.67832, -1.76645],
							"rotation": [-90, -45, 180],
							"uv": {
								"north": {"uv": [15, 12], "uv_size": [0.375, 0.25]},
								"east": {"uv": [6, 15], "uv_size": [0.5, 0.25]},
								"south": {"uv": [13, 15], "uv_size": [0.375, 0.25]},
								"west": {"uv": [15, 6], "uv_size": [0.5, 0.25]},
								"up": {"uv": [2, 13], "uv_size": [0.375, 0.5]},
								"down": {"uv": [13, 2.5], "uv_size": [0.375, -0.5]}
							}
						},
						{
							"origin": [-0.10225, 1.08042, -2.0297],
							"size": [0.324, 0.2025, 0.486],
							"pivot": [0.05975, 0.67832, -1.76645],
							"rotation": [-90, -15, -180],
							"uv": {
								"north": {"uv": [14, 15], "uv_size": [0.375, 0.25]},
								"east": {"uv": [7, 15], "uv_size": [0.5, 0.25]},
								"south": {"uv": [15, 14], "uv_size": [0.375, 0.25]},
								"west": {"uv": [15, 7], "uv_size": [0.5, 0.25]},
								"up": {"uv": [13, 3], "uv_size": [0.375, 0.5]},
								"down": {"uv": [4, 13.5], "uv_size": [0.375, -0.5]}
							}
						},
						{
							"origin": [-0.10225, 1.08042, -2.0297],
							"size": [0.324, 0.2025, 0.486],
							"pivot": [0.05975, 0.67832, -1.76645],
							"rotation": [-90, 15, -180],
							"uv": {
								"north": {"uv": [15, 15], "uv_size": [0.375, 0.25]},
								"east": {"uv": [8, 15], "uv_size": [0.5, 0.25]},
								"south": {"uv": [0, 16], "uv_size": [0.375, 0.25]},
								"west": {"uv": [15, 8], "uv_size": [0.5, 0.25]},
								"up": {"uv": [13, 4], "uv_size": [0.375, 0.5]},
								"down": {"uv": [5, 13.5], "uv_size": [0.375, -0.5]}
							}
						},
						{
							"origin": [-0.10225, 1.08042, -2.0297],
							"size": [0.324, 0.2025, 0.486],
							"pivot": [0.05975, 0.67832, -1.76645],
							"rotation": [-90, 45, 180],
							"uv": {
								"north": {"uv": [16, 0], "uv_size": [0.375, 0.25]},
								"east": {"uv": [9, 15], "uv_size": [0.5, 0.25]},
								"south": {"uv": [1, 16], "uv_size": [0.375, 0.25]},
								"west": {"uv": [15, 9], "uv_size": [0.5, 0.25]},
								"up": {"uv": [13, 5], "uv_size": [0.375, 0.5]},
								"down": {"uv": [6, 13.5], "uv_size": [0.375, -0.5]}
							}
						},
						{
							"origin": [-0.10225, 1.08042, -2.0297],
							"size": [0.324, 0.2025, 0.486],
							"pivot": [0.05975, 0.67832, -1.76645],
							"rotation": [-90, 75, -180],
							"uv": {
								"north": {"uv": [16, 1], "uv_size": [0.375, 0.25]},
								"east": {"uv": [10, 15], "uv_size": [0.5, 0.25]},
								"south": {"uv": [2, 16], "uv_size": [0.375, 0.25]},
								"west": {"uv": [15, 10], "uv_size": [0.5, 0.25]},
								"up": {"uv": [7, 13], "uv_size": [0.375, 0.5]},
								"down": {"uv": [8, 13.5], "uv_size": [0.375, -0.5]}
							}
						},
						{
							"origin": [-0.10225, 1.08042, -2.0297],
							"size": [0.324, 0.2025, 0.486],
							"pivot": [0.05975, 0.67832, -1.76645],
							"rotation": [90, 75, 0],
							"uv": {
								"north": {"uv": [16, 2], "uv_size": [0.375, 0.25]},
								"east": {"uv": [11, 15], "uv_size": [0.5, 0.25]},
								"south": {"uv": [3, 16], "uv_size": [0.375, 0.25]},
								"west": {"uv": [12, 15], "uv_size": [0.5, 0.25]},
								"up": {"uv": [13, 8], "uv_size": [0.375, 0.5]},
								"down": {"uv": [9, 13.5], "uv_size": [0.375, -0.5]}
							}
						},
						{
							"origin": [-0.10225, 0.27042, -2.0297],
							"size": [0.324, 1.0125, 0.486],
							"pivot": [0.05975, 0.67832, -1.76645],
							"rotation": [90, 45, 0],
							"uv": {
								"north": {"uv": [10, 11], "uv_size": [0.375, 1]},
								"east": {"uv": [10, 7], "uv_size": [0.5, 1]},
								"south": {"uv": [11, 11], "uv_size": [0.375, 1]},
								"west": {"uv": [8, 10], "uv_size": [0.5, 1]},
								"up": {"uv": [13, 9], "uv_size": [0.375, 0.5]},
								"down": {"uv": [10, 13.5], "uv_size": [0.375, -0.5]}
							}
						},
						{
							"origin": [-0.10225, 0.27042, -2.0297],
							"size": [0.324, 1.0125, 0.486],
							"pivot": [0.05975, 0.67832, -1.76645],
							"rotation": [90, 15, 0],
							"uv": {
								"north": {"uv": [0, 12], "uv_size": [0.375, 1]},
								"east": {"uv": [9, 10], "uv_size": [0.5, 1]},
								"south": {"uv": [12, 0], "uv_size": [0.375, 1]},
								"west": {"uv": [10, 9], "uv_size": [0.5, 1]},
								"up": {"uv": [11, 13], "uv_size": [0.375, 0.5]},
								"down": {"uv": [13, 11.5], "uv_size": [0.375, -0.5]}
							}
						},
						{
							"origin": [-0.58825, 0.68879, -0.66607],
							"size": [1.215, 0.081, 3.65],
							"uv": {
								"north": {"uv": [11, 14], "uv_size": [1.25, 0.125]},
								"east": {"uv": [10, 10], "uv_size": [3.625, 0.125]},
								"south": {"uv": [14, 11], "uv_size": [1.25, 0.125]},
								"west": {"uv": [0, 11], "uv_size": [3.625, 0.125]},
								"up": {"uv": [6, 0], "uv_size": [1.25, 3.625]},
								"down": {"uv": [4, 9.625], "uv_size": [1.25, -3.625]}
							}
						},
						{
							"origin": [-0.54775, 0.76979, 1.72843],
							"size": [1.134, 0.081, 1.2555],
							"uv": {
								"north": {"uv": [0, 15], "uv_size": [1.125, 0.125]},
								"east": {"uv": [13, 14], "uv_size": [1.25, 0.125]},
								"south": {"uv": [2, 15], "uv_size": [1.125, 0.125]},
								"west": {"uv": [14, 13], "uv_size": [1.25, 0.125]},
								"up": {"uv": [0, 8], "uv_size": [1.125, 1.25]},
								"down": {"uv": [8, 1.25], "uv_size": [1.125, -1.25]}
							}
						},
						{
							"origin": [0.22175, 0.722, 1.33924],
							"size": [0.3645, 0.081, 0.405],
							"pivot": [0.01925, 0.7625, 1.54174],
							"rotation": [14, 0, 0],
							"uv": {
								"north": {"uv": [16, 13], "uv_size": [0.375, 0.125]},
								"east": {"uv": [14, 16], "uv_size": [0.375, 0.125]},
								"south": {"uv": [16, 14], "uv_size": [0.375, 0.125]},
								"west": {"uv": [15, 16], "uv_size": [0.375, 0.125]},
								"up": {"uv": [4, 15], "uv_size": [0.375, 0.375]},
								"down": {"uv": [15, 4.375], "uv_size": [0.375, -0.375]}
							}
						},
						{
							"origin": [-0.54775, 0.722, 1.33924],
							"size": [0.3645, 0.081, 0.405],
							"pivot": [0.01925, 0.7625, 1.54174],
							"rotation": [14, 0, 0],
							"uv": {
								"north": {"uv": [16, 15], "uv_size": [0.375, 0.125]},
								"east": {"uv": [16, 16], "uv_size": [0.375, 0.125]},
								"south": {"uv": [0, 17], "uv_size": [0.375, 0.125]},
								"west": {"uv": [17, 0], "uv_size": [0.375, 0.125]},
								"up": {"uv": [5, 15], "uv_size": [0.375, 0.375]},
								"down": {"uv": [15, 5.375], "uv_size": [0.375, -0.375]}
							}
						},
						{
							"origin": [-0.22375, 0.72929, 1.64743],
							"size": [0.486, 0.081, 0.162],
							"pivot": [0.01925, 0.81029, 1.72843],
							"rotation": [-6, 0, 0],
							"uv": {
								"north": {"uv": [16, 6], "uv_size": [0.5, 0.125]},
								"east": {"uv": [10, 17], "uv_size": [0.125, 0.125]},
								"south": {"uv": [7, 16], "uv_size": [0.5, 0.125]},
								"west": {"uv": [17, 10], "uv_size": [0.125, 0.125]},
								"up": {"uv": [16, 7], "uv_size": [0.5, 0.125]},
								"down": {"uv": [8, 16.125], "uv_size": [0.5, -0.125]}
							}
						},
						{
							"origin": [0.26225, 0.68879, -0.50407],
							"size": [0.243, 0.1215, 0.243],
							"uv": {
								"north": {"uv": [2, 17], "uv_size": [0.25, 0.125]},
								"east": {"uv": [17, 2], "uv_size": [0.25, 0.125]},
								"south": {"uv": [3, 17], "uv_size": [0.25, 0.125]},
								"west": {"uv": [17, 3], "uv_size": [0.25, 0.125]},
								"up": {"uv": [16, 8], "uv_size": [0.25, 0.25]},
								"down": {"uv": [9, 16.25], "uv_size": [0.25, -0.25]}
							}
						},
						{
							"origin": [-0.46675, 0.68879, -0.50407],
							"size": [0.243, 0.1215, 0.243],
							"uv": {
								"north": {"uv": [4, 17], "uv_size": [0.25, 0.125]},
								"east": {"uv": [17, 4], "uv_size": [0.25, 0.125]},
								"south": {"uv": [5, 17], "uv_size": [0.25, 0.125]},
								"west": {"uv": [17, 5], "uv_size": [0.25, 0.125]},
								"up": {"uv": [16, 9], "uv_size": [0.25, 0.25]},
								"down": {"uv": [10, 16.25], "uv_size": [0.25, -0.25]}
							}
						},
						{
							"origin": [0.26225, 0.68879, 0.71593],
							"size": [0.243, 0.1215, 0.243],
							"uv": {
								"north": {"uv": [6, 17], "uv_size": [0.25, 0.125]},
								"east": {"uv": [17, 6], "uv_size": [0.25, 0.125]},
								"south": {"uv": [7, 17], "uv_size": [0.25, 0.125]},
								"west": {"uv": [17, 7], "uv_size": [0.25, 0.125]},
								"up": {"uv": [16, 10], "uv_size": [0.25, 0.25]},
								"down": {"uv": [11, 16.25], "uv_size": [0.25, -0.25]}
							}
						},
						{
							"origin": [-0.46675, 0.68879, 0.71593],
							"size": [0.243, 0.1215, 0.243],
							"uv": {
								"north": {"uv": [8, 17], "uv_size": [0.25, 0.125]},
								"east": {"uv": [17, 8], "uv_size": [0.25, 0.125]},
								"south": {"uv": [9, 17], "uv_size": [0.25, 0.125]},
								"west": {"uv": [17, 9], "uv_size": [0.25, 0.125]},
								"up": {"uv": [16, 11], "uv_size": [0.25, 0.25]},
								"down": {"uv": [12, 16.25], "uv_size": [0.25, -0.25]}
							}
						},
						{
							"origin": [-0.66925, 0.08129, -3.54157],
							"size": [1.377, 0.6075, 6.278],
							"uv": {
								"north": {"uv": [8, 3], "uv_size": [1.375, 0.625]},
								"east": {"uv": [6, 4], "uv_size": [6.25, 0.625]},
								"south": {"uv": [8, 9], "uv_size": [1.375, 0.625]},
								"west": {"uv": [6, 5], "uv_size": [6.25, 0.625]},
								"up": {"uv": [0, 0], "uv_size": [1.375, 6.25]},
								"down": {"uv": [2, 6.25], "uv_size": [1.375, -6.25]}
							}
						},
						{
							"origin": [-0.66925, 0.13256, 2.71435],
							"size": [1.377, 0.6075, 0.128],
							"pivot": [0.01925, 0.33631, 2.67835],
							"rotation": [-26, 0, 0],
							"uv": {
								"north": {"uv": [9, 8], "uv_size": [1.375, 0.625]},
								"east": {"uv": [16, 3], "uv_size": [0.125, 0.625]},
								"south": {"uv": [0, 10], "uv_size": [1.375, 0.625]},
								"west": {"uv": [4, 16], "uv_size": [0.125, 0.625]},
								"up": {"uv": [0, 14], "uv_size": [1.375, 0.125]},
								"down": {"uv": [14, 0.125], "uv_size": [1.375, -0.125]}
							}
						},
						{
							"origin": [-0.66925, 0.35756, 2.61435],
							"size": [1.377, 0.2825, 0.228],
							"uv": {
								"north": {"uv": [6, 12], "uv_size": [1.375, 0.25]},
								"east": {"uv": [16, 12], "uv_size": [0.25, 0.25]},
								"south": {"uv": [12, 6], "uv_size": [1.375, 0.25]},
								"west": {"uv": [13, 16], "uv_size": [0.25, 0.25]},
								"up": {"uv": [12, 7], "uv_size": [1.375, 0.25]},
								"down": {"uv": [8, 12.25], "uv_size": [1.375, -0.25]}
							}
						},
						{
							"origin": [-0.66925, 0.55756, 2.81435],
							"size": [1.377, 0.0825, 0.078],
							"uv": {
								"north": {"uv": [14, 1], "uv_size": [1.375, 0.125]},
								"east": {"uv": [11, 17], "uv_size": [0.125, 0.125]},
								"south": {"uv": [2, 14], "uv_size": [1.375, 0.125]},
								"west": {"uv": [17, 11], "uv_size": [0.125, 0.125]},
								"up": {"uv": [14, 2], "uv_size": [1.375, 0.125]},
								"down": {"uv": [14, 3.125], "uv_size": [1.375, -0.125]}
							}
						}
					]
				},
				{
					"name": "division",
					"pivot": [0, -0.4, 13.5]
				},
				{
					"name": "division_illuminated",
					"parent": "division",
					"pivot": [0, 1.32, -42.05],
					"cubes": [
						{
							"origin": [-0.25, 1.045, -42.2],
							"size": [0.5, 0.5, 0.3],
							"uv": {
								"south": {"uv": [1.875, 20.125], "uv_size": [5, 5]}
							}
						}
					]
				},
				{
					"name": "ocular",
					"pivot": [0.02343, 1.23672, -3.05669],
					"cubes": [
						{
							"origin": [-0.65138, 0.59927, -3.069],
							"size": [1.34963, 1.27491, 0.02463],
							"uv": {
								"south": {"uv": [6, 7], "uv_size": [1.375, 1.25]}
							}
						}
					]
				},
				{
					"name": "scope_view",
					"pivot": [0, 1.3, 12.1]
				}
			]
		}
	]
}