{
	"format_version": "1.12.0",
	"minecraft:geometry": [
		{
			"description": {
				"identifier": "geometry.unknown",
				"texture_width": 128,
				"texture_height": 128,
				"visible_bounds_width": 8,
				"visible_bounds_height": 3,
				"visible_bounds_offset": [0, 0.5, 0]
			},
			"bones": [
				{
					"name": "scope_body",
					"pivot": [-0.15055, 1.56786, 0.9581],
					"cubes": [
						{
							"origin": [0.02194, -0.23235, -0.94506],
							"size": [0.41, 0.44001, 2.208],
							"uv": {
								"north": {"uv": [56, 52], "uv_size": [0.375, 0.5]},
								"east": {"uv": [46, 36], "uv_size": [2.25, 0.5]},
								"south": {"uv": [53, 56], "uv_size": [0.375, 0.5]},
								"west": {"uv": [46, 37], "uv_size": [2.25, 0.5]},
								"up": {"uv": [38, 47], "uv_size": [0.375, 2.25]},
								"down": {"uv": [48, 48.25], "uv_size": [0.375, -2.25]}
							}
						},
						{
							"origin": [0.02194, 0.16765, 0.62994],
							"size": [0.41, 1.04001, 0.083],
							"uv": {
								"north": {"uv": [53, 26], "uv_size": [0.375, 1]},
								"east": {"uv": [59, 30], "uv_size": [0.125, 1]},
								"south": {"uv": [53, 27], "uv_size": [0.375, 1]},
								"west": {"uv": [31, 59], "uv_size": [0.125, 1]},
								"up": {"uv": [64, 64], "uv_size": [0.375, 0.125]},
								"down": {"uv": [65, 0.125], "uv_size": [0.375, -0.125]}
							}
						},
						{
							"origin": [0.02194, 0.16765, -0.95306],
							"size": [0.41, 1.04001, 0.083],
							"uv": {
								"north": {"uv": [28, 53], "uv_size": [0.375, 1]},
								"east": {"uv": [59, 31], "uv_size": [0.125, 1]},
								"south": {"uv": [29, 53], "uv_size": [0.375, 1]},
								"west": {"uv": [32, 59], "uv_size": [0.125, 1]},
								"up": {"uv": [65, 1], "uv_size": [0.375, 0.125]},
								"down": {"uv": [65, 2.125], "uv_size": [0.375, -0.125]}
							}
						},
						{
							"origin": [0.02194, 0.31765, 0.02994],
							"size": [0.41, 0.74001, 0.283],
							"uv": {
								"north": {"uv": [54, 30], "uv_size": [0.375, 0.75]},
								"east": {"uv": [56, 53], "uv_size": [0.25, 0.75]},
								"south": {"uv": [54, 31], "uv_size": [0.375, 0.75]},
								"west": {"uv": [54, 56], "uv_size": [0.25, 0.75]},
								"up": {"uv": [53, 60], "uv_size": [0.375, 0.25]},
								"down": {"uv": [60, 53.25], "uv_size": [0.375, -0.25]}
							}
						},
						{
							"origin": [0.02194, 0.84265, -0.29506],
							"size": [0.41, 0.24001, 0.358],
							"uv": {
								"north": {"uv": [54, 60], "uv_size": [0.375, 0.25]},
								"east": {"uv": [60, 54], "uv_size": [0.375, 0.25]},
								"south": {"uv": [55, 60], "uv_size": [0.375, 0.25]},
								"west": {"uv": [60, 55], "uv_size": [0.375, 0.25]},
								"up": {"uv": [59, 9], "uv_size": [0.375, 0.375]},
								"down": {"uv": [59, 10.375], "uv_size": [0.375, -0.375]}
							}
						},
						{
							"origin": [0.02194, 0.31765, -0.29506],
							"size": [0.41, 0.24001, 0.358],
							"uv": {
								"north": {"uv": [56, 60], "uv_size": [0.375, 0.25]},
								"east": {"uv": [60, 56], "uv_size": [0.375, 0.25]},
								"south": {"uv": [57, 60], "uv_size": [0.375, 0.25]},
								"west": {"uv": [60, 57], "uv_size": [0.375, 0.25]},
								"up": {"uv": [59, 11], "uv_size": [0.375, 0.375]},
								"down": {"uv": [59, 12.375], "uv_size": [0.375, -0.375]}
							}
						},
						{
							"origin": [0.02194, 0.31765, -0.57006],
							"size": [0.41, 0.76501, 0.283],
							"uv": {
								"north": {"uv": [54, 32], "uv_size": [0.375, 0.75]},
								"east": {"uv": [56, 54], "uv_size": [0.25, 0.75]},
								"south": {"uv": [33, 54], "uv_size": [0.375, 0.75]},
								"west": {"uv": [55, 56], "uv_size": [0.25, 0.75]},
								"up": {"uv": [58, 60], "uv_size": [0.375, 0.25]},
								"down": {"uv": [60, 58.25], "uv_size": [0.375, -0.25]}
							}
						},
						{
							"origin": [0.02194, 0.16765, -0.87006],
							"size": [0.41, 0.16501, 1.508],
							"uv": {
								"north": {"uv": [65, 3], "uv_size": [0.375, 0.125]},
								"east": {"uv": [56, 55], "uv_size": [1.5, 0.125]},
								"south": {"uv": [65, 4], "uv_size": [0.375, 0.125]},
								"west": {"uv": [56, 56], "uv_size": [1.5, 0.125]},
								"up": {"uv": [35, 49], "uv_size": [0.375, 1.5]},
								"down": {"uv": [36, 50.5], "uv_size": [0.375, -1.5]}
							}
						},
						{
							"origin": [0.02194, 1.04265, -0.87006],
							"size": [0.41, 0.16501, 2.208],
							"uv": {
								"north": {"uv": [65, 5], "uv_size": [0.375, 0.125]},
								"east": {"uv": [54, 33], "uv_size": [2.25, 0.125]},
								"south": {"uv": [65, 6], "uv_size": [0.375, 0.125]},
								"west": {"uv": [34, 54], "uv_size": [2.25, 0.125]},
								"up": {"uv": [24, 49], "uv_size": [0.375, 2.25]},
								"down": {"uv": [25, 51.25], "uv_size": [0.375, -2.25]}
							}
						},
						{
							"origin": [-0.97806, 1.30766, -0.94506],
							"size": [0.185, 0.1, 2.283],
							"uv": {
								"north": {"uv": [37, 66], "uv_size": [0.125, 0.125]},
								"east": {"uv": [54, 34], "uv_size": [2.25, 0.125]},
								"south": {"uv": [66, 37], "uv_size": [0.125, 0.125]},
								"west": {"uv": [54, 35], "uv_size": [2.25, 0.125]},
								"up": {"uv": [37, 54], "uv_size": [0.125, 2.25]},
								"down": {"uv": [38, 56.25], "uv_size": [0.125, -2.25]}
							}
						},
						{
							"origin": [-0.9698, 1.22761, -0.94506],
							"size": [0.14142, 0.1, 2.283],
							"pivot": [-0.8773, 1.27761, 0.19644],
							"rotation": [0, 0, 45],
							"uv": {
								"north": {"uv": [38, 66], "uv_size": [0.125, 0.125]},
								"east": {"uv": [54, 36], "uv_size": [2.25, 0.125]},
								"south": {"uv": [66, 38], "uv_size": [0.125, 0.125]},
								"west": {"uv": [54, 37], "uv_size": [2.25, 0.125]},
								"up": {"uv": [39, 54], "uv_size": [0.125, 2.25]},
								"down": {"uv": [40, 56.25], "uv_size": [0.125, -2.25]}
							}
						},
						{
							"origin": [-0.87806, 1.20766, -0.94506],
							"size": [1.285, 0.2, 2.283],
							"uv": {
								"north": {"uv": [45, 53], "uv_size": [1.25, 0.25]},
								"east": {"uv": [50, 29], "uv_size": [2.25, 0.25]},
								"south": {"uv": [53, 45], "uv_size": [1.25, 0.25]},
								"west": {"uv": [31, 50], "uv_size": [2.25, 0.25]},
								"up": {"uv": [42, 0], "uv_size": [1.25, 2.25]},
								"down": {"uv": [42, 5.25], "uv_size": [1.25, -2.25]}
							}
						},
						{
							"origin": [0.28177, 0.8323, -0.87006],
							"size": [0.11001, 0.26501, 1.508],
							"pivot": [0.33678, 1.0148, -0.11606],
							"rotation": [0, 0, 40],
							"uv": {
								"north": {"uv": [65, 46], "uv_size": [0.125, 0.25]},
								"east": {"uv": [53, 29], "uv_size": [1.5, 0.25]},
								"south": {"uv": [47, 65], "uv_size": [0.125, 0.25]},
								"west": {"uv": [30, 53], "uv_size": [1.5, 0.25]},
								"up": {"uv": [57, 0], "uv_size": [0.125, 1.5]},
								"down": {"uv": [57, 3.5], "uv_size": [0.125, -1.5]}
							}
						},
						{
							"origin": [0.19339, 0.24584, -0.87006],
							"size": [0.11, 0.29001, 1.508],
							"pivot": [0.24839, 0.46584, -0.11606],
							"rotation": [0, 0, -40],
							"uv": {
								"north": {"uv": [65, 47], "uv_size": [0.125, 0.25]},
								"east": {"uv": [32, 53], "uv_size": [1.5, 0.25]},
								"south": {"uv": [48, 65], "uv_size": [0.125, 0.25]},
								"west": {"uv": [34, 53], "uv_size": [1.5, 0.25]},
								"up": {"uv": [57, 4], "uv_size": [0.125, 1.5]},
								"down": {"uv": [57, 7.5], "uv_size": [0.125, -1.5]}
							}
						},
						{
							"origin": [0.02194, 0.16765, 0.05494],
							"size": [0.26, 1.04001, 0.583],
							"uv": {
								"north": {"uv": [41, 54], "uv_size": [0.25, 1]},
								"east": {"uv": [28, 49], "uv_size": [0.625, 1]},
								"south": {"uv": [42, 54], "uv_size": [0.25, 1]},
								"west": {"uv": [49, 28], "uv_size": [0.625, 1]},
								"up": {"uv": [40, 57], "uv_size": [0.25, 0.625]},
								"down": {"uv": [57, 40.625], "uv_size": [0.25, -0.625]}
							}
						},
						{
							"origin": [0.02194, 0.16765, -0.94506],
							"size": [0.26, 1.04001, 0.608],
							"uv": {
								"north": {"uv": [43, 54], "uv_size": [0.25, 1]},
								"east": {"uv": [29, 49], "uv_size": [0.625, 1]},
								"south": {"uv": [44, 54], "uv_size": [0.25, 1]},
								"west": {"uv": [49, 29], "uv_size": [0.625, 1]},
								"up": {"uv": [41, 57], "uv_size": [0.25, 0.625]},
								"down": {"uv": [57, 41.625], "uv_size": [0.25, -0.625]}
							}
						},
						{
							"origin": [0.37194, -0.23235, -0.94506],
							"size": [0.21, 0.44001, 0.083],
							"uv": {
								"north": {"uv": [59, 32], "uv_size": [0.25, 0.5]},
								"east": {"uv": [62, 62], "uv_size": [0.125, 0.5]},
								"south": {"uv": [33, 59], "uv_size": [0.25, 0.5]},
								"west": {"uv": [63, 0], "uv_size": [0.125, 0.5]},
								"up": {"uv": [65, 48], "uv_size": [0.25, 0.125]},
								"down": {"uv": [49, 65.125], "uv_size": [0.25, -0.125]}
							}
						},
						{
							"origin": [0.07194, -0.18235, -1.34506],
							"size": [0.46, 0.04001, 0.483],
							"uv": {
								"north": {"uv": [63, 1], "uv_size": [0.5, 0.125]},
								"east": {"uv": [63, 2], "uv_size": [0.5, 0.125]},
								"south": {"uv": [63, 3], "uv_size": [0.5, 0.125]},
								"west": {"uv": [63, 4], "uv_size": [0.5, 0.125]},
								"up": {"uv": [45, 54], "uv_size": [0.5, 0.5]},
								"down": {"uv": [46, 54.5], "uv_size": [0.5, -0.5]}
							}
						},
						{
							"origin": [0.0348, -0.18235, -1.52601],
							"size": [0.46, 0.04001, 0.283],
							"pivot": [0.2648, -0.01234, -1.38451],
							"rotation": [0, -40, 0],
							"uv": {
								"north": {"uv": [63, 5], "uv_size": [0.5, 0.125]},
								"east": {"uv": [65, 49], "uv_size": [0.25, 0.125]},
								"south": {"uv": [63, 6], "uv_size": [0.5, 0.125]},
								"west": {"uv": [50, 65], "uv_size": [0.25, 0.125]},
								"up": {"uv": [59, 33], "uv_size": [0.5, 0.25]},
								"down": {"uv": [34, 59.25], "uv_size": [0.5, -0.25]}
							}
						},
						{
							"origin": [0.0348, 0.11765, -1.52601],
							"size": [0.46, 0.04001, 0.283],
							"pivot": [0.2648, -0.01234, -1.38451],
							"rotation": [0, -40, 0],
							"uv": {
								"north": {"uv": [63, 7], "uv_size": [0.5, 0.125]},
								"east": {"uv": [65, 50], "uv_size": [0.25, 0.125]},
								"south": {"uv": [63, 8], "uv_size": [0.5, 0.125]},
								"west": {"uv": [51, 65], "uv_size": [0.25, 0.125]},
								"up": {"uv": [59, 34], "uv_size": [0.5, 0.25]},
								"down": {"uv": [35, 59.25], "uv_size": [0.5, -0.25]}
							}
						},
						{
							"origin": [0.07194, 0.11765, -1.34506],
							"size": [0.46, 0.04001, 0.483],
							"uv": {
								"north": {"uv": [63, 9], "uv_size": [0.5, 0.125]},
								"east": {"uv": [63, 10], "uv_size": [0.5, 0.125]},
								"south": {"uv": [63, 11], "uv_size": [0.5, 0.125]},
								"west": {"uv": [63, 12], "uv_size": [0.5, 0.125]},
								"up": {"uv": [54, 46], "uv_size": [0.5, 0.5]},
								"down": {"uv": [47, 54.5], "uv_size": [0.5, -0.5]}
							}
						},
						{
							"origin": [0.47194, -0.15735, -1.34506],
							"size": [0.06, 0.29001, 0.483],
							"uv": {
								"north": {"uv": [65, 51], "uv_size": [0.125, 0.25]},
								"east": {"uv": [59, 35], "uv_size": [0.5, 0.25]},
								"south": {"uv": [52, 65], "uv_size": [0.125, 0.25]},
								"west": {"uv": [36, 59], "uv_size": [0.5, 0.25]},
								"up": {"uv": [63, 13], "uv_size": [0.125, 0.5]},
								"down": {"uv": [63, 14.5], "uv_size": [0.125, -0.5]}
							}
						},
						{
							"origin": [0.36407, -0.23235, -0.90073],
							"size": [0.21, 0.44001, 0.083],
							"pivot": [0.46907, -0.01234, -0.85923],
							"rotation": [0, 23, 0],
							"uv": {
								"north": {"uv": [59, 36], "uv_size": [0.25, 0.5]},
								"east": {"uv": [63, 15], "uv_size": [0.125, 0.5]},
								"south": {"uv": [37, 59], "uv_size": [0.25, 0.5]},
								"west": {"uv": [63, 16], "uv_size": [0.125, 0.5]},
								"up": {"uv": [65, 52], "uv_size": [0.25, 0.125]},
								"down": {"uv": [53, 65.125], "uv_size": [0.25, -0.125]}
							}
						},
						{
							"origin": [0.02194, -0.23235, 1.57994],
							"size": [0.61, 0.44001, 0.283],
							"uv": {
								"north": {"uv": [47, 53], "uv_size": [0.625, 0.5]},
								"east": {"uv": [59, 37], "uv_size": [0.25, 0.5]},
								"south": {"uv": [48, 53], "uv_size": [0.625, 0.5]},
								"west": {"uv": [38, 59], "uv_size": [0.25, 0.5]},
								"up": {"uv": [42, 57], "uv_size": [0.625, 0.25]},
								"down": {"uv": [57, 42.25], "uv_size": [0.625, -0.25]}
							}
						},
						{
							"origin": [0.62194, -0.23235, 1.57994],
							"size": [0.21, 0.44001, 0.083],
							"uv": {
								"north": {"uv": [59, 38], "uv_size": [0.25, 0.5]},
								"east": {"uv": [63, 17], "uv_size": [0.125, 0.5]},
								"south": {"uv": [39, 59], "uv_size": [0.25, 0.5]},
								"west": {"uv": [63, 18], "uv_size": [0.125, 0.5]},
								"up": {"uv": [65, 53], "uv_size": [0.25, 0.125]},
								"down": {"uv": [54, 65.125], "uv_size": [0.25, -0.125]}
							}
						},
						{
							"origin": [0.55051, -0.23235, 1.64134],
							"size": [0.28284, 0.44001, 0.108],
							"pivot": [0.72835, -0.01234, 1.70784],
							"rotation": [0, 45, 0],
							"uv": {
								"north": {"uv": [59, 39], "uv_size": [0.25, 0.5]},
								"east": {"uv": [63, 19], "uv_size": [0.125, 0.5]},
								"south": {"uv": [40, 59], "uv_size": [0.25, 0.5]},
								"west": {"uv": [63, 20], "uv_size": [0.125, 0.5]},
								"up": {"uv": [65, 54], "uv_size": [0.25, 0.125]},
								"down": {"uv": [55, 65.125], "uv_size": [0.25, -0.125]}
							}
						},
						{
							"origin": [0.55051, -0.23235, 1.54134],
							"size": [0.13284, 0.44001, 0.108],
							"pivot": [0.72835, -0.01234, 1.60784],
							"rotation": [0, 45, 0],
							"uv": {
								"north": {"uv": [63, 21], "uv_size": [0.125, 0.5]},
								"east": {"uv": [63, 22], "uv_size": [0.125, 0.5]},
								"south": {"uv": [63, 23], "uv_size": [0.125, 0.5]},
								"west": {"uv": [24, 63], "uv_size": [0.125, 0.5]},
								"up": {"uv": [39, 66], "uv_size": [0.125, 0.125]},
								"down": {"uv": [66, 39.125], "uv_size": [0.125, -0.125]}
							}
						},
						{
							"origin": [0.16514, -0.23235, 1.15243],
							"size": [0.185, 0.44001, 0.308],
							"pivot": [0.25764, -0.01234, 1.30643],
							"rotation": [0, -45, 0],
							"uv": {
								"north": {"uv": [63, 24], "uv_size": [0.125, 0.5]},
								"east": {"uv": [59, 40], "uv_size": [0.25, 0.5]},
								"south": {"uv": [25, 63], "uv_size": [0.125, 0.5]},
								"west": {"uv": [41, 59], "uv_size": [0.25, 0.5]},
								"up": {"uv": [65, 55], "uv_size": [0.125, 0.25]},
								"down": {"uv": [56, 65.25], "uv_size": [0.125, -0.25]}
							}
						},
						{
							"origin": [0.16514, -0.08235, 1.22743],
							"size": [0.835, 0.18, 0.18],
							"pivot": [0.25764, -0.01234, 1.30643],
							"rotation": [0, -45, 0],
							"uv": {
								"north": {"uv": [40, 60], "uv_size": [0.875, 0.125]},
								"east": {"uv": [40, 66], "uv_size": [0.125, 0.125]},
								"south": {"uv": [60, 40], "uv_size": [0.875, 0.125]},
								"west": {"uv": [66, 40], "uv_size": [0.125, 0.125]},
								"up": {"uv": [41, 60], "uv_size": [0.875, 0.125]},
								"down": {"uv": [60, 41.125], "uv_size": [0.875, -0.125]}
							}
						},
						{
							"origin": [0.96514, -0.13235, 1.17743],
							"size": [0.11, 0.28, 0.28],
							"pivot": [0.25764, -0.01234, 1.30643],
							"rotation": [0, -45, 0],
							"uv": {
								"north": {"uv": [65, 56], "uv_size": [0.125, 0.25]},
								"east": {"uv": [63, 25], "uv_size": [0.25, 0.25]},
								"south": {"uv": [57, 65], "uv_size": [0.125, 0.25]},
								"west": {"uv": [26, 63], "uv_size": [0.25, 0.25]},
								"up": {"uv": [65, 57], "uv_size": [0.125, 0.25]},
								"down": {"uv": [58, 65.25], "uv_size": [0.125, -0.25]}
							}
						},
						{
							"origin": [0.02194, 0.21765, 1.25494],
							"size": [0.41, 0.11501, 0.308],
							"uv": {
								"north": {"uv": [65, 7], "uv_size": [0.375, 0.125]},
								"east": {"uv": [65, 58], "uv_size": [0.25, 0.125]},
								"south": {"uv": [65, 8], "uv_size": [0.375, 0.125]},
								"west": {"uv": [59, 65], "uv_size": [0.25, 0.125]},
								"up": {"uv": [59, 60], "uv_size": [0.375, 0.25]},
								"down": {"uv": [60, 59.25], "uv_size": [0.375, -0.25]}
							}
						},
						{
							"origin": [0.02194, -0.35735, 1.25494],
							"size": [0.41, 0.11501, 0.308],
							"uv": {
								"north": {"uv": [65, 9], "uv_size": [0.375, 0.125]},
								"east": {"uv": [65, 59], "uv_size": [0.25, 0.125]},
								"south": {"uv": [65, 10], "uv_size": [0.375, 0.125]},
								"west": {"uv": [60, 65], "uv_size": [0.25, 0.125]},
								"up": {"uv": [60, 60], "uv_size": [0.375, 0.25]},
								"down": {"uv": [61, 0.25], "uv_size": [0.375, -0.25]}
							}
						},
						{
							"origin": [3.5921, 2.35284, 3.53247],
							"size": [0.4568, 0.09316, 0.32606],
							"pivot": [-0.6, 1.83756, 3.6955],
							"rotation": [0, 90, -30],
							"uv": {
								"north": {"uv": [63, 26], "uv_size": [0.5, 0.125]},
								"east": {"uv": [65, 11], "uv_size": [0.375, 0.125]},
								"south": {"uv": [27, 63], "uv_size": [0.5, 0.125]},
								"west": {"uv": [65, 12], "uv_size": [0.375, 0.125]},
								"up": {"uv": [57, 8], "uv_size": [0.5, 0.375]},
								"down": {"uv": [57, 9.375], "uv_size": [0.5, -0.375]}
							}
						},
						{
							"origin": [3.5921, 2.35284, 3.53247],
							"size": [0.4568, 0.09316, 0.32606],
							"pivot": [-0.6, 1.83756, 3.6955],
							"rotation": [0, 90, -60],
							"uv": {
								"north": {"uv": [63, 27], "uv_size": [0.5, 0.125]},
								"east": {"uv": [65, 13], "uv_size": [0.375, 0.125]},
								"south": {"uv": [28, 63], "uv_size": [0.5, 0.125]},
								"west": {"uv": [65, 14], "uv_size": [0.375, 0.125]},
								"up": {"uv": [57, 10], "uv_size": [0.5, 0.375]},
								"down": {"uv": [57, 11.375], "uv_size": [0.5, -0.375]}
							}
						},
						{
							"origin": [3.5921, 2.35284, 3.53247],
							"size": [0.4568, 0.09316, 0.32606],
							"pivot": [-0.6, 1.83756, 3.6955],
							"rotation": [0, 90, -90],
							"uv": {
								"north": {"uv": [63, 28], "uv_size": [0.5, 0.125]},
								"east": {"uv": [65, 15], "uv_size": [0.375, 0.125]},
								"south": {"uv": [29, 63], "uv_size": [0.5, 0.125]},
								"west": {"uv": [65, 16], "uv_size": [0.375, 0.125]},
								"up": {"uv": [57, 12], "uv_size": [0.5, 0.375]},
								"down": {"uv": [57, 13.375], "uv_size": [0.5, -0.375]}
							}
						},
						{
							"origin": [3.5921, 2.35284, 3.53247],
							"size": [0.4568, 0.09316, 0.32606],
							"pivot": [-0.6, 1.83756, 3.6955],
							"rotation": [0, 90, -120],
							"uv": {
								"north": {"uv": [63, 29], "uv_size": [0.5, 0.125]},
								"east": {"uv": [65, 17], "uv_size": [0.375, 0.125]},
								"south": {"uv": [30, 63], "uv_size": [0.5, 0.125]},
								"west": {"uv": [65, 18], "uv_size": [0.375, 0.125]},
								"up": {"uv": [57, 14], "uv_size": [0.5, 0.375]},
								"down": {"uv": [57, 15.375], "uv_size": [0.5, -0.375]}
							}
						},
						{
							"origin": [3.5921, 2.35284, 3.53247],
							"size": [0.4568, 0.09316, 0.32606],
							"pivot": [-0.6, 1.83756, 3.6955],
							"rotation": [0, 90, -150],
							"uv": {
								"north": {"uv": [63, 30], "uv_size": [0.5, 0.125]},
								"east": {"uv": [65, 19], "uv_size": [0.375, 0.125]},
								"south": {"uv": [31, 63], "uv_size": [0.5, 0.125]},
								"west": {"uv": [65, 20], "uv_size": [0.375, 0.125]},
								"up": {"uv": [57, 16], "uv_size": [0.5, 0.375]},
								"down": {"uv": [57, 17.375], "uv_size": [0.5, -0.375]}
							}
						},
						{
							"origin": [3.5921, 2.35284, 3.53247],
							"size": [0.4568, 0.09316, 0.32606],
							"pivot": [-0.6, 1.83756, 3.6955],
							"rotation": [0, 90, -180],
							"uv": {
								"north": {"uv": [63, 31], "uv_size": [0.5, 0.125]},
								"east": {"uv": [65, 21], "uv_size": [0.375, 0.125]},
								"south": {"uv": [32, 63], "uv_size": [0.5, 0.125]},
								"west": {"uv": [65, 22], "uv_size": [0.375, 0.125]},
								"up": {"uv": [57, 18], "uv_size": [0.5, 0.375]},
								"down": {"uv": [57, 19.375], "uv_size": [0.5, -0.375]}
							}
						},
						{
							"origin": [3.5921, 2.35284, 3.53247],
							"size": [0.4568, 0.09316, 0.32606],
							"pivot": [-0.6, 1.83756, 3.6955],
							"rotation": [0, 90, 150],
							"uv": {
								"north": {"uv": [63, 32], "uv_size": [0.5, 0.125]},
								"east": {"uv": [65, 23], "uv_size": [0.375, 0.125]},
								"south": {"uv": [33, 63], "uv_size": [0.5, 0.125]},
								"west": {"uv": [24, 65], "uv_size": [0.375, 0.125]},
								"up": {"uv": [57, 20], "uv_size": [0.5, 0.375]},
								"down": {"uv": [57, 21.375], "uv_size": [0.5, -0.375]}
							}
						},
						{
							"origin": [3.5921, 2.35284, 3.53247],
							"size": [0.4568, 0.19316, 0.32606],
							"pivot": [-0.6, 1.83756, 3.6955],
							"rotation": [0, 90, 120],
							"uv": {
								"north": {"uv": [59, 42], "uv_size": [0.5, 0.25]},
								"east": {"uv": [61, 1], "uv_size": [0.375, 0.25]},
								"south": {"uv": [43, 59], "uv_size": [0.5, 0.25]},
								"west": {"uv": [61, 2], "uv_size": [0.375, 0.25]},
								"up": {"uv": [57, 22], "uv_size": [0.5, 0.375]},
								"down": {"uv": [57, 23.375], "uv_size": [0.5, -0.375]}
							}
						},
						{
							"origin": [3.5921, 2.35284, 3.53247],
							"size": [0.4568, 0.09316, 0.15106],
							"pivot": [-0.6, 1.83756, 3.6955],
							"rotation": [0, 90, 90],
							"uv": {
								"north": {"uv": [63, 33], "uv_size": [0.5, 0.125]},
								"east": {"uv": [41, 66], "uv_size": [0.125, 0.125]},
								"south": {"uv": [34, 63], "uv_size": [0.5, 0.125]},
								"west": {"uv": [66, 41], "uv_size": [0.125, 0.125]},
								"up": {"uv": [63, 34], "uv_size": [0.5, 0.125]},
								"down": {"uv": [35, 63.125], "uv_size": [0.5, -0.125]}
							}
						},
						{
							"origin": [3.5921, 2.35284, 3.53247],
							"size": [0.4568, 0.09316, 0.32606],
							"pivot": [-0.6, 1.83756, 3.6955],
							"rotation": [0, 90, 60],
							"uv": {
								"north": {"uv": [63, 35], "uv_size": [0.5, 0.125]},
								"east": {"uv": [65, 24], "uv_size": [0.375, 0.125]},
								"south": {"uv": [36, 63], "uv_size": [0.5, 0.125]},
								"west": {"uv": [25, 65], "uv_size": [0.375, 0.125]},
								"up": {"uv": [24, 57], "uv_size": [0.5, 0.375]},
								"down": {"uv": [57, 24.375], "uv_size": [0.5, -0.375]}
							}
						},
						{
							"origin": [3.5921, 2.35284, 3.53247],
							"size": [0.4568, 0.09316, 0.32606],
							"pivot": [-0.6, 1.83756, 3.6955],
							"rotation": [0, 90, 30],
							"uv": {
								"north": {"uv": [63, 36], "uv_size": [0.5, 0.125]},
								"east": {"uv": [65, 25], "uv_size": [0.375, 0.125]},
								"south": {"uv": [37, 63], "uv_size": [0.5, 0.125]},
								"west": {"uv": [26, 65], "uv_size": [0.375, 0.125]},
								"up": {"uv": [25, 57], "uv_size": [0.5, 0.375]},
								"down": {"uv": [57, 25.375], "uv_size": [0.5, -0.375]}
							}
						},
						{
							"origin": [3.5921, 2.35284, 3.53247],
							"size": [0.4568, 0.09316, 0.32606],
							"pivot": [-0.6, 1.83756, 3.6955],
							"rotation": [0, 90, 0],
							"uv": {
								"north": {"uv": [63, 37], "uv_size": [0.5, 0.125]},
								"east": {"uv": [65, 26], "uv_size": [0.375, 0.125]},
								"south": {"uv": [38, 63], "uv_size": [0.5, 0.125]},
								"west": {"uv": [27, 65], "uv_size": [0.375, 0.125]},
								"up": {"uv": [26, 57], "uv_size": [0.5, 0.375]},
								"down": {"uv": [57, 26.375], "uv_size": [0.5, -0.375]}
							}
						},
						{
							"origin": [3.5921, 2.35284, 5.35747],
							"size": [0.6818, 0.09316, 0.32606],
							"pivot": [-0.6, 1.83756, 5.5205],
							"rotation": [0, 90, 0],
							"uv": {
								"north": {"uv": [61, 54], "uv_size": [0.625, 0.125]},
								"east": {"uv": [65, 27], "uv_size": [0.375, 0.125]},
								"south": {"uv": [55, 61], "uv_size": [0.625, 0.125]},
								"west": {"uv": [28, 65], "uv_size": [0.375, 0.125]},
								"up": {"uv": [30, 55], "uv_size": [0.625, 0.375]},
								"down": {"uv": [55, 30.375], "uv_size": [0.625, -0.375]}
							}
						},
						{
							"origin": [3.5921, 2.35284, 5.35747],
							"size": [0.6818, 0.09316, 0.32606],
							"pivot": [-0.6, 1.83756, 5.5205],
							"rotation": [0, 90, 30],
							"uv": {
								"north": {"uv": [61, 55], "uv_size": [0.625, 0.125]},
								"east": {"uv": [65, 28], "uv_size": [0.375, 0.125]},
								"south": {"uv": [56, 61], "uv_size": [0.625, 0.125]},
								"west": {"uv": [29, 65], "uv_size": [0.375, 0.125]},
								"up": {"uv": [31, 55], "uv_size": [0.625, 0.375]},
								"down": {"uv": [55, 31.375], "uv_size": [0.625, -0.375]}
							}
						},
						{
							"origin": [3.5921, 2.35284, 5.35747],
							"size": [0.6818, 0.09316, 0.32606],
							"pivot": [-0.6, 1.83756, 5.5205],
							"rotation": [0, 90, 60],
							"uv": {
								"north": {"uv": [61, 56], "uv_size": [0.625, 0.125]},
								"east": {"uv": [65, 29], "uv_size": [0.375, 0.125]},
								"south": {"uv": [57, 61], "uv_size": [0.625, 0.125]},
								"west": {"uv": [30, 65], "uv_size": [0.375, 0.125]},
								"up": {"uv": [32, 55], "uv_size": [0.625, 0.375]},
								"down": {"uv": [55, 32.375], "uv_size": [0.625, -0.375]}
							}
						},
						{
							"origin": [3.5921, 2.35284, 5.35747],
							"size": [0.6818, 0.09316, 0.15106],
							"pivot": [-0.6, 1.83756, 5.5205],
							"rotation": [0, 90, 90],
							"uv": {
								"north": {"uv": [61, 57], "uv_size": [0.625, 0.125]},
								"east": {"uv": [42, 66], "uv_size": [0.125, 0.125]},
								"south": {"uv": [58, 61], "uv_size": [0.625, 0.125]},
								"west": {"uv": [66, 42], "uv_size": [0.125, 0.125]},
								"up": {"uv": [61, 58], "uv_size": [0.625, 0.125]},
								"down": {"uv": [59, 61.125], "uv_size": [0.625, -0.125]}
							}
						},
						{
							"origin": [3.5921, 2.35284, 3.53247],
							"size": [0.4568, 0.44316, 0.15],
							"pivot": [-0.6, 1.83756, 3.6955],
							"rotation": [0, 90, 90],
							"uv": {
								"north": {"uv": [54, 47], "uv_size": [0.5, 0.5]},
								"east": {"uv": [63, 38], "uv_size": [0.125, 0.5]},
								"south": {"uv": [48, 54], "uv_size": [0.5, 0.5]},
								"west": {"uv": [39, 63], "uv_size": [0.125, 0.5]},
								"up": {"uv": [63, 39], "uv_size": [0.5, 0.125]},
								"down": {"uv": [40, 63.125], "uv_size": [0.5, -0.125]}
							}
						},
						{
							"origin": [0.11528, 1.90059, -0.7784],
							"size": [0.15, 0.15, 0.275],
							"pivot": [0.19028, 1.97559, -0.7284],
							"rotation": [90, 45, -180],
							"uv": {
								"north": {"uv": [43, 66], "uv_size": [0.125, 0.125]},
								"east": {"uv": [65, 60], "uv_size": [0.25, 0.125]},
								"south": {"uv": [66, 43], "uv_size": [0.125, 0.125]},
								"west": {"uv": [61, 65], "uv_size": [0.25, 0.125]},
								"up": {"uv": [65, 61], "uv_size": [0.125, 0.25]},
								"down": {"uv": [62, 65.25], "uv_size": [0.125, -0.25]}
							}
						},
						{
							"origin": [0.11528, 1.90059, 0.7716],
							"size": [0.15, 0.15, 0.275],
							"pivot": [0.19028, 1.97559, 0.8216],
							"rotation": [90, 45, -180],
							"uv": {
								"north": {"uv": [44, 66], "uv_size": [0.125, 0.125]},
								"east": {"uv": [65, 62], "uv_size": [0.25, 0.125]},
								"south": {"uv": [66, 44], "uv_size": [0.125, 0.125]},
								"west": {"uv": [63, 65], "uv_size": [0.25, 0.125]},
								"up": {"uv": [65, 63], "uv_size": [0.125, 0.25]},
								"down": {"uv": [64, 65.25], "uv_size": [0.125, -0.25]}
							}
						},
						{
							"origin": [0.11528, 1.90059, 1.0966],
							"size": [0.15, 0.15, 0.275],
							"pivot": [0.19028, 1.97559, 1.1466],
							"rotation": [90, 45, -180],
							"uv": {
								"north": {"uv": [45, 66], "uv_size": [0.125, 0.125]},
								"east": {"uv": [65, 64], "uv_size": [0.25, 0.125]},
								"south": {"uv": [66, 45], "uv_size": [0.125, 0.125]},
								"west": {"uv": [65, 65], "uv_size": [0.25, 0.125]},
								"up": {"uv": [0, 66], "uv_size": [0.125, 0.25]},
								"down": {"uv": [66, 0.25], "uv_size": [0.125, -0.25]}
							}
						},
						{
							"origin": [3.5921, 2.35284, 5.35747],
							"size": [0.6818, 0.44316, 0.15],
							"pivot": [-0.6, 1.83756, 5.5205],
							"rotation": [0, 90, 90],
							"uv": {
								"north": {"uv": [49, 53], "uv_size": [0.625, 0.5]},
								"east": {"uv": [63, 40], "uv_size": [0.125, 0.5]},
								"south": {"uv": [50, 53], "uv_size": [0.625, 0.5]},
								"west": {"uv": [41, 63], "uv_size": [0.125, 0.5]},
								"up": {"uv": [61, 59], "uv_size": [0.625, 0.125]},
								"down": {"uv": [60, 61.125], "uv_size": [0.625, -0.125]}
							}
						},
						{
							"origin": [3.5921, 2.35284, 3.70747],
							"size": [0.4568, 0.44316, 0.45106],
							"pivot": [-0.6, 1.83756, 3.6955],
							"rotation": [0, 90, 90],
							"uv": {
								"north": {"uv": [54, 48], "uv_size": [0.5, 0.5]},
								"east": {"uv": [49, 54], "uv_size": [0.5, 0.5]},
								"south": {"uv": [50, 54], "uv_size": [0.5, 0.5]},
								"west": {"uv": [51, 54], "uv_size": [0.5, 0.5]},
								"up": {"uv": [52, 54], "uv_size": [0.5, 0.5]},
								"down": {"uv": [54, 52.5], "uv_size": [0.5, -0.5]}
							}
						},
						{
							"origin": [3.5921, 2.35284, 5.53247],
							"size": [0.6818, 0.44316, 0.45106],
							"pivot": [-0.6, 1.83756, 5.5205],
							"rotation": [0, 90, 90],
							"uv": {
								"north": {"uv": [51, 53], "uv_size": [0.625, 0.5]},
								"east": {"uv": [53, 54], "uv_size": [0.5, 0.5]},
								"south": {"uv": [52, 53], "uv_size": [0.625, 0.5]},
								"west": {"uv": [54, 53], "uv_size": [0.5, 0.5]},
								"up": {"uv": [53, 53], "uv_size": [0.625, 0.5]},
								"down": {"uv": [54, 6.5], "uv_size": [0.625, -0.5]}
							}
						},
						{
							"origin": [3.5921, 2.35284, 5.35747],
							"size": [0.6818, 0.19316, 0.32606],
							"pivot": [-0.6, 1.83756, 5.5205],
							"rotation": [0, 90, 120],
							"uv": {
								"north": {"uv": [43, 57], "uv_size": [0.625, 0.25]},
								"east": {"uv": [61, 3], "uv_size": [0.375, 0.25]},
								"south": {"uv": [57, 43], "uv_size": [0.625, 0.25]},
								"west": {"uv": [61, 4], "uv_size": [0.375, 0.25]},
								"up": {"uv": [33, 55], "uv_size": [0.625, 0.375]},
								"down": {"uv": [34, 55.375], "uv_size": [0.625, -0.375]}
							}
						},
						{
							"origin": [3.5921, 2.35284, 5.35747],
							"size": [0.6818, 0.09316, 0.32606],
							"pivot": [-0.6, 1.83756, 5.5205],
							"rotation": [0, 90, -120],
							"uv": {
								"north": {"uv": [61, 60], "uv_size": [0.625, 0.125]},
								"east": {"uv": [65, 30], "uv_size": [0.375, 0.125]},
								"south": {"uv": [61, 61], "uv_size": [0.625, 0.125]},
								"west": {"uv": [31, 65], "uv_size": [0.375, 0.125]},
								"up": {"uv": [35, 55], "uv_size": [0.625, 0.375]},
								"down": {"uv": [36, 55.375], "uv_size": [0.625, -0.375]}
							}
						},
						{
							"origin": [3.5921, 2.35284, 5.35747],
							"size": [0.6818, 0.09316, 0.32606],
							"pivot": [-0.6, 1.83756, 5.5205],
							"rotation": [0, 90, -90],
							"uv": {
								"north": {"uv": [62, 0], "uv_size": [0.625, 0.125]},
								"east": {"uv": [65, 31], "uv_size": [0.375, 0.125]},
								"south": {"uv": [62, 1], "uv_size": [0.625, 0.125]},
								"west": {"uv": [32, 65], "uv_size": [0.375, 0.125]},
								"up": {"uv": [41, 55], "uv_size": [0.625, 0.375]},
								"down": {"uv": [42, 55.375], "uv_size": [0.625, -0.375]}
							}
						},
						{
							"origin": [3.5921, 2.35284, 5.35747],
							"size": [0.6818, 0.09316, 0.32606],
							"pivot": [-0.6, 1.83756, 5.5205],
							"rotation": [0, 90, -60],
							"uv": {
								"north": {"uv": [62, 2], "uv_size": [0.625, 0.125]},
								"east": {"uv": [65, 32], "uv_size": [0.375, 0.125]},
								"south": {"uv": [62, 3], "uv_size": [0.625, 0.125]},
								"west": {"uv": [33, 65], "uv_size": [0.375, 0.125]},
								"up": {"uv": [43, 55], "uv_size": [0.625, 0.375]},
								"down": {"uv": [44, 55.375], "uv_size": [0.625, -0.375]}
							}
						},
						{
							"origin": [3.5921, 2.35284, 5.35747],
							"size": [0.6818, 0.09316, 0.32606],
							"pivot": [-0.6, 1.83756, 5.5205],
							"rotation": [0, 90, -30],
							"uv": {
								"north": {"uv": [62, 4], "uv_size": [0.625, 0.125]},
								"east": {"uv": [65, 33], "uv_size": [0.375, 0.125]},
								"south": {"uv": [62, 5], "uv_size": [0.625, 0.125]},
								"west": {"uv": [34, 65], "uv_size": [0.375, 0.125]},
								"up": {"uv": [45, 55], "uv_size": [0.625, 0.375]},
								"down": {"uv": [55, 45.375], "uv_size": [0.625, -0.375]}
							}
						},
						{
							"origin": [3.5921, 2.35284, 5.35747],
							"size": [0.6818, 0.09316, 0.32606],
							"pivot": [-0.6, 1.83756, 5.5205],
							"rotation": [0, 90, 150],
							"uv": {
								"north": {"uv": [62, 6], "uv_size": [0.625, 0.125]},
								"east": {"uv": [65, 34], "uv_size": [0.375, 0.125]},
								"south": {"uv": [62, 7], "uv_size": [0.625, 0.125]},
								"west": {"uv": [35, 65], "uv_size": [0.375, 0.125]},
								"up": {"uv": [46, 55], "uv_size": [0.625, 0.375]},
								"down": {"uv": [55, 46.375], "uv_size": [0.625, -0.375]}
							}
						},
						{
							"origin": [3.5921, 2.35284, 5.35747],
							"size": [0.6818, 0.09316, 0.32606],
							"pivot": [-0.6, 1.83756, 5.5205],
							"rotation": [0, 90, -180],
							"uv": {
								"north": {"uv": [62, 8], "uv_size": [0.625, 0.125]},
								"east": {"uv": [65, 35], "uv_size": [0.375, 0.125]},
								"south": {"uv": [62, 9], "uv_size": [0.625, 0.125]},
								"west": {"uv": [36, 65], "uv_size": [0.375, 0.125]},
								"up": {"uv": [47, 55], "uv_size": [0.625, 0.375]},
								"down": {"uv": [55, 47.375], "uv_size": [0.625, -0.375]}
							}
						},
						{
							"origin": [3.5921, 2.35284, 5.35747],
							"size": [0.6818, 0.09316, 0.32606],
							"pivot": [-0.6, 1.83756, 5.5205],
							"rotation": [0, 90, -150],
							"uv": {
								"north": {"uv": [62, 10], "uv_size": [0.625, 0.125]},
								"east": {"uv": [65, 36], "uv_size": [0.375, 0.125]},
								"south": {"uv": [62, 11], "uv_size": [0.625, 0.125]},
								"west": {"uv": [37, 65], "uv_size": [0.375, 0.125]},
								"up": {"uv": [48, 55], "uv_size": [0.625, 0.375]},
								"down": {"uv": [55, 48.375], "uv_size": [0.625, -0.375]}
							}
						},
						{
							"origin": [1.386, 4.51875, 1.89125],
							"size": [0.93195, 0.555, 0.1925],
							"pivot": [-0.6, 4.71454, 1.9875],
							"rotation": [-180, 0, 90],
							"uv": {
								"north": {"uv": [40, 51], "uv_size": [0.875, 0.5]},
								"east": {"uv": [59, 43], "uv_size": [0.25, 0.5]},
								"south": {"uv": [41, 51], "uv_size": [0.875, 0.5]},
								"west": {"uv": [44, 59], "uv_size": [0.25, 0.5]},
								"up": {"uv": [51, 55], "uv_size": [0.875, 0.25]},
								"down": {"uv": [52, 55.25], "uv_size": [0.875, -0.25]}
							}
						},
						{
							"origin": [1.386, 4.51875, 1.89125],
							"size": [0.93195, 0.555, 0.1925],
							"pivot": [-0.6, 4.71454, 1.9875],
							"rotation": [150, 0, 90],
							"uv": {
								"north": {"uv": [42, 51], "uv_size": [0.875, 0.5]},
								"east": {"uv": [59, 44], "uv_size": [0.25, 0.5]},
								"south": {"uv": [43, 51], "uv_size": [0.875, 0.5]},
								"west": {"uv": [45, 59], "uv_size": [0.25, 0.5]},
								"up": {"uv": [55, 52], "uv_size": [0.875, 0.25]},
								"down": {"uv": [53, 55.25], "uv_size": [0.875, -0.25]}
							}
						},
						{
							"origin": [1.386, 4.51875, 1.89125],
							"size": [0.93195, 0.555, 0.1925],
							"pivot": [-0.6, 4.71454, 1.9875],
							"rotation": [120, 0, 90],
							"uv": {
								"north": {"uv": [44, 51], "uv_size": [0.875, 0.5]},
								"east": {"uv": [59, 45], "uv_size": [0.25, 0.5]},
								"south": {"uv": [45, 51], "uv_size": [0.875, 0.5]},
								"west": {"uv": [46, 59], "uv_size": [0.25, 0.5]},
								"up": {"uv": [55, 53], "uv_size": [0.875, 0.25]},
								"down": {"uv": [54, 55.25], "uv_size": [0.875, -0.25]}
							}
						},
						{
							"origin": [1.386, 4.51875, 1.89125],
							"size": [0.93195, 0.555, 0.1925],
							"pivot": [-0.6, 4.71454, 1.9875],
							"rotation": [90, 0, 90],
							"uv": {
								"north": {"uv": [46, 51], "uv_size": [0.875, 0.5]},
								"east": {"uv": [59, 46], "uv_size": [0.25, 0.5]},
								"south": {"uv": [47, 51], "uv_size": [0.875, 0.5]},
								"west": {"uv": [47, 59], "uv_size": [0.25, 0.5]},
								"up": {"uv": [55, 54], "uv_size": [0.875, 0.25]},
								"down": {"uv": [55, 55.25], "uv_size": [0.875, -0.25]}
							}
						},
						{
							"origin": [1.386, 4.51875, 1.89125],
							"size": [0.93195, 0.555, 0.1925],
							"pivot": [-0.6, 4.71454, 1.9875],
							"rotation": [60, 0, 90],
							"uv": {
								"north": {"uv": [48, 51], "uv_size": [0.875, 0.5]},
								"east": {"uv": [59, 47], "uv_size": [0.25, 0.5]},
								"south": {"uv": [49, 51], "uv_size": [0.875, 0.5]},
								"west": {"uv": [48, 59], "uv_size": [0.25, 0.5]},
								"up": {"uv": [56, 6], "uv_size": [0.875, 0.25]},
								"down": {"uv": [56, 7.25], "uv_size": [0.875, -0.25]}
							}
						},
						{
							"origin": [1.386, 4.51875, 1.89125],
							"size": [0.93195, 0.555, 0.1925],
							"pivot": [-0.6, 4.71454, 1.9875],
							"rotation": [-60, 0, 90],
							"uv": {
								"north": {"uv": [51, 49], "uv_size": [0.875, 0.5]},
								"east": {"uv": [59, 48], "uv_size": [0.25, 0.5]},
								"south": {"uv": [50, 51], "uv_size": [0.875, 0.5]},
								"west": {"uv": [49, 59], "uv_size": [0.25, 0.5]},
								"up": {"uv": [56, 8], "uv_size": [0.875, 0.25]},
								"down": {"uv": [56, 9.25], "uv_size": [0.875, -0.25]}
							}
						},
						{
							"origin": [1.386, 4.51875, 1.89125],
							"size": [0.93195, 0.555, 0.1925],
							"pivot": [-0.6, 4.71454, 1.9875],
							"rotation": [-90, 0, 90],
							"uv": {
								"north": {"uv": [51, 50], "uv_size": [0.875, 0.5]},
								"east": {"uv": [59, 49], "uv_size": [0.25, 0.5]},
								"south": {"uv": [51, 51], "uv_size": [0.875, 0.5]},
								"west": {"uv": [50, 59], "uv_size": [0.25, 0.5]},
								"up": {"uv": [56, 10], "uv_size": [0.875, 0.25]},
								"down": {"uv": [24, 56.25], "uv_size": [0.875, -0.25]}
							}
						},
						{
							"origin": [1.386, 4.51875, 1.89125],
							"size": [0.93195, 0.555, 0.1925],
							"pivot": [-0.6, 4.71454, 1.9875],
							"rotation": [-120, 0, 90],
							"uv": {
								"north": {"uv": [52, 22], "uv_size": [0.875, 0.5]},
								"east": {"uv": [59, 50], "uv_size": [0.25, 0.5]},
								"south": {"uv": [52, 23], "uv_size": [0.875, 0.5]},
								"west": {"uv": [51, 59], "uv_size": [0.25, 0.5]},
								"up": {"uv": [25, 56], "uv_size": [0.875, 0.25]},
								"down": {"uv": [26, 56.25], "uv_size": [0.875, -0.25]}
							}
						},
						{
							"origin": [1.386, 4.51875, 1.89125],
							"size": [0.93195, 0.555, 0.1925],
							"pivot": [-0.6, 4.71454, 1.9875],
							"rotation": [-150, 0, 90],
							"uv": {
								"north": {"uv": [24, 52], "uv_size": [0.875, 0.5]},
								"east": {"uv": [59, 51], "uv_size": [0.25, 0.5]},
								"south": {"uv": [52, 24], "uv_size": [0.875, 0.5]},
								"west": {"uv": [52, 59], "uv_size": [0.25, 0.5]},
								"up": {"uv": [27, 56], "uv_size": [0.875, 0.25]},
								"down": {"uv": [28, 56.25], "uv_size": [0.875, -0.25]}
							}
						},
						{
							"origin": [1.386, 4.51875, 1.89125],
							"size": [0.93195, 0.555, 0.1925],
							"pivot": [-0.6, 4.71454, 1.9875],
							"rotation": [30, 0, 90],
							"uv": {
								"north": {"uv": [25, 52], "uv_size": [0.875, 0.5]},
								"east": {"uv": [59, 52], "uv_size": [0.25, 0.5]},
								"south": {"uv": [26, 52], "uv_size": [0.875, 0.5]},
								"west": {"uv": [53, 59], "uv_size": [0.25, 0.5]},
								"up": {"uv": [56, 28], "uv_size": [0.875, 0.25]},
								"down": {"uv": [29, 56.25], "uv_size": [0.875, -0.25]}
							}
						},
						{
							"origin": [1.386, 4.51875, 1.89125],
							"size": [0.93195, 0.555, 0.1925],
							"pivot": [-0.6, 4.71454, 1.9875],
							"rotation": [0, 0, 90],
							"uv": {
								"north": {"uv": [52, 26], "uv_size": [0.875, 0.5]},
								"east": {"uv": [59, 53], "uv_size": [0.25, 0.5]},
								"south": {"uv": [27, 52], "uv_size": [0.875, 0.5]},
								"west": {"uv": [54, 59], "uv_size": [0.25, 0.5]},
								"up": {"uv": [56, 29], "uv_size": [0.875, 0.25]},
								"down": {"uv": [30, 56.25], "uv_size": [0.875, -0.25]}
							}
						},
						{
							"origin": [1.386, 4.51875, 1.89125],
							"size": [0.93195, 0.555, 0.1925],
							"pivot": [-0.6, 4.71454, 1.9875],
							"rotation": [-30, 0, 90],
							"uv": {
								"north": {"uv": [52, 27], "uv_size": [0.875, 0.5]},
								"east": {"uv": [59, 54], "uv_size": [0.25, 0.5]},
								"south": {"uv": [28, 52], "uv_size": [0.875, 0.5]},
								"west": {"uv": [55, 59], "uv_size": [0.25, 0.5]},
								"up": {"uv": [56, 30], "uv_size": [0.875, 0.25]},
								"down": {"uv": [31, 56.25], "uv_size": [0.875, -0.25]}
							}
						},
						{
							"origin": [1.60446, 4.92843, 1.88066],
							"size": [0.25747, 0.61605, 0.21368],
							"pivot": [-0.6, 5.14576, 1.9875],
							"rotation": [150, 0, 90],
							"uv": {
								"north": {"uv": [44, 57], "uv_size": [0.25, 0.625]},
								"east": {"uv": [57, 44], "uv_size": [0.25, 0.625]},
								"south": {"uv": [45, 57], "uv_size": [0.25, 0.625]},
								"west": {"uv": [57, 45], "uv_size": [0.25, 0.625]},
								"up": {"uv": [63, 41], "uv_size": [0.25, 0.25]},
								"down": {"uv": [42, 63.25], "uv_size": [0.25, -0.25]}
							}
						},
						{
							"origin": [1.60446, 4.92843, 1.88066],
							"size": [0.25747, 0.61605, 0.21368],
							"pivot": [-0.6, 5.14576, 1.9875],
							"rotation": [120, 0, 90],
							"uv": {
								"north": {"uv": [46, 57], "uv_size": [0.25, 0.625]},
								"east": {"uv": [57, 46], "uv_size": [0.25, 0.625]},
								"south": {"uv": [47, 57], "uv_size": [0.25, 0.625]},
								"west": {"uv": [57, 47], "uv_size": [0.25, 0.625]},
								"up": {"uv": [63, 42], "uv_size": [0.25, 0.25]},
								"down": {"uv": [43, 63.25], "uv_size": [0.25, -0.25]}
							}
						},
						{
							"origin": [1.60446, 4.92843, 1.88066],
							"size": [0.25747, 0.61605, 0.21368],
							"pivot": [-0.6, 5.14576, 1.9875],
							"rotation": [90, 0, 90],
							"uv": {
								"north": {"uv": [48, 57], "uv_size": [0.25, 0.625]},
								"east": {"uv": [49, 57], "uv_size": [0.25, 0.625]},
								"south": {"uv": [57, 49], "uv_size": [0.25, 0.625]},
								"west": {"uv": [57, 50], "uv_size": [0.25, 0.625]},
								"up": {"uv": [63, 43], "uv_size": [0.25, 0.25]},
								"down": {"uv": [44, 63.25], "uv_size": [0.25, -0.25]}
							}
						},
						{
							"origin": [1.60446, 4.92843, 1.88066],
							"size": [0.25747, 0.61605, 0.21368],
							"pivot": [-0.6, 5.14576, 1.9875],
							"rotation": [60, 0, 90],
							"uv": {
								"north": {"uv": [51, 57], "uv_size": [0.25, 0.625]},
								"east": {"uv": [52, 57], "uv_size": [0.25, 0.625]},
								"south": {"uv": [57, 52], "uv_size": [0.25, 0.625]},
								"west": {"uv": [53, 57], "uv_size": [0.25, 0.625]},
								"up": {"uv": [63, 44], "uv_size": [0.25, 0.25]},
								"down": {"uv": [45, 63.25], "uv_size": [0.25, -0.25]}
							}
						},
						{
							"origin": [1.60446, 4.92843, 1.88066],
							"size": [0.25747, 0.61605, 0.21368],
							"pivot": [-0.6, 5.14576, 1.9875],
							"rotation": [-60, 0, 90],
							"uv": {
								"north": {"uv": [57, 53], "uv_size": [0.25, 0.625]},
								"east": {"uv": [54, 57], "uv_size": [0.25, 0.625]},
								"south": {"uv": [57, 54], "uv_size": [0.25, 0.625]},
								"west": {"uv": [55, 57], "uv_size": [0.25, 0.625]},
								"up": {"uv": [63, 45], "uv_size": [0.25, 0.25]},
								"down": {"uv": [46, 63.25], "uv_size": [0.25, -0.25]}
							}
						},
						{
							"origin": [1.60446, 4.92843, 1.88066],
							"size": [0.25747, 0.61605, 0.21368],
							"pivot": [-0.6, 5.14576, 1.9875],
							"rotation": [-90, 0, 90],
							"uv": {
								"north": {"uv": [56, 57], "uv_size": [0.25, 0.625]},
								"east": {"uv": [57, 57], "uv_size": [0.25, 0.625]},
								"south": {"uv": [58, 0], "uv_size": [0.25, 0.625]},
								"west": {"uv": [58, 1], "uv_size": [0.25, 0.625]},
								"up": {"uv": [63, 46], "uv_size": [0.25, 0.25]},
								"down": {"uv": [47, 63.25], "uv_size": [0.25, -0.25]}
							}
						},
						{
							"origin": [1.60446, 4.92843, 1.88066],
							"size": [0.25747, 0.61605, 0.21368],
							"pivot": [-0.6, 5.14576, 1.9875],
							"rotation": [-120, 0, 90],
							"uv": {
								"north": {"uv": [58, 2], "uv_size": [0.25, 0.625]},
								"east": {"uv": [58, 3], "uv_size": [0.25, 0.625]},
								"south": {"uv": [58, 4], "uv_size": [0.25, 0.625]},
								"west": {"uv": [58, 5], "uv_size": [0.25, 0.625]},
								"up": {"uv": [63, 47], "uv_size": [0.25, 0.25]},
								"down": {"uv": [48, 63.25], "uv_size": [0.25, -0.25]}
							}
						},
						{
							"origin": [1.60446, 4.92843, 1.88066],
							"size": [0.25747, 0.61605, 0.21368],
							"pivot": [-0.6, 5.14576, 1.9875],
							"rotation": [-150, 0, 90],
							"uv": {
								"north": {"uv": [58, 6], "uv_size": [0.25, 0.625]},
								"east": {"uv": [58, 7], "uv_size": [0.25, 0.625]},
								"south": {"uv": [58, 8], "uv_size": [0.25, 0.625]},
								"west": {"uv": [58, 9], "uv_size": [0.25, 0.625]},
								"up": {"uv": [63, 48], "uv_size": [0.25, 0.25]},
								"down": {"uv": [49, 63.25], "uv_size": [0.25, -0.25]}
							}
						},
						{
							"origin": [1.60446, 4.92843, 1.88066],
							"size": [0.25747, 0.61605, 0.21368],
							"pivot": [-0.6, 5.14576, 1.9875],
							"rotation": [30, 0, 90],
							"uv": {
								"north": {"uv": [58, 10], "uv_size": [0.25, 0.625]},
								"east": {"uv": [58, 11], "uv_size": [0.25, 0.625]},
								"south": {"uv": [58, 12], "uv_size": [0.25, 0.625]},
								"west": {"uv": [58, 13], "uv_size": [0.25, 0.625]},
								"up": {"uv": [63, 49], "uv_size": [0.25, 0.25]},
								"down": {"uv": [50, 63.25], "uv_size": [0.25, -0.25]}
							}
						},
						{
							"origin": [1.60446, 4.92843, 1.88066],
							"size": [0.25747, 0.61605, 0.21368],
							"pivot": [-0.6, 5.14576, 1.9875],
							"rotation": [0, 0, 90],
							"uv": {
								"north": {"uv": [58, 14], "uv_size": [0.25, 0.625]},
								"east": {"uv": [58, 15], "uv_size": [0.25, 0.625]},
								"south": {"uv": [58, 16], "uv_size": [0.25, 0.625]},
								"west": {"uv": [58, 17], "uv_size": [0.25, 0.625]},
								"up": {"uv": [63, 50], "uv_size": [0.25, 0.25]},
								"down": {"uv": [51, 63.25], "uv_size": [0.25, -0.25]}
							}
						},
						{
							"origin": [1.60446, 4.92843, 1.88066],
							"size": [0.25747, 0.61605, 0.21368],
							"pivot": [-0.6, 5.14576, 1.9875],
							"rotation": [-30, 0, 90],
							"uv": {
								"north": {"uv": [58, 18], "uv_size": [0.25, 0.625]},
								"east": {"uv": [58, 19], "uv_size": [0.25, 0.625]},
								"south": {"uv": [58, 20], "uv_size": [0.25, 0.625]},
								"west": {"uv": [58, 21], "uv_size": [0.25, 0.625]},
								"up": {"uv": [63, 51], "uv_size": [0.25, 0.25]},
								"down": {"uv": [52, 63.25], "uv_size": [0.25, -0.25]}
							}
						},
						{
							"origin": [1.60446, 4.92843, 1.88066],
							"size": [0.25747, 0.61605, 0.21368],
							"pivot": [-0.6, 5.14576, 1.9875],
							"rotation": [-180, 0, 90],
							"uv": {
								"north": {"uv": [58, 22], "uv_size": [0.25, 0.625]},
								"east": {"uv": [58, 23], "uv_size": [0.25, 0.625]},
								"south": {"uv": [24, 58], "uv_size": [0.25, 0.625]},
								"west": {"uv": [58, 24], "uv_size": [0.25, 0.625]},
								"up": {"uv": [63, 52], "uv_size": [0.25, 0.25]},
								"down": {"uv": [53, 63.25], "uv_size": [0.25, -0.25]}
							}
						},
						{
							"origin": [4.28798, 1.64177, 1.89125],
							"size": [0.93195, 0.555, 0.1925],
							"pivot": [2.30198, 1.83756, 1.9875],
							"rotation": [-180, 0, 180],
							"uv": {
								"north": {"uv": [29, 52], "uv_size": [0.875, 0.5]},
								"east": {"uv": [59, 55], "uv_size": [0.25, 0.5]},
								"south": {"uv": [30, 52], "uv_size": [0.875, 0.5]},
								"west": {"uv": [56, 59], "uv_size": [0.25, 0.5]},
								"up": {"uv": [56, 31], "uv_size": [0.875, 0.25]},
								"down": {"uv": [32, 56.25], "uv_size": [0.875, -0.25]}
							}
						},
						{
							"origin": [4.28798, 1.64177, 1.89125],
							"size": [0.93195, 0.555, 0.1925],
							"pivot": [2.30198, 1.83756, 1.9875],
							"rotation": [150, 0, 180],
							"uv": {
								"north": {"uv": [31, 52], "uv_size": [0.875, 0.5]},
								"east": {"uv": [59, 56], "uv_size": [0.25, 0.5]},
								"south": {"uv": [32, 52], "uv_size": [0.875, 0.5]},
								"west": {"uv": [57, 59], "uv_size": [0.25, 0.5]},
								"up": {"uv": [56, 32], "uv_size": [0.875, 0.25]},
								"down": {"uv": [33, 56.25], "uv_size": [0.875, -0.25]}
							}
						},
						{
							"origin": [4.28798, 1.64177, 1.89125],
							"size": [0.93195, 0.555, 0.1925],
							"pivot": [2.30198, 1.83756, 1.9875],
							"rotation": [120, 0, 180],
							"uv": {
								"north": {"uv": [33, 52], "uv_size": [0.875, 0.5]},
								"east": {"uv": [59, 57], "uv_size": [0.25, 0.5]},
								"south": {"uv": [34, 52], "uv_size": [0.875, 0.5]},
								"west": {"uv": [58, 59], "uv_size": [0.25, 0.5]},
								"up": {"uv": [34, 56], "uv_size": [0.875, 0.25]},
								"down": {"uv": [35, 56.25], "uv_size": [0.875, -0.25]}
							}
						},
						{
							"origin": [4.28798, 1.64177, 1.89125],
							"size": [0.93195, 0.555, 0.1925],
							"pivot": [2.30198, 1.83756, 1.9875],
							"rotation": [90, 0, 180],
							"uv": {
								"north": {"uv": [35, 52], "uv_size": [0.875, 0.5]},
								"east": {"uv": [59, 58], "uv_size": [0.25, 0.5]},
								"south": {"uv": [36, 52], "uv_size": [0.875, 0.5]},
								"west": {"uv": [59, 59], "uv_size": [0.25, 0.5]},
								"up": {"uv": [36, 56], "uv_size": [0.875, 0.25]},
								"down": {"uv": [56, 38.25], "uv_size": [0.875, -0.25]}
							}
						},
						{
							"origin": [4.28798, 1.64177, 1.89125],
							"size": [0.93195, 0.555, 0.1925],
							"pivot": [2.30198, 1.83756, 1.9875],
							"rotation": [60, 0, 180],
							"uv": {
								"north": {"uv": [37, 52], "uv_size": [0.875, 0.5]},
								"east": {"uv": [60, 0], "uv_size": [0.25, 0.5]},
								"south": {"uv": [38, 52], "uv_size": [0.875, 0.5]},
								"west": {"uv": [60, 1], "uv_size": [0.25, 0.5]},
								"up": {"uv": [56, 39], "uv_size": [0.875, 0.25]},
								"down": {"uv": [56, 40.25], "uv_size": [0.875, -0.25]}
							}
						},
						{
							"origin": [4.28798, 1.64177, 1.89125],
							"size": [0.93195, 0.555, 0.1925],
							"pivot": [2.30198, 1.83756, 1.9875],
							"rotation": [-60, 0, -180],
							"uv": {
								"north": {"uv": [52, 38], "uv_size": [0.875, 0.5]},
								"east": {"uv": [60, 2], "uv_size": [0.25, 0.5]},
								"south": {"uv": [39, 52], "uv_size": [0.875, 0.5]},
								"west": {"uv": [60, 3], "uv_size": [0.25, 0.5]},
								"up": {"uv": [41, 56], "uv_size": [0.875, 0.25]},
								"down": {"uv": [56, 41.25], "uv_size": [0.875, -0.25]}
							}
						},
						{
							"origin": [4.28798, 1.64177, 1.89125],
							"size": [0.93195, 0.555, 0.1925],
							"pivot": [2.30198, 1.83756, 1.9875],
							"rotation": [-90, 0, -180],
							"uv": {
								"north": {"uv": [52, 39], "uv_size": [0.875, 0.5]},
								"east": {"uv": [60, 4], "uv_size": [0.25, 0.5]},
								"south": {"uv": [40, 52], "uv_size": [0.875, 0.5]},
								"west": {"uv": [60, 5], "uv_size": [0.25, 0.5]},
								"up": {"uv": [42, 56], "uv_size": [0.875, 0.25]},
								"down": {"uv": [56, 42.25], "uv_size": [0.875, -0.25]}
							}
						},
						{
							"origin": [4.28798, 1.64177, 1.89125],
							"size": [0.93195, 0.555, 0.1925],
							"pivot": [2.30198, 1.83756, 1.9875],
							"rotation": [-120, 0, -180],
							"uv": {
								"north": {"uv": [52, 40], "uv_size": [0.875, 0.5]},
								"east": {"uv": [60, 6], "uv_size": [0.25, 0.5]},
								"south": {"uv": [41, 52], "uv_size": [0.875, 0.5]},
								"west": {"uv": [60, 7], "uv_size": [0.25, 0.5]},
								"up": {"uv": [43, 56], "uv_size": [0.875, 0.25]},
								"down": {"uv": [56, 43.25], "uv_size": [0.875, -0.25]}
							}
						},
						{
							"origin": [4.28798, 1.64177, 1.89125],
							"size": [0.93195, 0.555, 0.1925],
							"pivot": [2.30198, 1.83756, 1.9875],
							"rotation": [-150, 0, -180],
							"uv": {
								"north": {"uv": [52, 41], "uv_size": [0.875, 0.5]},
								"east": {"uv": [60, 8], "uv_size": [0.25, 0.5]},
								"south": {"uv": [42, 52], "uv_size": [0.875, 0.5]},
								"west": {"uv": [60, 9], "uv_size": [0.25, 0.5]},
								"up": {"uv": [44, 56], "uv_size": [0.875, 0.25]},
								"down": {"uv": [56, 44.25], "uv_size": [0.875, -0.25]}
							}
						},
						{
							"origin": [4.28798, 1.64177, 1.89125],
							"size": [0.93195, 0.555, 0.1925],
							"pivot": [2.30198, 1.83756, 1.9875],
							"rotation": [30, 0, 180],
							"uv": {
								"north": {"uv": [52, 42], "uv_size": [0.875, 0.5]},
								"east": {"uv": [60, 10], "uv_size": [0.25, 0.5]},
								"south": {"uv": [43, 52], "uv_size": [0.875, 0.5]},
								"west": {"uv": [60, 11], "uv_size": [0.25, 0.5]},
								"up": {"uv": [45, 56], "uv_size": [0.875, 0.25]},
								"down": {"uv": [56, 45.25], "uv_size": [0.875, -0.25]}
							}
						},
						{
							"origin": [4.28798, 1.64177, 1.89125],
							"size": [0.93195, 0.555, 0.1925],
							"pivot": [2.30198, 1.83756, 1.9875],
							"rotation": [0, 0, -180],
							"uv": {
								"north": {"uv": [44, 52], "uv_size": [0.875, 0.5]},
								"east": {"uv": [60, 12], "uv_size": [0.25, 0.5]},
								"south": {"uv": [52, 44], "uv_size": [0.875, 0.5]},
								"west": {"uv": [24, 60], "uv_size": [0.25, 0.5]},
								"up": {"uv": [46, 56], "uv_size": [0.875, 0.25]},
								"down": {"uv": [56, 46.25], "uv_size": [0.875, -0.25]}
							}
						},
						{
							"origin": [4.28798, 1.64177, 1.89125],
							"size": [0.93195, 0.555, 0.1925],
							"pivot": [2.30198, 1.83756, 1.9875],
							"rotation": [-30, 0, -180],
							"uv": {
								"north": {"uv": [45, 52], "uv_size": [0.875, 0.5]},
								"east": {"uv": [25, 60], "uv_size": [0.25, 0.5]},
								"south": {"uv": [52, 45], "uv_size": [0.875, 0.5]},
								"west": {"uv": [26, 60], "uv_size": [0.25, 0.5]},
								"up": {"uv": [47, 56], "uv_size": [0.875, 0.25]},
								"down": {"uv": [56, 47.25], "uv_size": [0.875, -0.25]}
							}
						},
						{
							"origin": [4.93765, 1.62024, 1.88066],
							"size": [0.25747, 0.61605, 0.21368],
							"pivot": [2.73319, 1.83756, 1.9875],
							"rotation": [150, 0, 180],
							"uv": {
								"north": {"uv": [25, 58], "uv_size": [0.25, 0.625]},
								"east": {"uv": [58, 25], "uv_size": [0.25, 0.625]},
								"south": {"uv": [26, 58], "uv_size": [0.25, 0.625]},
								"west": {"uv": [58, 26], "uv_size": [0.25, 0.625]},
								"up": {"uv": [63, 53], "uv_size": [0.25, 0.25]},
								"down": {"uv": [54, 63.25], "uv_size": [0.25, -0.25]}
							}
						},
						{
							"origin": [4.93765, 1.62024, 1.88066],
							"size": [0.25747, 0.61605, 0.21368],
							"pivot": [2.73319, 1.83756, 1.9875],
							"rotation": [120, 0, 180],
							"uv": {
								"north": {"uv": [27, 58], "uv_size": [0.25, 0.625]},
								"east": {"uv": [28, 58], "uv_size": [0.25, 0.625]},
								"south": {"uv": [58, 28], "uv_size": [0.25, 0.625]},
								"west": {"uv": [58, 29], "uv_size": [0.25, 0.625]},
								"up": {"uv": [63, 54], "uv_size": [0.25, 0.25]},
								"down": {"uv": [55, 63.25], "uv_size": [0.25, -0.25]}
							}
						},
						{
							"origin": [4.93765, 1.62024, 1.88066],
							"size": [0.25747, 0.61605, 0.21368],
							"pivot": [2.73319, 1.83756, 1.9875],
							"rotation": [90, 0, 180],
							"uv": {
								"north": {"uv": [30, 58], "uv_size": [0.25, 0.625]},
								"east": {"uv": [31, 58], "uv_size": [0.25, 0.625]},
								"south": {"uv": [58, 31], "uv_size": [0.25, 0.625]},
								"west": {"uv": [58, 32], "uv_size": [0.25, 0.625]},
								"up": {"uv": [63, 55], "uv_size": [0.25, 0.25]},
								"down": {"uv": [56, 63.25], "uv_size": [0.25, -0.25]}
							}
						},
						{
							"origin": [4.93765, 1.62024, 1.88066],
							"size": [0.25747, 0.61605, 0.21368],
							"pivot": [2.73319, 1.83756, 1.9875],
							"rotation": [60, 0, 180],
							"uv": {
								"north": {"uv": [33, 58], "uv_size": [0.25, 0.625]},
								"east": {"uv": [58, 33], "uv_size": [0.25, 0.625]},
								"south": {"uv": [34, 58], "uv_size": [0.25, 0.625]},
								"west": {"uv": [58, 34], "uv_size": [0.25, 0.625]},
								"up": {"uv": [63, 56], "uv_size": [0.25, 0.25]},
								"down": {"uv": [57, 63.25], "uv_size": [0.25, -0.25]}
							}
						},
						{
							"origin": [4.93765, 1.62024, 1.88066],
							"size": [0.25747, 0.61605, 0.21368],
							"pivot": [2.73319, 1.83756, 1.9875],
							"rotation": [-60, 0, -180],
							"uv": {
								"north": {"uv": [35, 58], "uv_size": [0.25, 0.625]},
								"east": {"uv": [58, 35], "uv_size": [0.25, 0.625]},
								"south": {"uv": [36, 58], "uv_size": [0.25, 0.625]},
								"west": {"uv": [58, 36], "uv_size": [0.25, 0.625]},
								"up": {"uv": [63, 57], "uv_size": [0.25, 0.25]},
								"down": {"uv": [58, 63.25], "uv_size": [0.25, -0.25]}
							}
						},
						{
							"origin": [4.93765, 1.62024, 1.88066],
							"size": [0.25747, 0.61605, 0.21368],
							"pivot": [2.73319, 1.83756, 1.9875],
							"rotation": [-90, 0, -180],
							"uv": {
								"north": {"uv": [37, 58], "uv_size": [0.25, 0.625]},
								"east": {"uv": [58, 37], "uv_size": [0.25, 0.625]},
								"south": {"uv": [38, 58], "uv_size": [0.25, 0.625]},
								"west": {"uv": [58, 38], "uv_size": [0.25, 0.625]},
								"up": {"uv": [63, 58], "uv_size": [0.25, 0.25]},
								"down": {"uv": [59, 63.25], "uv_size": [0.25, -0.25]}
							}
						},
						{
							"origin": [4.93765, 1.62024, 1.88066],
							"size": [0.25747, 0.61605, 0.21368],
							"pivot": [2.73319, 1.83756, 1.9875],
							"rotation": [-120, 0, -180],
							"uv": {
								"north": {"uv": [39, 58], "uv_size": [0.25, 0.625]},
								"east": {"uv": [58, 39], "uv_size": [0.25, 0.625]},
								"south": {"uv": [40, 58], "uv_size": [0.25, 0.625]},
								"west": {"uv": [58, 40], "uv_size": [0.25, 0.625]},
								"up": {"uv": [63, 59], "uv_size": [0.25, 0.25]},
								"down": {"uv": [60, 63.25], "uv_size": [0.25, -0.25]}
							}
						},
						{
							"origin": [4.93765, 1.62024, 1.88066],
							"size": [0.25747, 0.61605, 0.21368],
							"pivot": [2.73319, 1.83756, 1.9875],
							"rotation": [-150, 0, -180],
							"uv": {
								"north": {"uv": [41, 58], "uv_size": [0.25, 0.625]},
								"east": {"uv": [58, 41], "uv_size": [0.25, 0.625]},
								"south": {"uv": [42, 58], "uv_size": [0.25, 0.625]},
								"west": {"uv": [58, 42], "uv_size": [0.25, 0.625]},
								"up": {"uv": [63, 60], "uv_size": [0.25, 0.25]},
								"down": {"uv": [61, 63.25], "uv_size": [0.25, -0.25]}
							}
						},
						{
							"origin": [4.93765, 1.62024, 1.88066],
							"size": [0.25747, 0.61605, 0.21368],
							"pivot": [2.73319, 1.83756, 1.9875],
							"rotation": [30, 0, 180],
							"uv": {
								"north": {"uv": [43, 58], "uv_size": [0.25, 0.625]},
								"east": {"uv": [58, 43], "uv_size": [0.25, 0.625]},
								"south": {"uv": [44, 58], "uv_size": [0.25, 0.625]},
								"west": {"uv": [58, 44], "uv_size": [0.25, 0.625]},
								"up": {"uv": [63, 61], "uv_size": [0.25, 0.25]},
								"down": {"uv": [62, 63.25], "uv_size": [0.25, -0.25]}
							}
						},
						{
							"origin": [4.93765, 1.62024, 1.88066],
							"size": [0.25747, 0.61605, 0.21368],
							"pivot": [2.73319, 1.83756, 1.9875],
							"rotation": [0, 0, -180],
							"uv": {
								"north": {"uv": [45, 58], "uv_size": [0.25, 0.625]},
								"east": {"uv": [58, 45], "uv_size": [0.25, 0.625]},
								"south": {"uv": [46, 58], "uv_size": [0.25, 0.625]},
								"west": {"uv": [58, 46], "uv_size": [0.25, 0.625]},
								"up": {"uv": [63, 62], "uv_size": [0.25, 0.25]},
								"down": {"uv": [63, 63.25], "uv_size": [0.25, -0.25]}
							}
						},
						{
							"origin": [4.93765, 1.62024, 1.88066],
							"size": [0.25747, 0.61605, 0.21368],
							"pivot": [2.73319, 1.83756, 1.9875],
							"rotation": [-30, 0, -180],
							"uv": {
								"north": {"uv": [47, 58], "uv_size": [0.25, 0.625]},
								"east": {"uv": [58, 47], "uv_size": [0.25, 0.625]},
								"south": {"uv": [48, 58], "uv_size": [0.25, 0.625]},
								"west": {"uv": [58, 48], "uv_size": [0.25, 0.625]},
								"up": {"uv": [64, 0], "uv_size": [0.25, 0.25]},
								"down": {"uv": [64, 1.25], "uv_size": [0.25, -0.25]}
							}
						},
						{
							"origin": [4.93765, 1.62024, 1.88066],
							"size": [0.25747, 0.61605, 0.21368],
							"pivot": [2.73319, 1.83756, 1.9875],
							"rotation": [-180, 0, 180],
							"uv": {
								"north": {"uv": [49, 58], "uv_size": [0.25, 0.625]},
								"east": {"uv": [58, 49], "uv_size": [0.25, 0.625]},
								"south": {"uv": [50, 58], "uv_size": [0.25, 0.625]},
								"west": {"uv": [58, 50], "uv_size": [0.25, 0.625]},
								"up": {"uv": [64, 2], "uv_size": [0.25, 0.25]},
								"down": {"uv": [64, 3.25], "uv_size": [0.25, -0.25]}
							}
						}
					]
				},
				{
					"name": "scope_mount",
					"parent": "scope_body",
					"pivot": [0.12694, -17.06234, 0.10894],
					"cubes": [
						{
							"origin": [0.02194, -0.25735, -1.74506],
							"size": [0.21, 0.49001, 3.633],
							"uv": {
								"north": {"uv": [59, 41], "uv_size": [0.25, 0.5]},
								"east": {"uv": [24, 43], "uv_size": [3.625, 0.5]},
								"south": {"uv": [42, 59], "uv_size": [0.25, 0.5]},
								"west": {"uv": [28, 43], "uv_size": [3.625, 0.5]},
								"up": {"uv": [39, 46], "uv_size": [0.25, 3.625]},
								"down": {"uv": [40, 49.625], "uv_size": [0.25, -3.625]}
							}
						}
					]
				},
				{
					"name": "scopetube",
					"parent": "scope_body",
					"pivot": [-0.6, -15.26244, 0.3375],
					"cubes": [
						{
							"origin": [0.34713, 2.28585, 5.83587],
							"size": [6.68616, 0.08105, 0.28368],
							"pivot": [-0.6, 1.83756, 5.97771],
							"rotation": [0, 90, 0],
							"uv": {
								"north": {"uv": [41, 46], "uv_size": [6.875, 0.125]},
								"east": {"uv": [1, 66], "uv_size": [0.25, 0.125]},
								"south": {"uv": [46, 43], "uv_size": [6.875, 0.125]},
								"west": {"uv": [66, 1], "uv_size": [0.25, 0.125]},
								"up": {"uv": [32, 43], "uv_size": [6.875, 0.25]},
								"down": {"uv": [39, 43.25], "uv_size": [6.875, -0.25]}
							}
						},
						{
							"origin": [0.34713, 2.28585, 5.83587],
							"size": [6.68616, 0.08105, 0.28368],
							"pivot": [-0.6, 1.83756, 5.97771],
							"rotation": [0, 90, 30],
							"uv": {
								"north": {"uv": [47, 6], "uv_size": [6.875, 0.125]},
								"east": {"uv": [2, 66], "uv_size": [0.25, 0.125]},
								"south": {"uv": [47, 7], "uv_size": [6.875, 0.125]},
								"west": {"uv": [66, 2], "uv_size": [0.25, 0.125]},
								"up": {"uv": [44, 0], "uv_size": [6.875, 0.25]},
								"down": {"uv": [44, 1.25], "uv_size": [6.875, -0.25]}
							}
						},
						{
							"origin": [0.34713, 2.28585, 5.83587],
							"size": [6.68616, 0.08105, 0.28368],
							"pivot": [-0.6, 1.83756, 5.97771],
							"rotation": [0, 90, 60],
							"uv": {
								"north": {"uv": [47, 8], "uv_size": [6.875, 0.125]},
								"east": {"uv": [3, 66], "uv_size": [0.25, 0.125]},
								"south": {"uv": [47, 9], "uv_size": [6.875, 0.125]},
								"west": {"uv": [66, 3], "uv_size": [0.25, 0.125]},
								"up": {"uv": [44, 2], "uv_size": [6.875, 0.25]},
								"down": {"uv": [44, 3.25], "uv_size": [6.875, -0.25]}
							}
						},
						{
							"origin": [0.34713, 2.28585, 5.83587],
							"size": [6.68616, 0.08105, 0.28368],
							"pivot": [-0.6, 1.83756, 5.97771],
							"rotation": [0, 90, 90],
							"uv": {
								"north": {"uv": [47, 10], "uv_size": [6.875, 0.125]},
								"east": {"uv": [4, 66], "uv_size": [0.25, 0.125]},
								"south": {"uv": [47, 11], "uv_size": [6.875, 0.125]},
								"west": {"uv": [66, 4], "uv_size": [0.25, 0.125]},
								"up": {"uv": [44, 4], "uv_size": [6.875, 0.25]},
								"down": {"uv": [44, 5.25], "uv_size": [6.875, -0.25]}
							}
						},
						{
							"origin": [0.34713, 2.28585, 5.83587],
							"size": [6.68616, 0.08105, 0.28368],
							"pivot": [-0.6, 1.83756, 5.97771],
							"rotation": [0, 90, 120],
							"uv": {
								"north": {"uv": [47, 12], "uv_size": [6.875, 0.125]},
								"east": {"uv": [5, 66], "uv_size": [0.25, 0.125]},
								"south": {"uv": [47, 13], "uv_size": [6.875, 0.125]},
								"west": {"uv": [66, 5], "uv_size": [0.25, 0.125]},
								"up": {"uv": [24, 44], "uv_size": [6.875, 0.25]},
								"down": {"uv": [31, 44.25], "uv_size": [6.875, -0.25]}
							}
						},
						{
							"origin": [0.34713, 2.28585, 5.83587],
							"size": [6.68616, 0.08105, 0.28368],
							"pivot": [-0.6, 1.83756, 5.97771],
							"rotation": [0, 90, -120],
							"uv": {
								"north": {"uv": [47, 14], "uv_size": [6.875, 0.125]},
								"east": {"uv": [6, 66], "uv_size": [0.25, 0.125]},
								"south": {"uv": [47, 15], "uv_size": [6.875, 0.125]},
								"west": {"uv": [66, 6], "uv_size": [0.25, 0.125]},
								"up": {"uv": [38, 44], "uv_size": [6.875, 0.25]},
								"down": {"uv": [45, 22.25], "uv_size": [6.875, -0.25]}
							}
						},
						{
							"origin": [0.34713, 2.28585, 5.83587],
							"size": [6.68616, 0.08105, 0.28368],
							"pivot": [-0.6, 1.83756, 5.97771],
							"rotation": [0, 90, -90],
							"uv": {
								"north": {"uv": [47, 16], "uv_size": [6.875, 0.125]},
								"east": {"uv": [7, 66], "uv_size": [0.25, 0.125]},
								"south": {"uv": [47, 17], "uv_size": [6.875, 0.125]},
								"west": {"uv": [66, 7], "uv_size": [0.25, 0.125]},
								"up": {"uv": [45, 23], "uv_size": [6.875, 0.25]},
								"down": {"uv": [24, 45.25], "uv_size": [6.875, -0.25]}
							}
						},
						{
							"origin": [0.34713, 2.28585, 5.83587],
							"size": [6.68616, 0.08105, 0.28368],
							"pivot": [-0.6, 1.83756, 5.97771],
							"rotation": [0, 90, -60],
							"uv": {
								"north": {"uv": [47, 18], "uv_size": [6.875, 0.125]},
								"east": {"uv": [8, 66], "uv_size": [0.25, 0.125]},
								"south": {"uv": [47, 19], "uv_size": [6.875, 0.125]},
								"west": {"uv": [66, 8], "uv_size": [0.25, 0.125]},
								"up": {"uv": [45, 24], "uv_size": [6.875, 0.25]},
								"down": {"uv": [31, 45.25], "uv_size": [6.875, -0.25]}
							}
						},
						{
							"origin": [0.34713, 2.28585, 5.83587],
							"size": [6.68616, 0.08105, 0.28368],
							"pivot": [-0.6, 1.83756, 5.97771],
							"rotation": [0, 90, -30],
							"uv": {
								"north": {"uv": [47, 20], "uv_size": [6.875, 0.125]},
								"east": {"uv": [9, 66], "uv_size": [0.25, 0.125]},
								"south": {"uv": [47, 21], "uv_size": [6.875, 0.125]},
								"west": {"uv": [66, 9], "uv_size": [0.25, 0.125]},
								"up": {"uv": [38, 45], "uv_size": [6.875, 0.25]},
								"down": {"uv": [45, 38.25], "uv_size": [6.875, -0.25]}
							}
						},
						{
							"origin": [0.34713, 2.28585, 5.83587],
							"size": [6.68616, 0.08105, 0.28368],
							"pivot": [-0.6, 1.83756, 5.97771],
							"rotation": [0, 90, 150],
							"uv": {
								"north": {"uv": [24, 47], "uv_size": [6.875, 0.125]},
								"east": {"uv": [10, 66], "uv_size": [0.25, 0.125]},
								"south": {"uv": [31, 47], "uv_size": [6.875, 0.125]},
								"west": {"uv": [66, 10], "uv_size": [0.25, 0.125]},
								"up": {"uv": [45, 39], "uv_size": [6.875, 0.25]},
								"down": {"uv": [45, 40.25], "uv_size": [6.875, -0.25]}
							}
						},
						{
							"origin": [0.34713, 2.28585, 5.83587],
							"size": [6.68616, 0.08105, 0.28368],
							"pivot": [-0.6, 1.83756, 5.97771],
							"rotation": [0, 90, -180],
							"uv": {
								"north": {"uv": [41, 47], "uv_size": [6.875, 0.125]},
								"east": {"uv": [11, 66], "uv_size": [0.25, 0.125]},
								"south": {"uv": [24, 48], "uv_size": [6.875, 0.125]},
								"west": {"uv": [66, 11], "uv_size": [0.25, 0.125]},
								"up": {"uv": [45, 41], "uv_size": [6.875, 0.25]},
								"down": {"uv": [45, 42.25], "uv_size": [6.875, -0.25]}
							}
						},
						{
							"origin": [0.34713, 2.28585, 5.83587],
							"size": [6.68616, 0.08105, 0.28368],
							"pivot": [-0.6, 1.83756, 5.97771],
							"rotation": [0, 90, -150],
							"uv": {
								"north": {"uv": [31, 48], "uv_size": [6.875, 0.125]},
								"east": {"uv": [12, 66], "uv_size": [0.25, 0.125]},
								"south": {"uv": [41, 48], "uv_size": [6.875, 0.125]},
								"west": {"uv": [66, 12], "uv_size": [0.25, 0.125]},
								"up": {"uv": [45, 44], "uv_size": [6.875, 0.25]},
								"down": {"uv": [45, 45.25], "uv_size": [6.875, -0.25]}
							}
						}
					]
				},
				{
					"name": "lens_illuminated",
					"parent": "scope_body",
					"pivot": [-0.59444, 1.82753, -1.47123],
					"cubes": [
						{
							"origin": [-1.04904, 1.75269, -1.15574],
							"size": [0.02007, 0.55654, 0.25815],
							"pivot": [-0.59444, 1.93414, -1.02667],
							"rotation": [0, -90, 0],
							"uv": {
								"north": {"uv": [52, 64], "uv_size": [0.125, 0.5]},
								"east": {"uv": [27, 60], "uv_size": [0.25, 0.5]},
								"south": {"uv": [64, 52], "uv_size": [0.125, 0.5]},
								"west": {"uv": [28, 60], "uv_size": [0.25, 0.5]},
								"up": {"uv": [25, 66], "uv_size": [0.125, 0.25]},
								"down": {"uv": [66, 25.25], "uv_size": [0.125, -0.25]}
							}
						},
						{
							"origin": [-1.10234, 1.73841, -1.15575],
							"size": [0.02007, 0.55654, 0.25815],
							"pivot": [-0.64775, 1.91985, -1.02667],
							"rotation": [0, -90, -30],
							"uv": {
								"north": {"uv": [53, 64], "uv_size": [0.125, 0.5]},
								"east": {"uv": [60, 28], "uv_size": [0.25, 0.5]},
								"south": {"uv": [64, 53], "uv_size": [0.125, 0.5]},
								"west": {"uv": [29, 60], "uv_size": [0.25, 0.5]},
								"up": {"uv": [26, 66], "uv_size": [0.125, 0.25]},
								"down": {"uv": [66, 26.25], "uv_size": [0.125, -0.25]}
							}
						},
						{
							"origin": [-1.14137, 1.69939, -1.15575],
							"size": [0.02008, 0.55653, 0.25815],
							"pivot": [-0.68677, 1.88083, -1.02667],
							"rotation": [0, -90, -60],
							"uv": {
								"north": {"uv": [54, 64], "uv_size": [0.125, 0.5]},
								"east": {"uv": [60, 29], "uv_size": [0.25, 0.5]},
								"south": {"uv": [64, 54], "uv_size": [0.125, 0.5]},
								"west": {"uv": [60, 30], "uv_size": [0.25, 0.5]},
								"up": {"uv": [27, 66], "uv_size": [0.125, 0.25]},
								"down": {"uv": [66, 27.25], "uv_size": [0.125, -0.25]}
							}
						},
						{
							"origin": [-1.15565, 1.64608, -1.15574],
							"size": [0.02008, 0.55654, 0.25815],
							"pivot": [-0.70106, 1.82753, -1.02667],
							"rotation": [0, -90, -90],
							"uv": {
								"north": {"uv": [55, 64], "uv_size": [0.125, 0.5]},
								"east": {"uv": [31, 60], "uv_size": [0.25, 0.5]},
								"south": {"uv": [64, 55], "uv_size": [0.125, 0.5]},
								"west": {"uv": [60, 31], "uv_size": [0.25, 0.5]},
								"up": {"uv": [28, 66], "uv_size": [0.125, 0.25]},
								"down": {"uv": [66, 28.25], "uv_size": [0.125, -0.25]}
							}
						},
						{
							"origin": [-1.14137, 1.59277, -1.15574],
							"size": [0.02008, 0.55654, 0.25814],
							"pivot": [-0.68677, 1.77422, -1.02667],
							"rotation": [0, -90, -120],
							"uv": {
								"north": {"uv": [56, 64], "uv_size": [0.125, 0.5]},
								"east": {"uv": [32, 60], "uv_size": [0.25, 0.5]},
								"south": {"uv": [64, 56], "uv_size": [0.125, 0.5]},
								"west": {"uv": [60, 32], "uv_size": [0.25, 0.5]},
								"up": {"uv": [29, 66], "uv_size": [0.125, 0.25]},
								"down": {"uv": [66, 29.25], "uv_size": [0.125, -0.25]}
							}
						},
						{
							"origin": [-1.10234, 1.55375, -1.15574],
							"size": [0.02007, 0.55654, 0.25814],
							"pivot": [-0.64775, 1.7352, -1.02667],
							"rotation": [0, -90, -150],
							"uv": {
								"north": {"uv": [57, 64], "uv_size": [0.125, 0.5]},
								"east": {"uv": [33, 60], "uv_size": [0.25, 0.5]},
								"south": {"uv": [64, 57], "uv_size": [0.125, 0.5]},
								"west": {"uv": [60, 33], "uv_size": [0.25, 0.5]},
								"up": {"uv": [30, 66], "uv_size": [0.125, 0.25]},
								"down": {"uv": [66, 30.25], "uv_size": [0.125, -0.25]}
							}
						},
						{
							"origin": [-1.04904, 1.53947, -1.15575],
							"size": [0.02008, 0.55654, 0.25815],
							"pivot": [-0.59444, 1.72091, -1.02667],
							"rotation": [0, -90, -180],
							"uv": {
								"north": {"uv": [58, 64], "uv_size": [0.125, 0.5]},
								"east": {"uv": [34, 60], "uv_size": [0.25, 0.5]},
								"south": {"uv": [64, 58], "uv_size": [0.125, 0.5]},
								"west": {"uv": [60, 34], "uv_size": [0.25, 0.5]},
								"up": {"uv": [31, 66], "uv_size": [0.125, 0.25]},
								"down": {"uv": [66, 31.25], "uv_size": [0.125, -0.25]}
							}
						},
						{
							"origin": [-0.99573, 1.55375, -1.15575],
							"size": [0.02007, 0.55654, 0.25815],
							"pivot": [-0.54114, 1.7352, -1.02667],
							"rotation": [0, -90, 150],
							"uv": {
								"north": {"uv": [59, 64], "uv_size": [0.125, 0.5]},
								"east": {"uv": [35, 60], "uv_size": [0.25, 0.5]},
								"south": {"uv": [64, 59], "uv_size": [0.125, 0.5]},
								"west": {"uv": [60, 35], "uv_size": [0.25, 0.5]},
								"up": {"uv": [32, 66], "uv_size": [0.125, 0.25]},
								"down": {"uv": [66, 32.25], "uv_size": [0.125, -0.25]}
							}
						},
						{
							"origin": [-0.76483, 1.69267, -1.21595],
							"size": [0.02007, 0.55653, 0.25815],
							"pivot": [-0.37043, 2.21553, -1.08687],
							"rotation": [0, -90, 30],
							"uv": {
								"north": {"uv": [60, 64], "uv_size": [0.125, 0.5]},
								"east": {"uv": [36, 60], "uv_size": [0.25, 0.5]},
								"south": {"uv": [64, 60], "uv_size": [0.125, 0.5]},
								"west": {"uv": [60, 36], "uv_size": [0.25, 0.5]},
								"up": {"uv": [33, 66], "uv_size": [0.125, 0.25]},
								"down": {"uv": [66, 33.25], "uv_size": [0.125, -0.25]}
							}
						},
						{
							"origin": [-0.60084, 1.52868, -1.21595],
							"size": [0.02007, 0.55654, 0.25815],
							"pivot": [-0.20645, 2.05154, -1.08687],
							"rotation": [0, -90, 60],
							"uv": {
								"north": {"uv": [61, 64], "uv_size": [0.125, 0.5]},
								"east": {"uv": [37, 60], "uv_size": [0.25, 0.5]},
								"south": {"uv": [64, 61], "uv_size": [0.125, 0.5]},
								"west": {"uv": [60, 37], "uv_size": [0.25, 0.5]},
								"up": {"uv": [34, 66], "uv_size": [0.125, 0.25]},
								"down": {"uv": [66, 34.25], "uv_size": [0.125, -0.25]}
							}
						},
						{
							"origin": [-0.94242, 1.64608, -1.15575],
							"size": [0.02007, 0.55654, 0.25815],
							"pivot": [-0.48783, 1.82753, -1.02667],
							"rotation": [0, -90, 90],
							"uv": {
								"north": {"uv": [62, 64], "uv_size": [0.125, 0.5]},
								"east": {"uv": [38, 60], "uv_size": [0.25, 0.5]},
								"south": {"uv": [64, 62], "uv_size": [0.125, 0.5]},
								"west": {"uv": [60, 38], "uv_size": [0.25, 0.5]},
								"up": {"uv": [35, 66], "uv_size": [0.125, 0.25]},
								"down": {"uv": [66, 35.25], "uv_size": [0.125, -0.25]}
							}
						},
						{
							"origin": [-0.95671, 1.59277, -1.15575],
							"size": [0.02007, 0.55654, 0.25815],
							"pivot": [-0.50211, 1.77422, -1.02667],
							"rotation": [0, -90, 120],
							"uv": {
								"north": {"uv": [63, 64], "uv_size": [0.125, 0.5]},
								"east": {"uv": [39, 60], "uv_size": [0.25, 0.5]},
								"south": {"uv": [64, 63], "uv_size": [0.125, 0.5]},
								"west": {"uv": [60, 39], "uv_size": [0.25, 0.5]},
								"up": {"uv": [36, 66], "uv_size": [0.125, 0.25]},
								"down": {"uv": [66, 36.25], "uv_size": [0.125, -0.25]}
							}
						}
					]
				},
				{
					"name": "ocular",
					"pivot": [-0.6, 1.83756, 5.08751],
					"cubes": [
						{
							"origin": [6.79619, 1.68888, 12.3869],
							"size": [0.08443, 0.66743, 0.27801],
							"pivot": [-0.6, 1.83756, 12.52591],
							"rotation": [0, 90, -150],
							"uv": {
								"north": {"uv": [61, 62], "uv_size": [0.125, 0.625]},
								"east": {"uv": [59, 7], "uv_size": [0.25, 0.625]},
								"south": {"uv": [62, 61], "uv_size": [0.125, 0.625]},
								"west": {"uv": [59, 8], "uv_size": [0.25, 0.625]},
								"up": {"uv": [24, 66], "uv_size": [0.125, 0.25]},
								"down": {"uv": [66, 24.25], "uv_size": [0.125, -0.25]}
							}
						},
						{
							"origin": [6.79619, 1.68888, 12.3869],
							"size": [0.08443, 0.66743, 0.27801],
							"pivot": [-0.6, 1.83756, 12.52591],
							"rotation": [0, 90, -180],
							"uv": {
								"north": {"uv": [60, 62], "uv_size": [0.125, 0.625]},
								"east": {"uv": [59, 5], "uv_size": [0.25, 0.625]},
								"south": {"uv": [62, 60], "uv_size": [0.125, 0.625]},
								"west": {"uv": [59, 6], "uv_size": [0.25, 0.625]},
								"up": {"uv": [23, 66], "uv_size": [0.125, 0.25]},
								"down": {"uv": [66, 23.25], "uv_size": [0.125, -0.25]}
							}
						},
						{
							"origin": [6.79619, 1.68888, 12.3869],
							"size": [0.08443, 0.66743, 0.27801],
							"pivot": [-0.6, 1.83756, 12.52591],
							"rotation": [0, 90, 150],
							"uv": {
								"north": {"uv": [59, 62], "uv_size": [0.125, 0.625]},
								"east": {"uv": [59, 3], "uv_size": [0.25, 0.625]},
								"south": {"uv": [62, 59], "uv_size": [0.125, 0.625]},
								"west": {"uv": [59, 4], "uv_size": [0.25, 0.625]},
								"up": {"uv": [22, 66], "uv_size": [0.125, 0.25]},
								"down": {"uv": [66, 22.25], "uv_size": [0.125, -0.25]}
							}
						},
						{
							"origin": [6.79619, 1.68888, 12.3869],
							"size": [0.08443, 0.66743, 0.27801],
							"pivot": [-0.6, 1.83756, 12.52591],
							"rotation": [0, 90, -30],
							"uv": {
								"north": {"uv": [58, 62], "uv_size": [0.125, 0.625]},
								"east": {"uv": [59, 1], "uv_size": [0.25, 0.625]},
								"south": {"uv": [62, 58], "uv_size": [0.125, 0.625]},
								"west": {"uv": [59, 2], "uv_size": [0.25, 0.625]},
								"up": {"uv": [21, 66], "uv_size": [0.125, 0.25]},
								"down": {"uv": [66, 21.25], "uv_size": [0.125, -0.25]}
							}
						},
						{
							"origin": [6.79619, 1.68888, 12.3869],
							"size": [0.08443, 0.66743, 0.27801],
							"pivot": [-0.6, 1.83756, 12.52591],
							"rotation": [0, 90, -60],
							"uv": {
								"north": {"uv": [57, 62], "uv_size": [0.125, 0.625]},
								"east": {"uv": [58, 58], "uv_size": [0.25, 0.625]},
								"south": {"uv": [62, 57], "uv_size": [0.125, 0.625]},
								"west": {"uv": [59, 0], "uv_size": [0.25, 0.625]},
								"up": {"uv": [20, 66], "uv_size": [0.125, 0.25]},
								"down": {"uv": [66, 20.25], "uv_size": [0.125, -0.25]}
							}
						},
						{
							"origin": [6.79619, 1.68888, 12.3869],
							"size": [0.08443, 0.66743, 0.27801],
							"pivot": [-0.6, 1.83756, 12.52591],
							"rotation": [0, 90, -90],
							"uv": {
								"north": {"uv": [56, 62], "uv_size": [0.125, 0.625]},
								"east": {"uv": [57, 58], "uv_size": [0.25, 0.625]},
								"south": {"uv": [62, 56], "uv_size": [0.125, 0.625]},
								"west": {"uv": [58, 57], "uv_size": [0.25, 0.625]},
								"up": {"uv": [19, 66], "uv_size": [0.125, 0.25]},
								"down": {"uv": [66, 19.25], "uv_size": [0.125, -0.25]}
							}
						},
						{
							"origin": [6.79619, 1.68888, 12.3869],
							"size": [0.08443, 0.66743, 0.27801],
							"pivot": [-0.6, 1.83756, 12.52591],
							"rotation": [0, 90, -120],
							"uv": {
								"north": {"uv": [55, 62], "uv_size": [0.125, 0.625]},
								"east": {"uv": [56, 58], "uv_size": [0.25, 0.625]},
								"south": {"uv": [62, 55], "uv_size": [0.125, 0.625]},
								"west": {"uv": [58, 56], "uv_size": [0.25, 0.625]},
								"up": {"uv": [18, 66], "uv_size": [0.125, 0.25]},
								"down": {"uv": [66, 18.25], "uv_size": [0.125, -0.25]}
							}
						},
						{
							"origin": [6.79619, 1.68888, 12.3869],
							"size": [0.08443, 0.66743, 0.27801],
							"pivot": [-0.6, 1.83756, 12.52591],
							"rotation": [0, 90, 120],
							"uv": {
								"north": {"uv": [54, 62], "uv_size": [0.125, 0.625]},
								"east": {"uv": [55, 58], "uv_size": [0.25, 0.625]},
								"south": {"uv": [62, 54], "uv_size": [0.125, 0.625]},
								"west": {"uv": [58, 55], "uv_size": [0.25, 0.625]},
								"up": {"uv": [17, 66], "uv_size": [0.125, 0.25]},
								"down": {"uv": [66, 17.25], "uv_size": [0.125, -0.25]}
							}
						},
						{
							"origin": [6.79619, 1.68888, 12.3869],
							"size": [0.08443, 0.66743, 0.27801],
							"pivot": [-0.6, 1.83756, 12.52591],
							"rotation": [0, 90, 90],
							"uv": {
								"north": {"uv": [53, 62], "uv_size": [0.125, 0.625]},
								"east": {"uv": [54, 58], "uv_size": [0.25, 0.625]},
								"south": {"uv": [62, 53], "uv_size": [0.125, 0.625]},
								"west": {"uv": [58, 54], "uv_size": [0.25, 0.625]},
								"up": {"uv": [16, 66], "uv_size": [0.125, 0.25]},
								"down": {"uv": [66, 16.25], "uv_size": [0.125, -0.25]}
							}
						},
						{
							"origin": [6.79619, 1.68888, 12.3869],
							"size": [0.08443, 0.66743, 0.27801],
							"pivot": [-0.6, 1.83756, 12.52591],
							"rotation": [0, 90, 60],
							"uv": {
								"north": {"uv": [52, 62], "uv_size": [0.125, 0.625]},
								"east": {"uv": [53, 58], "uv_size": [0.25, 0.625]},
								"south": {"uv": [62, 52], "uv_size": [0.125, 0.625]},
								"west": {"uv": [58, 53], "uv_size": [0.25, 0.625]},
								"up": {"uv": [15, 66], "uv_size": [0.125, 0.25]},
								"down": {"uv": [66, 15.25], "uv_size": [0.125, -0.25]}
							}
						},
						{
							"origin": [6.79619, 1.68888, 12.3869],
							"size": [0.08443, 0.66743, 0.27801],
							"pivot": [-0.6, 1.83756, 12.52591],
							"rotation": [0, 90, 30],
							"uv": {
								"north": {"uv": [51, 62], "uv_size": [0.125, 0.625]},
								"east": {"uv": [52, 58], "uv_size": [0.25, 0.625]},
								"south": {"uv": [62, 51], "uv_size": [0.125, 0.625]},
								"west": {"uv": [58, 52], "uv_size": [0.25, 0.625]},
								"up": {"uv": [14, 66], "uv_size": [0.125, 0.25]},
								"down": {"uv": [66, 14.25], "uv_size": [0.125, -0.25]}
							}
						},
						{
							"origin": [6.79619, 1.68888, 12.3869],
							"size": [0.08443, 0.66743, 0.27801],
							"pivot": [-0.6, 1.83756, 12.52591],
							"rotation": [0, 90, 0],
							"uv": {
								"north": {"uv": [50, 62], "uv_size": [0.125, 0.625]},
								"east": {"uv": [51, 58], "uv_size": [0.25, 0.625]},
								"south": {"uv": [62, 50], "uv_size": [0.125, 0.625]},
								"west": {"uv": [58, 51], "uv_size": [0.25, 0.625]},
								"up": {"uv": [13, 66], "uv_size": [0.125, 0.25]},
								"down": {"uv": [66, 13.25], "uv_size": [0.125, -0.25]}
							}
						}
					]
				},
				{
					"name": "ocular_ring",
					"pivot": [-0.6, 1.83756, 5.0875],
					"cubes": [
						{
							"origin": [6.84713, 2.28585, 12.53587],
							"size": [0.28616, 0.08105, 0.28368],
							"pivot": [-0.6, 1.83756, 12.67771],
							"rotation": [0, 90, 0],
							"uv": {
								"north": {"uv": [41, 46], "uv_size": [6.875, 0.125]},
								"east": {"uv": [1, 66], "uv_size": [0.25, 0.125]},
								"south": {"uv": [46, 43], "uv_size": [6.875, 0.125]},
								"west": {"uv": [66, 1], "uv_size": [0.25, 0.125]},
								"up": {"uv": [32, 43], "uv_size": [6.875, 0.25]},
								"down": {"uv": [39, 43.25], "uv_size": [6.875, -0.25]}
							}
						},
						{
							"origin": [6.84713, 2.28585, 12.53587],
							"size": [0.28616, 0.08105, 0.28368],
							"pivot": [-0.6, 1.83756, 12.67771],
							"rotation": [0, 90, 30],
							"uv": {
								"north": {"uv": [47, 6], "uv_size": [6.875, 0.125]},
								"east": {"uv": [2, 66], "uv_size": [0.25, 0.125]},
								"south": {"uv": [47, 7], "uv_size": [6.875, 0.125]},
								"west": {"uv": [66, 2], "uv_size": [0.25, 0.125]},
								"up": {"uv": [44, 0], "uv_size": [6.875, 0.25]},
								"down": {"uv": [44, 1.25], "uv_size": [6.875, -0.25]}
							}
						},
						{
							"origin": [6.84713, 2.28585, 12.53587],
							"size": [0.28616, 0.08105, 0.28368],
							"pivot": [-0.6, 1.83756, 12.67771],
							"rotation": [0, 90, 60],
							"uv": {
								"north": {"uv": [47, 8], "uv_size": [6.875, 0.125]},
								"east": {"uv": [3, 66], "uv_size": [0.25, 0.125]},
								"south": {"uv": [47, 9], "uv_size": [6.875, 0.125]},
								"west": {"uv": [66, 3], "uv_size": [0.25, 0.125]},
								"up": {"uv": [44, 2], "uv_size": [6.875, 0.25]},
								"down": {"uv": [44, 3.25], "uv_size": [6.875, -0.25]}
							}
						},
						{
							"origin": [6.84713, 2.28585, 12.53587],
							"size": [0.28616, 0.08105, 0.28368],
							"pivot": [-0.6, 1.83756, 12.67771],
							"rotation": [0, 90, 90],
							"uv": {
								"north": {"uv": [47, 10], "uv_size": [6.875, 0.125]},
								"east": {"uv": [4, 66], "uv_size": [0.25, 0.125]},
								"south": {"uv": [47, 11], "uv_size": [6.875, 0.125]},
								"west": {"uv": [66, 4], "uv_size": [0.25, 0.125]},
								"up": {"uv": [44, 4], "uv_size": [6.875, 0.25]},
								"down": {"uv": [44, 5.25], "uv_size": [6.875, -0.25]}
							}
						},
						{
							"origin": [6.84713, 2.28585, 12.53587],
							"size": [0.28616, 0.08105, 0.28368],
							"pivot": [-0.6, 1.83756, 12.67771],
							"rotation": [0, 90, 120],
							"uv": {
								"north": {"uv": [47, 12], "uv_size": [6.875, 0.125]},
								"east": {"uv": [5, 66], "uv_size": [0.25, 0.125]},
								"south": {"uv": [47, 13], "uv_size": [6.875, 0.125]},
								"west": {"uv": [66, 5], "uv_size": [0.25, 0.125]},
								"up": {"uv": [24, 44], "uv_size": [6.875, 0.25]},
								"down": {"uv": [31, 44.25], "uv_size": [6.875, -0.25]}
							}
						},
						{
							"origin": [6.84713, 2.28585, 12.53587],
							"size": [0.28616, 0.08105, 0.28368],
							"pivot": [-0.6, 1.83756, 12.67771],
							"rotation": [0, 90, 150],
							"uv": {
								"north": {"uv": [24, 47], "uv_size": [6.875, 0.125]},
								"east": {"uv": [10, 66], "uv_size": [0.25, 0.125]},
								"south": {"uv": [31, 47], "uv_size": [6.875, 0.125]},
								"west": {"uv": [66, 10], "uv_size": [0.25, 0.125]},
								"up": {"uv": [45, 39], "uv_size": [6.875, 0.25]},
								"down": {"uv": [45, 40.25], "uv_size": [6.875, -0.25]}
							}
						},
						{
							"origin": [6.84713, 2.28585, 12.53587],
							"size": [0.28616, 0.08105, 0.28368],
							"pivot": [-0.6, 1.83756, 12.67771],
							"rotation": [0, 90, -180],
							"uv": {
								"north": {"uv": [41, 47], "uv_size": [6.875, 0.125]},
								"east": {"uv": [11, 66], "uv_size": [0.25, 0.125]},
								"south": {"uv": [24, 48], "uv_size": [6.875, 0.125]},
								"west": {"uv": [66, 11], "uv_size": [0.25, 0.125]},
								"up": {"uv": [45, 41], "uv_size": [6.875, 0.25]},
								"down": {"uv": [45, 42.25], "uv_size": [6.875, -0.25]}
							}
						},
						{
							"origin": [6.84713, 2.28585, 12.53587],
							"size": [0.28616, 0.08105, 0.28368],
							"pivot": [-0.6, 1.83756, 12.67771],
							"rotation": [0, 90, -150],
							"uv": {
								"north": {"uv": [31, 48], "uv_size": [6.875, 0.125]},
								"east": {"uv": [12, 66], "uv_size": [0.25, 0.125]},
								"south": {"uv": [41, 48], "uv_size": [6.875, 0.125]},
								"west": {"uv": [66, 12], "uv_size": [0.25, 0.125]},
								"up": {"uv": [45, 44], "uv_size": [6.875, 0.25]},
								"down": {"uv": [45, 45.25], "uv_size": [6.875, -0.25]}
							}
						},
						{
							"origin": [6.84713, 2.28585, 12.53587],
							"size": [0.28616, 0.08105, 0.28368],
							"pivot": [-0.6, 1.83756, 12.67771],
							"rotation": [0, 90, -120],
							"uv": {
								"north": {"uv": [47, 14], "uv_size": [6.875, 0.125]},
								"east": {"uv": [6, 66], "uv_size": [0.25, 0.125]},
								"south": {"uv": [47, 15], "uv_size": [6.875, 0.125]},
								"west": {"uv": [66, 6], "uv_size": [0.25, 0.125]},
								"up": {"uv": [38, 44], "uv_size": [6.875, 0.25]},
								"down": {"uv": [45, 22.25], "uv_size": [6.875, -0.25]}
							}
						},
						{
							"origin": [6.84713, 2.28585, 12.53587],
							"size": [0.28616, 0.08105, 0.28368],
							"pivot": [-0.6, 1.83756, 12.67771],
							"rotation": [0, 90, -90],
							"uv": {
								"north": {"uv": [47, 16], "uv_size": [6.875, 0.125]},
								"east": {"uv": [7, 66], "uv_size": [0.25, 0.125]},
								"south": {"uv": [47, 17], "uv_size": [6.875, 0.125]},
								"west": {"uv": [66, 7], "uv_size": [0.25, 0.125]},
								"up": {"uv": [45, 23], "uv_size": [6.875, 0.25]},
								"down": {"uv": [24, 45.25], "uv_size": [6.875, -0.25]}
							}
						},
						{
							"origin": [6.84713, 2.28585, 12.53587],
							"size": [0.28616, 0.08105, 0.28368],
							"pivot": [-0.6, 1.83756, 12.67771],
							"rotation": [0, 90, -60],
							"uv": {
								"north": {"uv": [47, 18], "uv_size": [6.875, 0.125]},
								"east": {"uv": [8, 66], "uv_size": [0.25, 0.125]},
								"south": {"uv": [47, 19], "uv_size": [6.875, 0.125]},
								"west": {"uv": [66, 8], "uv_size": [0.25, 0.125]},
								"up": {"uv": [45, 24], "uv_size": [6.875, 0.25]},
								"down": {"uv": [31, 45.25], "uv_size": [6.875, -0.25]}
							}
						},
						{
							"origin": [6.84713, 2.28585, 12.53587],
							"size": [0.28616, 0.08105, 0.28368],
							"pivot": [-0.6, 1.83756, 12.67771],
							"rotation": [0, 90, -30],
							"uv": {
								"north": {"uv": [47, 20], "uv_size": [6.875, 0.125]},
								"east": {"uv": [9, 66], "uv_size": [0.25, 0.125]},
								"south": {"uv": [47, 21], "uv_size": [6.875, 0.125]},
								"west": {"uv": [66, 9], "uv_size": [0.25, 0.125]},
								"up": {"uv": [38, 45], "uv_size": [6.875, 0.25]},
								"down": {"uv": [45, 38.25], "uv_size": [6.875, -0.25]}
							}
						}
					]
				},
				{
					"name": "division",
					"pivot": [-0.6625, 1.8, -66.175],
					"cubes": [
						{
							"origin": [-21.6625, -19.2, -66.3],
							"size": [42, 42, 0.25],
							"uv": {
								"south": {"uv": [84, 82.25], "uv_size": [42, 42]}
							}
						}
					]
				},
				{
					"name": "division_illuminated",
					"parent": "division",
					"pivot": [-0.475, 1.625, -66.075],
					"cubes": [
						{
							"origin": [-12.475, -10.375, -66.2],
							"size": [24, 24, 0.25],
							"uv": {
								"south": {"uv": [76.25, 1.5], "uv_size": [50, 50]}
							}
						}
					]
				},
				{
					"name": "scope_view",
					"pivot": [-0.61, 1.83, 9.45]
				}
			]
		}
	]
}