{
	"format_version": "1.12.0",
	"minecraft:geometry": [
		{
			"description": {
				"identifier": "geometry.unknown",
				"texture_width": 16,
				"texture_height": 16,
				"visible_bounds_width": 2,
				"visible_bounds_height": 1.5,
				"visible_bounds_offset": [0, 0.25, 0]
			},
			"bones": [
				{
					"name": "grip",
					"pivot": [0, -8.8, 16],
					"cubes": [
						{
							"origin": [-0.575, -0.35, -1.375],
							"size": [1.125, 0.125, 2.7],
							"uv": {
								"north": {"uv": [11, 11], "uv_size": [1, 1]},
								"east": {"uv": [8, 8], "uv_size": [3, 1]},
								"south": {"uv": [0, 12], "uv_size": [1, 1]},
								"west": {"uv": [9, 0], "uv_size": [3, 1]},
								"up": {"uv": [9, 1], "uv_size": [1, 3]},
								"down": {"uv": [9, 7], "uv_size": [1, -3]}
							}
						},
						{
							"origin": [-0.575, -0.25, 0.825],
							"size": [1.125, 0.225, 0.5],
							"uv": {
								"north": {"uv": [12, 0], "uv_size": [1, 1]},
								"east": {"uv": [1, 12], "uv_size": [1, 1]},
								"south": {"uv": [12, 1], "uv_size": [1, 1]},
								"west": {"uv": [2, 12], "uv_size": [1, 1]},
								"up": {"uv": [12, 2], "uv_size": [1, 1]},
								"down": {"uv": [3, 13], "uv_size": [1, -1]}
							}
						},
						{
							"origin": [-0.575, -0.25, -1.375],
							"size": [1.125, 0.225, 0.5],
							"uv": {
								"north": {"uv": [12, 3], "uv_size": [1, 1]},
								"east": {"uv": [4, 12], "uv_size": [1, 1]},
								"south": {"uv": [12, 4], "uv_size": [1, 1]},
								"west": {"uv": [5, 12], "uv_size": [1, 1]},
								"up": {"uv": [6, 12], "uv_size": [1, 1]},
								"down": {"uv": [7, 13], "uv_size": [1, -1]}
							}
						},
						{
							"origin": [-0.525, -0.25, -0.9],
							"size": [1.05, 0.225, 1.825],
							"uv": {
								"north": {"uv": [12, 7], "uv_size": [1, 1]},
								"east": {"uv": [8, 10], "uv_size": [2, 1]},
								"south": {"uv": [12, 8], "uv_size": [1, 1]},
								"west": {"uv": [10, 10], "uv_size": [2, 1]},
								"up": {"uv": [11, 1], "uv_size": [1, 2]},
								"down": {"uv": [11, 5], "uv_size": [1, -2]}
							}
						},
						{
							"origin": [-0.575, -0.05, -1.375],
							"size": [1.125, 0.125, 2.7],
							"uv": {
								"north": {"uv": [12, 9], "uv_size": [1, 1]},
								"east": {"uv": [9, 7], "uv_size": [3, 1]},
								"south": {"uv": [12, 10], "uv_size": [1, 1]},
								"west": {"uv": [8, 9], "uv_size": [3, 1]},
								"up": {"uv": [10, 1], "uv_size": [1, 3]},
								"down": {"uv": [10, 7], "uv_size": [1, -3]}
							}
						},
						{
							"origin": [-0.575, -0.45, -1.275],
							"size": [1.125, 0.125, 2.5],
							"uv": {
								"north": {"uv": [11, 12], "uv_size": [1, 1]},
								"east": {"uv": [11, 5], "uv_size": [2, 1]},
								"south": {"uv": [12, 11], "uv_size": [1, 1]},
								"west": {"uv": [11, 6], "uv_size": [2, 1]},
								"up": {"uv": [8, 11], "uv_size": [1, 2]},
								"down": {"uv": [11, 10], "uv_size": [1, -2]}
							}
						},
						{
							"origin": [-0.48548, -4.75, -0.36687],
							"size": [0.94596, 4.35, 0.78374],
							"uv": {
								"north": {"uv": [0, 4], "uv_size": [1, 4]},
								"east": {"uv": [4, 0], "uv_size": [1, 4]},
								"south": {"uv": [1, 4], "uv_size": [1, 4]},
								"west": {"uv": [2, 4], "uv_size": [1, 4]},
								"up": {"uv": [12, 12], "uv_size": [1, 1]},
								"down": {"uv": [0, 14], "uv_size": [1, -1]}
							}
						},
						{
							"origin": [0.10043, -4.75, 0.37011],
							"size": [0.25, 4.35, 0.55],
							"pivot": [0.28793, -2.725, 0.67011],
							"rotation": [0, -22.5, 0],
							"uv": {
								"north": {"uv": [3, 4], "uv_size": [1, 4]},
								"east": {"uv": [4, 4], "uv_size": [1, 4]},
								"south": {"uv": [5, 0], "uv_size": [1, 4]},
								"west": {"uv": [5, 4], "uv_size": [1, 4]},
								"up": {"uv": [13, 0], "uv_size": [1, 1]},
								"down": {"uv": [1, 14], "uv_size": [1, -1]}
							}
						},
						{
							"origin": [0.11475, -4.75, -0.8481],
							"size": [0.25, 4.35, 0.55],
							"pivot": [0.23975, -2.725, -0.5731],
							"rotation": [0, 22.5, 0],
							"uv": {
								"north": {"uv": [6, 0], "uv_size": [1, 4]},
								"east": {"uv": [6, 4], "uv_size": [1, 4]},
								"south": {"uv": [7, 0], "uv_size": [1, 4]},
								"west": {"uv": [7, 4], "uv_size": [1, 4]},
								"up": {"uv": [13, 1], "uv_size": [1, 1]},
								"down": {"uv": [2, 14], "uv_size": [1, -1]}
							}
						},
						{
							"origin": [-0.38975, -4.75, -0.8481],
							"size": [0.25, 4.35, 0.55],
							"pivot": [-0.26475, -2.725, -0.5731],
							"rotation": [0, -22.5, 0],
							"uv": {
								"north": {"uv": [0, 8], "uv_size": [1, 4]},
								"east": {"uv": [8, 0], "uv_size": [1, 4]},
								"south": {"uv": [1, 8], "uv_size": [1, 4]},
								"west": {"uv": [2, 8], "uv_size": [1, 4]},
								"up": {"uv": [13, 2], "uv_size": [1, 1]},
								"down": {"uv": [3, 14], "uv_size": [1, -1]}
							}
						},
						{
							"origin": [-0.37543, -4.75, 0.37011],
							"size": [0.25, 4.35, 0.55],
							"pivot": [-0.31293, -2.725, 0.67011],
							"rotation": [0, 22.5, 0],
							"uv": {
								"north": {"uv": [3, 8], "uv_size": [1, 4]},
								"east": {"uv": [4, 8], "uv_size": [1, 4]},
								"south": {"uv": [8, 4], "uv_size": [1, 4]},
								"west": {"uv": [5, 8], "uv_size": [1, 4]},
								"up": {"uv": [13, 3], "uv_size": [1, 1]},
								"down": {"uv": [4, 14], "uv_size": [1, -1]}
							}
						},
						{
							"origin": [-0.275, -4.75, -0.875],
							"size": [0.525, 4.35, 1.8],
							"uv": {
								"north": {"uv": [6, 8], "uv_size": [1, 4]},
								"east": {"uv": [0, 0], "uv_size": [2, 4]},
								"south": {"uv": [7, 8], "uv_size": [1, 4]},
								"west": {"uv": [2, 0], "uv_size": [2, 4]},
								"up": {"uv": [9, 11], "uv_size": [1, 2]},
								"down": {"uv": [10, 13], "uv_size": [1, -2]}
							}
						},
						{
							"origin": [-0.575, -0.3976, 1.15152],
							"size": [1.125, 0.125, 0.14142],
							"pivot": [-0.0125, -0.3351, 1.25152],
							"rotation": [45, 0, 0],
							"uv": {
								"north": {"uv": [13, 4], "uv_size": [1, 1]},
								"east": {"uv": [5, 13], "uv_size": [1, 1]},
								"south": {"uv": [13, 5], "uv_size": [1, 1]},
								"west": {"uv": [6, 13], "uv_size": [1, 1]},
								"up": {"uv": [13, 6], "uv_size": [1, 1]},
								"down": {"uv": [7, 14], "uv_size": [1, -1]}
							}
						},
						{
							"origin": [-0.575, -0.4024, -1.3601],
							"size": [1.125, 0.14142, 0.14143],
							"pivot": [-0.0125, -0.32348, -1.2601],
							"rotation": [45, 0, 0],
							"uv": {
								"north": {"uv": [13, 7], "uv_size": [1, 1]},
								"east": {"uv": [8, 13], "uv_size": [1, 1]},
								"south": {"uv": [13, 8], "uv_size": [1, 1]},
								"west": {"uv": [9, 13], "uv_size": [1, 1]},
								"up": {"uv": [13, 9], "uv_size": [1, 1]},
								"down": {"uv": [10, 14], "uv_size": [1, -1]}
							}
						}
					]
				}
			]
		}
	]
}