{
  "ammo": "bluearchivejp:38ammo",
  "ammo_amount": 5,
  "bolt": "open_bolt",
  "rpm": 30,
  "bullet": {
	    "extra_damage": {
			"armor_ignore": 0.4,
			"head_shot_multiplier": 1.2,
			"damage_adjust": [
				{"distance": 30, "damage": 32},
				{"distance": 60, "damage": 24},
				{"distance": 120, "damage": 16},
				{"distance": "infinite", "damage": 14}
			]
		},
    "life": 10,
    "damage": 32,
    "tracer_count_interval": 0,
    "speed": 800,
    "gravity": 0.03,
    "knockback": 0.6,
    "friction": 0.02,
    "ignite": false,
    "pierce": 2
  },
  "reload": {
    "type": "magazine",
    "feed": {
      "empty": 6.37,
      "tactical": 4.82
    },
    "cooldown": {
      "empty": 6.36,
      "tactical": 4.81
    }
  },
  "draw_time": 0.35,
  "put_away_time": 0.4,
  "aim_time": 0.2,
  "sprint_time": 0.3,
  "weight": 4.5,
  "fire_mode": [
    "semi"
  ],
  "recoil": {
    "pitch": [
      {"time": 0, "value": [0.8, 0.8]},
      {"time": 0.25, "value": [0.9, 0.9]},
      {"time": 0.45, "value": [-0.4, -0.4]},
      {"time": 0.6, "value": [0, 0]}
    ],
    "yaw": [
      {"time": 0, "value": [-0.55, -0.55]},
      {"time": 0.25, "value": [-0.5, -0.5]},
      {"time": 0.45, "value": [0, 0]}
    ]
  },
  "allow_attachment_types": [
    "scope"
  ],
  "melee": {
    "distance": 1.25,
    "cooldown": 0.7,
    "default": {
      "animation_type": "melee_stock",
      "distance": 1,
      "range_angle": 30,
      "damage": 2,
      "knockback": 0.6,
      "prep": 0.1
    }
  },
  "inaccuracy": {
    "stand": 2,
    "move": 4,
    "sneak": 1,
    "lie": 0.5,
    "aim": 0.2
  }
}