{
  "ammo": "bluearchivejp:eoht_ammo",
  "ammo_amount": 7,
  "bolt": "manual_action",
  "rpm": 500,
  "bullet": {
    "life": 0.6,
    "bullet_amount": 7,
    "damage": 45,
    "tracer_count_interval": 0,
    "extra_damage": {
      "armor_ignore": 0.1,
      "head_shot_multiplier": 1.2,
      "damage_adjust": [
        {"distance": 18, "damage": 45},
        {"distance": 32, "damage": 35},
        {"distance": "infinite", "damage": 20}
      ]
    },
    "speed": 300,
    "gravity": 0.2,
    "knockback": 0.2,
    "friction": 0.09,
    "ignite": false,
    "pierce": 1,
    "explosion": {
      "explode": true,
      "damage": 10,
      "radius": 5,
      "knockback": true,
      "destroy_block": false,
      "delay": 30
    }
  },
  "reload": {
    "type": "magazine",
    "feed": {
      "empty": 2.13,
      "tactical": 0.67
    },
    "cooldown": {
      "empty": 0.67,
      "tactical": 0.23
    }
  },
  "draw_time": 0.25,
  "put_away_time": 0.45,
  "aim_time": 0.15,
  "sprint_time": 0.13,
  "weight": 3.2,
  "movement_speed": {
    "base": 0.0,
    "aim": -0.2,
    "reload": 0
  },
  "fire_mode": [
    "auto"
  ],
  "recoil": {
    "pitch": [
      {"time": 0, "value": [0.7, 0.7]},
      {"time": 0.25, "value": [0.7, 0.7]},
      {"time": 0.45, "value": [-0.175, -0.175]},
      {"time": 0.6, "value": [0, 0]}
    ],
    "yaw": [
      {"time": 0, "value": [-0.35, -0.15]},
      {"time": 0.25, "value": [-0.35, -0.15]},
      {"time": 0.45, "value": [0, 0]}
    ]
  },
  "inaccuracy": {
    "stand": 3.65,
    "move": 3.7,
    "sneak": 3.65,
    "lie": 3.5,
    "aim": 3.5
  },
  "melee": {
    "distance": 1.25,
    "cooldown": 0.7,
    "default": {
      "animation_type": "melee_stock",
      "distance": 1,
      "range_angle": 30,
      "damage": 2,
      "knockback": 0.6,
      "prep": 0.1
    }
  },
  "script": "tacz:m870_gun_logic",
  "script_param": {
    "bolt_time": 0.55,
    "bolt_feed_time": 0.3,
    "intro_empty": 2.13,
    "intro": 0.37,
    "loop": 0.67,
    "ending": 0.17,
    "intro_empty_feed": 1.35,
    "loop_feed": 0.25
  },
  "allow_attachment_types": [
    "extended_mag"
  ]
}