{
  "ammo": "bluearchivejp:al1s_ammo",
  "ammo_amount": 1,
  "bolt": "open_bolt",
  "rpm": 50,
  "bullet": {
	    "extra_damage": {
			"armor_ignore": 0.3,
			"head_shot_multiplier": 1.5,
			"damage_adjust": [
				{"distance": 30, "damage": 420},
				{"distance": 60, "damage": 380},
				{"distance": 120, "damage": 300},
				{"distance": "infinite", "damage": 250}
			]
		},
    "life": 1,
    "damage": 400,
    "tracer_count_interval": 0,
    "speed": 800,
    "gravity": 0,
    "knockback": 0.4,
    "friction": 0.03,
    "ignite": false,
    "pierce": 2,
    "explosion": {
      "explode": true,
      "damage": 180,
      "radius": 5,
      "knockback": true,
      "destroy_block": false,
      "delay": 30
    }
  },
  "reload": {
    "type": "magazine",
    "feed": {
      "empty": 5.28,
      "tactical": 5.28
    },
    "cooldown": {
      "empty": 5.27,
      "tactical": 5.27
    }
  },
  "draw_time": 0.35,
  "put_away_time": 0.6,
  "aim_time": 0.2,
  "sprint_time": 0.3,
  "weight": 20,
  "fire_mode": [
    "semi"
  ],
  "recoil": {
    "pitch": [
      {"time": 0, "value": [0.7, 0.7]},
      {"time": 0.25, "value": [0.7, 0.7]},
      {"time": 0.45, "value": [-0.175, -0.175]},
      {"time": 0.6, "value": [0, 0]}
    ],
    "yaw": [
      {"time": 0, "value": [-0.35, -0.15]},
      {"time": 0.25, "value": [-0.35, -0.15]},
      {"time": 0.45, "value": [0, 0]}
    ]
  },
  "allow_attachment_types": [
    "grip"
  ],
  "inaccuracy": {
    "stand": 1,
    "move": 2,
    "sneak": 0.8,
    "lie": 0.5,
    "aim": 0.2
  },
  "allow_attachment_types": [
  ],
  "builtin_attachments": {
    "scope": "bluearchivejp:noa_proto_lens"
  }
}