{
  "ammo": "bluearchivejp:rb762x53r",
  "ammo_amount": 20,
  "bolt": "open_bolt",
  "rpm": 480,
  "bullet": {
	    "extra_damage": {
			"armor_ignore": 0.6,
			"head_shot_multiplier": 1.4,
			"damage_adjust": [
				{"distance": 30, "damage": 8.5},
				{"distance": 60, "damage": 7},
				{"distance": 120, "damage": 6},
				{"distance": "infinite", "damage": 5}
			]
		},
    "life": 10,
    "damage": 8.5,
    "tracer_count_interval": 0,
    "speed": 500,
    "gravity": 0,
    "knockback": 0,
    "friction": 0.03,
    "ignite": false,
    "pierce": 2
  },
  "reload": {
    "type": "magazine",
    "feed": {
      "empty": 3.6,
      "tactical": 2.45
    },
    "cooldown": {
      "empty": 3.5,
      "tactical": 2.35
    }
  },
  "draw_time": 0.35,
  "put_away_time": 0.4,
  "aim_time": 0.2,
  "sprint_time": 0.3,
  "weight": 5,
  "fire_mode": [
    "auto"
  ],
  "recoil": {
    "pitch": [
      {"time": 0, "value": [0.8, 0.8]},
      {"time": 0.25, "value": [0.9, 0.9]},
      {"time": 0.45, "value": [-0.4, -0.4]},
      {"time": 0.6, "value": [0, 0]}
    ],
    "yaw": [
      {"time": 0, "value": [-0.55, -0.55]},
      {"time": 0.25, "value": [-0.5, -0.5]},
      {"time": 0.45, "value": [0, 0]}
    ]
  },
  "allow_attachment_types": [
    "scope",
    "extended_mag"
  ],
  "extended_mag_ammo_amount": [
    20,
    75,
    20
  ],
  "melee": {
    "distance": 1.25,
    "cooldown": 0.7,
    "default": {
      "animation_type": "melee_stock",
      "distance": 1,
      "range_angle": 30,
      "damage": 2,
      "knockback": 0.6,
      "prep": 0.1
    }
  },
  "inaccuracy": {
    "stand": 2,
    "move": 4,
    "sneak": 1,
    "lie": 0.5,
    "aim": 0.2
  }
}