{
  "ammo": "tacz:9mm",
  "ammo_amount": 71,
  "bolt": "open_bolt",
  "rpm": 800,
  "bullet": {
	    "extra_damage": {
			"armor_ignore": 0.1,
			"head_shot_multiplier": 1.2,
			"damage_adjust": [
				{"distance": 30, "damage": 5.5},
				{"distance": 60, "damage": 5},
				{"distance": 120, "damage": 4},
				{"distance": "infinite", "damage": 3.5}
			]
		},
    "life": 10,
    "damage": 5.5,
    "tracer_count_interval": 0,
    "speed": 200,
    "gravity": 0,
    "knockback": 0,
    "friction": 0.02,
    "ignite": false,
    "pierce": 2
  },
  "reload": {
    "type": "magazine",
    "feed": {
      "empty": 2.9,
      "tactical": 1.8
    },
    "cooldown": {
      "empty": 2.8,
      "tactical": 1.7
    }
  },
  "draw_time": 0.35,
  "put_away_time": 0.4,
  "aim_time": 0.2,
  "sprint_time": 0.3,
  "weight": 5,
  "fire_mode": [
    "auto",
    "semi"
  ],
  "recoil": {
    "pitch": [
      {"time": 0, "value": [0.7, 0.7]},
      {"time": 0.25, "value": [0.8, 0.8]},
      {"time": 0.45, "value": [-0.275, -0.275]},
      {"time": 0.6, "value": [0, 0]}
    ],
    "yaw": [
      {"time": 0, "value": [-0.45, -0.25]},
      {"time": 0.25, "value": [-0.45, -0.25]},
      {"time": 0.45, "value": [0, 0]}
    ]
  },
  "allow_attachment_types": [
    "scope",
    "extended_mag",
    "muzzle"
  ],
  "melee": {
    "distance": 1.25,
    "cooldown": 0.7,
    "default": {
      "animation_type": "melee_stock",
      "distance": 1,
      "range_angle": 30,
      "damage": 2,
      "knockback": 0.6,
      "prep": 0.1
    }
  },
  "inaccuracy": {
    "stand": 2,
    "move": 4,
    "sneak": 1,
    "lie": 0.5,
    "aim": 0.2
  }
}