{
	"format_version": "1.12.0",
	"minecraft:geometry": [
		{
			"description": {
				"identifier": "geometry.unknown",
				"texture_width": 32,
				"texture_height": 32,
				"visible_bounds_width": 2,
				"visible_bounds_height": 2.5,
				"visible_bounds_offset": [0, 0.75, 0]
			},
			"bones": [
				{
					"name": "fuel",
					"pivot": [0, 0, 0],
					"cubes": [
						{
							"origin": [-3.468, 2.448, -7.752],
							"size": [6.936, 13.668, 15.504],
							"uv": {
								"north": {"uv": [12, 0], "uv_size": [3.5, 6.75]},
								"east": {"uv": [0, 0], "uv_size": [7.5, 6.75]},
								"south": {"uv": [12, 7], "uv_size": [3.5, 6.75]},
								"west": {"uv": [0, 7], "uv_size": [7.5, 6.75]},
								"up": {"uv": [8, 0], "uv_size": [3.5, 7.5]},
								"down": {"uv": [8, 15.5], "uv_size": [3.5, -7.5]}
							}
						},
						{
							"origin": [-3.468, 1.428, -6.732],
							"size": [6.936, 1.224, 13.464],
							"uv": {
								"north": {"uv": [13, 22], "uv_size": [3.5, 0.5]},
								"east": {"uv": [20, 19], "uv_size": [6.5, 0.5]},
								"south": {"uv": [17, 22], "uv_size": [3.5, 0.5]},
								"west": {"uv": [0, 21], "uv_size": [6.5, 0.5]},
								"up": {"uv": [0, 14], "uv_size": [3.5, 6.5]},
								"down": {"uv": [4, 20.5], "uv_size": [3.5, -6.5]}
							}
						},
						{
							"origin": [-3.468, 1.5475, -7.61799],
							"size": [6.936, 1.224, 1.44248],
							"pivot": [0, 2.1595, -6.59799],
							"rotation": [-45, 0, 0],
							"uv": {
								"north": {"uv": [21, 22], "uv_size": [3.5, 0.5]},
								"east": {"uv": [5, 28], "uv_size": [0.75, 0.5]},
								"south": {"uv": [0, 23], "uv_size": [3.5, 0.5]},
								"west": {"uv": [28, 5], "uv_size": [0.75, 0.5]},
								"up": {"uv": [9, 21], "uv_size": [3.5, 0.75]},
								"down": {"uv": [21, 10.75], "uv_size": [3.5, -0.75]}
							}
						},
						{
							"origin": [-3.468, 1.5475, 6.17551],
							"size": [6.936, 1.224, 1.44248],
							"pivot": [0, 2.1595, 6.59799],
							"rotation": [45, 0, 0],
							"uv": {
								"north": {"uv": [4, 23], "uv_size": [3.5, 0.5]},
								"east": {"uv": [6, 28], "uv_size": [0.75, 0.5]},
								"south": {"uv": [8, 23], "uv_size": [3.5, 0.5]},
								"west": {"uv": [28, 6], "uv_size": [0.75, 0.5]},
								"up": {"uv": [21, 11], "uv_size": [3.5, 0.75]},
								"down": {"uv": [19, 21.75], "uv_size": [3.5, -0.75]}
							}
						},
						{
							"origin": [-3.468, 15.72864, -2.02052],
							"size": [6.936, 3.06, 9.792],
							"uv": {
								"north": {"uv": [16, 16], "uv_size": [3.5, 1.5]},
								"east": {"uv": [16, 8], "uv_size": [4.75, 1.5]},
								"south": {"uv": [16, 18], "uv_size": [3.5, 1.5]},
								"west": {"uv": [16, 10], "uv_size": [4.75, 1.5]},
								"up": {"uv": [12, 14], "uv_size": [3.5, 4.75]},
								"down": {"uv": [16, 4.75], "uv_size": [3.5, -4.75]}
							}
						},
						{
							"origin": [2.244, 20.01264, -0.38852],
							"size": [1.02, 0.816, 5.916],
							"uv": {
								"north": {"uv": [28, 8], "uv_size": [0.5, 0.5]},
								"east": {"uv": [13, 23], "uv_size": [3, 0.5]},
								"south": {"uv": [9, 28], "uv_size": [0.5, 0.5]},
								"west": {"uv": [16, 23], "uv_size": [3, 0.5]},
								"up": {"uv": [19, 23], "uv_size": [0.5, 3]},
								"down": {"uv": [20, 26], "uv_size": [0.5, -3]}
							}
						},
						{
							"origin": [2.244, 19.18398, -1.98035],
							"size": [1.02, 0.816, 2.448],
							"pivot": [2.754, 19.59198, -0.75635],
							"rotation": [55, 0, 0],
							"uv": {
								"north": {"uv": [28, 9], "uv_size": [0.5, 0.5]},
								"east": {"uv": [24, 5], "uv_size": [1.25, 0.5]},
								"south": {"uv": [10, 28], "uv_size": [0.5, 0.5]},
								"west": {"uv": [6, 24], "uv_size": [1.25, 0.5]},
								"up": {"uv": [24, 6], "uv_size": [0.5, 1.25]},
								"down": {"uv": [8, 25.25], "uv_size": [0.5, -1.25]}
							}
						},
						{
							"origin": [-0.408, 19.89563, -0.2214],
							"size": [1.02, 0.816, 5.916],
							"uv": {
								"north": {"uv": [28, 13], "uv_size": [0.5, 0.5]},
								"east": {"uv": [23, 20], "uv_size": [3, 0.5]},
								"south": {"uv": [14, 28], "uv_size": [0.5, 0.5]},
								"west": {"uv": [23, 21], "uv_size": [3, 0.5]},
								"up": {"uv": [23, 23], "uv_size": [0.5, 3]},
								"down": {"uv": [0, 27], "uv_size": [0.5, -3]}
							}
						},
						{
							"origin": [-0.408, 19.18398, -1.98035],
							"size": [1.02, 0.612, 2.448],
							"pivot": [0.102, 19.59198, -0.75635],
							"rotation": [55, 0, 0],
							"uv": {
								"north": {"uv": [29, 10], "uv_size": [0.5, 0.25]},
								"east": {"uv": [7, 28], "uv_size": [1.25, 0.25]},
								"south": {"uv": [11, 29], "uv_size": [0.5, 0.25]},
								"west": {"uv": [28, 7], "uv_size": [1.25, 0.25]},
								"up": {"uv": [13, 24], "uv_size": [0.5, 1.25]},
								"down": {"uv": [14, 25.25], "uv_size": [0.5, -1.25]}
							}
						},
						{
							"origin": [-3.264, 20.01264, -0.38852],
							"size": [1.02, 0.816, 5.916],
							"uv": {
								"north": {"uv": [28, 11], "uv_size": [0.5, 0.5]},
								"east": {"uv": [23, 16], "uv_size": [3, 0.5]},
								"south": {"uv": [12, 28], "uv_size": [0.5, 0.5]},
								"west": {"uv": [23, 17], "uv_size": [3, 0.5]},
								"up": {"uv": [21, 23], "uv_size": [0.5, 3]},
								"down": {"uv": [22, 26], "uv_size": [0.5, -3]}
							}
						},
						{
							"origin": [-3.264, 19.18398, -1.98035],
							"size": [1.02, 0.816, 2.448],
							"pivot": [-2.754, 19.59198, -0.75635],
							"rotation": [55, 0, 0],
							"uv": {
								"north": {"uv": [28, 10], "uv_size": [0.5, 0.5]},
								"east": {"uv": [24, 8], "uv_size": [1.25, 0.5]},
								"south": {"uv": [11, 28], "uv_size": [0.5, 0.5]},
								"west": {"uv": [9, 24], "uv_size": [1.25, 0.5]},
								"up": {"uv": [11, 24], "uv_size": [0.5, 1.25]},
								"down": {"uv": [24, 13.25], "uv_size": [0.5, -1.25]}
							}
						},
						{
							"origin": [-2.244, 19.59198, -1.98035],
							"size": [4.692, 0.204, 1.836],
							"pivot": [-2.754, 19.59198, -0.75635],
							"rotation": [55, 0, 0],
							"uv": {
								"north": {"uv": [25, 26], "uv_size": [2.25, 0.25]},
								"east": {"uv": [28, 12], "uv_size": [1, 0.25]},
								"south": {"uv": [0, 27], "uv_size": [2.25, 0.25]},
								"west": {"uv": [13, 28], "uv_size": [1, 0.25]},
								"up": {"uv": [13, 21], "uv_size": [2.25, 1]},
								"down": {"uv": [0, 23], "uv_size": [2.25, -1]}
							}
						},
						{
							"origin": [-3.468, 17.97264, 6.95548],
							"size": [6.936, 2.652, 0.816],
							"uv": {
								"north": {"uv": [20, 4], "uv_size": [3.5, 1.25]},
								"east": {"uv": [24, 3], "uv_size": [0.5, 1.25]},
								"south": {"uv": [20, 6], "uv_size": [3.5, 1.25]},
								"west": {"uv": [5, 24], "uv_size": [0.5, 1.25]},
								"up": {"uv": [3, 22], "uv_size": [3.5, 0.5]},
								"down": {"uv": [9, 22.5], "uv_size": [3.5, -0.5]}
							}
						},
						{
							"origin": [-3.468, 20.28876, 6.96062],
							"size": [6.936, 0.57699, 0.612],
							"pivot": [0, 20.69676, 7.26662],
							"rotation": [45, 0, 0],
							"uv": {
								"north": {"uv": [24, 0], "uv_size": [3.5, 0.25]},
								"east": {"uv": [29, 11], "uv_size": [0.25, 0.25]},
								"south": {"uv": [1, 24], "uv_size": [3.5, 0.25]},
								"west": {"uv": [12, 29], "uv_size": [0.25, 0.25]},
								"up": {"uv": [24, 1], "uv_size": [3.5, 0.25]},
								"down": {"uv": [24, 2.25], "uv_size": [3.5, -0.25]}
							}
						},
						{
							"origin": [-3.468, 17.97264, 5.32348],
							"size": [6.936, 3.06, 2.04],
							"uv": {
								"north": {"uv": [20, 0], "uv_size": [3.5, 1.5]},
								"east": {"uv": [23, 8], "uv_size": [1, 1.5]},
								"south": {"uv": [20, 2], "uv_size": [3.5, 1.5]},
								"west": {"uv": [12, 23], "uv_size": [1, 1.5]},
								"up": {"uv": [20, 18], "uv_size": [3.5, 1]},
								"down": {"uv": [19, 21], "uv_size": [3.5, -1]}
							}
						},
						{
							"origin": [-3.468, 17.48615, 3.00229],
							"size": [6.936, 3.06, 3.876],
							"pivot": [0, 18.71015, 5.45029],
							"rotation": [41, 0, 0],
							"uv": {
								"north": {"uv": [8, 19], "uv_size": [3.5, 1.5]},
								"east": {"uv": [7, 21], "uv_size": [2, 1.5]},
								"south": {"uv": [12, 19], "uv_size": [3.5, 1.5]},
								"west": {"uv": [21, 8], "uv_size": [2, 1.5]},
								"up": {"uv": [16, 12], "uv_size": [3.5, 2]},
								"down": {"uv": [16, 16], "uv_size": [3.5, -2]}
							}
						},
						{
							"origin": [-3.468, 15.70516, -7.43478],
							"size": [6.936, 2.652, 6.324],
							"pivot": [0, 16.52116, -2.53878],
							"rotation": [25, 0, 0],
							"uv": {
								"north": {"uv": [20, 12], "uv_size": [3.5, 1.25]},
								"east": {"uv": [16, 20], "uv_size": [3, 1.25]},
								"south": {"uv": [20, 14], "uv_size": [3.5, 1.25]},
								"west": {"uv": [20, 16], "uv_size": [3, 1.25]},
								"up": {"uv": [16, 5], "uv_size": [3.5, 3]},
								"down": {"uv": [8, 19], "uv_size": [3.5, -3]}
							}
						},
						{
							"origin": [-0.5712, 17.15038, -5.49984],
							"size": [1.1424, 2.26848, 0.79968],
							"pivot": [0, 17.92662, -5.1],
							"rotation": [30, 25, -90],
							"uv": {
								"north": {"uv": [3, 28], "uv_size": [0.5, 1]},
								"east": {"uv": [28, 3], "uv_size": [0.5, 1]},
								"south": {"uv": [4, 28], "uv_size": [0.5, 1]},
								"west": {"uv": [28, 4], "uv_size": [0.5, 1]},
								"up": {"uv": [28, 25], "uv_size": [0.5, 0.5]},
								"down": {"uv": [26, 28.5], "uv_size": [0.5, -0.5]}
							}
						},
						{
							"origin": [-0.5712, 17.15038, -5.49984],
							"size": [1.1424, 2.26848, 0.79968],
							"pivot": [0, 17.92662, -5.1],
							"rotation": [60, 25, -90],
							"uv": {
								"north": {"uv": [1, 28], "uv_size": [0.5, 1]},
								"east": {"uv": [28, 1], "uv_size": [0.5, 1]},
								"south": {"uv": [2, 28], "uv_size": [0.5, 1]},
								"west": {"uv": [28, 2], "uv_size": [0.5, 1]},
								"up": {"uv": [28, 24], "uv_size": [0.5, 0.5]},
								"down": {"uv": [25, 28.5], "uv_size": [0.5, -0.5]}
							}
						},
						{
							"origin": [-0.5712, 17.15038, -5.49984],
							"size": [1.1424, 2.26848, 0.79968],
							"pivot": [0, 17.92662, -5.1],
							"rotation": [90, 25, -90],
							"uv": {
								"north": {"uv": [26, 27], "uv_size": [0.5, 1]},
								"east": {"uv": [27, 27], "uv_size": [0.5, 1]},
								"south": {"uv": [0, 28], "uv_size": [0.5, 1]},
								"west": {"uv": [28, 0], "uv_size": [0.5, 1]},
								"up": {"uv": [28, 23], "uv_size": [0.5, 0.5]},
								"down": {"uv": [24, 28.5], "uv_size": [0.5, -0.5]}
							}
						},
						{
							"origin": [-0.5712, 17.15038, -5.49984],
							"size": [1.1424, 2.26848, 0.79968],
							"pivot": [0, 17.92662, -5.1],
							"rotation": [120, 25, -90],
							"uv": {
								"north": {"uv": [24, 27], "uv_size": [0.5, 1]},
								"east": {"uv": [27, 24], "uv_size": [0.5, 1]},
								"south": {"uv": [25, 27], "uv_size": [0.5, 1]},
								"west": {"uv": [27, 25], "uv_size": [0.5, 1]},
								"up": {"uv": [28, 22], "uv_size": [0.5, 0.5]},
								"down": {"uv": [23, 28.5], "uv_size": [0.5, -0.5]}
							}
						},
						{
							"origin": [-0.5712, 17.15038, -5.49984],
							"size": [1.1424, 2.26848, 0.79968],
							"pivot": [0, 17.92662, -5.1],
							"rotation": [150, 25, -90],
							"uv": {
								"north": {"uv": [27, 20], "uv_size": [0.5, 1]},
								"east": {"uv": [27, 21], "uv_size": [0.5, 1]},
								"south": {"uv": [27, 22], "uv_size": [0.5, 1]},
								"west": {"uv": [27, 23], "uv_size": [0.5, 1]},
								"up": {"uv": [28, 21], "uv_size": [0.5, 0.5]},
								"down": {"uv": [22, 28.5], "uv_size": [0.5, -0.5]}
							}
						},
						{
							"origin": [-0.5712, 17.15038, -5.49984],
							"size": [1.1424, 2.26848, 0.79968],
							"pivot": [0, 17.92662, -5.1],
							"rotation": [180, 25, -90],
							"uv": {
								"north": {"uv": [27, 16], "uv_size": [0.5, 1]},
								"east": {"uv": [27, 17], "uv_size": [0.5, 1]},
								"south": {"uv": [27, 18], "uv_size": [0.5, 1]},
								"west": {"uv": [27, 19], "uv_size": [0.5, 1]},
								"up": {"uv": [28, 20], "uv_size": [0.5, 0.5]},
								"down": {"uv": [21, 28.5], "uv_size": [0.5, -0.5]}
							}
						},
						{
							"origin": [-0.5712, 17.15038, -5.49984],
							"size": [1.1424, 2.26848, 0.79968],
							"pivot": [0, 17.92662, -5.1],
							"rotation": [-150, 25, -90],
							"uv": {
								"north": {"uv": [27, 12], "uv_size": [0.5, 1]},
								"east": {"uv": [27, 13], "uv_size": [0.5, 1]},
								"south": {"uv": [27, 14], "uv_size": [0.5, 1]},
								"west": {"uv": [27, 15], "uv_size": [0.5, 1]},
								"up": {"uv": [28, 19], "uv_size": [0.5, 0.5]},
								"down": {"uv": [20, 28.5], "uv_size": [0.5, -0.5]}
							}
						},
						{
							"origin": [-0.5712, 17.15038, -5.49984],
							"size": [1.1424, 2.26848, 0.79968],
							"pivot": [0, 17.92662, -5.1],
							"rotation": [-120, 25, -90],
							"uv": {
								"north": {"uv": [10, 27], "uv_size": [0.5, 1]},
								"east": {"uv": [27, 10], "uv_size": [0.5, 1]},
								"south": {"uv": [27, 11], "uv_size": [0.5, 1]},
								"west": {"uv": [12, 27], "uv_size": [0.5, 1]},
								"up": {"uv": [28, 18], "uv_size": [0.5, 0.5]},
								"down": {"uv": [19, 28.5], "uv_size": [0.5, -0.5]}
							}
						},
						{
							"origin": [-0.5712, 17.15038, -5.49984],
							"size": [1.1424, 2.26848, 0.79968],
							"pivot": [0, 17.92662, -5.1],
							"rotation": [-90, 25, -90],
							"uv": {
								"north": {"uv": [27, 7], "uv_size": [0.5, 1]},
								"east": {"uv": [27, 8], "uv_size": [0.5, 1]},
								"south": {"uv": [9, 27], "uv_size": [0.5, 1]},
								"west": {"uv": [27, 9], "uv_size": [0.5, 1]},
								"up": {"uv": [28, 17], "uv_size": [0.5, 0.5]},
								"down": {"uv": [18, 28.5], "uv_size": [0.5, -0.5]}
							}
						},
						{
							"origin": [-0.5712, 17.15038, -5.49984],
							"size": [1.1424, 2.26848, 0.79968],
							"pivot": [0, 17.92662, -5.1],
							"rotation": [-60, 25, -90],
							"uv": {
								"north": {"uv": [27, 5], "uv_size": [0.5, 1]},
								"east": {"uv": [6, 27], "uv_size": [0.5, 1]},
								"south": {"uv": [27, 6], "uv_size": [0.5, 1]},
								"west": {"uv": [7, 27], "uv_size": [0.5, 1]},
								"up": {"uv": [28, 16], "uv_size": [0.5, 0.5]},
								"down": {"uv": [17, 28.5], "uv_size": [0.5, -0.5]}
							}
						},
						{
							"origin": [-0.5712, 17.15038, -5.49984],
							"size": [1.1424, 2.26848, 0.79968],
							"pivot": [0, 17.92662, -5.1],
							"rotation": [-30, 25, -90],
							"uv": {
								"north": {"uv": [3, 27], "uv_size": [0.5, 1]},
								"east": {"uv": [27, 3], "uv_size": [0.5, 1]},
								"south": {"uv": [4, 27], "uv_size": [0.5, 1]},
								"west": {"uv": [27, 4], "uv_size": [0.5, 1]},
								"up": {"uv": [28, 15], "uv_size": [0.5, 0.5]},
								"down": {"uv": [16, 28.5], "uv_size": [0.5, -0.5]}
							}
						},
						{
							"origin": [-0.5712, 17.15038, -5.49984],
							"size": [1.1424, 2.26848, 0.79968],
							"pivot": [0, 17.92662, -5.1],
							"rotation": [0, 25, -90],
							"uv": {
								"north": {"uv": [24, 9], "uv_size": [0.5, 1]},
								"east": {"uv": [24, 18], "uv_size": [0.5, 1]},
								"south": {"uv": [25, 15], "uv_size": [0.5, 1]},
								"west": {"uv": [25, 18], "uv_size": [0.5, 1]},
								"up": {"uv": [28, 14], "uv_size": [0.5, 0.5]},
								"down": {"uv": [15, 28.5], "uv_size": [0.5, -0.5]}
							}
						},
						{
							"origin": [0.52061, 16.89306, -5.50174],
							"size": [1.08854, 2.63144, 0.92763],
							"pivot": [0, 17.79351, -5.03792],
							"rotation": [-60, 25, -90],
							"uv": {
								"north": {"uv": [24, 14], "uv_size": [0.5, 1.25]},
								"east": {"uv": [15, 24], "uv_size": [0.5, 1.25]},
								"south": {"uv": [16, 24], "uv_size": [0.5, 1.25]},
								"west": {"uv": [17, 24], "uv_size": [0.5, 1.25]},
								"up": {"uv": [28, 26], "uv_size": [0.5, 0.5]},
								"down": {"uv": [27, 28.5], "uv_size": [0.5, -0.5]}
							}
						},
						{
							"origin": [0.52061, 16.89306, -5.50174],
							"size": [1.08854, 2.63144, 0.92763],
							"pivot": [0, 17.79351, -5.03792],
							"rotation": [-30, 25, -90],
							"uv": {
								"north": {"uv": [18, 24], "uv_size": [0.5, 1.25]},
								"east": {"uv": [24, 23], "uv_size": [0.5, 1.25]},
								"south": {"uv": [1, 25], "uv_size": [0.5, 1.25]},
								"west": {"uv": [2, 25], "uv_size": [0.5, 1.25]},
								"up": {"uv": [28, 27], "uv_size": [0.5, 0.5]},
								"down": {"uv": [28, 28.5], "uv_size": [0.5, -0.5]}
							}
						},
						{
							"origin": [0.52061, 16.89306, -5.50174],
							"size": [1.08854, 2.63144, 0.92763],
							"pivot": [0, 17.79351, -5.03792],
							"rotation": [0, 25, -90],
							"uv": {
								"north": {"uv": [3, 25], "uv_size": [0.5, 1.25]},
								"east": {"uv": [25, 3], "uv_size": [0.5, 1.25]},
								"south": {"uv": [4, 25], "uv_size": [0.5, 1.25]},
								"west": {"uv": [6, 25], "uv_size": [0.5, 1.25]},
								"up": {"uv": [0, 29], "uv_size": [0.5, 0.5]},
								"down": {"uv": [29, 0.5], "uv_size": [0.5, -0.5]}
							}
						},
						{
							"origin": [0.52061, 16.89306, -5.50174],
							"size": [1.08854, 2.63144, 0.92763],
							"pivot": [0, 17.79351, -5.03792],
							"rotation": [30, 25, -90],
							"uv": {
								"north": {"uv": [25, 6], "uv_size": [0.5, 1.25]},
								"east": {"uv": [7, 25], "uv_size": [0.5, 1.25]},
								"south": {"uv": [9, 25], "uv_size": [0.5, 1.25]},
								"west": {"uv": [25, 9], "uv_size": [0.5, 1.25]},
								"up": {"uv": [1, 29], "uv_size": [0.5, 0.5]},
								"down": {"uv": [29, 1.5], "uv_size": [0.5, -0.5]}
							}
						},
						{
							"origin": [0.52061, 16.89306, -5.50174],
							"size": [1.08854, 2.63144, 0.92763],
							"pivot": [0, 17.79351, -5.03792],
							"rotation": [60, 25, -90],
							"uv": {
								"north": {"uv": [10, 25], "uv_size": [0.5, 1.25]},
								"east": {"uv": [25, 11], "uv_size": [0.5, 1.25]},
								"south": {"uv": [12, 25], "uv_size": [0.5, 1.25]},
								"west": {"uv": [25, 13], "uv_size": [0.5, 1.25]},
								"up": {"uv": [2, 29], "uv_size": [0.5, 0.5]},
								"down": {"uv": [29, 2.5], "uv_size": [0.5, -0.5]}
							}
						},
						{
							"origin": [0.52061, 16.89306, -5.50174],
							"size": [1.08854, 2.63144, 0.92763],
							"pivot": [0, 17.79351, -5.03792],
							"rotation": [90, 25, -90],
							"uv": {
								"north": {"uv": [25, 22], "uv_size": [0.5, 1.25]},
								"east": {"uv": [24, 25], "uv_size": [0.5, 1.25]},
								"south": {"uv": [25, 24], "uv_size": [0.5, 1.25]},
								"west": {"uv": [26, 3], "uv_size": [0.5, 1.25]},
								"up": {"uv": [3, 29], "uv_size": [0.5, 0.5]},
								"down": {"uv": [29, 3.5], "uv_size": [0.5, -0.5]}
							}
						},
						{
							"origin": [0.52061, 16.89306, -5.50174],
							"size": [1.08854, 2.63144, 0.92763],
							"pivot": [0, 17.79351, -5.03792],
							"rotation": [120, 25, -90],
							"uv": {
								"north": {"uv": [5, 26], "uv_size": [0.5, 1.25]},
								"east": {"uv": [26, 5], "uv_size": [0.5, 1.25]},
								"south": {"uv": [26, 7], "uv_size": [0.5, 1.25]},
								"west": {"uv": [8, 26], "uv_size": [0.5, 1.25]},
								"up": {"uv": [4, 29], "uv_size": [0.5, 0.5]},
								"down": {"uv": [29, 4.5], "uv_size": [0.5, -0.5]}
							}
						},
						{
							"origin": [0.52061, 16.89306, -5.50174],
							"size": [1.08854, 2.63144, 0.92763],
							"pivot": [0, 17.79351, -5.03792],
							"rotation": [180, 25, -90],
							"uv": {
								"north": {"uv": [26, 9], "uv_size": [0.5, 1.25]},
								"east": {"uv": [11, 26], "uv_size": [0.5, 1.25]},
								"south": {"uv": [26, 11], "uv_size": [0.5, 1.25]},
								"west": {"uv": [13, 26], "uv_size": [0.5, 1.25]},
								"up": {"uv": [5, 29], "uv_size": [0.5, 0.5]},
								"down": {"uv": [29, 5.5], "uv_size": [0.5, -0.5]}
							}
						},
						{
							"origin": [0.52061, 16.89306, -5.50174],
							"size": [1.08854, 2.63144, 0.92763],
							"pivot": [0, 17.79351, -5.03792],
							"rotation": [-150, 25, -90],
							"uv": {
								"north": {"uv": [26, 13], "uv_size": [0.5, 1.25]},
								"east": {"uv": [14, 26], "uv_size": [0.5, 1.25]},
								"south": {"uv": [15, 26], "uv_size": [0.5, 1.25]},
								"west": {"uv": [26, 15], "uv_size": [0.5, 1.25]},
								"up": {"uv": [6, 29], "uv_size": [0.5, 0.5]},
								"down": {"uv": [29, 6.5], "uv_size": [0.5, -0.5]}
							}
						},
						{
							"origin": [0.52061, 16.89306, -5.50174],
							"size": [1.08854, 2.63144, 0.92763],
							"pivot": [0, 17.79351, -5.03792],
							"rotation": [-120, 25, -90],
							"uv": {
								"north": {"uv": [16, 26], "uv_size": [0.5, 1.25]},
								"east": {"uv": [17, 26], "uv_size": [0.5, 1.25]},
								"south": {"uv": [26, 17], "uv_size": [0.5, 1.25]},
								"west": {"uv": [18, 26], "uv_size": [0.5, 1.25]},
								"up": {"uv": [7, 29], "uv_size": [0.5, 0.5]},
								"down": {"uv": [8, 29.5], "uv_size": [0.5, -0.5]}
							}
						},
						{
							"origin": [0.52061, 16.89306, -5.50174],
							"size": [1.08854, 2.63144, 0.92763],
							"pivot": [0, 17.79351, -5.03792],
							"rotation": [-90, 25, -90],
							"uv": {
								"north": {"uv": [19, 26], "uv_size": [0.5, 1.25]},
								"east": {"uv": [20, 26], "uv_size": [0.5, 1.25]},
								"south": {"uv": [26, 20], "uv_size": [0.5, 1.25]},
								"west": {"uv": [21, 26], "uv_size": [0.5, 1.25]},
								"up": {"uv": [29, 8], "uv_size": [0.5, 0.5]},
								"down": {"uv": [9, 29.5], "uv_size": [0.5, -0.5]}
							}
						},
						{
							"origin": [0.52061, 16.89306, -5.50174],
							"size": [1.08854, 2.63144, 0.92763],
							"pivot": [0, 17.79351, -5.03792],
							"rotation": [150, 25, -90],
							"uv": {
								"north": {"uv": [22, 26], "uv_size": [0.5, 1.25]},
								"east": {"uv": [26, 22], "uv_size": [0.5, 1.25]},
								"south": {"uv": [23, 26], "uv_size": [0.5, 1.25]},
								"west": {"uv": [26, 24], "uv_size": [0.5, 1.25]},
								"up": {"uv": [29, 9], "uv_size": [0.5, 0.5]},
								"down": {"uv": [10, 29.5], "uv_size": [0.5, -0.5]}
							}
						}
					]
				}
			]
		}
	]
}