{
	"format_version": "1.12.0",
	"minecraft:geometry": [
		{
			"description": {
				"identifier": "geometry.unknown",
				"texture_width": 32,
				"texture_height": 32,
				"visible_bounds_width": 8,
				"visible_bounds_height": 4,
				"visible_bounds_offset": [0, 1, 0]
			},
			"bones": [
				{
					"name": "main",
					"pivot": [-2.59921, 5.34987, -1.30145],
					"cubes": [
						{
							"origin": [-1.91555, 3.91233, -3.27154],
							"size": [0.1248, 2.8728, 3.9104],
							"pivot": [-2.85148, 5.48084, -1.38877],
							"rotation": [0, -16, 0],
							"uv": {
								"north": {"uv": [17, 6], "uv_size": [0.25, 1.25]},
								"east": {"uv": [8, 4], "uv_size": [4, 1.25]},
								"south": {"uv": [7, 17], "uv_size": [0.25, 1.25]},
								"west": {"uv": [8, 6], "uv_size": [4, 1.25]},
								"up": {"uv": [12, 10], "uv_size": [0.25, 4]},
								"down": {"uv": [11, 16], "uv_size": [0.25, -4]}
							}
						},
						{
							"origin": [-3.28835, 3.91233, -3.27154],
							"size": [0.1248, 2.8728, 3.9104],
							"pivot": [-2.85148, 5.48084, -1.38877],
							"rotation": [0, -16, 0],
							"uv": {
								"north": {"uv": [8, 17], "uv_size": [0.25, 1.25]},
								"east": {"uv": [8, 8], "uv_size": [4, 1.25]},
								"south": {"uv": [17, 8], "uv_size": [0.25, 1.25]},
								"west": {"uv": [4, 10], "uv_size": [4, 1.25]},
								"up": {"uv": [13, 0], "uv_size": [0.25, 4]},
								"down": {"uv": [1, 17], "uv_size": [0.25, -4]}
							}
						},
						{
							"origin": [-2.4838, 6.72824, -3.27154],
							"size": [0.1248, 1.4144, 3.9104],
							"pivot": [-2.85148, 5.48084, -1.38877],
							"rotation": [9.33984, -13.04927, -36.07055],
							"uv": {
								"north": {"uv": [14, 16], "uv_size": [0.25, 1.5]},
								"east": {"uv": [8, 0], "uv_size": [4, 1.5]},
								"south": {"uv": [16, 14], "uv_size": [0.25, 1.5]},
								"west": {"uv": [8, 2], "uv_size": [4, 1.5]},
								"up": {"uv": [2, 13], "uv_size": [0.25, 4]},
								"down": {"uv": [3, 17], "uv_size": [0.25, -4]}
							}
						},
						{
							"origin": [-4.97283, 7.13016, -3.02194],
							"size": [0.1248, 0.624, 3.4112],
							"pivot": [-2.85148, 5.48084, -1.38877],
							"rotation": [-6.90963, -14.4664, 25.878],
							"uv": {
								"north": {"uv": [1, 20], "uv_size": [0.25, 0.5]},
								"east": {"uv": [12, 4], "uv_size": [3.5, 0.5]},
								"south": {"uv": [20, 1], "uv_size": [0.25, 0.5]},
								"west": {"uv": [12, 5], "uv_size": [3.5, 0.5]},
								"up": {"uv": [6, 13], "uv_size": [0.25, 3.5]},
								"down": {"uv": [13, 16.5], "uv_size": [0.25, -3.5]}
							}
						},
						{
							"origin": [-3.24675, 3.91233, -3.27154],
							"size": [1.3312, 2.8728, 0.208],
							"pivot": [-2.85148, 5.48084, -1.38877],
							"rotation": [0, -16, 0],
							"uv": {
								"north": {"uv": [12, 6], "uv_size": [1.25, 1.25]},
								"east": {"uv": [9, 17], "uv_size": [0.25, 1.25]},
								"south": {"uv": [7, 12], "uv_size": [1.25, 1.25]},
								"west": {"uv": [10, 17], "uv_size": [0.25, 1.25]},
								"up": {"uv": [17, 10], "uv_size": [1.25, 0.25]},
								"down": {"uv": [11, 17.25], "uv_size": [1.25, -0.25]}
							}
						},
						{
							"origin": [-3.24675, 3.91233, 0.43086],
							"size": [1.3312, 2.8728, 0.208],
							"pivot": [-2.85148, 5.48084, -1.38877],
							"rotation": [0, -16, 0],
							"uv": {
								"north": {"uv": [12, 8], "uv_size": [1.25, 1.25]},
								"east": {"uv": [17, 11], "uv_size": [0.25, 1.25]},
								"south": {"uv": [9, 12], "uv_size": [1.25, 1.25]},
								"west": {"uv": [13, 17], "uv_size": [0.25, 1.25]},
								"up": {"uv": [17, 13], "uv_size": [1.25, 0.25]},
								"down": {"uv": [17, 14.25], "uv_size": [1.25, -0.25]}
							}
						},
						{
							"origin": [-3.24675, 7.4578, -0.40973],
							"size": [1.3312, 0.7904, 0.1248],
							"pivot": [-2.85148, 5.48084, -1.38877],
							"rotation": [-30, -16, 0],
							"uv": {
								"north": {"uv": [4, 13], "uv_size": [1.25, 0.75]},
								"east": {"uv": [19, 13], "uv_size": [0.25, 0.75]},
								"south": {"uv": [13, 10], "uv_size": [1.25, 0.75]},
								"west": {"uv": [14, 19], "uv_size": [0.25, 0.75]},
								"up": {"uv": [15, 17], "uv_size": [1.25, 0.25]},
								"down": {"uv": [17, 15.25], "uv_size": [1.25, -0.25]}
							}
						},
						{
							"origin": [-3.24675, 7.38537, -2.36715],
							"size": [1.3312, 0.7904, 0.1248],
							"pivot": [-2.85148, 5.48084, -1.38877],
							"rotation": [30, -16, 0],
							"uv": {
								"north": {"uv": [13, 11], "uv_size": [1.25, 0.75]},
								"east": {"uv": [19, 14], "uv_size": [0.25, 0.75]},
								"south": {"uv": [13, 12], "uv_size": [1.25, 0.75]},
								"west": {"uv": [15, 19], "uv_size": [0.25, 0.75]},
								"up": {"uv": [17, 16], "uv_size": [1.25, 0.25]},
								"down": {"uv": [17, 17.25], "uv_size": [1.25, -0.25]}
							}
						},
						{
							"origin": [-3.28835, 0.25393, -3.27154],
							"size": [1.4976, 3.7584, 3.9104],
							"pivot": [-2.85148, 5.48084, -1.38877],
							"rotation": [0, -16, 0],
							"uv": {
								"north": {"uv": [0, 6], "uv_size": [1.5, 5.25]},
								"east": {"uv": [0, 0], "uv_size": [4, 5.25]},
								"south": {"uv": [2, 6], "uv_size": [1.5, 5.25]},
								"west": {"uv": [4, 0], "uv_size": [4, 5.25]},
								"up": {"uv": [4, 6], "uv_size": [1.5, 4]},
								"down": {"uv": [6, 10], "uv_size": [1.5, -4]}
							}
						}
					]
				},
				{
					"name": "13.9x99mm",
					"parent": "main",
					"pivot": [-1.89987, 2.83313, -1.04055],
					"cubes": [
						{
							"origin": [-1.95087, 2.15393, -2.59575],
							"size": [0.101, 0.8584, 3.1104],
							"pivot": [-1.89987, 2.83313, -1.04055],
							"rotation": [0, 164, 0],
							"uv": {
								"north": {"uv": [25.75, 3.25], "uv_size": [0.25, 0.75]},
								"east": {"uv": [1.25, 26], "uv_size": [27.75, 5.75]},
								"south": {"uv": [25.25, 0.5], "uv_size": [0.25, 0.75]},
								"west": {"uv": [26, 0.75], "uv_size": [3, 0.75]},
								"up": {"uv": [25.75, 0.75], "uv_size": [0.25, 3]},
								"down": {"uv": [25.75, 3.75], "uv_size": [0.25, -3]}
							}
						}
					]
				},
				{
					"name": "ammo",
					"pivot": [-0.4, 3.9879, -3.58283],
					"rotation": [-89.5, 0, 0],
					"cubes": [
						{
							"origin": [-0.81044, 3.69724, -3.74543],
							"size": [0.20424, 0.58131, 0.30636],
							"pivot": [-0.4, 3.9879, -3.5141],
							"rotation": [0, -22.5, 0],
							"uv": {
								"north": {"uv": [20, 20], "uv_size": [0.25, 0.5]},
								"east": {"uv": [0, 21], "uv_size": [0.25, 0.5]},
								"south": {"uv": [21, 0], "uv_size": [0.25, 0.5]},
								"west": {"uv": [1, 21], "uv_size": [0.25, 0.5]},
								"up": {"uv": [21, 20], "uv_size": [0.25, 0.25]},
								"down": {"uv": [21, 21.25], "uv_size": [0.25, -0.25]}
							}
						},
						{
							"origin": [-0.69065, 4.19407, -3.74543],
							"size": [0.58131, 0.20424, 0.30636],
							"pivot": [-0.4, 3.9879, -3.5141],
							"rotation": [22.5, 0, 0],
							"uv": {
								"north": {"uv": [21, 1], "uv_size": [0.5, 0.25]},
								"east": {"uv": [0, 22], "uv_size": [0.25, 0.25]},
								"south": {"uv": [2, 21], "uv_size": [0.5, 0.25]},
								"west": {"uv": [22, 0], "uv_size": [0.25, 0.25]},
								"up": {"uv": [21, 2], "uv_size": [0.5, 0.25]},
								"down": {"uv": [3, 21.25], "uv_size": [0.5, -0.25]}
							}
						},
						{
							"origin": [-0.69065, 3.57747, -3.74542],
							"size": [0.58131, 0.20424, 0.30636],
							"pivot": [-0.4, 3.9879, -3.5141],
							"rotation": [-22.5, 0, 0],
							"uv": {
								"north": {"uv": [21, 3], "uv_size": [0.5, 0.25]},
								"east": {"uv": [1, 22], "uv_size": [0.25, 0.25]},
								"south": {"uv": [4, 21], "uv_size": [0.5, 0.25]},
								"west": {"uv": [22, 1], "uv_size": [0.25, 0.25]},
								"up": {"uv": [21, 4], "uv_size": [0.5, 0.25]},
								"down": {"uv": [5, 21.25], "uv_size": [0.5, -0.25]}
							}
						},
						{
							"origin": [-0.1938, 3.69724, -3.74542],
							"size": [0.20424, 0.58131, 0.30636],
							"pivot": [-0.4, 3.9879, -3.5141],
							"rotation": [0, 22.5, 0],
							"uv": {
								"north": {"uv": [21, 5], "uv_size": [0.25, 0.5]},
								"east": {"uv": [6, 21], "uv_size": [0.25, 0.5]},
								"south": {"uv": [21, 6], "uv_size": [0.25, 0.5]},
								"west": {"uv": [7, 21], "uv_size": [0.25, 0.5]},
								"up": {"uv": [2, 22], "uv_size": [0.25, 0.25]},
								"down": {"uv": [22, 2.25], "uv_size": [0.25, -0.25]}
							}
						},
						{
							"origin": [-0.8085, 3.57942, -3.6052],
							"size": [0.81698, 0.817, 3.26686],
							"uv": {
								"north": {"uv": [9, 14], "uv_size": [0.75, 0.75]},
								"east": {"uv": [8, 10], "uv_size": [3.25, 0.75]},
								"south": {"uv": [10, 14], "uv_size": [0.75, 0.75]},
								"west": {"uv": [8, 11], "uv_size": [3.25, 0.75]},
								"up": {"uv": [0, 12], "uv_size": [0.75, 3.25]},
								"down": {"uv": [12, 3.25], "uv_size": [0.75, -3.25]}
							}
						},
						{
							"origin": [-0.69065, 3.69724, -4.38765],
							"size": [0.58131, 0.58131, 0.80913],
							"uv": {
								"north": {"uv": [19, 9], "uv_size": [0.5, 0.5]},
								"east": {"uv": [15, 16], "uv_size": [0.75, 0.5]},
								"south": {"uv": [10, 19], "uv_size": [0.5, 0.5]},
								"west": {"uv": [16, 16], "uv_size": [0.75, 0.5]},
								"up": {"uv": [0, 17], "uv_size": [0.5, 0.75]},
								"down": {"uv": [17, 0.75], "uv_size": [0.5, -0.75]}
							}
						},
						{
							"origin": [-0.66317, 3.72476, -5.18658],
							"size": [0.52632, 0.52631, 0.92463],
							"uv": {
								"north": {"uv": [19, 10], "uv_size": [0.5, 0.5]},
								"east": {"uv": [16, 11], "uv_size": [1, 0.5]},
								"south": {"uv": [11, 19], "uv_size": [0.5, 0.5]},
								"west": {"uv": [12, 16], "uv_size": [1, 0.5]},
								"up": {"uv": [16, 12], "uv_size": [0.5, 1]},
								"down": {"uv": [16, 14], "uv_size": [0.5, -1]}
							}
						},
						{
							"origin": [-0.60425, 3.78366, -5.72449],
							"size": [0.4085, 0.40851, 0.72645],
							"uv": {
								"north": {"uv": [19, 11], "uv_size": [0.5, 0.5]},
								"east": {"uv": [1, 17], "uv_size": [0.75, 0.5]},
								"south": {"uv": [12, 19], "uv_size": [0.5, 0.5]},
								"west": {"uv": [17, 1], "uv_size": [0.75, 0.5]},
								"up": {"uv": [2, 17], "uv_size": [0.5, 0.75]},
								"down": {"uv": [17, 2.75], "uv_size": [0.5, -0.75]}
							}
						},
						{
							"origin": [-0.54533, 3.84258, -5.9896],
							"size": [0.29065, 0.29066, 0.3908],
							"uv": {
								"north": {"uv": [3, 22], "uv_size": [0.25, 0.25]},
								"east": {"uv": [21, 7], "uv_size": [0.5, 0.25]},
								"south": {"uv": [22, 3], "uv_size": [0.25, 0.25]},
								"west": {"uv": [8, 21], "uv_size": [0.5, 0.25]},
								"up": {"uv": [21, 8], "uv_size": [0.25, 0.5]},
								"down": {"uv": [9, 21.5], "uv_size": [0.25, -0.5]}
							}
						},
						{
							"origin": [-0.45697, 3.93096, -6.13692],
							"size": [0.11392, 0.11392, 0.17675],
							"uv": {
								"north": {"uv": [4, 22], "uv_size": [0.25, 0.25]},
								"east": {"uv": [22, 4], "uv_size": [0.25, 0.25]},
								"south": {"uv": [5, 22], "uv_size": [0.25, 0.25]},
								"west": {"uv": [22, 5], "uv_size": [0.25, 0.25]},
								"up": {"uv": [6, 22], "uv_size": [0.25, 0.25]},
								"down": {"uv": [22, 6.25], "uv_size": [0.25, -0.25]}
							}
						},
						{
							"origin": [-0.8085, 3.57942, -0.16158],
							"size": [0.81698, 0.817, 0.17674],
							"uv": {
								"north": {"uv": [12, 14], "uv_size": [0.75, 0.75]},
								"east": {"uv": [19, 15], "uv_size": [0.25, 0.75]},
								"south": {"uv": [14, 13], "uv_size": [0.75, 0.75]},
								"west": {"uv": [16, 19], "uv_size": [0.25, 0.75]},
								"up": {"uv": [19, 16], "uv_size": [0.75, 0.25]},
								"down": {"uv": [17, 19.25], "uv_size": [0.75, -0.25]}
							}
						},
						{
							"origin": [-0.69065, 3.69724, -0.33835],
							"size": [0.58131, 0.58131, 0.23567],
							"uv": {
								"north": {"uv": [19, 12], "uv_size": [0.5, 0.5]},
								"east": {"uv": [21, 9], "uv_size": [0.25, 0.5]},
								"south": {"uv": [13, 19], "uv_size": [0.5, 0.5]},
								"west": {"uv": [10, 21], "uv_size": [0.25, 0.5]},
								"up": {"uv": [21, 10], "uv_size": [0.5, 0.25]},
								"down": {"uv": [11, 21.25], "uv_size": [0.5, -0.25]}
							}
						}
					]
				},
				{
					"name": "ammo5",
					"pivot": [0.1, 3.9879, -2.48283],
					"rotation": [-89.5, 0, 0],
					"cubes": [
						{
							"origin": [-0.31044, 3.69724, -2.64543],
							"size": [0.20424, 0.58131, 0.30636],
							"pivot": [0.1, 3.9879, -2.4141],
							"rotation": [0, -22.5, 0],
							"uv": {
								"north": {"uv": [20, 20], "uv_size": [0.25, 0.5]},
								"east": {"uv": [0, 21], "uv_size": [0.25, 0.5]},
								"south": {"uv": [21, 0], "uv_size": [0.25, 0.5]},
								"west": {"uv": [1, 21], "uv_size": [0.25, 0.5]},
								"up": {"uv": [21, 20], "uv_size": [0.25, 0.25]},
								"down": {"uv": [21, 21.25], "uv_size": [0.25, -0.25]}
							}
						},
						{
							"origin": [-0.19065, 4.19407, -2.64543],
							"size": [0.58131, 0.20424, 0.30636],
							"pivot": [0.1, 3.9879, -2.4141],
							"rotation": [22.5, 0, 0],
							"uv": {
								"north": {"uv": [21, 1], "uv_size": [0.5, 0.25]},
								"east": {"uv": [0, 22], "uv_size": [0.25, 0.25]},
								"south": {"uv": [2, 21], "uv_size": [0.5, 0.25]},
								"west": {"uv": [22, 0], "uv_size": [0.25, 0.25]},
								"up": {"uv": [21, 2], "uv_size": [0.5, 0.25]},
								"down": {"uv": [3, 21.25], "uv_size": [0.5, -0.25]}
							}
						},
						{
							"origin": [-0.19065, 3.57747, -2.64542],
							"size": [0.58131, 0.20424, 0.30636],
							"pivot": [0.1, 3.9879, -2.4141],
							"rotation": [-22.5, 0, 0],
							"uv": {
								"north": {"uv": [21, 3], "uv_size": [0.5, 0.25]},
								"east": {"uv": [1, 22], "uv_size": [0.25, 0.25]},
								"south": {"uv": [4, 21], "uv_size": [0.5, 0.25]},
								"west": {"uv": [22, 1], "uv_size": [0.25, 0.25]},
								"up": {"uv": [21, 4], "uv_size": [0.5, 0.25]},
								"down": {"uv": [5, 21.25], "uv_size": [0.5, -0.25]}
							}
						},
						{
							"origin": [0.3062, 3.69724, -2.64542],
							"size": [0.20424, 0.58131, 0.30636],
							"pivot": [0.1, 3.9879, -2.4141],
							"rotation": [0, 22.5, 0],
							"uv": {
								"north": {"uv": [21, 5], "uv_size": [0.25, 0.5]},
								"east": {"uv": [6, 21], "uv_size": [0.25, 0.5]},
								"south": {"uv": [21, 6], "uv_size": [0.25, 0.5]},
								"west": {"uv": [7, 21], "uv_size": [0.25, 0.5]},
								"up": {"uv": [2, 22], "uv_size": [0.25, 0.25]},
								"down": {"uv": [22, 2.25], "uv_size": [0.25, -0.25]}
							}
						},
						{
							"origin": [-0.3085, 3.57942, -2.5052],
							"size": [0.81698, 0.817, 3.26686],
							"uv": {
								"north": {"uv": [9, 14], "uv_size": [0.75, 0.75]},
								"east": {"uv": [8, 10], "uv_size": [3.25, 0.75]},
								"south": {"uv": [10, 14], "uv_size": [0.75, 0.75]},
								"west": {"uv": [8, 11], "uv_size": [3.25, 0.75]},
								"up": {"uv": [0, 12], "uv_size": [0.75, 3.25]},
								"down": {"uv": [12, 3.25], "uv_size": [0.75, -3.25]}
							}
						},
						{
							"origin": [-0.19065, 3.69724, -3.28765],
							"size": [0.58131, 0.58131, 0.80913],
							"uv": {
								"north": {"uv": [19, 9], "uv_size": [0.5, 0.5]},
								"east": {"uv": [15, 16], "uv_size": [0.75, 0.5]},
								"south": {"uv": [10, 19], "uv_size": [0.5, 0.5]},
								"west": {"uv": [16, 16], "uv_size": [0.75, 0.5]},
								"up": {"uv": [0, 17], "uv_size": [0.5, 0.75]},
								"down": {"uv": [17, 0.75], "uv_size": [0.5, -0.75]}
							}
						},
						{
							"origin": [-0.16317, 3.72476, -4.08658],
							"size": [0.52632, 0.52631, 0.92463],
							"uv": {
								"north": {"uv": [19, 10], "uv_size": [0.5, 0.5]},
								"east": {"uv": [16, 11], "uv_size": [1, 0.5]},
								"south": {"uv": [11, 19], "uv_size": [0.5, 0.5]},
								"west": {"uv": [12, 16], "uv_size": [1, 0.5]},
								"up": {"uv": [16, 12], "uv_size": [0.5, 1]},
								"down": {"uv": [16, 14], "uv_size": [0.5, -1]}
							}
						},
						{
							"origin": [-0.10425, 3.78366, -4.62449],
							"size": [0.4085, 0.40851, 0.72645],
							"uv": {
								"north": {"uv": [19, 11], "uv_size": [0.5, 0.5]},
								"east": {"uv": [1, 17], "uv_size": [0.75, 0.5]},
								"south": {"uv": [12, 19], "uv_size": [0.5, 0.5]},
								"west": {"uv": [17, 1], "uv_size": [0.75, 0.5]},
								"up": {"uv": [2, 17], "uv_size": [0.5, 0.75]},
								"down": {"uv": [17, 2.75], "uv_size": [0.5, -0.75]}
							}
						},
						{
							"origin": [-0.04533, 3.84258, -4.8896],
							"size": [0.29065, 0.29066, 0.3908],
							"uv": {
								"north": {"uv": [3, 22], "uv_size": [0.25, 0.25]},
								"east": {"uv": [21, 7], "uv_size": [0.5, 0.25]},
								"south": {"uv": [22, 3], "uv_size": [0.25, 0.25]},
								"west": {"uv": [8, 21], "uv_size": [0.5, 0.25]},
								"up": {"uv": [21, 8], "uv_size": [0.25, 0.5]},
								"down": {"uv": [9, 21.5], "uv_size": [0.25, -0.5]}
							}
						},
						{
							"origin": [0.04303, 3.93096, -5.03692],
							"size": [0.11392, 0.11392, 0.17675],
							"uv": {
								"north": {"uv": [4, 22], "uv_size": [0.25, 0.25]},
								"east": {"uv": [22, 4], "uv_size": [0.25, 0.25]},
								"south": {"uv": [5, 22], "uv_size": [0.25, 0.25]},
								"west": {"uv": [22, 5], "uv_size": [0.25, 0.25]},
								"up": {"uv": [6, 22], "uv_size": [0.25, 0.25]},
								"down": {"uv": [22, 6.25], "uv_size": [0.25, -0.25]}
							}
						},
						{
							"origin": [-0.3085, 3.57942, 0.93842],
							"size": [0.81698, 0.817, 0.17674],
							"uv": {
								"north": {"uv": [12, 14], "uv_size": [0.75, 0.75]},
								"east": {"uv": [19, 15], "uv_size": [0.25, 0.75]},
								"south": {"uv": [14, 13], "uv_size": [0.75, 0.75]},
								"west": {"uv": [16, 19], "uv_size": [0.25, 0.75]},
								"up": {"uv": [19, 16], "uv_size": [0.75, 0.25]},
								"down": {"uv": [17, 19.25], "uv_size": [0.75, -0.25]}
							}
						},
						{
							"origin": [-0.19065, 3.69724, 0.76165],
							"size": [0.58131, 0.58131, 0.23567],
							"uv": {
								"north": {"uv": [19, 12], "uv_size": [0.5, 0.5]},
								"east": {"uv": [21, 9], "uv_size": [0.25, 0.5]},
								"south": {"uv": [13, 19], "uv_size": [0.5, 0.5]},
								"west": {"uv": [10, 21], "uv_size": [0.25, 0.5]},
								"up": {"uv": [21, 10], "uv_size": [0.5, 0.25]},
								"down": {"uv": [11, 21.25], "uv_size": [0.5, -0.25]}
							}
						}
					]
				},
				{
					"name": "ammo6",
					"pivot": [1.6, 0.7879, -1.38283],
					"rotation": [-179.49377, 8.99965, 0.07919],
					"cubes": [
						{
							"origin": [1.18956, 0.49724, -1.54543],
							"size": [0.20424, 0.58131, 0.30636],
							"pivot": [1.6, 0.7879, -1.3141],
							"rotation": [0, -22.5, 0],
							"uv": {
								"north": {"uv": [20, 20], "uv_size": [0.25, 0.5]},
								"east": {"uv": [0, 21], "uv_size": [0.25, 0.5]},
								"south": {"uv": [21, 0], "uv_size": [0.25, 0.5]},
								"west": {"uv": [1, 21], "uv_size": [0.25, 0.5]},
								"up": {"uv": [21, 20], "uv_size": [0.25, 0.25]},
								"down": {"uv": [21, 21.25], "uv_size": [0.25, -0.25]}
							}
						},
						{
							"origin": [1.30935, 0.99407, -1.54543],
							"size": [0.58131, 0.20424, 0.30636],
							"pivot": [1.6, 0.7879, -1.3141],
							"rotation": [22.5, 0, 0],
							"uv": {
								"north": {"uv": [21, 1], "uv_size": [0.5, 0.25]},
								"east": {"uv": [0, 22], "uv_size": [0.25, 0.25]},
								"south": {"uv": [2, 21], "uv_size": [0.5, 0.25]},
								"west": {"uv": [22, 0], "uv_size": [0.25, 0.25]},
								"up": {"uv": [21, 2], "uv_size": [0.5, 0.25]},
								"down": {"uv": [3, 21.25], "uv_size": [0.5, -0.25]}
							}
						},
						{
							"origin": [1.30935, 0.37747, -1.54542],
							"size": [0.58131, 0.20424, 0.30636],
							"pivot": [1.6, 0.7879, -1.3141],
							"rotation": [-22.5, 0, 0],
							"uv": {
								"north": {"uv": [21, 3], "uv_size": [0.5, 0.25]},
								"east": {"uv": [1, 22], "uv_size": [0.25, 0.25]},
								"south": {"uv": [4, 21], "uv_size": [0.5, 0.25]},
								"west": {"uv": [22, 1], "uv_size": [0.25, 0.25]},
								"up": {"uv": [21, 4], "uv_size": [0.5, 0.25]},
								"down": {"uv": [5, 21.25], "uv_size": [0.5, -0.25]}
							}
						},
						{
							"origin": [1.8062, 0.49724, -1.54542],
							"size": [0.20424, 0.58131, 0.30636],
							"pivot": [1.6, 0.7879, -1.3141],
							"rotation": [0, 22.5, 0],
							"uv": {
								"north": {"uv": [21, 5], "uv_size": [0.25, 0.5]},
								"east": {"uv": [6, 21], "uv_size": [0.25, 0.5]},
								"south": {"uv": [21, 6], "uv_size": [0.25, 0.5]},
								"west": {"uv": [7, 21], "uv_size": [0.25, 0.5]},
								"up": {"uv": [2, 22], "uv_size": [0.25, 0.25]},
								"down": {"uv": [22, 2.25], "uv_size": [0.25, -0.25]}
							}
						},
						{
							"origin": [1.1915, 0.37942, -1.4052],
							"size": [0.81698, 0.817, 3.26686],
							"uv": {
								"north": {"uv": [9, 14], "uv_size": [0.75, 0.75]},
								"east": {"uv": [8, 10], "uv_size": [3.25, 0.75]},
								"south": {"uv": [10, 14], "uv_size": [0.75, 0.75]},
								"west": {"uv": [8, 11], "uv_size": [3.25, 0.75]},
								"up": {"uv": [0, 12], "uv_size": [0.75, 3.25]},
								"down": {"uv": [12, 3.25], "uv_size": [0.75, -3.25]}
							}
						},
						{
							"origin": [1.30935, 0.49724, -2.18765],
							"size": [0.58131, 0.58131, 0.80913],
							"uv": {
								"north": {"uv": [19, 9], "uv_size": [0.5, 0.5]},
								"east": {"uv": [15, 16], "uv_size": [0.75, 0.5]},
								"south": {"uv": [10, 19], "uv_size": [0.5, 0.5]},
								"west": {"uv": [16, 16], "uv_size": [0.75, 0.5]},
								"up": {"uv": [0, 17], "uv_size": [0.5, 0.75]},
								"down": {"uv": [17, 0.75], "uv_size": [0.5, -0.75]}
							}
						},
						{
							"origin": [1.33683, 0.52476, -2.98658],
							"size": [0.52632, 0.52631, 0.92463],
							"uv": {
								"north": {"uv": [19, 10], "uv_size": [0.5, 0.5]},
								"east": {"uv": [16, 11], "uv_size": [1, 0.5]},
								"south": {"uv": [11, 19], "uv_size": [0.5, 0.5]},
								"west": {"uv": [12, 16], "uv_size": [1, 0.5]},
								"up": {"uv": [16, 12], "uv_size": [0.5, 1]},
								"down": {"uv": [16, 14], "uv_size": [0.5, -1]}
							}
						},
						{
							"origin": [1.39575, 0.58366, -3.52449],
							"size": [0.4085, 0.40851, 0.72645],
							"uv": {
								"north": {"uv": [19, 11], "uv_size": [0.5, 0.5]},
								"east": {"uv": [1, 17], "uv_size": [0.75, 0.5]},
								"south": {"uv": [12, 19], "uv_size": [0.5, 0.5]},
								"west": {"uv": [17, 1], "uv_size": [0.75, 0.5]},
								"up": {"uv": [2, 17], "uv_size": [0.5, 0.75]},
								"down": {"uv": [17, 2.75], "uv_size": [0.5, -0.75]}
							}
						},
						{
							"origin": [1.45467, 0.64258, -3.7896],
							"size": [0.29065, 0.29066, 0.3908],
							"uv": {
								"north": {"uv": [3, 22], "uv_size": [0.25, 0.25]},
								"east": {"uv": [21, 7], "uv_size": [0.5, 0.25]},
								"south": {"uv": [22, 3], "uv_size": [0.25, 0.25]},
								"west": {"uv": [8, 21], "uv_size": [0.5, 0.25]},
								"up": {"uv": [21, 8], "uv_size": [0.25, 0.5]},
								"down": {"uv": [9, 21.5], "uv_size": [0.25, -0.5]}
							}
						},
						{
							"origin": [1.54303, 0.73096, -3.93692],
							"size": [0.11392, 0.11392, 0.17675],
							"uv": {
								"north": {"uv": [4, 22], "uv_size": [0.25, 0.25]},
								"east": {"uv": [22, 4], "uv_size": [0.25, 0.25]},
								"south": {"uv": [5, 22], "uv_size": [0.25, 0.25]},
								"west": {"uv": [22, 5], "uv_size": [0.25, 0.25]},
								"up": {"uv": [6, 22], "uv_size": [0.25, 0.25]},
								"down": {"uv": [22, 6.25], "uv_size": [0.25, -0.25]}
							}
						},
						{
							"origin": [1.1915, 0.37942, 2.03842],
							"size": [0.81698, 0.817, 0.17674],
							"uv": {
								"north": {"uv": [12, 14], "uv_size": [0.75, 0.75]},
								"east": {"uv": [19, 15], "uv_size": [0.25, 0.75]},
								"south": {"uv": [14, 13], "uv_size": [0.75, 0.75]},
								"west": {"uv": [16, 19], "uv_size": [0.25, 0.75]},
								"up": {"uv": [19, 16], "uv_size": [0.75, 0.25]},
								"down": {"uv": [17, 19.25], "uv_size": [0.75, -0.25]}
							}
						},
						{
							"origin": [1.30935, 0.49724, 1.86165],
							"size": [0.58131, 0.58131, 0.23567],
							"uv": {
								"north": {"uv": [19, 12], "uv_size": [0.5, 0.5]},
								"east": {"uv": [21, 9], "uv_size": [0.25, 0.5]},
								"south": {"uv": [13, 19], "uv_size": [0.5, 0.5]},
								"west": {"uv": [10, 21], "uv_size": [0.25, 0.5]},
								"up": {"uv": [21, 10], "uv_size": [0.5, 0.25]},
								"down": {"uv": [11, 21.25], "uv_size": [0.5, -0.25]}
							}
						}
					]
				},
				{
					"name": "ammo2",
					"pivot": [-2.2, 3.85562, -2.38182],
					"rotation": [-89.5, 0, 0],
					"cubes": [
						{
							"origin": [-2.61044, 3.56495, -2.64442],
							"size": [0.20424, 0.58131, 0.30636],
							"pivot": [-2.2, 3.85562, -2.41309],
							"rotation": [0, -22.5, 0],
							"uv": {
								"north": {"uv": [20, 20], "uv_size": [0.25, 0.5]},
								"east": {"uv": [0, 21], "uv_size": [0.25, 0.5]},
								"south": {"uv": [21, 0], "uv_size": [0.25, 0.5]},
								"west": {"uv": [1, 21], "uv_size": [0.25, 0.5]},
								"up": {"uv": [21, 20], "uv_size": [0.25, 0.25]},
								"down": {"uv": [21, 21.25], "uv_size": [0.25, -0.25]}
							}
						},
						{
							"origin": [-2.49065, 4.06179, -2.64442],
							"size": [0.58131, 0.20424, 0.30636],
							"pivot": [-2.2, 3.85562, -2.41309],
							"rotation": [22.5, 0, 0],
							"uv": {
								"north": {"uv": [21, 1], "uv_size": [0.5, 0.25]},
								"east": {"uv": [0, 22], "uv_size": [0.25, 0.25]},
								"south": {"uv": [2, 21], "uv_size": [0.5, 0.25]},
								"west": {"uv": [22, 0], "uv_size": [0.25, 0.25]},
								"up": {"uv": [21, 2], "uv_size": [0.5, 0.25]},
								"down": {"uv": [3, 21.25], "uv_size": [0.5, -0.25]}
							}
						},
						{
							"origin": [-2.49065, 3.44518, -2.6444],
							"size": [0.58131, 0.20424, 0.30636],
							"pivot": [-2.2, 3.85562, -2.41309],
							"rotation": [-22.5, 0, 0],
							"uv": {
								"north": {"uv": [21, 3], "uv_size": [0.5, 0.25]},
								"east": {"uv": [1, 22], "uv_size": [0.25, 0.25]},
								"south": {"uv": [4, 21], "uv_size": [0.5, 0.25]},
								"west": {"uv": [22, 1], "uv_size": [0.25, 0.25]},
								"up": {"uv": [21, 4], "uv_size": [0.5, 0.25]},
								"down": {"uv": [5, 21.25], "uv_size": [0.5, -0.25]}
							}
						},
						{
							"origin": [-1.9938, 3.56495, -2.6444],
							"size": [0.20424, 0.58131, 0.30636],
							"pivot": [-2.2, 3.85562, -2.41309],
							"rotation": [0, 22.5, 0],
							"uv": {
								"north": {"uv": [21, 5], "uv_size": [0.25, 0.5]},
								"east": {"uv": [6, 21], "uv_size": [0.25, 0.5]},
								"south": {"uv": [21, 6], "uv_size": [0.25, 0.5]},
								"west": {"uv": [7, 21], "uv_size": [0.25, 0.5]},
								"up": {"uv": [2, 22], "uv_size": [0.25, 0.25]},
								"down": {"uv": [22, 2.25], "uv_size": [0.25, -0.25]}
							}
						},
						{
							"origin": [-2.6085, 3.44713, -2.50419],
							"size": [0.81698, 0.817, 3.26686],
							"uv": {
								"north": {"uv": [9, 14], "uv_size": [0.75, 0.75]},
								"east": {"uv": [8, 10], "uv_size": [3.25, 0.75]},
								"south": {"uv": [10, 14], "uv_size": [0.75, 0.75]},
								"west": {"uv": [8, 11], "uv_size": [3.25, 0.75]},
								"up": {"uv": [0, 12], "uv_size": [0.75, 3.25]},
								"down": {"uv": [12, 3.25], "uv_size": [0.75, -3.25]}
							}
						},
						{
							"origin": [-2.49065, 3.56495, -3.28663],
							"size": [0.58131, 0.58131, 0.80913],
							"uv": {
								"north": {"uv": [19, 9], "uv_size": [0.5, 0.5]},
								"east": {"uv": [15, 16], "uv_size": [0.75, 0.5]},
								"south": {"uv": [10, 19], "uv_size": [0.5, 0.5]},
								"west": {"uv": [16, 16], "uv_size": [0.75, 0.5]},
								"up": {"uv": [0, 17], "uv_size": [0.5, 0.75]},
								"down": {"uv": [17, 0.75], "uv_size": [0.5, -0.75]}
							}
						},
						{
							"origin": [-2.46317, 3.59247, -4.08556],
							"size": [0.52632, 0.52631, 0.92463],
							"uv": {
								"north": {"uv": [19, 10], "uv_size": [0.5, 0.5]},
								"east": {"uv": [16, 11], "uv_size": [1, 0.5]},
								"south": {"uv": [11, 19], "uv_size": [0.5, 0.5]},
								"west": {"uv": [12, 16], "uv_size": [1, 0.5]},
								"up": {"uv": [16, 12], "uv_size": [0.5, 1]},
								"down": {"uv": [16, 14], "uv_size": [0.5, -1]}
							}
						},
						{
							"origin": [-2.40425, 3.65137, -4.62348],
							"size": [0.4085, 0.40851, 0.72645],
							"uv": {
								"north": {"uv": [19, 11], "uv_size": [0.5, 0.5]},
								"east": {"uv": [1, 17], "uv_size": [0.75, 0.5]},
								"south": {"uv": [12, 19], "uv_size": [0.5, 0.5]},
								"west": {"uv": [17, 1], "uv_size": [0.75, 0.5]},
								"up": {"uv": [2, 17], "uv_size": [0.5, 0.75]},
								"down": {"uv": [17, 2.75], "uv_size": [0.5, -0.75]}
							}
						},
						{
							"origin": [-2.34533, 3.7103, -4.88859],
							"size": [0.29065, 0.29066, 0.3908],
							"uv": {
								"north": {"uv": [3, 22], "uv_size": [0.25, 0.25]},
								"east": {"uv": [21, 7], "uv_size": [0.5, 0.25]},
								"south": {"uv": [22, 3], "uv_size": [0.25, 0.25]},
								"west": {"uv": [8, 21], "uv_size": [0.5, 0.25]},
								"up": {"uv": [21, 8], "uv_size": [0.25, 0.5]},
								"down": {"uv": [9, 21.5], "uv_size": [0.25, -0.5]}
							}
						},
						{
							"origin": [-2.25697, 3.79868, -5.03591],
							"size": [0.11392, 0.11392, 0.17675],
							"uv": {
								"north": {"uv": [4, 22], "uv_size": [0.25, 0.25]},
								"east": {"uv": [22, 4], "uv_size": [0.25, 0.25]},
								"south": {"uv": [5, 22], "uv_size": [0.25, 0.25]},
								"west": {"uv": [22, 5], "uv_size": [0.25, 0.25]},
								"up": {"uv": [6, 22], "uv_size": [0.25, 0.25]},
								"down": {"uv": [22, 6.25], "uv_size": [0.25, -0.25]}
							}
						},
						{
							"origin": [-2.6085, 3.44713, 0.93943],
							"size": [0.81698, 0.817, 0.17674],
							"uv": {
								"north": {"uv": [12, 14], "uv_size": [0.75, 0.75]},
								"east": {"uv": [19, 15], "uv_size": [0.25, 0.75]},
								"south": {"uv": [14, 13], "uv_size": [0.75, 0.75]},
								"west": {"uv": [16, 19], "uv_size": [0.25, 0.75]},
								"up": {"uv": [19, 16], "uv_size": [0.75, 0.25]},
								"down": {"uv": [17, 19.25], "uv_size": [0.75, -0.25]}
							}
						},
						{
							"origin": [-2.49065, 3.56495, 0.76266],
							"size": [0.58131, 0.58131, 0.23567],
							"uv": {
								"north": {"uv": [19, 12], "uv_size": [0.5, 0.5]},
								"east": {"uv": [21, 9], "uv_size": [0.25, 0.5]},
								"south": {"uv": [13, 19], "uv_size": [0.5, 0.5]},
								"west": {"uv": [10, 21], "uv_size": [0.25, 0.5]},
								"up": {"uv": [21, 10], "uv_size": [0.5, 0.25]},
								"down": {"uv": [11, 21.25], "uv_size": [0.5, -0.25]}
							}
						}
					]
				},
				{
					"name": "ammo3",
					"pivot": [-2.6, 3.85562, -1.18182],
					"rotation": [-89.5, 0, 0],
					"cubes": [
						{
							"origin": [-3.01044, 3.56495, -1.44442],
							"size": [0.20424, 0.58131, 0.30636],
							"pivot": [-2.6, 3.85562, -1.21309],
							"rotation": [0, -22.5, 0],
							"uv": {
								"north": {"uv": [20, 20], "uv_size": [0.25, 0.5]},
								"east": {"uv": [0, 21], "uv_size": [0.25, 0.5]},
								"south": {"uv": [21, 0], "uv_size": [0.25, 0.5]},
								"west": {"uv": [1, 21], "uv_size": [0.25, 0.5]},
								"up": {"uv": [21, 20], "uv_size": [0.25, 0.25]},
								"down": {"uv": [21, 21.25], "uv_size": [0.25, -0.25]}
							}
						},
						{
							"origin": [-2.89065, 4.06179, -1.44442],
							"size": [0.58131, 0.20424, 0.30636],
							"pivot": [-2.6, 3.85562, -1.21309],
							"rotation": [22.5, 0, 0],
							"uv": {
								"north": {"uv": [21, 1], "uv_size": [0.5, 0.25]},
								"east": {"uv": [0, 22], "uv_size": [0.25, 0.25]},
								"south": {"uv": [2, 21], "uv_size": [0.5, 0.25]},
								"west": {"uv": [22, 0], "uv_size": [0.25, 0.25]},
								"up": {"uv": [21, 2], "uv_size": [0.5, 0.25]},
								"down": {"uv": [3, 21.25], "uv_size": [0.5, -0.25]}
							}
						},
						{
							"origin": [-2.89065, 3.44518, -1.4444],
							"size": [0.58131, 0.20424, 0.30636],
							"pivot": [-2.6, 3.85562, -1.21309],
							"rotation": [-22.5, 0, 0],
							"uv": {
								"north": {"uv": [21, 3], "uv_size": [0.5, 0.25]},
								"east": {"uv": [1, 22], "uv_size": [0.25, 0.25]},
								"south": {"uv": [4, 21], "uv_size": [0.5, 0.25]},
								"west": {"uv": [22, 1], "uv_size": [0.25, 0.25]},
								"up": {"uv": [21, 4], "uv_size": [0.5, 0.25]},
								"down": {"uv": [5, 21.25], "uv_size": [0.5, -0.25]}
							}
						},
						{
							"origin": [-2.3938, 3.56495, -1.4444],
							"size": [0.20424, 0.58131, 0.30636],
							"pivot": [-2.6, 3.85562, -1.21309],
							"rotation": [0, 22.5, 0],
							"uv": {
								"north": {"uv": [21, 5], "uv_size": [0.25, 0.5]},
								"east": {"uv": [6, 21], "uv_size": [0.25, 0.5]},
								"south": {"uv": [21, 6], "uv_size": [0.25, 0.5]},
								"west": {"uv": [7, 21], "uv_size": [0.25, 0.5]},
								"up": {"uv": [2, 22], "uv_size": [0.25, 0.25]},
								"down": {"uv": [22, 2.25], "uv_size": [0.25, -0.25]}
							}
						},
						{
							"origin": [-3.0085, 3.44713, -1.30419],
							"size": [0.81698, 0.817, 3.26686],
							"uv": {
								"north": {"uv": [9, 14], "uv_size": [0.75, 0.75]},
								"east": {"uv": [8, 10], "uv_size": [3.25, 0.75]},
								"south": {"uv": [10, 14], "uv_size": [0.75, 0.75]},
								"west": {"uv": [8, 11], "uv_size": [3.25, 0.75]},
								"up": {"uv": [0, 12], "uv_size": [0.75, 3.25]},
								"down": {"uv": [12, 3.25], "uv_size": [0.75, -3.25]}
							}
						},
						{
							"origin": [-2.89065, 3.56495, -2.08663],
							"size": [0.58131, 0.58131, 0.80913],
							"uv": {
								"north": {"uv": [19, 9], "uv_size": [0.5, 0.5]},
								"east": {"uv": [15, 16], "uv_size": [0.75, 0.5]},
								"south": {"uv": [10, 19], "uv_size": [0.5, 0.5]},
								"west": {"uv": [16, 16], "uv_size": [0.75, 0.5]},
								"up": {"uv": [0, 17], "uv_size": [0.5, 0.75]},
								"down": {"uv": [17, 0.75], "uv_size": [0.5, -0.75]}
							}
						},
						{
							"origin": [-2.86317, 3.59247, -2.88556],
							"size": [0.52632, 0.52631, 0.92463],
							"uv": {
								"north": {"uv": [19, 10], "uv_size": [0.5, 0.5]},
								"east": {"uv": [16, 11], "uv_size": [1, 0.5]},
								"south": {"uv": [11, 19], "uv_size": [0.5, 0.5]},
								"west": {"uv": [12, 16], "uv_size": [1, 0.5]},
								"up": {"uv": [16, 12], "uv_size": [0.5, 1]},
								"down": {"uv": [16, 14], "uv_size": [0.5, -1]}
							}
						},
						{
							"origin": [-2.80425, 3.65137, -3.42348],
							"size": [0.4085, 0.40851, 0.72645],
							"uv": {
								"north": {"uv": [19, 11], "uv_size": [0.5, 0.5]},
								"east": {"uv": [1, 17], "uv_size": [0.75, 0.5]},
								"south": {"uv": [12, 19], "uv_size": [0.5, 0.5]},
								"west": {"uv": [17, 1], "uv_size": [0.75, 0.5]},
								"up": {"uv": [2, 17], "uv_size": [0.5, 0.75]},
								"down": {"uv": [17, 2.75], "uv_size": [0.5, -0.75]}
							}
						},
						{
							"origin": [-2.74533, 3.7103, -3.68859],
							"size": [0.29065, 0.29066, 0.3908],
							"uv": {
								"north": {"uv": [3, 22], "uv_size": [0.25, 0.25]},
								"east": {"uv": [21, 7], "uv_size": [0.5, 0.25]},
								"south": {"uv": [22, 3], "uv_size": [0.25, 0.25]},
								"west": {"uv": [8, 21], "uv_size": [0.5, 0.25]},
								"up": {"uv": [21, 8], "uv_size": [0.25, 0.5]},
								"down": {"uv": [9, 21.5], "uv_size": [0.25, -0.5]}
							}
						},
						{
							"origin": [-2.65697, 3.79868, -3.83591],
							"size": [0.11392, 0.11392, 0.17675],
							"uv": {
								"north": {"uv": [4, 22], "uv_size": [0.25, 0.25]},
								"east": {"uv": [22, 4], "uv_size": [0.25, 0.25]},
								"south": {"uv": [5, 22], "uv_size": [0.25, 0.25]},
								"west": {"uv": [22, 5], "uv_size": [0.25, 0.25]},
								"up": {"uv": [6, 22], "uv_size": [0.25, 0.25]},
								"down": {"uv": [22, 6.25], "uv_size": [0.25, -0.25]}
							}
						},
						{
							"origin": [-3.0085, 3.44713, 2.13943],
							"size": [0.81698, 0.817, 0.17674],
							"uv": {
								"north": {"uv": [12, 14], "uv_size": [0.75, 0.75]},
								"east": {"uv": [19, 15], "uv_size": [0.25, 0.75]},
								"south": {"uv": [14, 13], "uv_size": [0.75, 0.75]},
								"west": {"uv": [16, 19], "uv_size": [0.25, 0.75]},
								"up": {"uv": [19, 16], "uv_size": [0.75, 0.25]},
								"down": {"uv": [17, 19.25], "uv_size": [0.75, -0.25]}
							}
						},
						{
							"origin": [-2.89065, 3.56495, 1.96266],
							"size": [0.58131, 0.58131, 0.23567],
							"uv": {
								"north": {"uv": [19, 12], "uv_size": [0.5, 0.5]},
								"east": {"uv": [21, 9], "uv_size": [0.25, 0.5]},
								"south": {"uv": [13, 19], "uv_size": [0.5, 0.5]},
								"west": {"uv": [10, 21], "uv_size": [0.25, 0.5]},
								"up": {"uv": [21, 10], "uv_size": [0.5, 0.25]},
								"down": {"uv": [11, 21.25], "uv_size": [0.5, -0.25]}
							}
						}
					]
				},
				{
					"name": "ammo4",
					"pivot": [-2.9, 3.85562, 0.01818],
					"rotation": [-89.5, 0, 0],
					"cubes": [
						{
							"origin": [-3.31044, 3.56495, -0.24442],
							"size": [0.20424, 0.58131, 0.30636],
							"pivot": [-2.9, 3.85562, -0.01309],
							"rotation": [0, -22.5, 0],
							"uv": {
								"north": {"uv": [20, 20], "uv_size": [0.25, 0.5]},
								"east": {"uv": [0, 21], "uv_size": [0.25, 0.5]},
								"south": {"uv": [21, 0], "uv_size": [0.25, 0.5]},
								"west": {"uv": [1, 21], "uv_size": [0.25, 0.5]},
								"up": {"uv": [21, 20], "uv_size": [0.25, 0.25]},
								"down": {"uv": [21, 21.25], "uv_size": [0.25, -0.25]}
							}
						},
						{
							"origin": [-3.19065, 4.06179, -0.24442],
							"size": [0.58131, 0.20424, 0.30636],
							"pivot": [-2.9, 3.85562, -0.01309],
							"rotation": [22.5, 0, 0],
							"uv": {
								"north": {"uv": [21, 1], "uv_size": [0.5, 0.25]},
								"east": {"uv": [0, 22], "uv_size": [0.25, 0.25]},
								"south": {"uv": [2, 21], "uv_size": [0.5, 0.25]},
								"west": {"uv": [22, 0], "uv_size": [0.25, 0.25]},
								"up": {"uv": [21, 2], "uv_size": [0.5, 0.25]},
								"down": {"uv": [3, 21.25], "uv_size": [0.5, -0.25]}
							}
						},
						{
							"origin": [-3.19065, 3.44518, -0.2444],
							"size": [0.58131, 0.20424, 0.30636],
							"pivot": [-2.9, 3.85562, -0.01309],
							"rotation": [-22.5, 0, 0],
							"uv": {
								"north": {"uv": [21, 3], "uv_size": [0.5, 0.25]},
								"east": {"uv": [1, 22], "uv_size": [0.25, 0.25]},
								"south": {"uv": [4, 21], "uv_size": [0.5, 0.25]},
								"west": {"uv": [22, 1], "uv_size": [0.25, 0.25]},
								"up": {"uv": [21, 4], "uv_size": [0.5, 0.25]},
								"down": {"uv": [5, 21.25], "uv_size": [0.5, -0.25]}
							}
						},
						{
							"origin": [-2.6938, 3.56495, -0.2444],
							"size": [0.20424, 0.58131, 0.30636],
							"pivot": [-2.9, 3.85562, -0.01309],
							"rotation": [0, 22.5, 0],
							"uv": {
								"north": {"uv": [21, 5], "uv_size": [0.25, 0.5]},
								"east": {"uv": [6, 21], "uv_size": [0.25, 0.5]},
								"south": {"uv": [21, 6], "uv_size": [0.25, 0.5]},
								"west": {"uv": [7, 21], "uv_size": [0.25, 0.5]},
								"up": {"uv": [2, 22], "uv_size": [0.25, 0.25]},
								"down": {"uv": [22, 2.25], "uv_size": [0.25, -0.25]}
							}
						},
						{
							"origin": [-3.3085, 3.44713, -0.10419],
							"size": [0.81698, 0.817, 3.26686],
							"uv": {
								"north": {"uv": [9, 14], "uv_size": [0.75, 0.75]},
								"east": {"uv": [8, 10], "uv_size": [3.25, 0.75]},
								"south": {"uv": [10, 14], "uv_size": [0.75, 0.75]},
								"west": {"uv": [8, 11], "uv_size": [3.25, 0.75]},
								"up": {"uv": [0, 12], "uv_size": [0.75, 3.25]},
								"down": {"uv": [12, 3.25], "uv_size": [0.75, -3.25]}
							}
						},
						{
							"origin": [-3.19065, 3.56495, -0.88663],
							"size": [0.58131, 0.58131, 0.80913],
							"uv": {
								"north": {"uv": [19, 9], "uv_size": [0.5, 0.5]},
								"east": {"uv": [15, 16], "uv_size": [0.75, 0.5]},
								"south": {"uv": [10, 19], "uv_size": [0.5, 0.5]},
								"west": {"uv": [16, 16], "uv_size": [0.75, 0.5]},
								"up": {"uv": [0, 17], "uv_size": [0.5, 0.75]},
								"down": {"uv": [17, 0.75], "uv_size": [0.5, -0.75]}
							}
						},
						{
							"origin": [-3.16317, 3.59247, -1.68556],
							"size": [0.52632, 0.52631, 0.92463],
							"uv": {
								"north": {"uv": [19, 10], "uv_size": [0.5, 0.5]},
								"east": {"uv": [16, 11], "uv_size": [1, 0.5]},
								"south": {"uv": [11, 19], "uv_size": [0.5, 0.5]},
								"west": {"uv": [12, 16], "uv_size": [1, 0.5]},
								"up": {"uv": [16, 12], "uv_size": [0.5, 1]},
								"down": {"uv": [16, 14], "uv_size": [0.5, -1]}
							}
						},
						{
							"origin": [-3.10425, 3.65137, -2.22348],
							"size": [0.4085, 0.40851, 0.72645],
							"uv": {
								"north": {"uv": [19, 11], "uv_size": [0.5, 0.5]},
								"east": {"uv": [1, 17], "uv_size": [0.75, 0.5]},
								"south": {"uv": [12, 19], "uv_size": [0.5, 0.5]},
								"west": {"uv": [17, 1], "uv_size": [0.75, 0.5]},
								"up": {"uv": [2, 17], "uv_size": [0.5, 0.75]},
								"down": {"uv": [17, 2.75], "uv_size": [0.5, -0.75]}
							}
						},
						{
							"origin": [-3.04533, 3.7103, -2.48859],
							"size": [0.29065, 0.29066, 0.3908],
							"uv": {
								"north": {"uv": [3, 22], "uv_size": [0.25, 0.25]},
								"east": {"uv": [21, 7], "uv_size": [0.5, 0.25]},
								"south": {"uv": [22, 3], "uv_size": [0.25, 0.25]},
								"west": {"uv": [8, 21], "uv_size": [0.5, 0.25]},
								"up": {"uv": [21, 8], "uv_size": [0.25, 0.5]},
								"down": {"uv": [9, 21.5], "uv_size": [0.25, -0.5]}
							}
						},
						{
							"origin": [-2.95697, 3.79868, -2.63591],
							"size": [0.11392, 0.11392, 0.17675],
							"uv": {
								"north": {"uv": [4, 22], "uv_size": [0.25, 0.25]},
								"east": {"uv": [22, 4], "uv_size": [0.25, 0.25]},
								"south": {"uv": [5, 22], "uv_size": [0.25, 0.25]},
								"west": {"uv": [22, 5], "uv_size": [0.25, 0.25]},
								"up": {"uv": [6, 22], "uv_size": [0.25, 0.25]},
								"down": {"uv": [22, 6.25], "uv_size": [0.25, -0.25]}
							}
						},
						{
							"origin": [-3.3085, 3.44713, 3.33943],
							"size": [0.81698, 0.817, 0.17674],
							"uv": {
								"north": {"uv": [12, 14], "uv_size": [0.75, 0.75]},
								"east": {"uv": [19, 15], "uv_size": [0.25, 0.75]},
								"south": {"uv": [14, 13], "uv_size": [0.75, 0.75]},
								"west": {"uv": [16, 19], "uv_size": [0.25, 0.75]},
								"up": {"uv": [19, 16], "uv_size": [0.75, 0.25]},
								"down": {"uv": [17, 19.25], "uv_size": [0.75, -0.25]}
							}
						},
						{
							"origin": [-3.19065, 3.56495, 3.16266],
							"size": [0.58131, 0.58131, 0.23567],
							"uv": {
								"north": {"uv": [19, 12], "uv_size": [0.5, 0.5]},
								"east": {"uv": [21, 9], "uv_size": [0.25, 0.5]},
								"south": {"uv": [13, 19], "uv_size": [0.5, 0.5]},
								"west": {"uv": [10, 21], "uv_size": [0.25, 0.5]},
								"up": {"uv": [21, 10], "uv_size": [0.5, 0.25]},
								"down": {"uv": [11, 21.25], "uv_size": [0.5, -0.25]}
							}
						}
					]
				},
				{
					"name": "logo",
					"pivot": [-1.9, 4.55815, -1.30426],
					"rotation": [0, -16, 0],
					"cubes": [
						{
							"origin": [-1.87181, 3.7933, -1.79304],
							"size": [0.14362, 1.37444, 0.3927],
							"pivot": [-1.9, 4.5787, -1.59669],
							"rotation": [-30, 0, 0],
							"uv": {
								"north": {"uv": [0, 18], "uv_size": [0.25, 1.25]},
								"east": {"uv": [14, 6], "uv_size": [0.5, 1.25]},
								"south": {"uv": [18, 0], "uv_size": [0.25, 1.25]},
								"west": {"uv": [7, 14], "uv_size": [0.5, 1.25]},
								"up": {"uv": [21, 11], "uv_size": [0.25, 0.5]},
								"down": {"uv": [12, 21.5], "uv_size": [0.25, -0.5]}
							}
						},
						{
							"origin": [-1.87181, 3.69512, -1.49852],
							"size": [0.14362, 0.17181, 0.09818],
							"pivot": [-1.9, 4.5787, -1.59669],
							"rotation": [-30, 0, 0],
							"uv": {
								"north": {"uv": [7, 22], "uv_size": [0.25, 0.25]},
								"east": {"uv": [22, 7], "uv_size": [0.25, 0.25]},
								"south": {"uv": [8, 22], "uv_size": [0.25, 0.25]},
								"west": {"uv": [22, 8], "uv_size": [0.25, 0.25]},
								"up": {"uv": [9, 22], "uv_size": [0.25, 0.25]},
								"down": {"uv": [22, 9.25], "uv_size": [0.25, -0.25]}
							}
						},
						{
							"origin": [-1.87181, 3.67672, -1.45722],
							"size": [0.14362, 0.02169, 0.04461],
							"pivot": [-1.9, 4.55744, -1.60897],
							"rotation": [-30, 0, 0],
							"uv": {
								"north": {"uv": [10, 22], "uv_size": [0.25, 0.25]},
								"east": {"uv": [22, 10], "uv_size": [0.25, 0.25]},
								"south": {"uv": [11, 22], "uv_size": [0.25, 0.25]},
								"west": {"uv": [22, 11], "uv_size": [0.25, 0.25]},
								"up": {"uv": [12, 22], "uv_size": [0.25, 0.25]},
								"down": {"uv": [22, 12.25], "uv_size": [0.25, -0.25]}
							}
						},
						{
							"origin": [-1.87181, 3.69084, -2.09097],
							"size": [0.14362, 0.36817, 0.09818],
							"pivot": [-1.9, 3.93628, -2.04188],
							"rotation": [41, 0, 0],
							"uv": {
								"north": {"uv": [13, 22], "uv_size": [0.25, 0.25]},
								"east": {"uv": [22, 13], "uv_size": [0.25, 0.25]},
								"south": {"uv": [14, 22], "uv_size": [0.25, 0.25]},
								"west": {"uv": [22, 14], "uv_size": [0.25, 0.25]},
								"up": {"uv": [15, 22], "uv_size": [0.25, 0.25]},
								"down": {"uv": [22, 15.25], "uv_size": [0.25, -0.25]}
							}
						},
						{
							"origin": [-1.87181, 3.69084, -0.71651],
							"size": [0.14362, 0.36817, 0.09816],
							"pivot": [-1.9, 3.93628, -0.66743],
							"rotation": [41, 0, 0],
							"uv": {
								"north": {"uv": [16, 22], "uv_size": [0.25, 0.25]},
								"east": {"uv": [22, 16], "uv_size": [0.25, 0.25]},
								"south": {"uv": [17, 22], "uv_size": [0.25, 0.25]},
								"west": {"uv": [22, 17], "uv_size": [0.25, 0.25]},
								"up": {"uv": [18, 22], "uv_size": [0.25, 0.25]},
								"down": {"uv": [22, 18.25], "uv_size": [0.25, -0.25]}
							}
						},
						{
							"origin": [-1.87181, 3.69512, -0.12407],
							"size": [0.14362, 0.17181, 0.09818],
							"pivot": [-1.9, 4.5787, -0.22224],
							"rotation": [-30, 0, 0],
							"uv": {
								"north": {"uv": [19, 22], "uv_size": [0.25, 0.25]},
								"east": {"uv": [22, 19], "uv_size": [0.25, 0.25]},
								"south": {"uv": [20, 22], "uv_size": [0.25, 0.25]},
								"west": {"uv": [22, 20], "uv_size": [0.25, 0.25]},
								"up": {"uv": [21, 22], "uv_size": [0.25, 0.25]},
								"down": {"uv": [22, 21.25], "uv_size": [0.25, -0.25]}
							}
						},
						{
							"origin": [-1.87181, 3.67672, -0.08276],
							"size": [0.14362, 0.02169, 0.04459],
							"pivot": [-1.9, 4.55744, -0.23451],
							"rotation": [-30, 0, 0],
							"uv": {
								"north": {"uv": [22, 22], "uv_size": [0.25, 0.25]},
								"east": {"uv": [0, 23], "uv_size": [0.25, 0.25]},
								"south": {"uv": [23, 0], "uv_size": [0.25, 0.25]},
								"west": {"uv": [1, 23], "uv_size": [0.25, 0.25]},
								"up": {"uv": [23, 1], "uv_size": [0.25, 0.25]},
								"down": {"uv": [2, 23.25], "uv_size": [0.25, -0.25]}
							}
						},
						{
							"origin": [-1.87181, 3.7933, -1.10582],
							"size": [0.14362, 1.41167, 0.3927],
							"pivot": [-1.9, 4.5787, -0.90947],
							"rotation": [-30, 0, 0],
							"uv": {
								"north": {"uv": [3, 17], "uv_size": [0.25, 1.5]},
								"east": {"uv": [14, 0], "uv_size": [0.5, 1.5]},
								"south": {"uv": [17, 3], "uv_size": [0.25, 1.5]},
								"west": {"uv": [14, 2], "uv_size": [0.5, 1.5]},
								"up": {"uv": [21, 12], "uv_size": [0.25, 0.5]},
								"down": {"uv": [13, 21.5], "uv_size": [0.25, -0.5]}
							}
						},
						{
							"origin": [-1.87181, 3.7933, -0.41859],
							"size": [0.14362, 1.16623, 0.3927],
							"pivot": [-1.9, 4.5787, -0.22224],
							"rotation": [-30, 0, 0],
							"uv": {
								"north": {"uv": [1, 18], "uv_size": [0.25, 1.25]},
								"east": {"uv": [8, 14], "uv_size": [0.5, 1.25]},
								"south": {"uv": [2, 18], "uv_size": [0.25, 1.25]},
								"west": {"uv": [14, 8], "uv_size": [0.5, 1.25]},
								"up": {"uv": [21, 13], "uv_size": [0.25, 0.5]},
								"down": {"uv": [14, 21.5], "uv_size": [0.25, -0.5]}
							}
						},
						{
							"origin": [-1.87181, 3.69512, -0.81129],
							"size": [0.14362, 0.17181, 0.09816],
							"pivot": [-1.9, 4.5787, -0.90947],
							"rotation": [-30, 0, 0],
							"uv": {
								"north": {"uv": [23, 2], "uv_size": [0.25, 0.25]},
								"east": {"uv": [3, 23], "uv_size": [0.25, 0.25]},
								"south": {"uv": [23, 3], "uv_size": [0.25, 0.25]},
								"west": {"uv": [4, 23], "uv_size": [0.25, 0.25]},
								"up": {"uv": [23, 4], "uv_size": [0.25, 0.25]},
								"down": {"uv": [5, 23.25], "uv_size": [0.25, -0.25]}
							}
						},
						{
							"origin": [-1.87181, 3.69084, -1.40374],
							"size": [0.14362, 0.36817, 0.09818],
							"pivot": [-1.9, 3.93628, -1.35465],
							"rotation": [41, 0, 0],
							"uv": {
								"north": {"uv": [23, 5], "uv_size": [0.25, 0.25]},
								"east": {"uv": [6, 23], "uv_size": [0.25, 0.25]},
								"south": {"uv": [23, 6], "uv_size": [0.25, 0.25]},
								"west": {"uv": [7, 23], "uv_size": [0.25, 0.25]},
								"up": {"uv": [23, 7], "uv_size": [0.25, 0.25]},
								"down": {"uv": [8, 23.25], "uv_size": [0.25, -0.25]}
							}
						},
						{
							"origin": [-1.87181, 3.67672, -0.76998],
							"size": [0.14362, 0.02169, 0.04459],
							"pivot": [-1.9, 4.55744, -0.92173],
							"rotation": [-30, 0, 0],
							"uv": {
								"north": {"uv": [23, 8], "uv_size": [0.25, 0.25]},
								"east": {"uv": [9, 23], "uv_size": [0.25, 0.25]},
								"south": {"uv": [23, 9], "uv_size": [0.25, 0.25]},
								"west": {"uv": [10, 23], "uv_size": [0.25, 0.25]},
								"up": {"uv": [23, 10], "uv_size": [0.25, 0.25]},
								"down": {"uv": [11, 23.25], "uv_size": [0.25, -0.25]}
							}
						},
						{
							"origin": [-1.87181, 5.11866, -1.49852],
							"size": [0.14362, 0.24544, 0.09818],
							"pivot": [-1.9, 4.5787, -1.59669],
							"rotation": [-30, 0, 0],
							"uv": {
								"north": {"uv": [23, 11], "uv_size": [0.25, 0.25]},
								"east": {"uv": [12, 23], "uv_size": [0.25, 0.25]},
								"south": {"uv": [23, 12], "uv_size": [0.25, 0.25]},
								"west": {"uv": [13, 23], "uv_size": [0.25, 0.25]},
								"up": {"uv": [23, 13], "uv_size": [0.25, 0.25]},
								"down": {"uv": [14, 23.25], "uv_size": [0.25, -0.25]}
							}
						},
						{
							"origin": [-1.87181, 5.315, -1.44943],
							"size": [0.14362, 0.08345, 0.04908],
							"pivot": [-1.9, 4.5787, -1.59669],
							"rotation": [-30, 0, 0],
							"uv": {
								"north": {"uv": [23, 14], "uv_size": [0.25, 0.25]},
								"east": {"uv": [15, 23], "uv_size": [0.25, 0.25]},
								"south": {"uv": [23, 15], "uv_size": [0.25, 0.25]},
								"west": {"uv": [16, 23], "uv_size": [0.25, 0.25]},
								"up": {"uv": [23, 16], "uv_size": [0.25, 0.25]},
								"down": {"uv": [17, 23.25], "uv_size": [0.25, -0.25]}
							}
						},
						{
							"origin": [-1.87181, 4.82414, -2.08757],
							"size": [0.14362, 0.3927, 0.7854],
							"uv": {
								"north": {"uv": [21, 14], "uv_size": [0.25, 0.5]},
								"east": {"uv": [4, 17], "uv_size": [0.75, 0.5]},
								"south": {"uv": [15, 21], "uv_size": [0.25, 0.5]},
								"west": {"uv": [5, 17], "uv_size": [0.75, 0.5]},
								"up": {"uv": [19, 17], "uv_size": [0.25, 0.75]},
								"down": {"uv": [18, 19.75], "uv_size": [0.25, -0.75]}
							}
						},
						{
							"origin": [-1.87181, 4.82414, -0.76221],
							"size": [0.14362, 0.3927, 0.7854],
							"uv": {
								"north": {"uv": [21, 15], "uv_size": [0.25, 0.5]},
								"east": {"uv": [17, 5], "uv_size": [0.75, 0.5]},
								"south": {"uv": [16, 21], "uv_size": [0.25, 0.5]},
								"west": {"uv": [6, 17], "uv_size": [0.75, 0.5]},
								"up": {"uv": [19, 18], "uv_size": [0.25, 0.75]},
								"down": {"uv": [19, 19.75], "uv_size": [0.25, -0.75]}
							}
						},
						{
							"origin": [-1.87181, 4.80975, -2.22527],
							"size": [0.14362, 0.47124, 0.0491],
							"pivot": [-1.9, 5.00609, -2.17617],
							"rotation": [40, 0, 0],
							"uv": {
								"north": {"uv": [21, 16], "uv_size": [0.25, 0.5]},
								"east": {"uv": [17, 21], "uv_size": [0.25, 0.5]},
								"south": {"uv": [21, 17], "uv_size": [0.25, 0.5]},
								"west": {"uv": [18, 21], "uv_size": [0.25, 0.5]},
								"up": {"uv": [23, 17], "uv_size": [0.25, 0.25]},
								"down": {"uv": [18, 23.25], "uv_size": [0.25, -0.25]}
							}
						},
						{
							"origin": [-1.87181, 4.85883, -2.17617],
							"size": [0.14362, 0.32398, 0.09816],
							"pivot": [-1.9, 5.00609, -2.17617],
							"rotation": [40, 0, 0],
							"uv": {
								"north": {"uv": [23, 18], "uv_size": [0.25, 0.25]},
								"east": {"uv": [19, 23], "uv_size": [0.25, 0.25]},
								"south": {"uv": [23, 19], "uv_size": [0.25, 0.25]},
								"west": {"uv": [20, 23], "uv_size": [0.25, 0.25]},
								"up": {"uv": [23, 20], "uv_size": [0.25, 0.25]},
								"down": {"uv": [21, 23.25], "uv_size": [0.25, -0.25]}
							}
						},
						{
							"origin": [-1.87181, 4.95701, -2.12709],
							"size": [0.14362, 0.17672, 0.09818],
							"pivot": [-1.9, 5.00609, -2.17617],
							"rotation": [40, 0, 0],
							"uv": {
								"north": {"uv": [23, 21], "uv_size": [0.25, 0.25]},
								"east": {"uv": [22, 23], "uv_size": [0.25, 0.25]},
								"south": {"uv": [23, 22], "uv_size": [0.25, 0.25]},
								"west": {"uv": [23, 23], "uv_size": [0.25, 0.25]},
								"up": {"uv": [0, 24], "uv_size": [0.25, 0.25]},
								"down": {"uv": [24, 0.25], "uv_size": [0.25, -0.25]}
							}
						},
						{
							"origin": [-1.87181, 5.02048, -1.35125],
							"size": [0.14362, 0.14726, 0.22089],
							"uv": {
								"north": {"uv": [1, 24], "uv_size": [0.25, 0.25]},
								"east": {"uv": [24, 1], "uv_size": [0.25, 0.25]},
								"south": {"uv": [2, 24], "uv_size": [0.25, 0.25]},
								"west": {"uv": [24, 2], "uv_size": [0.25, 0.25]},
								"up": {"uv": [3, 24], "uv_size": [0.25, 0.25]},
								"down": {"uv": [24, 3.25], "uv_size": [0.25, -0.25]}
							}
						},
						{
							"origin": [-1.87181, 5.16774, -1.30217],
							"size": [0.14362, 0.0491, 0.26999],
							"uv": {
								"north": {"uv": [4, 24], "uv_size": [0.25, 0.25]},
								"east": {"uv": [24, 4], "uv_size": [0.25, 0.25]},
								"south": {"uv": [5, 24], "uv_size": [0.25, 0.25]},
								"west": {"uv": [24, 5], "uv_size": [0.25, 0.25]},
								"up": {"uv": [6, 24], "uv_size": [0.25, 0.25]},
								"down": {"uv": [24, 6.25], "uv_size": [0.25, -0.25]}
							}
						},
						{
							"origin": [-1.87181, 4.81033, 0.02319],
							"size": [0.14362, 0.4065, 0.11503],
							"uv": {
								"north": {"uv": [21, 18], "uv_size": [0.25, 0.5]},
								"east": {"uv": [19, 21], "uv_size": [0.25, 0.5]},
								"south": {"uv": [21, 19], "uv_size": [0.25, 0.5]},
								"west": {"uv": [20, 21], "uv_size": [0.25, 0.5]},
								"up": {"uv": [7, 24], "uv_size": [0.25, 0.25]},
								"down": {"uv": [24, 7.25], "uv_size": [0.25, -0.25]}
							}
						},
						{
							"origin": [-1.87181, 5.16774, -2.38209],
							"size": [0.14362, 0.0491, 0.29452],
							"uv": {
								"north": {"uv": [8, 24], "uv_size": [0.25, 0.25]},
								"east": {"uv": [24, 8], "uv_size": [0.25, 0.25]},
								"south": {"uv": [9, 24], "uv_size": [0.25, 0.25]},
								"west": {"uv": [24, 9], "uv_size": [0.25, 0.25]},
								"up": {"uv": [10, 24], "uv_size": [0.25, 0.25]},
								"down": {"uv": [24, 10.25], "uv_size": [0.25, -0.25]}
							}
						},
						{
							"origin": [-1.87181, 5.11866, -2.33301],
							"size": [0.14362, 0.04908, 0.29452],
							"uv": {
								"north": {"uv": [11, 24], "uv_size": [0.25, 0.25]},
								"east": {"uv": [24, 11], "uv_size": [0.25, 0.25]},
								"south": {"uv": [12, 24], "uv_size": [0.25, 0.25]},
								"west": {"uv": [24, 12], "uv_size": [0.25, 0.25]},
								"up": {"uv": [13, 24], "uv_size": [0.25, 0.25]},
								"down": {"uv": [24, 13.25], "uv_size": [0.25, -0.25]}
							}
						},
						{
							"origin": [-1.87181, 5.16774, -1.10582],
							"size": [0.14362, 0.0491, 0.0491],
							"uv": {
								"north": {"uv": [14, 24], "uv_size": [0.25, 0.25]},
								"east": {"uv": [24, 14], "uv_size": [0.25, 0.25]},
								"south": {"uv": [15, 24], "uv_size": [0.25, 0.25]},
								"west": {"uv": [24, 15], "uv_size": [0.25, 0.25]},
								"up": {"uv": [16, 24], "uv_size": [0.25, 0.25]},
								"down": {"uv": [24, 16.25], "uv_size": [0.25, -0.25]}
							}
						}
					]
				}
			],
			"item_display_transforms": {
				"thirdperson_righthand": {
					"rotation": [0, 12, -26],
					"translation": [0.25, -0.25, 1],
					"scale": [0.2, 0.2, 0.25],
					"rotation_pivot": [0, 0, 0],
					"scale_pivot": [0, 0, 0]
				},
				"thirdperson_lefthand": {
					"rotation": [0, 0, 0],
					"translation": [0.25, -4.75, 1],
					"scale": [0.25, 0.25, 0.25],
					"rotation_pivot": [0, 0, 0],
					"scale_pivot": [0, 0, 0]
				},
				"firstperson_righthand": {
					"rotation": [0, 0, 3.5],
					"translation": [2.75, -5.5, -3],
					"scale": [1, 1, 1],
					"rotation_pivot": [0, 0, 0],
					"scale_pivot": [0, 0, 0]
				},
				"firstperson_lefthand": {
					"rotation": [0, 0, 3.5],
					"translation": [0, -26, -6],
					"scale": [1, 1, 1],
					"rotation_pivot": [0, 0, 0],
					"scale_pivot": [0, 0, 0]
				},
				"ground": {
					"rotation": [0, 0, 0],
					"translation": [0, -2.25, -0.25],
					"scale": [0.4, 0.4, 0.4],
					"rotation_pivot": [0, 0, 0],
					"scale_pivot": [0, 0, 0]
				},
				"gui": {
					"rotation": [44, 91, -31],
					"translation": [0.25, -7, 0],
					"scale": [0.7, 0.7, 0.7],
					"rotation_pivot": [0, 0, 0],
					"scale_pivot": [0, 0, 0],
					"fit_to_frame": false
				},
				"fixed": {
					"rotation": [180, -90, 180],
					"translation": [-5.5, -10.25, -1],
					"scale": [0.62, 0.62, 0.62],
					"rotation_pivot": [0, 0, 0],
					"scale_pivot": [0, 0, 0]
				}
			}
		}
	]
}