{
  "materials": [
    {
      "item": {
        "tag": "forge:ingots/iron"
      },
      "count": 4
    },
    {
      "item": {
        "tag": "forge:ingots/copper"
      },
      "count": 12
    },
    {
      "item": {
        "tag": "forge:gunpowder"
      },
      "count": 12
    },
    {
      "item": {
        "item": "minecraft:blaze_powder"
      },
      "count": 2
    },
    {
      "item": {
        "tag": "forge:dusts/redstone"
      },
      "count": 2
    }
  ],
  "result": {
    "type": "ammo",
    "id": "bluearchivejp:al1s_ammo",
    "count": 4
  },
  "type": "tacz:gun_smith_table_crafting"
}