{
	"format_version": "1.8.0",
	"animations": {
		"static_idle": {
			"animation_length": 0.0833,
			"bones": {
				"constraint": {
					"rotation": [0.2, 0.2, 0.2],
					"position": [0.2, 0.2, 0.2]
				},
				"lefthand": {
					"rotation": [0, 0, 0],
					"position": [0, 0, 0]
				},
				"righthand": {
					"rotation": [0, 0, 0],
					"position": [0, 0, 0]
				},
				"root": {
					"rotation": [0, 0, 0],
					"position": [0, 0, 0]
				}
			}
		},
		"reload_tactical": {
			"animation_length": 4.3333,
			"bones": {
				"root": {
					"rotation": {
						"0.0": [0, 0, 0],
						"0.4167": {
							"pre": [-19.62491, -20.61977, -26.74256],
							"post": [-19.62491, -20.61977, -26.74256],
							"lerp_mode": "catmullrom"
						},
						"0.625": {
							"post": [-19.62, -20.62, -26.74],
							"lerp_mode": "catmullrom"
						},
						"0.8333": {
							"post": [-18.97868, -21.51256, -29.43382],
							"lerp_mode": "catmullrom"
						},
						"1.0": {
							"post": [-19.85144, -24.07593, -27.49323],
							"lerp_mode": "catmullrom"
						},
						"1.1667": {
							"post": [-19.91, -23.97, -27.58],
							"lerp_mode": "catmullrom"
						},
						"1.3333": {
							"post": [-18.97868, -21.51256, -29.43382],
							"lerp_mode": "catmullrom"
						},
						"1.5833": {
							"post": [-19.02869, -22.07572, -29.38047],
							"lerp_mode": "catmullrom"
						},
						"1.7917": {
							"post": [-19.03, -21.39, -29.54],
							"lerp_mode": "catmullrom"
						},
						"1.9583": {
							"post": [-19.91, -23.97, -27.58],
							"lerp_mode": "catmullrom"
						},
						"2.2083": [-19.62, -20.62, -26.74],
						"2.625": {
							"pre": [-15.54869, -9.72051, 4.33889],
							"post": [-15.54869, -9.72051, 4.33889],
							"lerp_mode": "catmullrom"
						},
						"2.7917": {
							"post": [-15.88145, -8.62771, 8.47854],
							"lerp_mode": "catmullrom"
						},
						"2.9583": {
							"post": [-15.94367, -9.62474, 5.98261],
							"lerp_mode": "catmullrom"
						},
						"3.0417": {
							"post": [-16.04, -9.77, 5.73],
							"lerp_mode": "catmullrom"
						},
						"3.1667": {
							"post": [-19.4383, -11.88677, 6.20573],
							"lerp_mode": "catmullrom"
						},
						"3.4167": {
							"post": [-16.04, -9.77, 5.73],
							"lerp_mode": "catmullrom"
						},
						"3.5417": {
							"post": [-15.55, -9.72, 4.34],
							"lerp_mode": "catmullrom"
						},
						"4.0833": [0, 0, 0]
					},
					"position": {
						"0.0": [0, 0, 0],
						"0.4167": {
							"pre": [0.36, 4.13, -4.83],
							"post": [0.36, 4.13, -4.83],
							"lerp_mode": "catmullrom"
						},
						"0.625": {
							"post": [0.36, 4.13, -4.83],
							"lerp_mode": "catmullrom"
						},
						"0.8333": {
							"post": [0.07, 4.05, -4.71],
							"lerp_mode": "catmullrom"
						},
						"1.0": {
							"post": [0.19, 4.07, -4.55],
							"lerp_mode": "catmullrom"
						},
						"1.1667": {
							"post": [0.22, 4.09, -4.52],
							"lerp_mode": "catmullrom"
						},
						"1.3333": {
							"post": [0.07, 4.05, -4.71],
							"lerp_mode": "catmullrom"
						},
						"1.5833": {
							"post": [0.37, 3.76, -4.71],
							"lerp_mode": "catmullrom"
						},
						"1.7917": {
							"post": [0.1, 4.07, -4.68],
							"lerp_mode": "catmullrom"
						},
						"1.9583": {
							"post": [0.22, 4.09, -4.52],
							"lerp_mode": "catmullrom"
						},
						"2.2083": [0.36, 4.13, -4.83],
						"2.625": {
							"pre": [-0.34, 3.03, -10.83],
							"post": [-0.34, 3.03, -10.83],
							"lerp_mode": "catmullrom"
						},
						"2.7917": {
							"post": [-0.39, 2.72, -11.55],
							"lerp_mode": "catmullrom"
						},
						"2.9583": {
							"post": [-0.49, 2.65, -11.64],
							"lerp_mode": "catmullrom"
						},
						"3.0417": {
							"post": [-0.48, 2.71, -11.66],
							"lerp_mode": "catmullrom"
						},
						"3.1667": {
							"post": [-0.86, 2.85, -11.25],
							"lerp_mode": "catmullrom"
						},
						"3.4167": {
							"post": [-0.48, 2.71, -11.66],
							"lerp_mode": "catmullrom"
						},
						"3.5417": {
							"post": [-0.34, 3.03, -10.83],
							"lerp_mode": "catmullrom"
						},
						"4.0833": [0, 0, 0]
					}
				},
				"lefthand": {
					"rotation": {
						"0.0": [0, 0, 0],
						"0.375": {
							"pre": [0, 0, 0],
							"post": [0, 0, 0],
							"lerp_mode": "catmullrom"
						},
						"0.5417": {
							"post": [12.64, 10.09, 15.01],
							"lerp_mode": "catmullrom"
						},
						"0.7083": [25.2702, 20.1815, 30.01194],
						"0.8333": [25.27, 20.18, 30.01],
						"1.0": [19.8011, -2.1465, 26.9033],
						"1.2083": [19.8011, -2.1465, 26.9033],
						"1.4167": [25.27, 20.18, 30.01],
						"1.625": [25.27, 20.18, 30.01],
						"1.7917": [25.27, 20.18, 30.01],
						"1.9583": [19.8011, -2.1465, 26.9033],
						"2.125": [19.8011, -2.1465, 26.9033],
						"2.3333": {
							"pre": [8.24449, -2.2323, 20.43738],
							"post": [8.24449, -2.2323, 20.43738],
							"lerp_mode": "catmullrom"
						},
						"2.5833": {
							"post": [0, 0, 0],
							"lerp_mode": "catmullrom"
						}
					},
					"position": {
						"0.0": [0, 0, 0],
						"0.375": {
							"pre": [0, 0, 0],
							"post": [0, 0, 0],
							"lerp_mode": "catmullrom"
						},
						"0.5417": {
							"post": [2.8, -5, -0.35],
							"lerp_mode": "catmullrom"
						},
						"0.7083": [0, -6.1, -0.7],
						"0.8333": [0, -6.1, -0.7],
						"1.0": [-1.8, -5.1, 3.4],
						"1.2083": [-1.8, -5.1, 3.4],
						"1.4167": [0.8, -9.6, -0.7],
						"1.625": [0, -6.1, -0.7],
						"1.7917": [0, -6.1, -0.7],
						"1.9583": [-1.8, -5.1, 3.4],
						"2.125": [-1.8, -5.1, 3.4],
						"2.3333": {
							"pre": [1.63, -6.09, 0.86],
							"post": [1.63, -6.09, 0.86],
							"lerp_mode": "catmullrom"
						},
						"2.5833": {
							"post": [0, 0, 0],
							"lerp_mode": "catmullrom"
						}
					}
				},
				"righthand": {
					"rotation": {
						"2.4583": [0, 0, 0],
						"2.7083": [8, -2.3, 14.77],
						"2.9167": [14.66569, -4.20854, 27.07947],
						"3.0417": [14.67, -4.21, 27.08],
						"3.3333": [14.67, -4.21, 27.08],
						"3.5833": {
							"pre": [14.79059, 3.37173, 10.74225],
							"post": [14.79059, 3.37173, 10.74225],
							"lerp_mode": "catmullrom"
						},
						"3.7917": {
							"post": [6.94363, 6.58019, -12.88451],
							"lerp_mode": "catmullrom"
						},
						"4.0": [0, 0, 0],
						"4.2917": [0, 0, 0]
					},
					"position": {
						"2.4583": [0, 0, 0],
						"2.7083": [-4.55, 7.25, 1.7],
						"2.9167": [-1.9, 12.3, 3.4],
						"3.0417": [-1.9, 12.3, 3.4],
						"3.125": [-1.9, 12.3, 6.4],
						"3.3333": [-1.9, 12.3, 6.4],
						"3.5833": {
							"pre": [-4.3, 12.3, 6.9],
							"post": [-4.3, 12.3, 6.9],
							"lerp_mode": "catmullrom"
						},
						"3.7917": {
							"post": [-4.55, 0.05, 1.7],
							"lerp_mode": "catmullrom"
						},
						"4.0": [0, 0, 0],
						"4.2917": [0, 0, 0]
					}
				},
				"spin": {
					"rotation": {
						"0.8333": [0, 0, 0],
						"1.0": [0, -37.5, 0],
						"1.7917": [0, -37.5, 0],
						"1.9583": [0, -72.5, 0]
					}
				},
				"action": {
					"position": {
						"3.0417": [0, 0, 0],
						"3.125": [0, 0, 3],
						"3.3333": [0, 0, 3],
						"3.375": [0, 0, 0]
					}
				},
				"camera": {
					"rotation": {
						"0.0": [0, 0, 0],
						"0.4583": {
							"pre": [0, 3, 0],
							"post": [0, 3, 0],
							"lerp_mode": "catmullrom"
						},
						"0.7917": {
							"post": [0, 3, 0],
							"lerp_mode": "catmullrom"
						},
						"0.9167": {
							"post": [-0.05241, 2.99954, -1.00137],
							"lerp_mode": "catmullrom"
						},
						"1.0833": {
							"post": [0.05729, 3.00112, 1.00412],
							"lerp_mode": "catmullrom"
						},
						"1.625": {
							"post": [0, 3, 0],
							"lerp_mode": "catmullrom"
						},
						"1.8333": {
							"post": [-0.05241, 2.99954, -1.00137],
							"lerp_mode": "catmullrom"
						},
						"2.0": {
							"post": [0.05729, 3.00112, 1.00412],
							"lerp_mode": "catmullrom"
						},
						"2.25": {
							"post": [0.06, 3, 1],
							"lerp_mode": "catmullrom"
						},
						"2.5833": {
							"post": [-1.93994, 4, 1.00105],
							"lerp_mode": "catmullrom"
						},
						"3.375": {
							"post": [-1.94, 4, 1],
							"lerp_mode": "catmullrom"
						},
						"4.2083": [0, 0, 0]
					}
				}
			}
		},
		"reload_empty": {
			"animation_length": 4.2917,
			"bones": {
				"root": {
					"rotation": {
						"0.0": [0, 0, 0],
						"0.4167": {
							"pre": [-19.62491, -20.61977, -26.74256],
							"post": [-19.62491, -20.61977, -26.74256],
							"lerp_mode": "catmullrom"
						},
						"0.625": {
							"post": [-19.62, -20.62, -26.74],
							"lerp_mode": "catmullrom"
						},
						"0.8333": {
							"post": [-18.97868, -21.51256, -29.43382],
							"lerp_mode": "catmullrom"
						},
						"1.0": {
							"post": [-19.85144, -24.07593, -27.49323],
							"lerp_mode": "catmullrom"
						},
						"1.1667": {
							"post": [-19.91, -23.97, -27.58],
							"lerp_mode": "catmullrom"
						},
						"1.3333": {
							"post": [-18.97868, -21.51256, -29.43382],
							"lerp_mode": "catmullrom"
						},
						"1.5833": {
							"post": [-19.02869, -22.07572, -29.38047],
							"lerp_mode": "catmullrom"
						},
						"1.7917": {
							"post": [-19.03, -21.39, -29.54],
							"lerp_mode": "catmullrom"
						},
						"1.9583": {
							"post": [-19.91, -23.97, -27.58],
							"lerp_mode": "catmullrom"
						},
						"2.2083": [-19.62, -20.62, -26.74],
						"2.625": {
							"pre": [-15.54869, -9.72051, 4.33889],
							"post": [-15.54869, -9.72051, 4.33889],
							"lerp_mode": "catmullrom"
						},
						"2.7917": {
							"post": [-15.88145, -8.62771, 8.47854],
							"lerp_mode": "catmullrom"
						},
						"2.9583": {
							"post": [-15.94367, -9.62474, 5.98261],
							"lerp_mode": "catmullrom"
						},
						"3.0417": {
							"post": [-16.04, -9.77, 5.73],
							"lerp_mode": "catmullrom"
						},
						"3.1667": {
							"post": [-19.4383, -11.88677, 6.20573],
							"lerp_mode": "catmullrom"
						},
						"3.4167": {
							"post": [-16.04, -9.77, 5.73],
							"lerp_mode": "catmullrom"
						},
						"3.5417": {
							"post": [-15.55, -9.72, 4.34],
							"lerp_mode": "catmullrom"
						},
						"4.0833": [0, 0, 0]
					},
					"position": {
						"0.0": [0, 0, 0],
						"0.4167": {
							"pre": [0.36, 4.13, -4.83],
							"post": [0.36, 4.13, -4.83],
							"lerp_mode": "catmullrom"
						},
						"0.625": {
							"post": [0.36, 4.13, -4.83],
							"lerp_mode": "catmullrom"
						},
						"0.8333": {
							"post": [0.07, 4.05, -4.71],
							"lerp_mode": "catmullrom"
						},
						"1.0": {
							"post": [0.19, 4.07, -4.55],
							"lerp_mode": "catmullrom"
						},
						"1.1667": {
							"post": [0.22, 4.09, -4.52],
							"lerp_mode": "catmullrom"
						},
						"1.3333": {
							"post": [0.07, 4.05, -4.71],
							"lerp_mode": "catmullrom"
						},
						"1.5833": {
							"post": [0.37, 3.76, -4.71],
							"lerp_mode": "catmullrom"
						},
						"1.7917": {
							"post": [0.1, 4.07, -4.68],
							"lerp_mode": "catmullrom"
						},
						"1.9583": {
							"post": [0.22, 4.09, -4.52],
							"lerp_mode": "catmullrom"
						},
						"2.2083": [0.36, 4.13, -4.83],
						"2.625": {
							"pre": [-0.34, 3.03, -10.83],
							"post": [-0.34, 3.03, -10.83],
							"lerp_mode": "catmullrom"
						},
						"2.7917": {
							"post": [-0.39, 2.72, -11.55],
							"lerp_mode": "catmullrom"
						},
						"2.9583": {
							"post": [-0.49, 2.65, -11.64],
							"lerp_mode": "catmullrom"
						},
						"3.0417": {
							"post": [-0.48, 2.71, -11.66],
							"lerp_mode": "catmullrom"
						},
						"3.1667": {
							"post": [-0.86, 2.85, -11.25],
							"lerp_mode": "catmullrom"
						},
						"3.4167": {
							"post": [-0.48, 2.71, -11.66],
							"lerp_mode": "catmullrom"
						},
						"3.5417": {
							"post": [-0.34, 3.03, -10.83],
							"lerp_mode": "catmullrom"
						},
						"4.0833": [0, 0, 0]
					}
				},
				"lefthand": {
					"rotation": {
						"0.0": [0, 0, 0],
						"0.375": {
							"pre": [0, 0, 0],
							"post": [0, 0, 0],
							"lerp_mode": "catmullrom"
						},
						"0.5417": {
							"post": [12.64, 10.09, 15.01],
							"lerp_mode": "catmullrom"
						},
						"0.7083": [25.2702, 20.1815, 30.01194],
						"0.8333": [25.27, 20.18, 30.01],
						"1.0": [19.8011, -2.1465, 26.9033],
						"1.2083": [19.8011, -2.1465, 26.9033],
						"1.4167": [25.27, 20.18, 30.01],
						"1.625": [25.27, 20.18, 30.01],
						"1.7917": [25.27, 20.18, 30.01],
						"1.9583": [19.8011, -2.1465, 26.9033],
						"2.125": [19.8011, -2.1465, 26.9033],
						"2.3333": {
							"pre": [8.24449, -2.2323, 20.43738],
							"post": [8.24449, -2.2323, 20.43738],
							"lerp_mode": "catmullrom"
						},
						"2.5833": {
							"post": [0, 0, 0],
							"lerp_mode": "catmullrom"
						}
					},
					"position": {
						"0.0": [0, 0, 0],
						"0.375": {
							"pre": [0, 0, 0],
							"post": [0, 0, 0],
							"lerp_mode": "catmullrom"
						},
						"0.5417": {
							"post": [2.8, -5, -0.35],
							"lerp_mode": "catmullrom"
						},
						"0.7083": [0, -6.1, -0.7],
						"0.8333": [0, -6.1, -0.7],
						"1.0": [-1.8, -5.1, 3.4],
						"1.2083": [-1.8, -5.1, 3.4],
						"1.4167": [0.8, -9.6, -0.7],
						"1.625": [0, -6.1, -0.7],
						"1.7917": [0, -6.1, -0.7],
						"1.9583": [-1.8, -5.1, 3.4],
						"2.125": [-1.8, -5.1, 3.4],
						"2.3333": {
							"pre": [1.63, -6.09, 0.86],
							"post": [1.63, -6.09, 0.86],
							"lerp_mode": "catmullrom"
						},
						"2.5833": {
							"post": [0, 0, 0],
							"lerp_mode": "catmullrom"
						}
					}
				},
				"righthand": {
					"rotation": {
						"2.4583": [0, 0, 0],
						"2.7083": [8, -2.3, 14.77],
						"2.9167": [14.66569, -4.20854, 27.07947],
						"3.0417": [14.67, -4.21, 27.08],
						"3.3333": [14.67, -4.21, 27.08],
						"3.5833": {
							"pre": [14.79059, 3.37173, 10.74225],
							"post": [14.79059, 3.37173, 10.74225],
							"lerp_mode": "catmullrom"
						},
						"3.7917": {
							"post": [6.94363, 6.58019, -12.88451],
							"lerp_mode": "catmullrom"
						},
						"4.0": [0, 0, 0],
						"4.2917": [0, 0, 0]
					},
					"position": {
						"2.4583": [0, 0, 0],
						"2.7083": [-4.55, 7.25, 1.7],
						"2.9167": [-1.9, 12.3, 3.4],
						"3.0417": [-1.9, 12.3, 3.4],
						"3.125": [-1.9, 12.3, 6.4],
						"3.3333": [-1.9, 12.3, 6.4],
						"3.5833": {
							"pre": [-4.3, 12.3, 6.9],
							"post": [-4.3, 12.3, 6.9],
							"lerp_mode": "catmullrom"
						},
						"3.7917": {
							"post": [-4.55, 0.05, 1.7],
							"lerp_mode": "catmullrom"
						},
						"4.0": [0, 0, 0],
						"4.2917": [0, 0, 0]
					}
				},
				"spin": {
					"rotation": {
						"0.8333": [0, 0, 0],
						"1.0": [0, -37.5, 0],
						"1.7917": [0, -37.5, 0],
						"1.9583": [0, -72.5, 0]
					}
				},
				"action": {
					"position": {
						"3.0417": [0, 0, 0],
						"3.125": [0, 0, 3],
						"3.3333": [0, 0, 3],
						"3.375": [0, 0, 0]
					}
				},
				"camera": {
					"rotation": {
						"0.0": [0, 0, 0],
						"0.4583": {
							"pre": [0, 3, 0],
							"post": [0, 3, 0],
							"lerp_mode": "catmullrom"
						},
						"0.7917": {
							"post": [0, 3, 0],
							"lerp_mode": "catmullrom"
						},
						"0.9167": {
							"post": [-0.05241, 2.99954, -1.00137],
							"lerp_mode": "catmullrom"
						},
						"1.0833": {
							"post": [0.05729, 3.00112, 1.00412],
							"lerp_mode": "catmullrom"
						},
						"1.625": {
							"post": [0, 3, 0],
							"lerp_mode": "catmullrom"
						},
						"1.8333": {
							"post": [-0.05241, 2.99954, -1.00137],
							"lerp_mode": "catmullrom"
						},
						"2.0": {
							"post": [0.05729, 3.00112, 1.00412],
							"lerp_mode": "catmullrom"
						},
						"2.25": {
							"post": [0.06, 3, 1],
							"lerp_mode": "catmullrom"
						},
						"2.5833": {
							"post": [-1.93994, 4, 1.00105],
							"lerp_mode": "catmullrom"
						},
						"3.375": {
							"post": [-1.94, 4, 1],
							"lerp_mode": "catmullrom"
						},
						"4.2083": [0, 0, 0]
					}
				}
			}
		},
		"shoot": {
			"animation_length": 0.1667,
			"bones": {
				"root": {
					"rotation": [0, 0, 0],
					"position": [0, 0, 0]
				},
				"constraint": {
					"rotation": [0, 0, 0],
					"position": [0, 0, 0]
				}
			}
		},
		"inspect": {
			"animation_length": 8.3,
			"bones": {
				"root": {
					"rotation": {
						"0.0": [0, 0, 0],
						"0.4583": {
							"pre": [-20.24217, -42.03963, -23.8243],
							"post": [-20.24217, -42.03963, -23.8243],
							"lerp_mode": "catmullrom"
						},
						"0.875": {
							"post": [-20.24, -42.04, -23.82],
							"lerp_mode": "catmullrom"
						},
						"1.2917": {
							"post": [-19.44643, -42.05987, -25.29336],
							"lerp_mode": "catmullrom"
						},
						"1.7083": {
							"post": [-20.24, -42.04, -23.82],
							"lerp_mode": "catmullrom"
						},
						"2.1667": {
							"post": [-18.2083, -55.81028, -14.65135],
							"lerp_mode": "catmullrom"
						},
						"2.5": {
							"post": [-18.87747, -57.26873, -12.38489],
							"lerp_mode": "catmullrom"
						},
						"2.8333": {
							"post": [-18.99785, -57.6369, -11.798],
							"lerp_mode": "catmullrom"
						},
						"3.2083": {
							"post": [-18.21, -55.81, -14.65],
							"lerp_mode": "catmullrom"
						},
						"3.5417": {
							"post": [-37.32172, -34.24324, -9.6519],
							"lerp_mode": "catmullrom"
						},
						"4.0417": {
							"post": [-51.58396, 26.7595, 52.88058],
							"lerp_mode": "catmullrom"
						},
						"4.4167": {
							"post": [-52.15028, 31.57161, 57.71418],
							"lerp_mode": "catmullrom"
						},
						"5.125": {
							"post": [-52.09502, 25.18254, 51.41666],
							"lerp_mode": "catmullrom"
						},
						"5.4583": {
							"post": [-51.58, 26.76, 52.88],
							"lerp_mode": "catmullrom"
						},
						"6.2917": {
							"post": [-47.74493, 34.39482, 60.39422],
							"lerp_mode": "catmullrom"
						},
						"7.2083": {
							"post": [-47.74, 34.39, 60.39],
							"lerp_mode": "catmullrom"
						},
						"8.0833": [0, 0, 0],
						"8.25": [0, 0, 0]
					},
					"position": {
						"0.0": [0, 0, 0],
						"0.4583": {
							"pre": [3.26, 4.63, -9.13],
							"post": [3.26, 4.63, -9.13],
							"lerp_mode": "catmullrom"
						},
						"0.875": {
							"post": [3.26, 4.63, -9.13],
							"lerp_mode": "catmullrom"
						},
						"1.2917": {
							"post": [3.2, 4.52, -9.03],
							"lerp_mode": "catmullrom"
						},
						"1.7083": {
							"post": [3.26, 4.63, -9.13],
							"lerp_mode": "catmullrom"
						},
						"2.1667": {
							"post": [5.86, 5.13, -9.13],
							"lerp_mode": "catmullrom"
						},
						"2.5": {
							"post": [6.05, 5.13, -8.78],
							"lerp_mode": "catmullrom"
						},
						"2.8333": {
							"post": [5.87, 5.24, -8.67],
							"lerp_mode": "catmullrom"
						},
						"3.2083": {
							"post": [5.86, 5.13, -9.13],
							"lerp_mode": "catmullrom"
						},
						"3.5417": {
							"post": [5.86, 3.33, -13.43],
							"lerp_mode": "catmullrom"
						},
						"4.0417": {
							"post": [-2.54, 6.13, -15.33],
							"lerp_mode": "catmullrom"
						},
						"4.4167": {
							"post": [-2.99, 6.31, -15.46],
							"lerp_mode": "catmullrom"
						},
						"5.125": {
							"post": [-2.45, 5.57, -15.45],
							"lerp_mode": "catmullrom"
						},
						"5.4583": {
							"post": [-2.54, 6.13, -15.33],
							"lerp_mode": "catmullrom"
						},
						"6.2917": {
							"post": [-3.54, 11.43, -13.33],
							"lerp_mode": "catmullrom"
						},
						"7.2083": {
							"post": [-3.54, 11.43, -13.33],
							"lerp_mode": "catmullrom"
						},
						"8.0833": [0, 0, 0],
						"8.25": [0, 0, 0]
					}
				},
				"lefthand": {
					"rotation": {
						"0.0": [0, 0, 0],
						"0.4583": {
							"pre": [0, 0, 0],
							"post": [0, 0, 0],
							"lerp_mode": "catmullrom"
						},
						"1.4583": {
							"post": [0, 0, 0],
							"lerp_mode": "catmullrom"
						},
						"1.875": [-13.15925, 24.64623, 13.95534],
						"3.25": [-13.15925, 24.64623, 13.95534],
						"3.625": [0, 26, 0],
						"5.4583": [0, 26, 0],
						"5.8333": [-6.7294, 25.1728, -15.50416],
						"7.25": [-6.73, 25.17, -15.5],
						"7.5833": [-3.37, 12.59, -7.75],
						"7.9167": [0, 0, 0]
					},
					"position": {
						"0.0": [0, 0, 0],
						"0.4583": {
							"pre": [5, -9, 9],
							"post": [5, -9, 9],
							"lerp_mode": "catmullrom"
						},
						"1.4583": {
							"post": [5, -9, 9],
							"lerp_mode": "catmullrom"
						},
						"1.875": [0.1, -5.5, -2.6],
						"3.25": [0.1, -5.5, -2.6],
						"3.4583": [3.37, -3.58, 0.6],
						"3.625": [3.1, 0.3, 1],
						"5.4583": [3.1, 0.3, 1],
						"5.8333": [3.1, 3.7, 0.6],
						"7.25": [3.1, 3.7, 0.6],
						"7.5833": [4.45, -2.25, 0.3],
						"7.9167": [0, 0, 0]
					}
				},
				"camera": {
					"rotation": {
						"0.0": [0, 0, 0],
						"0.75": [2, 2, 0],
						"1.625": [2, 2, 0],
						"2.4583": [2.00641, 4.99817, 0.10505],
						"3.125": [2.01, 5, 0.11],
						"3.5833": [-1.99, 5, 0.11],
						"4.125": [2.01, 5, 0.11],
						"4.75": [2.01, 5, 0.11],
						"5.2083": [0.01, 5, 0.11],
						"5.375": [0.01, 5, 0.11],
						"6.2917": [-3.99, 5, 0.11],
						"7.0833": [-2.99503, 5.99864, 0.05755],
						"8.0833": [0, 0, 0]
					}
				}
			}
		},
		"inspect_empty": {
			"animation_length": 8.25,
			"bones": {
				"root": {
					"rotation": {
						"0.0": [0, 0, 0],
						"0.4583": {
							"pre": [-20.24217, -42.03963, -23.8243],
							"post": [-20.24217, -42.03963, -23.8243],
							"lerp_mode": "catmullrom"
						},
						"0.875": {
							"post": [-20.24, -42.04, -23.82],
							"lerp_mode": "catmullrom"
						},
						"1.2917": {
							"post": [-19.44643, -42.05987, -25.29336],
							"lerp_mode": "catmullrom"
						},
						"1.7083": {
							"post": [-20.24, -42.04, -23.82],
							"lerp_mode": "catmullrom"
						},
						"2.1667": {
							"post": [-18.2083, -55.81028, -14.65135],
							"lerp_mode": "catmullrom"
						},
						"2.5": {
							"post": [-18.87747, -57.26873, -12.38489],
							"lerp_mode": "catmullrom"
						},
						"2.8333": {
							"post": [-18.99785, -57.6369, -11.798],
							"lerp_mode": "catmullrom"
						},
						"3.2083": {
							"post": [-18.21, -55.81, -14.65],
							"lerp_mode": "catmullrom"
						},
						"3.5417": {
							"post": [-37.32172, -34.24324, -9.6519],
							"lerp_mode": "catmullrom"
						},
						"4.0417": {
							"post": [-51.58396, 26.7595, 52.88058],
							"lerp_mode": "catmullrom"
						},
						"4.4167": {
							"post": [-52.15028, 31.57161, 57.71418],
							"lerp_mode": "catmullrom"
						},
						"5.125": {
							"post": [-52.09502, 25.18254, 51.41666],
							"lerp_mode": "catmullrom"
						},
						"5.4583": {
							"post": [-51.58, 26.76, 52.88],
							"lerp_mode": "catmullrom"
						},
						"6.2917": {
							"post": [-47.74493, 34.39482, 60.39422],
							"lerp_mode": "catmullrom"
						},
						"7.2083": {
							"post": [-47.74, 34.39, 60.39],
							"lerp_mode": "catmullrom"
						},
						"8.0833": [0, 0, 0],
						"8.25": [0, 0, 0]
					},
					"position": {
						"0.0": [0, 0, 0],
						"0.4583": {
							"pre": [3.26, 4.63, -9.13],
							"post": [3.26, 4.63, -9.13],
							"lerp_mode": "catmullrom"
						},
						"0.875": {
							"post": [3.26, 4.63, -9.13],
							"lerp_mode": "catmullrom"
						},
						"1.2917": {
							"post": [3.2, 4.52, -9.03],
							"lerp_mode": "catmullrom"
						},
						"1.7083": {
							"post": [3.26, 4.63, -9.13],
							"lerp_mode": "catmullrom"
						},
						"2.1667": {
							"post": [5.86, 5.13, -9.13],
							"lerp_mode": "catmullrom"
						},
						"2.5": {
							"post": [6.05, 5.13, -8.78],
							"lerp_mode": "catmullrom"
						},
						"2.8333": {
							"post": [5.87, 5.24, -8.67],
							"lerp_mode": "catmullrom"
						},
						"3.2083": {
							"post": [5.86, 5.13, -9.13],
							"lerp_mode": "catmullrom"
						},
						"3.5417": {
							"post": [5.86, 3.33, -13.43],
							"lerp_mode": "catmullrom"
						},
						"4.0417": {
							"post": [-2.54, 6.13, -15.33],
							"lerp_mode": "catmullrom"
						},
						"4.4167": {
							"post": [-2.99, 6.31, -15.46],
							"lerp_mode": "catmullrom"
						},
						"5.125": {
							"post": [-2.45, 5.57, -15.45],
							"lerp_mode": "catmullrom"
						},
						"5.4583": {
							"post": [-2.54, 6.13, -15.33],
							"lerp_mode": "catmullrom"
						},
						"6.2917": {
							"post": [-3.54, 11.43, -13.33],
							"lerp_mode": "catmullrom"
						},
						"7.2083": {
							"post": [-3.54, 11.43, -13.33],
							"lerp_mode": "catmullrom"
						},
						"8.0833": [0, 0, 0],
						"8.25": [0, 0, 0]
					}
				},
				"lefthand": {
					"rotation": {
						"0.0": [0, 0, 0],
						"0.4583": {
							"pre": [0, 0, 0],
							"post": [0, 0, 0],
							"lerp_mode": "catmullrom"
						},
						"1.4583": {
							"post": [0, 0, 0],
							"lerp_mode": "catmullrom"
						},
						"1.875": [-13.15925, 24.64623, 13.95534],
						"3.25": [-13.15925, 24.64623, 13.95534],
						"3.625": [0, 26, 0],
						"5.4583": [0, 26, 0],
						"5.8333": [-6.7294, 25.1728, -15.50416],
						"7.25": [-6.73, 25.17, -15.5],
						"7.5833": [-3.37, 12.59, -7.75],
						"7.9167": [0, 0, 0]
					},
					"position": {
						"0.0": [0, 0, 0],
						"0.4583": {
							"pre": [5, -9, 9],
							"post": [5, -9, 9],
							"lerp_mode": "catmullrom"
						},
						"1.4583": {
							"post": [5, -9, 9],
							"lerp_mode": "catmullrom"
						},
						"1.875": [0.1, -5.5, -2.6],
						"3.25": [0.1, -5.5, -2.6],
						"3.4583": [3.27, -3.38, 0.5],
						"3.625": [3.1, 0.3, 1],
						"5.4583": [3.1, 0.3, 1],
						"5.8333": [3.1, 3.7, 0.6],
						"7.25": [3.1, 3.7, 0.6],
						"7.5833": [4.45, -2.25, 0.3],
						"7.9167": [0, 0, 0]
					}
				},
				"camera": {
					"rotation": {
						"0.0": [0, 0, 0],
						"0.75": [2, 2, 0],
						"1.625": [2, 2, 0],
						"2.4583": [2.00641, 4.99817, 0.10505],
						"3.125": [2.01, 5, 0.11],
						"3.5833": [-1.99, 5, 0.11],
						"4.125": [2.01, 5, 0.11],
						"4.75": [2.01, 5, 0.11],
						"5.2083": [0.01, 5, 0.11],
						"5.375": [0.01, 5, 0.11],
						"6.2917": [-3.99, 5, 0.11],
						"7.0833": [-2.99503, 5.99864, 0.05755],
						"8.0833": [0, 0, 0]
					}
				}
			}
		}
	}
}