{
	"format_version": "1.8.0",
	"animations": {
		"static_idle": {
			"animation_length": 0.0417,
			"bones": {
				"root": {
					"rotation": [0, 0, 0],
					"position": [0, 0, 0]
				},
				"lefthand": {
					"rotation": [0, 0, 0],
					"position": [0, 0, 0]
				},
				"constraint": {
					"rotation": [0, 0, 0],
					"position": [0.2, 0.2, 0.2]
				},
				"righthand": {
					"rotation": [0, 0, 0],
					"position": [0, 0, 0]
				},
				"action": {
					"position": [0, 0, 0]
				}
			}
		},
		"static_bolt_caught": {
			"animation_length": 0.0417,
			"bones": {
				"root": {
					"rotation": [0, 0, 0],
					"position": [0, 0, 0]
				},
				"lefthand": {
					"rotation": [0, 0, 0],
					"position": [0, 0, 0]
				},
				"righthand": {
					"rotation": [0, 0, 0],
					"position": [0, 0, 0]
				},
				"action": {
					"position": [0, 0, -6]
				}
			}
		},
		"reload_tactical": {
			"animation_length": 2.1,
			"bones": {
				"root": {
					"rotation": {
						"0.0": [0, 0, 0],
						"0.1667": {
							"pre": [-2, -5, 12],
							"post": [-2, -5, 12],
							"lerp_mode": "catmullrom"
						},
						"0.25": {
							"post": [-2.03, -5.35, 11.62],
							"lerp_mode": "catmullrom"
						},
						"0.375": {
							"post": [-2.64436, -3.72142, 18.97386],
							"lerp_mode": "catmullrom"
						},
						"0.5833": {
							"post": [-1.95806, -4.99201, 11.49269],
							"lerp_mode": "catmullrom"
						},
						"0.7917": {
							"post": [-2.01195, -6.04511, 12.10857],
							"lerp_mode": "catmullrom"
						},
						"1.0417": {
							"post": [-1.908, -5.84419, 11.11539],
							"lerp_mode": "catmullrom"
						},
						"1.2083": {
							"post": [-2.75811, -7.42012, 19.12292],
							"lerp_mode": "catmullrom"
						},
						"1.3333": {
							"post": [-2.75811, -7.42012, 19.12292],
							"lerp_mode": "catmullrom"
						},
						"1.4167": [-1.55566, -5.15522, 6.98271],
						"1.5417": [-2, -5, 12],
						"1.7917": {
							"pre": [1, 0, 0],
							"post": [1, 0, 0],
							"lerp_mode": "catmullrom"
						},
						"1.9583": {
							"post": [0, 0, 0],
							"lerp_mode": "catmullrom"
						},
						"2.0833": [0, 0, 0]
					},
					"position": {
						"0.0": [0, 0, 0],
						"0.1667": {
							"pre": [-1.6, -0.9, 2.2],
							"post": [-1.6, -0.9, 2.2],
							"lerp_mode": "catmullrom"
						},
						"0.2083": {
							"post": [-1.75, -0.99, 2.52],
							"lerp_mode": "catmullrom"
						},
						"0.25": {
							"post": [-1.81, -0.96, 2.34],
							"lerp_mode": "catmullrom"
						},
						"0.375": {
							"post": [-2.7, -0.9, 2.1],
							"lerp_mode": "catmullrom"
						},
						"0.5833": {
							"post": [-2.66, -0.9, 2.19],
							"lerp_mode": "catmullrom"
						},
						"0.7917": {
							"post": [-2.34, -0.9, 2.1],
							"lerp_mode": "catmullrom"
						},
						"1.0417": {
							"post": [-2.1, -0.9, 2.12],
							"lerp_mode": "catmullrom"
						},
						"1.2083": {
							"post": [-2.03, -0.7, 3.15],
							"lerp_mode": "catmullrom"
						},
						"1.3333": {
							"post": [-2.03, -0.7, 3.15],
							"lerp_mode": "catmullrom"
						},
						"1.4167": [-1.6, -0.9, 2.2],
						"1.5417": [-1.6, -0.9, 2.2],
						"1.7917": {
							"pre": [0, 0, -1.1],
							"post": [0, 0, -1.1],
							"lerp_mode": "catmullrom"
						},
						"1.9583": {
							"post": [0, 0, 0.6],
							"lerp_mode": "catmullrom"
						},
						"2.0833": [0, 0, 0]
					}
				},
				"magazine": {
					"rotation": {
						"0.25": [0, 0, 0],
						"0.5417": [0, 0, 0],
						"0.7917": [0, 0, 0],
						"0.875": [0, 0, 0],
						"1.4167": [0, 0, 0],
						"1.5417": [0, 0, 0]
					},
					"position": {
						"0.25": [0, 0, 0],
						"0.375": [4, 0, 0],
						"0.5417": [17, -14, -23],
						"0.7917": [0, -8, 14],
						"0.875": [0, -8, 14],
						"1.2083": [4, 0, 0],
						"1.2917": [4, 0, 0],
						"1.4167": [0, 0, 0],
						"1.5417": [0, 0, 0]
					},
					"scale": {
						"0.5417": [1, 1, 1],
						"0.6667": [0, 0, 0],
						"0.7917": [1, 1, 1]
					}
				},
				"lefthand": {
					"rotation": {
						"0.0": [0, 0, 0],
						"0.2083": [13.83529, -10.19012, 22.37149],
						"0.25": [13.84, -10.19, 22.37],
						"0.4583": [17.92057, -40.07884, 13.10412],
						"0.5417": [17.92, -40.08, 13.1],
						"0.7917": [13.83529, -10.19012, 22.37149],
						"0.875": [13.84, -10.19, 22.37],
						"1.4167": [13.84, -10.19, 22.37],
						"1.5": [13.84, -10.19, 22.37],
						"1.75": [0, 0, 0]
					},
					"position": {
						"0.0": [0, 0, 0],
						"0.2083": [5.6, 2.4, -1.3],
						"0.25": [5.6, 2.4, -1.3],
						"0.375": [9.6, 2.4, -1.3],
						"0.4583": [9.6, 2.4, -1.3],
						"0.5417": [9.6, 2.4, -1.3],
						"0.7917": [5.6, -5.6, 12.7],
						"0.875": [5.6, -5.6, 12.7],
						"1.2083": [9.6, 2.4, -1.3],
						"1.2917": [9.6, 2.4, -1.3],
						"1.4167": [5.6, 2.4, -1.3],
						"1.5": [5.6, 2.4, -1.3],
						"1.75": [0, 0, 0]
					}
				}
			}
		},
		"reload_empty": {
			"animation_length": 2.7917,
			"bones": {
				"root": {
					"rotation": {
						"0.0": [0, 0, 0],
						"0.1667": {
							"pre": [-2, -5, 12],
							"post": [-2, -5, 12],
							"lerp_mode": "catmullrom"
						},
						"0.25": {
							"post": [-2.03, -5.35, 11.62],
							"lerp_mode": "catmullrom"
						},
						"0.375": {
							"post": [-2.64436, -3.72142, 18.97386],
							"lerp_mode": "catmullrom"
						},
						"0.5833": {
							"post": [-1.95806, -4.99201, 11.49269],
							"lerp_mode": "catmullrom"
						},
						"0.7917": {
							"post": [-2.01195, -6.04511, 12.10857],
							"lerp_mode": "catmullrom"
						},
						"1.0417": {
							"post": [-1.908, -5.84419, 11.11539],
							"lerp_mode": "catmullrom"
						},
						"1.2083": {
							"post": [-2.75811, -7.42012, 19.12292],
							"lerp_mode": "catmullrom"
						},
						"1.3333": {
							"post": [-2.75811, -7.42012, 19.12292],
							"lerp_mode": "catmullrom"
						},
						"1.4167": [-1.55566, -5.15522, 6.98271],
						"1.5417": [-2, -5, 12],
						"1.75": {
							"pre": [-14.50659, -2.94931, 47.02874],
							"post": [-14.50659, -2.94931, 47.02874],
							"lerp_mode": "catmullrom"
						},
						"1.875": {
							"post": [-15.56, -2.87, 50.02],
							"lerp_mode": "catmullrom"
						},
						"1.9583": {
							"post": [-15.99, -2.98, 51.32],
							"lerp_mode": "catmullrom"
						},
						"2.0417": {
							"post": [-20.96, -3.02, 51.27],
							"lerp_mode": "catmullrom"
						},
						"2.2083": {
							"post": [-15.56, -2.87, 50.02],
							"lerp_mode": "catmullrom"
						},
						"2.5": {
							"post": [1, 0, 0],
							"lerp_mode": "catmullrom"
						},
						"2.6667": {
							"post": [0, 0, 0],
							"lerp_mode": "catmullrom"
						},
						"2.7917": [0, 0, 0]
					},
					"position": {
						"0.0": [0, 0, 0],
						"0.1667": {
							"pre": [-1.6, -0.9, 2.2],
							"post": [-1.6, -0.9, 2.2],
							"lerp_mode": "catmullrom"
						},
						"0.2083": {
							"post": [-1.75, -0.99, 2.52],
							"lerp_mode": "catmullrom"
						},
						"0.25": {
							"post": [-1.81, -0.96, 2.34],
							"lerp_mode": "catmullrom"
						},
						"0.375": {
							"post": [-2.7, -0.9, 2.1],
							"lerp_mode": "catmullrom"
						},
						"0.5833": {
							"post": [-2.66, -0.9, 2.19],
							"lerp_mode": "catmullrom"
						},
						"0.7917": {
							"post": [-2.34, -0.9, 2.1],
							"lerp_mode": "catmullrom"
						},
						"1.0417": {
							"post": [-2.1, -0.9, 2.12],
							"lerp_mode": "catmullrom"
						},
						"1.2083": {
							"post": [-2.03, -0.7, 3.15],
							"lerp_mode": "catmullrom"
						},
						"1.3333": {
							"post": [-2.03, -0.7, 3.15],
							"lerp_mode": "catmullrom"
						},
						"1.4167": [-1.6, -0.9, 2.2],
						"1.5417": [-1.6, -0.9, 2.2],
						"1.75": {
							"pre": [-7.5, 1.1, 0.2],
							"post": [-7.5, 1.1, 0.2],
							"lerp_mode": "catmullrom"
						},
						"1.875": {
							"post": [-8, 0.99, 0.15],
							"lerp_mode": "catmullrom"
						},
						"1.9583": {
							"post": [-8.2, 1.02, 0.32],
							"lerp_mode": "catmullrom"
						},
						"2.0417": {
							"post": [-8.19, 0.25, 1.48],
							"lerp_mode": "catmullrom"
						},
						"2.2083": {
							"post": [-8, 0.99, 0.15],
							"lerp_mode": "catmullrom"
						},
						"2.5": {
							"post": [0, 0, -2.1],
							"lerp_mode": "catmullrom"
						},
						"2.6667": {
							"post": [0, 0, 0.6],
							"lerp_mode": "catmullrom"
						},
						"2.7917": [0, 0, 0]
					}
				},
				"magazine": {
					"rotation": {
						"0.25": [0, 0, 0],
						"0.5417": [0, 0, 0],
						"0.7917": [0, 0, 0],
						"0.875": [0, 0, 0],
						"1.4167": [0, 0, 0],
						"1.5417": [0, 0, 0]
					},
					"position": {
						"0.25": [0, 0, 0],
						"0.375": [4, 0, 0],
						"0.5417": [17, -14, -23],
						"0.7917": [0, -8, 14],
						"0.875": [0, -8, 14],
						"1.2083": [4, 0, 0],
						"1.2917": [4, 0, 0],
						"1.4167": [0, 0, 0],
						"1.5417": [0, 0, 0]
					},
					"scale": {
						"0.5417": [1, 1, 1],
						"0.6667": [0, 0, 0],
						"0.7917": [1, 1, 1]
					}
				},
				"lefthand": {
					"rotation": {
						"0.0": [0, 0, 0],
						"0.2083": [13.83529, -10.19012, 22.37149],
						"0.25": [13.84, -10.19, 22.37],
						"0.4583": [17.92057, -40.07884, 13.10412],
						"0.5417": [17.92, -40.08, 13.1],
						"0.7917": [13.83529, -10.19012, 22.37149],
						"0.875": [13.84, -10.19, 22.37],
						"1.4167": [13.84, -10.19, 22.37],
						"1.5": [13.84, -10.19, 22.37],
						"1.6667": [0, 0, 0]
					},
					"position": {
						"0.0": [0, 0, 0],
						"0.2083": [5.6, 2.4, -1.3],
						"0.25": [5.6, 2.4, -1.3],
						"0.375": [9.6, 2.4, -1.3],
						"0.4583": [9.6, 2.4, -1.3],
						"0.5417": [9.6, 2.4, -1.3],
						"0.7917": [5.6, -5.6, 12.7],
						"0.875": [5.6, -5.6, 12.7],
						"1.2083": [9.6, 2.4, -1.3],
						"1.2917": [9.6, 2.4, -1.3],
						"1.4167": [5.6, 2.4, -1.3],
						"1.5": [5.6, 2.4, -1.3],
						"1.6667": [0, 0, 0]
					}
				},
				"action": {
					"position": {
						"0.0": [0, 0, -6],
						"1.875": [0, 0, -6],
						"1.9167": [0, 0, -6],
						"2.0": [0, 0, 0]
					}
				},
				"righthand": {
					"rotation": {
						"1.625": [0, 0, 0],
						"1.875": [0, 0, 0],
						"1.9167": [0, 0, 0],
						"2.0417": [0, 0, 0],
						"2.125": [0, 0, 0],
						"2.2083": {
							"pre": [0, 17, 0],
							"post": [0, 17, 0],
							"lerp_mode": "catmullrom"
						},
						"2.3333": {
							"post": [0, 17, 0],
							"lerp_mode": "catmullrom"
						},
						"2.5": [0, 0, 0]
					},
					"position": {
						"1.625": [0, 0, 0],
						"1.75": [-3.34, 0.56, -5.94],
						"1.875": [-2.9, 1.6, -9.9],
						"1.9167": [-2.9, 1.6, -9.9],
						"2.0417": [-2.9, 1.6, -3.9],
						"2.125": [-2.9, 1.6, -3.9],
						"2.2083": {
							"pre": [-2.1, 1.6, 1.1],
							"post": [-2.1, 1.6, 1.1],
							"lerp_mode": "catmullrom"
						},
						"2.3333": {
							"post": [-2.1, 1.6, 1.1],
							"lerp_mode": "catmullrom"
						},
						"2.5": [0, 0, 0]
					}
				},
				"9mm": {
					"scale": {
						"0.75": [0, 0, 0],
						"0.875": [1, 1, 1]
					}
				}
			}
		},
		"shoot": {
			"animation_length": 0.4167,
			"bones": {
				"root": {
					"rotation": {
						"0.0": [0, 0, 0],
						"0.0417": [1.23, 0, 0.73],
						"0.0833": [-1.99, 0, -1.23],
						"0.125": [-0.91, 0, -0.35],
						"0.1667": [0.18, 0, 0.53],
						"0.2083": [0.27, 0, 0.27],
						"0.25": [0.45, 0, -0.25],
						"0.2917": [0.38, -0.07, -0.08],
						"0.3333": [0.3, -0.13, 0.08],
						"0.375": [0.23, -0.2, 0.25],
						"0.4167": [0, 0, 0]
					},
					"position": {
						"0.0": [0, 0, 0],
						"0.0417": [0, -0.02, 1.73],
						"0.0833": [0, -0.05, 0.67],
						"0.125": [0, -0.05, -0.04],
						"0.1667": [0, -0.04, -0.01],
						"0.2083": [0, -0.04, 0.03],
						"0.25": [0, -0.02, 0.1],
						"0.2917": [0, -0.02, 0.07],
						"0.3333": [0, -0.01, 0.03],
						"0.375": [0, 0, 0]
					}
				},
				"action": {
					"position": {
						"0.0": [0, 0, 0],
						"0.0417": [0, 0, -6],
						"0.0833": [0, 0, 0]
					}
				}
			}
		},
		"inspect": {
			"animation_length": 9.625,
			"bones": {
				"root": {
					"rotation": {
						"0.0": [0, 0, 0],
						"0.2917": {
							"pre": [3, 0, 0],
							"post": [3, 0, 0],
							"lerp_mode": "catmullrom"
						},
						"0.6667": {
							"post": [-39.36891, -63.31954, -41.08053],
							"lerp_mode": "catmullrom"
						},
						"0.9583": {
							"post": [-42.05448, -64.83647, -38.09562],
							"lerp_mode": "catmullrom"
						},
						"1.25": {
							"post": [-39.36891, -63.31954, -41.08053],
							"lerp_mode": "catmullrom"
						},
						"1.75": {
							"post": [-39.19, -63.22, -41.28],
							"lerp_mode": "catmullrom"
						},
						"2.4167": {
							"post": [-39.26, -63.26, -41.2],
							"lerp_mode": "catmullrom"
						},
						"3.1667": {
							"post": [-39.37, -63.32, -41.08],
							"lerp_mode": "catmullrom"
						},
						"3.4167": {
							"post": [-39.37, -63.32, -41.08],
							"lerp_mode": "catmullrom"
						},
						"5.0417": {
							"post": [-39.37, -63.32, -41.08],
							"lerp_mode": "catmullrom"
						},
						"5.5833": {
							"post": [-41.28, -66.28, -43.77],
							"lerp_mode": "catmullrom"
						},
						"6.3333": {
							"post": [-39.37, -63.32, -41.08],
							"lerp_mode": "catmullrom"
						},
						"6.875": {
							"post": [-2.03, -5.35, 11.62],
							"lerp_mode": "catmullrom"
						},
						"7.2083": {
							"post": [-2.03, -5.35, 11.62],
							"lerp_mode": "catmullrom"
						},
						"8.0": {
							"post": [-2.03, -5.35, 11.62],
							"lerp_mode": "catmullrom"
						},
						"8.375": {
							"post": [-2.03, -5.35, 11.62],
							"lerp_mode": "catmullrom"
						},
						"8.6667": {
							"post": [-2.75811, -7.42012, 19.12292],
							"lerp_mode": "catmullrom"
						},
						"8.8333": [-1.55566, -5.15522, 6.98271],
						"9.0": [-2, -5, 12],
						"9.25": {
							"pre": [1, 0, 0],
							"post": [1, 0, 0],
							"lerp_mode": "catmullrom"
						},
						"9.4167": {
							"post": [0, 0, 0],
							"lerp_mode": "catmullrom"
						},
						"9.5417": [0, 0, 0]
					},
					"position": {
						"0.0": [0, 0, 0],
						"0.2917": {
							"pre": [0, -1.4, 0.7],
							"post": [0, -1.4, 0.7],
							"lerp_mode": "catmullrom"
						},
						"0.6667": {
							"post": [13.7, 9, -7.3],
							"lerp_mode": "catmullrom"
						},
						"0.9583": {
							"post": [13.7, 5.5, -7.3],
							"lerp_mode": "catmullrom"
						},
						"1.25": {
							"post": [13.7, 9, -7.3],
							"lerp_mode": "catmullrom"
						},
						"1.75": {
							"post": [13.7, 9.01, -7.5],
							"lerp_mode": "catmullrom"
						},
						"2.4167": {
							"post": [13.8, 8.94, -7.62],
							"lerp_mode": "catmullrom"
						},
						"3.1667": {
							"post": [13.7, 9, -7.3],
							"lerp_mode": "catmullrom"
						},
						"3.4167": {
							"post": [13.7, 5, -7.3],
							"lerp_mode": "catmullrom"
						},
						"3.6667": {
							"post": [12.7, 14, -7.3],
							"lerp_mode": "catmullrom"
						},
						"4.0": {
							"post": [12.7, 6, -7.3],
							"lerp_mode": "catmullrom"
						},
						"4.25": {
							"post": [12.7, 8, -7.3],
							"lerp_mode": "catmullrom"
						},
						"4.7083": {
							"post": [12.7, 7.74, -7.3],
							"lerp_mode": "catmullrom"
						},
						"5.0417": {
							"post": [12.7, 8, -7.3],
							"lerp_mode": "catmullrom"
						},
						"5.5833": {
							"post": [13.44, 8.48, -7.79],
							"lerp_mode": "catmullrom"
						},
						"5.9583": {
							"post": [14.02, 8.83, -8.18],
							"lerp_mode": "catmullrom"
						},
						"6.3333": {
							"post": [12.7, 8, -7.3],
							"lerp_mode": "catmullrom"
						},
						"6.875": {
							"post": [-1.81, -0.96, 2.34],
							"lerp_mode": "catmullrom"
						},
						"7.2083": {
							"post": [-1.81, -0.96, 2.34],
							"lerp_mode": "catmullrom"
						},
						"8.0": {
							"post": [-1.81, -0.96, 2.34],
							"lerp_mode": "catmullrom"
						},
						"8.375": {
							"post": [-1.81, -0.96, 2.34],
							"lerp_mode": "catmullrom"
						},
						"8.6667": {
							"post": [-2.03, -0.7, 3.15],
							"lerp_mode": "catmullrom"
						},
						"8.8333": [-1.6, -0.9, 2.2],
						"9.0": [-1.6, -0.9, 2.2],
						"9.25": {
							"pre": [0, 0, -2.1],
							"post": [0, 0, -2.1],
							"lerp_mode": "catmullrom"
						},
						"9.4167": {
							"post": [0, 0, 0.6],
							"lerp_mode": "catmullrom"
						},
						"9.5417": [0, 0, 0]
					}
				},
				"magazine": {
					"rotation": {
						"6.875": [0, 0, 0],
						"7.0": [0, 0, 0],
						"7.125": [0, 0, 0],
						"7.1667": [0, 0, 0],
						"7.5": {
							"pre": [10.29354, 38.86967, 16.14054],
							"post": [10.29354, 38.86967, 16.14054],
							"lerp_mode": "catmullrom"
						},
						"8.0": {
							"post": [10.29, 38.87, 16.14],
							"lerp_mode": "catmullrom"
						},
						"8.375": {
							"post": [10.29, 38.87, 16.14],
							"lerp_mode": "catmullrom"
						},
						"8.6667": [0, 0, 0],
						"8.8333": [0, 0, 0],
						"9.0": [0, 0, 0]
					},
					"position": {
						"6.875": [0, 0, 0],
						"7.0": [0, 0, 0],
						"7.125": [4, 0, 0],
						"7.1667": [4, 0, 0],
						"7.5": {
							"pre": [4, 0, 0],
							"post": [4, 0, 0],
							"lerp_mode": "catmullrom"
						},
						"8.0": {
							"post": [4, 0, 0],
							"lerp_mode": "catmullrom"
						},
						"8.375": {
							"post": [4, 0, 0],
							"lerp_mode": "catmullrom"
						},
						"8.6667": [4, 0, 0],
						"8.8333": [0, 0, 0],
						"9.0": [0, 0, 0]
					}
				},
				"lefthand": {
					"rotation": {
						"0.0": [0, 0, 0],
						"0.2083": [0, 0, 0],
						"0.4167": [-3, -10, 0],
						"0.625": [-3, -10, 0],
						"6.2083": [-3, -10, 0],
						"6.5": [-3, -10, 0],
						"6.875": [13.83529, -10.19012, 22.37149],
						"7.0": [13.84, -10.19, 22.37],
						"7.125": [13.84, -10.19, 22.37],
						"7.1667": [13.84, -10.19, 22.37],
						"7.5": {
							"pre": [13.8863, 11.18413, 27.61098],
							"post": [13.8863, 11.18413, 27.61098],
							"lerp_mode": "catmullrom"
						},
						"8.0": {
							"post": [13.89, 11.18, 27.61],
							"lerp_mode": "catmullrom"
						},
						"8.375": {
							"post": [13.89, 11.18, 27.61],
							"lerp_mode": "catmullrom"
						},
						"8.6667": [13.84, -10.19, 22.37],
						"8.7917": [13.84, -10.19, 22.37],
						"8.875": [13.84, -10.19, 22.37],
						"9.0": [13.84, -10.19, 22.37],
						"9.2917": [0, 0, 0]
					},
					"position": {
						"0.0": [0, 0, 0],
						"0.2083": [0, 0, 0],
						"0.4167": [-1.4, -0.7, 0],
						"0.625": [-0.4, -8.7, 18],
						"0.7917": [3.6, -8.7, 22],
						"6.2083": [3.6, -8.7, 22],
						"6.5": [3.6, -8.7, 22],
						"6.875": [5.6, 2.4, -1.3],
						"7.0": [5.6, 2.4, -1.3],
						"7.125": [9.6, 2.4, -1.3],
						"7.1667": [9.6, 2.4, -1.3],
						"7.5": {
							"pre": [12.1, 0.1, -4.6],
							"post": [12.1, 0.1, -4.6],
							"lerp_mode": "catmullrom"
						},
						"8.0": {
							"post": [12.1, 0.1, -4.6],
							"lerp_mode": "catmullrom"
						},
						"8.375": {
							"post": [12.1, 0.1, -4.6],
							"lerp_mode": "catmullrom"
						},
						"8.6667": [9.6, 2.4, -1.3],
						"8.7917": [5.6, 2.4, -1.3],
						"8.875": [5.6, 2.4, -1.3],
						"9.0": [5.6, 2.4, -1.3],
						"9.2917": [0, 0, 0]
					}
				},
				"mika": {
					"rotation": {
						"3.4167": [0, 0, 0],
						"3.9167": [0, 0, 155],
						"6.3333": [0, 0, 155],
						"6.875": [0, 0, 0]
					},
					"position": {
						"3.4167": [0, 0, 0],
						"3.9167": [0, -2, 0],
						"6.3333": [0, -2, 0],
						"6.875": [0, 0, 0]
					}
				},
				"righthand": {
					"rotation": {
						"0.0": [0, 0, 0],
						"0.375": [0, 0, 0],
						"0.6667": [66.16693, 2.02999, 40.11165],
						"3.4583": [66.17, 2.03, 40.11],
						"3.7083": [67.45231, 2.09537, 52.17789],
						"3.9583": [66.17, 2.03, 40.11],
						"6.3333": [66.17, 2.03, 40.11],
						"6.875": [0, 0, 0]
					},
					"position": {
						"0.0": [0, 0, 0],
						"0.375": [0, 0, 0],
						"0.5417": [3.34, 8.43, 1.43],
						"0.6667": [7.6, 10.9, -1],
						"3.4583": [7.6, 10.9, -1],
						"3.7083": [7.6, 10.6, 0.8],
						"3.9583": [7.6, 10.9, -1],
						"6.3333": [7.6, 10.9, -1],
						"6.5833": [2.15, 6.95, 1.35],
						"6.875": [0, 0, 0]
					}
				},
				"camera": {
					"rotation": {
						"0.0": [0, 0, 0],
						"0.2083": {
							"pre": [6.96711, 2.11643, -0.85366],
							"post": [6.96711, 2.11643, -0.85366],
							"lerp_mode": "catmullrom"
						},
						"0.4583": {
							"post": [-2.02315, 0.19196, 1.21959],
							"lerp_mode": "catmullrom"
						},
						"0.75": {
							"post": [2.98, 0.19, 1.22],
							"lerp_mode": "catmullrom"
						},
						"1.0": {
							"post": [2.98, 0.19, 1.22],
							"lerp_mode": "catmullrom"
						},
						"1.7083": {
							"post": [-17.02, 0.19, 1.22],
							"lerp_mode": "catmullrom"
						},
						"3.1667": {
							"post": [7.98, 0.19, 1.22],
							"lerp_mode": "catmullrom"
						},
						"3.4167": {
							"post": [10.98, 0.19, 1.22],
							"lerp_mode": "catmullrom"
						},
						"3.625": {
							"post": [-2.0073, 0.29544, 4.21817],
							"lerp_mode": "catmullrom"
						},
						"3.875": {
							"post": [7.9648, 0.68182, 1.24439],
							"lerp_mode": "catmullrom"
						},
						"4.2083": {
							"post": [3.97614, 0.26523, 3.19659],
							"lerp_mode": "catmullrom"
						},
						"5.2083": {
							"post": [-7.02, 0.27, 3.2],
							"lerp_mode": "catmullrom"
						},
						"6.5417": {
							"post": [0.96453, 0.32092, 0.20039],
							"lerp_mode": "catmullrom"
						},
						"7.0": {
							"post": [3.86871, -2.80945, 1.9903],
							"lerp_mode": "catmullrom"
						},
						"7.5417": {
							"post": [7.88821, -4.79112, 1.71524],
							"lerp_mode": "catmullrom"
						},
						"8.4167": {
							"post": [7.89, -4.79, 1.72],
							"lerp_mode": "catmullrom"
						},
						"8.8333": {
							"post": [5.92585, -1.61283, 0.14153],
							"lerp_mode": "catmullrom"
						},
						"9.1667": [0, 0, 0],
						"9.375": [2, 0, 0],
						"9.5833": [0, 0, 0]
					}
				}
			}
		},
		"inspect_empty": {
			"animation_length": 9.625,
			"bones": {
				"root": {
					"rotation": {
						"0.0": [0, 0, 0],
						"0.2917": {
							"pre": [3, 0, 0],
							"post": [3, 0, 0],
							"lerp_mode": "catmullrom"
						},
						"0.6667": {
							"post": [-39.36891, -63.31954, -41.08053],
							"lerp_mode": "catmullrom"
						},
						"0.9583": {
							"post": [-42.05448, -64.83647, -38.09562],
							"lerp_mode": "catmullrom"
						},
						"1.25": {
							"post": [-39.36891, -63.31954, -41.08053],
							"lerp_mode": "catmullrom"
						},
						"1.75": {
							"post": [-39.19, -63.22, -41.28],
							"lerp_mode": "catmullrom"
						},
						"2.4167": {
							"post": [-39.26, -63.26, -41.2],
							"lerp_mode": "catmullrom"
						},
						"3.1667": {
							"post": [-39.37, -63.32, -41.08],
							"lerp_mode": "catmullrom"
						},
						"3.4167": {
							"post": [-39.37, -63.32, -41.08],
							"lerp_mode": "catmullrom"
						},
						"5.0417": {
							"post": [-39.37, -63.32, -41.08],
							"lerp_mode": "catmullrom"
						},
						"5.5833": {
							"post": [-41.28, -66.28, -43.77],
							"lerp_mode": "catmullrom"
						},
						"6.3333": {
							"post": [-39.37, -63.32, -41.08],
							"lerp_mode": "catmullrom"
						},
						"6.875": {
							"post": [-2.03, -5.35, 11.62],
							"lerp_mode": "catmullrom"
						},
						"7.2083": {
							"post": [-2.03, -5.35, 11.62],
							"lerp_mode": "catmullrom"
						},
						"8.0": {
							"post": [-2.03, -5.35, 11.62],
							"lerp_mode": "catmullrom"
						},
						"8.375": {
							"post": [-2.03, -5.35, 11.62],
							"lerp_mode": "catmullrom"
						},
						"8.6667": {
							"post": [-2.75811, -7.42012, 19.12292],
							"lerp_mode": "catmullrom"
						},
						"8.8333": [-1.55566, -5.15522, 6.98271],
						"9.0": [-2, -5, 12],
						"9.25": {
							"pre": [1, 0, 0],
							"post": [1, 0, 0],
							"lerp_mode": "catmullrom"
						},
						"9.4167": {
							"post": [0, 0, 0],
							"lerp_mode": "catmullrom"
						},
						"9.5417": [0, 0, 0]
					},
					"position": {
						"0.0": [0, 0, 0],
						"0.2917": {
							"pre": [0, -1.4, 0.7],
							"post": [0, -1.4, 0.7],
							"lerp_mode": "catmullrom"
						},
						"0.6667": {
							"post": [13.7, 9, -7.3],
							"lerp_mode": "catmullrom"
						},
						"0.9583": {
							"post": [13.7, 5.5, -7.3],
							"lerp_mode": "catmullrom"
						},
						"1.25": {
							"post": [13.7, 9, -7.3],
							"lerp_mode": "catmullrom"
						},
						"1.75": {
							"post": [13.7, 9.01, -7.5],
							"lerp_mode": "catmullrom"
						},
						"2.4167": {
							"post": [13.8, 8.94, -7.62],
							"lerp_mode": "catmullrom"
						},
						"3.1667": {
							"post": [13.7, 9, -7.3],
							"lerp_mode": "catmullrom"
						},
						"3.4167": {
							"post": [13.7, 5, -7.3],
							"lerp_mode": "catmullrom"
						},
						"3.6667": {
							"post": [12.7, 14, -7.3],
							"lerp_mode": "catmullrom"
						},
						"4.0": {
							"post": [12.7, 6, -7.3],
							"lerp_mode": "catmullrom"
						},
						"4.25": {
							"post": [12.7, 8, -7.3],
							"lerp_mode": "catmullrom"
						},
						"4.7083": {
							"post": [12.7, 7.74, -7.3],
							"lerp_mode": "catmullrom"
						},
						"5.0417": {
							"post": [12.7, 8, -7.3],
							"lerp_mode": "catmullrom"
						},
						"5.5833": {
							"post": [13.44, 8.48, -7.79],
							"lerp_mode": "catmullrom"
						},
						"5.9583": {
							"post": [14.02, 8.83, -8.18],
							"lerp_mode": "catmullrom"
						},
						"6.3333": {
							"post": [12.7, 8, -7.3],
							"lerp_mode": "catmullrom"
						},
						"6.875": {
							"post": [-1.81, -0.96, 2.34],
							"lerp_mode": "catmullrom"
						},
						"7.2083": {
							"post": [-1.81, -0.96, 2.34],
							"lerp_mode": "catmullrom"
						},
						"8.0": {
							"post": [-1.81, -0.96, 2.34],
							"lerp_mode": "catmullrom"
						},
						"8.375": {
							"post": [-1.81, -0.96, 2.34],
							"lerp_mode": "catmullrom"
						},
						"8.6667": {
							"post": [-2.03, -0.7, 3.15],
							"lerp_mode": "catmullrom"
						},
						"8.8333": [-1.6, -0.9, 2.2],
						"9.0": [-1.6, -0.9, 2.2],
						"9.25": {
							"pre": [0, 0, -2.1],
							"post": [0, 0, -2.1],
							"lerp_mode": "catmullrom"
						},
						"9.4167": {
							"post": [0, 0, 0.6],
							"lerp_mode": "catmullrom"
						},
						"9.5417": [0, 0, 0]
					}
				},
				"magazine": {
					"rotation": {
						"6.875": [0, 0, 0],
						"7.0": [0, 0, 0],
						"7.125": [0, 0, 0],
						"7.1667": [0, 0, 0],
						"7.5": {
							"pre": [10.29354, 38.86967, 16.14054],
							"post": [10.29354, 38.86967, 16.14054],
							"lerp_mode": "catmullrom"
						},
						"8.0": {
							"post": [10.29, 38.87, 16.14],
							"lerp_mode": "catmullrom"
						},
						"8.375": {
							"post": [10.29, 38.87, 16.14],
							"lerp_mode": "catmullrom"
						},
						"8.6667": [0, 0, 0],
						"8.8333": [0, 0, 0],
						"9.0": [0, 0, 0]
					},
					"position": {
						"6.875": [0, 0, 0],
						"7.0": [0, 0, 0],
						"7.125": [4, 0, 0],
						"7.1667": [4, 0, 0],
						"7.5": {
							"pre": [4, 0, 0],
							"post": [4, 0, 0],
							"lerp_mode": "catmullrom"
						},
						"8.0": {
							"post": [4, 0, 0],
							"lerp_mode": "catmullrom"
						},
						"8.375": {
							"post": [4, 0, 0],
							"lerp_mode": "catmullrom"
						},
						"8.6667": [4, 0, 0],
						"8.8333": [0, 0, 0],
						"9.0": [0, 0, 0]
					}
				},
				"lefthand": {
					"rotation": {
						"0.0": [0, 0, 0],
						"0.2083": [0, 0, 0],
						"0.4167": [-3, -10, 0],
						"0.625": [-3, -10, 0],
						"6.2083": [-3, -10, 0],
						"6.5": [-3, -10, 0],
						"6.875": [13.83529, -10.19012, 22.37149],
						"7.0": [13.84, -10.19, 22.37],
						"7.125": [13.84, -10.19, 22.37],
						"7.1667": [13.84, -10.19, 22.37],
						"7.5": {
							"pre": [13.8863, 11.18413, 27.61098],
							"post": [13.8863, 11.18413, 27.61098],
							"lerp_mode": "catmullrom"
						},
						"8.0": {
							"post": [13.89, 11.18, 27.61],
							"lerp_mode": "catmullrom"
						},
						"8.375": {
							"post": [13.89, 11.18, 27.61],
							"lerp_mode": "catmullrom"
						},
						"8.6667": [13.84, -10.19, 22.37],
						"8.7917": [13.84, -10.19, 22.37],
						"8.875": [13.84, -10.19, 22.37],
						"9.0": [13.84, -10.19, 22.37],
						"9.2917": [0, 0, 0]
					},
					"position": {
						"0.0": [0, 0, 0],
						"0.2083": [0, 0, 0],
						"0.4167": [-1.4, -0.7, 0],
						"0.625": [-0.4, -8.7, 18],
						"0.7917": [3.6, -8.7, 22],
						"6.2083": [3.6, -8.7, 22],
						"6.5": [3.6, -8.7, 22],
						"6.875": [5.6, 2.4, -1.3],
						"7.0": [5.6, 2.4, -1.3],
						"7.125": [9.6, 2.4, -1.3],
						"7.1667": [9.6, 2.4, -1.3],
						"7.5": {
							"pre": [12.1, 0.1, -4.6],
							"post": [12.1, 0.1, -4.6],
							"lerp_mode": "catmullrom"
						},
						"8.0": {
							"post": [12.1, 0.1, -4.6],
							"lerp_mode": "catmullrom"
						},
						"8.375": {
							"post": [12.1, 0.1, -4.6],
							"lerp_mode": "catmullrom"
						},
						"8.6667": [9.6, 2.4, -1.3],
						"8.7917": [5.6, 2.4, -1.3],
						"8.875": [5.6, 2.4, -1.3],
						"9.0": [5.6, 2.4, -1.3],
						"9.2917": [0, 0, 0]
					}
				},
				"mika": {
					"rotation": {
						"3.4167": [0, 0, 0],
						"3.9167": [0, 0, 155],
						"6.3333": [0, 0, 155],
						"6.875": [0, 0, 0]
					},
					"position": {
						"3.4167": [0, 0, 0],
						"3.9167": [0, -2, 0],
						"6.3333": [0, -2, 0],
						"6.875": [0, 0, 0]
					}
				},
				"righthand": {
					"rotation": {
						"0.0": [0, 0, 0],
						"0.375": [0, 0, 0],
						"0.6667": [66.16693, 2.02999, 40.11165],
						"3.4583": [66.17, 2.03, 40.11],
						"3.7083": [67.45231, 2.09537, 52.17789],
						"3.9583": [66.17, 2.03, 40.11],
						"6.3333": [66.17, 2.03, 40.11],
						"6.875": [0, 0, 0]
					},
					"position": {
						"0.0": [0, 0, 0],
						"0.375": [0, 0, 0],
						"0.5417": [3.34, 8.43, 1.43],
						"0.6667": [7.6, 10.9, -1],
						"3.4583": [7.6, 10.9, -1],
						"3.7083": [7.6, 10.6, 0.8],
						"3.9583": [7.6, 10.9, -1],
						"6.3333": [7.6, 10.9, -1],
						"6.5833": [2.15, 6.95, 1.35],
						"6.875": [0, 0, 0]
					}
				},
				"9mm": {
					"scale": 0
				},
				"camera": {
					"rotation": {
						"0.0": [0, 0, 0],
						"0.2083": {
							"pre": [6.96711, 2.11643, -0.85366],
							"post": [6.96711, 2.11643, -0.85366],
							"lerp_mode": "catmullrom"
						},
						"0.4583": {
							"post": [-2.02315, 0.19196, 1.21959],
							"lerp_mode": "catmullrom"
						},
						"0.75": {
							"post": [2.98, 0.19, 1.22],
							"lerp_mode": "catmullrom"
						},
						"1.0": {
							"post": [2.98, 0.19, 1.22],
							"lerp_mode": "catmullrom"
						},
						"1.7083": {
							"post": [-17.02, 0.19, 1.22],
							"lerp_mode": "catmullrom"
						},
						"3.1667": {
							"post": [7.98, 0.19, 1.22],
							"lerp_mode": "catmullrom"
						},
						"3.4167": {
							"post": [10.98, 0.19, 1.22],
							"lerp_mode": "catmullrom"
						},
						"3.625": {
							"post": [-2.0073, 0.29544, 4.21817],
							"lerp_mode": "catmullrom"
						},
						"3.875": {
							"post": [7.9648, 0.68182, 1.24439],
							"lerp_mode": "catmullrom"
						},
						"4.2083": {
							"post": [3.97614, 0.26523, 3.19659],
							"lerp_mode": "catmullrom"
						},
						"5.2083": {
							"post": [-7.02, 0.27, 3.2],
							"lerp_mode": "catmullrom"
						},
						"6.5417": {
							"post": [0.96453, 0.32092, 0.20039],
							"lerp_mode": "catmullrom"
						},
						"7.0": {
							"post": [3.86871, -2.80945, 1.9903],
							"lerp_mode": "catmullrom"
						},
						"7.5417": {
							"post": [7.88821, -4.79112, 1.71524],
							"lerp_mode": "catmullrom"
						},
						"8.4167": {
							"post": [7.89, -4.79, 1.72],
							"lerp_mode": "catmullrom"
						},
						"8.8333": {
							"post": [5.92585, -1.61283, 0.14153],
							"lerp_mode": "catmullrom"
						},
						"9.1667": [0, 0, 0],
						"9.375": [2, 0, 0],
						"9.5833": [0, 0, 0]
					}
				},
				"action": {
					"position": [0, 0, -6]
				}
			}
		}
	}
}