{
	"format_version": "1.8.0",
	"animations": {
		"static_idle": {
			"animation_length": 0.0417,
			"bones": {
				"root": {
					"rotation": [0, 0, 0],
					"position": [0, 0, 0]
				},
				"lefthand": {
					"rotation": [0, 0, 0],
					"position": [0, 0, 0]
				},
				"constraint": {
					"rotation": [0, 0, 0],
					"position": [0.2, 0.2, 0.2]
				},
				"righthand": {
					"rotation": [0, 0, 0],
					"position": [0, 0, 0]
				}
			}
		},
		"reload_tactical": {
			"animation_length": 1.8,
			"bones": {
				"root": {
					"rotation": {
						"0.0": [0, 0, 0],
						"0.1667": {
							"pre": [-15, -4, 14],
							"post": [-15, -4, 14],
							"lerp_mode": "catmullrom"
						},
						"0.4167": {
							"post": [-15, -4, 14],
							"lerp_mode": "catmullrom"
						},
						"0.6667": {
							"post": [-15.33, -4.09, 14.33],
							"lerp_mode": "catmullrom"
						},
						"0.7917": {
							"post": [-5.12222, -4.99432, 9.57899],
							"lerp_mode": "catmullrom"
						},
						"1.0417": {
							"post": [-3.09, -3.47, 6.17],
							"lerp_mode": "catmullrom"
						},
						"1.1667": {
							"post": [-2.85, -3.24, 5.69],
							"lerp_mode": "catmullrom"
						},
						"1.25": {
							"post": [-5.6096, -2.94819, 4.01356],
							"lerp_mode": "catmullrom"
						},
						"1.375": {
							"post": [-2.85, -3.24, 5.69],
							"lerp_mode": "catmullrom"
						},
						"1.5417": {
							"post": [-1, 0, 0],
							"lerp_mode": "catmullrom"
						},
						"1.6667": {
							"post": [0, 0, 0],
							"lerp_mode": "catmullrom"
						},
						"1.7917": [0, 0, 0]
					},
					"position": {
						"0.0": [0, 0, 0],
						"0.1667": {
							"pre": [-1.7, -1.1, 0],
							"post": [-1.7, -1.1, 0],
							"lerp_mode": "catmullrom"
						},
						"0.4167": {
							"post": [-1.7, -1.1, 0],
							"lerp_mode": "catmullrom"
						},
						"0.6667": {
							"post": [-1.74, -1.13, 0.04],
							"lerp_mode": "catmullrom"
						},
						"0.7917": {
							"post": [-1.76, -3.04, 2.06],
							"lerp_mode": "catmullrom"
						},
						"1.0417": {
							"post": [-1.2, -2.21, 0.96],
							"lerp_mode": "catmullrom"
						},
						"1.1667": {
							"post": [-1.12, -2.08, 0.78],
							"lerp_mode": "catmullrom"
						},
						"1.25": {
							"post": [-0.98, -1.02, 0.97],
							"lerp_mode": "catmullrom"
						},
						"1.375": {
							"post": [-1.12, -0.98, 1.08],
							"lerp_mode": "catmullrom"
						},
						"1.5417": {
							"post": [0, 0, -1.6],
							"lerp_mode": "catmullrom"
						},
						"1.6667": {
							"post": [0, 0, 0.4],
							"lerp_mode": "catmullrom"
						},
						"1.7917": [0, 0, 0]
					}
				},
				"magazine": {
					"rotation": {
						"0.0": [0, 0, 0],
						"0.25": [0, 0, 0],
						"0.3333": [0, 0, 0],
						"0.5417": [0, 0, 0],
						"0.6667": [0, 0, 0],
						"1.0": [0, 0, 0],
						"1.125": [0, 0, 0],
						"1.2083": [0, 0, 0],
						"1.3333": [0, 0, 0]
					},
					"position": {
						"0.0": [22, -13, 14],
						"0.25": [6.1, -5.7, 14],
						"0.3333": [6.1, -5.7, 14],
						"0.4583": [7.5, 2.5, 5.6],
						"0.5417": [5.1, 6.3, 0],
						"0.6667": [5.1, 6.3, 0],
						"0.8333": [4.1, -3.7, 0],
						"1.0": [0, -2, 0],
						"1.125": [0, -2, 0],
						"1.2083": [0, 0, 0],
						"1.3333": [0, 0, 0]
					}
				},
				"lefthand": {
					"rotation": {
						"0.0": [0, 0, 0],
						"0.25": [0, 0, 0],
						"0.3333": [0, 0, 0],
						"0.5417": [0, 0, 0],
						"0.6667": [0, 0, 0],
						"1.3333": [0, 0, 0],
						"1.5417": [0, 0, 0]
					},
					"position": {
						"0.0": [0, 0, 0],
						"0.25": [9, -6, 11],
						"0.3333": [9, -6, 11],
						"0.4583": [10.4, 2.2, 2.6],
						"0.5417": [8, 6, -3],
						"0.6667": [8, 6, -3],
						"0.8333": [7, -4, -3],
						"1.0": [3, -3, -3],
						"1.125": [3, -3, -3],
						"1.2083": [3, -1, -3],
						"1.3333": [3, -1, -3],
						"1.5417": [0, 0, 0]
					}
				},
				"additional_magazine": {
					"position": {
						"0.6667": [0, 0, 0],
						"1.0": [0, -36, 0]
					}
				}
			},
			"sound_effects": {
				"0.0": {
					"effect": "rb31_miyako_reload_tactical"
				}
			}
		},
		"reload_empty": {
			"animation_length": 2.9,
			"bones": {
				"root": {
					"rotation": {
						"0.0": [0, 0, 0],
						"0.1667": {
							"pre": [-15, -4, 14],
							"post": [-15, -4, 14],
							"lerp_mode": "catmullrom"
						},
						"0.4167": {
							"post": [-15, -4, 14],
							"lerp_mode": "catmullrom"
						},
						"0.6667": {
							"post": [-15.33, -4.09, 14.33],
							"lerp_mode": "catmullrom"
						},
						"0.7917": {
							"post": [-5.12222, -4.99432, 9.57899],
							"lerp_mode": "catmullrom"
						},
						"1.0417": {
							"post": [-3.09, -3.47, 6.17],
							"lerp_mode": "catmullrom"
						},
						"1.1667": {
							"post": [-2.85, -3.24, 5.69],
							"lerp_mode": "catmullrom"
						},
						"1.25": {
							"post": [-5.6096, -2.94819, 4.01356],
							"lerp_mode": "catmullrom"
						},
						"1.375": {
							"post": [-2.85, -3.24, 5.69],
							"lerp_mode": "catmullrom"
						},
						"1.8333": [-51.51895, 5.00571, 37.85507],
						"1.9167": [-51.52, 5.01, 37.86],
						"2.0": [-53.52, 5.01, 37.86],
						"2.2083": {
							"pre": [-48.52, 5.01, 37.86],
							"post": [-48.52, 5.01, 37.86],
							"lerp_mode": "catmullrom"
						},
						"2.5417": {
							"post": [-1, 0, 0],
							"lerp_mode": "catmullrom"
						},
						"2.7083": [0, 0, 0],
						"2.8333": [0, 0, 0]
					},
					"position": {
						"0.0": [0, 0, 0],
						"0.1667": {
							"pre": [-1.7, -1.1, 0],
							"post": [-1.7, -1.1, 0],
							"lerp_mode": "catmullrom"
						},
						"0.4167": {
							"post": [-1.7, -1.1, 0],
							"lerp_mode": "catmullrom"
						},
						"0.6667": {
							"post": [-1.74, -1.13, 0.04],
							"lerp_mode": "catmullrom"
						},
						"0.7917": {
							"post": [-1.76, -3.04, 2.06],
							"lerp_mode": "catmullrom"
						},
						"1.0417": {
							"post": [-1.2, -2.21, 0.96],
							"lerp_mode": "catmullrom"
						},
						"1.1667": {
							"post": [-1.12, -2.08, 0.78],
							"lerp_mode": "catmullrom"
						},
						"1.25": {
							"post": [-0.98, -1.02, 0.97],
							"lerp_mode": "catmullrom"
						},
						"1.375": {
							"post": [-1.12, -0.98, 1.08],
							"lerp_mode": "catmullrom"
						},
						"1.8333": [-3.6, 0.25, -13.01],
						"1.9167": [-3.6, 0.25, -13.01],
						"2.0": [-4.5, -0.55, -13.61],
						"2.2083": {
							"pre": [-4.2, 0.25, -13.71],
							"post": [-4.2, 0.25, -13.71],
							"lerp_mode": "catmullrom"
						},
						"2.5417": {
							"post": [0, 0, -1.6],
							"lerp_mode": "catmullrom"
						},
						"2.7083": [0, 0, 0.4],
						"2.8333": [0, 0, 0]
					}
				},
				"magazine": {
					"rotation": {
						"0.0": [0, 0, 0],
						"0.25": [0, 0, 0],
						"0.3333": [0, 0, 0],
						"0.5417": [0, 0, 0],
						"0.6667": [0, 0, 0],
						"1.0": [0, 0, 0],
						"1.125": [0, 0, 0],
						"1.2083": [0, 0, 0],
						"1.3333": [0, 0, 0]
					},
					"position": {
						"0.0": [22, -13, 14],
						"0.25": [6.1, -5.7, 14],
						"0.3333": [6.1, -5.7, 14],
						"0.4583": [7.5, 2.5, 5.6],
						"0.5417": [5.1, 6.3, 0],
						"0.6667": [5.1, 6.3, 0],
						"0.8333": [4.1, -3.7, 0],
						"1.0": [0, -2, 0],
						"1.125": [0, -2, 0],
						"1.2083": [0, 0, 0],
						"1.3333": [0, 0, 0]
					}
				},
				"lefthand": {
					"rotation": {
						"0.0": [0, 0, 0],
						"0.25": [0, 0, 0],
						"0.3333": [0, 0, 0],
						"0.5417": [0, 0, 0],
						"0.6667": [0, 0, 0],
						"1.3333": [0, 0, 0],
						"1.5417": [0, 0, 0]
					},
					"position": {
						"0.0": [0, 0, 0],
						"0.25": [9, -6, 11],
						"0.3333": [9, -6, 11],
						"0.4583": [10.4, 2.2, 2.6],
						"0.5417": [8, 6, -3],
						"0.6667": [8, 6, -3],
						"0.8333": [7, -4, -3],
						"1.0": [3, -3, -3],
						"1.125": [3, -3, -3],
						"1.2083": [3, -1, -3],
						"1.3333": [3, -1, -3],
						"1.5417": [0, 0, 0]
					}
				},
				"action": {
					"position": {
						"1.9167": [0, 0, 0],
						"2.0": [0, 0, 3.5],
						"2.1667": [0, 0, 3.5],
						"2.2083": [0, 0, 0]
					}
				},
				"additional_magazine": {
					"position": {
						"0.6667": [0, 0, 0],
						"1.0": [0, -36, 0],
						"1.0833": [3, -13, 52]
					}
				},
				"righthand": {
					"rotation": {
						"0.0": [0, 0, 0],
						"1.5417": [0, 0, 0],
						"1.75": [0, 0, 6.25],
						"1.875": [0, 0, 10],
						"1.9167": [0, 0, 10],
						"2.0": [0, 2.5, 10],
						"2.1667": [0, 2.5, 10],
						"2.25": [0, 10, 10],
						"2.3333": [0, 10, 10],
						"2.4583": [0, 0, 6.25],
						"2.5833": [0, 0, 0]
					},
					"position": {
						"0.0": [0, 0, 0],
						"1.5417": [0, 0, 0],
						"1.75": [-4.98, 4.24, -0.78],
						"1.875": [-3.3, 5.4, -0.8],
						"1.9167": [-3.3, 5.4, -0.8],
						"2.0": [-3.3, 5.4, 2.7],
						"2.0417": [-3.3, 5.4, 2.7],
						"2.1667": [-3.3, 5.4, 2.7],
						"2.25": [-3.8, 5.4, 5.1],
						"2.3333": [-3.8, 5.4, 5.1],
						"2.4583": [-4.68, -0.36, 2.22],
						"2.5833": [0, 0, 0]
					}
				}
			},
			"sound_effects": {
				"0.0": {
					"effect": "rb31_miyako_reload_empty"
				}
			}
		},
		"shoot": {
			"animation_length": 0.625,
			"bones": {
				"root": {
					"rotation": {
						"0.0": [0, 0, 0],
						"0.0417": [1.23, 0, 0.73],
						"0.0833": [-1.99, 0, -1.23],
						"0.125": [-0.91, 0, -0.35],
						"0.1667": [0.18, 0, 0.53],
						"0.2083": [0.27, 0, 0.27],
						"0.25": [0.45, 0, -0.25],
						"0.2917": [0.38, -0.07, -0.08],
						"0.3333": [0.3, -0.13, 0.08],
						"0.375": [0.23, -0.2, 0.25],
						"0.4167": [0.14, -0.14, 0.09],
						"0.4583": [0.1, -0.11, 0.01],
						"0.5": [0.06, -0.07, -0.07],
						"0.5417": [0.04, -0.06, -0.06],
						"0.5833": [0.01, -0.02, -0.02],
						"0.625": [0, 0, 0]
					},
					"position": {
						"0.0": [0, 0, 0],
						"0.0417": [0, -0.02, 1.73],
						"0.0833": [0, -0.05, 0.67],
						"0.125": [0, -0.05, -0.04],
						"0.1667": [0, -0.04, -0.01],
						"0.2083": [0, -0.04, 0.03],
						"0.25": [0, -0.02, 0.1],
						"0.2917": [0, -0.02, 0.07],
						"0.3333": [0, -0.01, 0.03],
						"0.375": [0, 0, 0]
					}
				}
			},
			"sound_effects": {
				"0.0": {
					"effect": "cz75_shoot"
				}
			}
		},
		"inspect": {
			"animation_length": 9.4583,
			"bones": {
				"root": {
					"rotation": {
						"0.0": [0, 0, 0],
						"0.4583": {
							"pre": [-20.24217, -42.03963, -23.8243],
							"post": [-20.24217, -42.03963, -23.8243],
							"lerp_mode": "catmullrom"
						},
						"0.875": {
							"post": [-20.24, -42.04, -23.82],
							"lerp_mode": "catmullrom"
						},
						"1.2917": {
							"post": [-19.44643, -42.05987, -25.29336],
							"lerp_mode": "catmullrom"
						},
						"1.7083": {
							"post": [-20.24, -42.04, -23.82],
							"lerp_mode": "catmullrom"
						},
						"2.1667": {
							"post": [-22.25876, -62.38339, -9.9392],
							"lerp_mode": "catmullrom"
						},
						"2.5": {
							"post": [-23.3474, -63.80487, -7.26017],
							"lerp_mode": "catmullrom"
						},
						"2.8333": {
							"post": [-23.57016, -64.1657, -6.57456],
							"lerp_mode": "catmullrom"
						},
						"3.2917": {
							"post": [-22.26076, -62.38303, -9.93748],
							"lerp_mode": "catmullrom"
						},
						"3.7083": {
							"post": [-16.93189, -9.59796, -11.83217],
							"lerp_mode": "catmullrom"
						},
						"3.9167": {
							"post": [-16.49, -7.08, -11.19],
							"lerp_mode": "catmullrom"
						},
						"4.0417": {
							"post": [-11.36, -7, -10.76],
							"lerp_mode": "catmullrom"
						},
						"4.2917": {
							"post": [-16.71886, -6.09504, -6.75564],
							"lerp_mode": "catmullrom"
						},
						"5.5833": {
							"post": [-13.99286, -8.02705, -3.36351],
							"lerp_mode": "catmullrom"
						},
						"6.25": {
							"post": [-12.97, -23.18, -24.19],
							"lerp_mode": "catmullrom"
						},
						"6.375": {
							"post": [-12.24, -24.92, -29.17],
							"lerp_mode": "catmullrom"
						},
						"6.5": {
							"post": [-14.83089, -24.37204, -29.59958],
							"lerp_mode": "catmullrom"
						},
						"6.7083": {
							"post": [-11.46, -20.63, -21.24],
							"lerp_mode": "catmullrom"
						},
						"7.0833": {
							"post": [-51.51895, 5.00571, 37.85507],
							"lerp_mode": "catmullrom"
						},
						"7.875": {
							"post": [-54.67, 6.65, 42],
							"lerp_mode": "catmullrom"
						},
						"8.6667": {
							"post": [-51.51895, 5.00571, 37.85507],
							"lerp_mode": "catmullrom"
						},
						"9.125": {
							"post": [-1, 0, 0],
							"lerp_mode": "catmullrom"
						},
						"9.2917": {
							"post": [0, 0, 0],
							"lerp_mode": "catmullrom"
						},
						"9.4167": [0, 0, 0]
					},
					"position": {
						"0.0": [0, 0, 0],
						"0.4583": {
							"pre": [5.26, -0.37, -5.13],
							"post": [5.26, -0.37, -5.13],
							"lerp_mode": "catmullrom"
						},
						"0.875": {
							"post": [5.26, -0.37, -5.13],
							"lerp_mode": "catmullrom"
						},
						"1.2917": {
							"post": [5.2, -0.48, -5.03],
							"lerp_mode": "catmullrom"
						},
						"1.7083": {
							"post": [5.26, -0.37, -4.13],
							"lerp_mode": "catmullrom"
						},
						"2.1667": {
							"post": [1.86, -2.87, -4.13],
							"lerp_mode": "catmullrom"
						},
						"2.5": {
							"post": [2.05, -2.87, -3.78],
							"lerp_mode": "catmullrom"
						},
						"2.8333": {
							"post": [1.87, -2.76, -3.67],
							"lerp_mode": "catmullrom"
						},
						"3.2917": {
							"post": [1.86, -2.87, -4.13],
							"lerp_mode": "catmullrom"
						},
						"3.7083": {
							"post": [2.8, 0.5, 0.3],
							"lerp_mode": "catmullrom"
						},
						"3.9167": {
							"post": [2.76, 0.65, 0.43],
							"lerp_mode": "catmullrom"
						},
						"4.0417": {
							"post": [2.71, -0.25, 1.69],
							"lerp_mode": "catmullrom"
						},
						"4.2917": {
							"post": [2.58, 0.39, 0.39],
							"lerp_mode": "catmullrom"
						},
						"5.5833": {
							"post": [1.84, -0.02, 0.41],
							"lerp_mode": "catmullrom"
						},
						"6.25": {
							"post": [4, -2.5, 0.1],
							"lerp_mode": "catmullrom"
						},
						"6.375": {
							"post": [4.26, -1.59, 0.22],
							"lerp_mode": "catmullrom"
						},
						"6.5": {
							"post": [4.2, -1.2, -0.1],
							"lerp_mode": "catmullrom"
						},
						"6.7083": {
							"post": [3.77, -1.45, -0.13],
							"lerp_mode": "catmullrom"
						},
						"7.0833": {
							"post": [-2.6, -1.75, -12.01],
							"lerp_mode": "catmullrom"
						},
						"7.875": {
							"post": [-3.03, -1.49, -12.88],
							"lerp_mode": "catmullrom"
						},
						"8.6667": {
							"post": [-2.6, -0.75, -12.01],
							"lerp_mode": "catmullrom"
						},
						"9.125": {
							"post": [0, 0, -1.6],
							"lerp_mode": "catmullrom"
						},
						"9.2917": {
							"post": [0, 0, 0.4],
							"lerp_mode": "catmullrom"
						},
						"9.4167": [0, 0, 0]
					}
				},
				"mag_and_lefthand": {
					"rotation": {
						"4.2917": [0, 0, 0],
						"4.5417": {
							"pre": [-15.48139, 4.09097, 14.44369],
							"post": [-15.48139, 4.09097, 14.44369],
							"lerp_mode": "catmullrom"
						},
						"5.0417": {
							"post": [-15.48139, 4.09097, 14.44369],
							"lerp_mode": "catmullrom"
						},
						"5.2917": {
							"post": [-15.96121, -1.0998, -3.84952],
							"lerp_mode": "catmullrom"
						},
						"5.7083": {
							"post": [-15.96, -1.1, -3.85],
							"lerp_mode": "catmullrom"
						},
						"5.9583": [0, 0, 0]
					},
					"position": {
						"4.2917": [0, 0, 0],
						"4.5417": {
							"pre": [1.2, 0.6, 0],
							"post": [1.2, 0.6, 0],
							"lerp_mode": "catmullrom"
						},
						"5.0417": {
							"post": [1.2, 0.6, 0],
							"lerp_mode": "catmullrom"
						},
						"5.2917": {
							"post": [2.2, -0.4, 0],
							"lerp_mode": "catmullrom"
						},
						"5.7083": {
							"post": [2.6, -0.4, 0],
							"lerp_mode": "catmullrom"
						},
						"5.9583": [0, 0, 0],
						"6.0833": [0, 0, 0]
					}
				},
				"magazine": {
					"rotation": {
						"3.8333": [0, 0, 0],
						"3.875": [0, 0, 0],
						"4.0833": [0, 0, 0],
						"4.375": [0, 0, 0],
						"5.7083": [0, 0, 0]
					},
					"position": {
						"3.8333": [0, 0, 0],
						"3.875": [0, 0, 0],
						"4.0417": [0, -4, 0],
						"4.0833": [0, -4, 0],
						"4.375": [4.5, -3, 1],
						"5.7083": [4.5, -3, 1],
						"6.1667": [0, -6, -2],
						"6.2917": [0, -4, 0],
						"6.4583": [0, 0, 0],
						"6.5417": [0, 0, 0]
					}
				},
				"lefthand": {
					"rotation": {
						"0.0": [0, 0, 0],
						"0.4583": {
							"pre": [0, 0, 0],
							"post": [0, 0, 0],
							"lerp_mode": "catmullrom"
						},
						"1.75": {
							"post": [0, 0, 0],
							"lerp_mode": "catmullrom"
						},
						"2.1667": [-13.15925, 24.64623, 13.95534],
						"3.3333": [-13.15925, 24.64623, 13.95534],
						"3.625": [0, 0, -28],
						"3.8333": [0, 0, -28],
						"3.875": [0, 0, -28],
						"4.0833": [0, 0, -28],
						"4.375": [0, 0, -28],
						"5.7083": [0, 0, -28],
						"6.4583": [0, 0, -28],
						"6.5833": [0, 0, -28],
						"6.7083": [0, 0, -28],
						"7.0417": [-15.10971, -13.80477, -30.73375],
						"8.9167": [-15.11, -13.8, -30.73],
						"9.2083": [0, 0, 0]
					},
					"position": {
						"0.0": [0, 0, 0],
						"0.4583": {
							"pre": [5, -9, 9],
							"post": [5, -9, 9],
							"lerp_mode": "catmullrom"
						},
						"1.75": {
							"post": [5, -9, 9],
							"lerp_mode": "catmullrom"
						},
						"2.1667": [0.1, -4.5, -4.6],
						"3.3333": [0.1, -4.5, -4.6],
						"3.625": [1.66, 2.29, 2.35],
						"3.8333": [0.3, 1.8, -2.6],
						"3.875": [0.3, 1.8, -2.6],
						"4.0417": [0.3, -2.2, -2.6],
						"4.0833": [0.3, -2.2, -2.6],
						"4.375": [5.06, -1.08, -1.51],
						"5.7083": [5.06, -1.08, -1.51],
						"6.1667": [0.3, -4.2, -3.6],
						"6.2917": [0.3, -2.2, -2.6],
						"6.4583": [0.3, 1.8, -2.6],
						"6.5833": [0.3, 1.8, -2.6],
						"6.7083": [0.3, 1.8, -2.6],
						"7.0417": [-1.3, 1.7, 5.9],
						"8.9167": [-1.3, 1.7, 5.9],
						"9.2083": [0, 0, 0]
					}
				},
				"additional_magazine": {
					"scale": 0
				},
				"righthand": {
					"rotation": {
						"1.9167": [0, 0, 0],
						"2.125": [1.08927, 49.76583, 0.98859],
						"2.375": [3.9751, 67.47756, 1.68893],
						"3.3333": [3.9751, 67.47756, 1.68893],
						"3.5417": [2.5, 42.38, 1.06],
						"3.7917": [0.72, 12.27, 0.31],
						"6.1667": [0.72, 12.27, 0.31],
						"6.7083": [0, 0, 0]
					},
					"position": {
						"1.9167": [0, 0, 0],
						"2.125": [9.27, -0.04, 5.62],
						"2.375": [12.5, -0.2, 4.9],
						"3.3333": [12.5, -0.2, 4.9],
						"3.5417": [7.49, -0.43, 5.11],
						"3.7917": [1.47, -0.04, 1.62],
						"6.1667": [1.47, -0.04, 1.62],
						"6.7083": [0, 0, 0]
					}
				},
				"camera": {
					"rotation": {
						"0.1667": [0, 0, 0],
						"0.6667": {
							"pre": [3, 3, 0],
							"post": [3, 3, 0],
							"lerp_mode": "catmullrom"
						},
						"1.625": {
							"post": [3, 3, 0],
							"lerp_mode": "catmullrom"
						},
						"2.2083": {
							"post": [6.0032, 3.99863, 0.05246],
							"lerp_mode": "catmullrom"
						},
						"3.0417": {
							"post": [6, 4, 0.05],
							"lerp_mode": "catmullrom"
						},
						"3.4167": {
							"post": [5.98903, 2.01093, -0.15914],
							"lerp_mode": "catmullrom"
						},
						"3.7917": {
							"post": [5.99, 2.01, -0.16],
							"lerp_mode": "catmullrom"
						},
						"4.3333": {
							"post": [2.98995, -1.98456, -0.3686],
							"lerp_mode": "catmullrom"
						},
						"5.0": {
							"post": [2.99, -1.98, -0.37],
							"lerp_mode": "catmullrom"
						},
						"5.875": {
							"post": [2.99, -1.98, -0.37],
							"lerp_mode": "catmullrom"
						},
						"6.6667": {
							"post": [2.98821, 0.01728, -0.2657],
							"lerp_mode": "catmullrom"
						},
						"7.375": {
							"post": [6.99404, -2.97591, -0.42662],
							"lerp_mode": "catmullrom"
						},
						"7.9583": {
							"post": [6.99, -2.98, -0.43],
							"lerp_mode": "catmullrom"
						},
						"8.9583": [0, 0, 0]
					}
				}
			},
			"sound_effects": {
				"0.0": {
					"effect": "rb31_miyako_inspect"
				}
			}
		},
		"inspect_empty": {
			"animation_length": 9.4583,
			"bones": {
				"root": {
					"rotation": {
						"0.0": [0, 0, 0],
						"0.4583": {
							"pre": [-20.24217, -42.03963, -23.8243],
							"post": [-20.24217, -42.03963, -23.8243],
							"lerp_mode": "catmullrom"
						},
						"0.875": {
							"post": [-20.24, -42.04, -23.82],
							"lerp_mode": "catmullrom"
						},
						"1.2917": {
							"post": [-19.44643, -42.05987, -25.29336],
							"lerp_mode": "catmullrom"
						},
						"1.7083": {
							"post": [-20.24, -42.04, -23.82],
							"lerp_mode": "catmullrom"
						},
						"2.1667": {
							"post": [-22.25876, -62.38339, -9.9392],
							"lerp_mode": "catmullrom"
						},
						"2.5": {
							"post": [-23.3474, -63.80487, -7.26017],
							"lerp_mode": "catmullrom"
						},
						"2.8333": {
							"post": [-23.57016, -64.1657, -6.57456],
							"lerp_mode": "catmullrom"
						},
						"3.2917": {
							"post": [-22.26076, -62.38303, -9.93748],
							"lerp_mode": "catmullrom"
						},
						"3.7083": {
							"post": [-16.93189, -9.59796, -11.83217],
							"lerp_mode": "catmullrom"
						},
						"3.9167": {
							"post": [-16.49, -7.08, -11.19],
							"lerp_mode": "catmullrom"
						},
						"4.0417": {
							"post": [-11.36, -7, -10.76],
							"lerp_mode": "catmullrom"
						},
						"4.2917": {
							"post": [-16.71886, -6.09504, -6.75564],
							"lerp_mode": "catmullrom"
						},
						"5.5833": {
							"post": [-13.99286, -8.02705, -3.36351],
							"lerp_mode": "catmullrom"
						},
						"6.25": {
							"post": [-12.97, -23.18, -24.19],
							"lerp_mode": "catmullrom"
						},
						"6.375": {
							"post": [-12.24, -24.92, -29.17],
							"lerp_mode": "catmullrom"
						},
						"6.5": {
							"post": [-14.83089, -24.37204, -29.59958],
							"lerp_mode": "catmullrom"
						},
						"6.7083": {
							"post": [-11.46, -20.63, -21.24],
							"lerp_mode": "catmullrom"
						},
						"7.0833": {
							"post": [-51.51895, 5.00571, 37.85507],
							"lerp_mode": "catmullrom"
						},
						"7.875": {
							"post": [-54.67, 6.65, 42],
							"lerp_mode": "catmullrom"
						},
						"8.6667": {
							"post": [-51.51895, 5.00571, 37.85507],
							"lerp_mode": "catmullrom"
						},
						"9.125": {
							"post": [-1, 0, 0],
							"lerp_mode": "catmullrom"
						},
						"9.2917": {
							"post": [0, 0, 0],
							"lerp_mode": "catmullrom"
						},
						"9.4167": [0, 0, 0]
					},
					"position": {
						"0.0": [0, 0, 0],
						"0.4583": {
							"pre": [5.26, -0.37, -5.13],
							"post": [5.26, -0.37, -5.13],
							"lerp_mode": "catmullrom"
						},
						"0.875": {
							"post": [5.26, -0.37, -5.13],
							"lerp_mode": "catmullrom"
						},
						"1.2917": {
							"post": [5.2, -0.48, -5.03],
							"lerp_mode": "catmullrom"
						},
						"1.7083": {
							"post": [5.26, -0.37, -4.13],
							"lerp_mode": "catmullrom"
						},
						"2.1667": {
							"post": [1.86, -2.87, -4.13],
							"lerp_mode": "catmullrom"
						},
						"2.5": {
							"post": [2.05, -2.87, -3.78],
							"lerp_mode": "catmullrom"
						},
						"2.8333": {
							"post": [1.87, -2.76, -3.67],
							"lerp_mode": "catmullrom"
						},
						"3.2917": {
							"post": [1.86, -2.87, -4.13],
							"lerp_mode": "catmullrom"
						},
						"3.7083": {
							"post": [2.8, 0.5, 0.3],
							"lerp_mode": "catmullrom"
						},
						"3.9167": {
							"post": [2.76, 0.65, 0.43],
							"lerp_mode": "catmullrom"
						},
						"4.0417": {
							"post": [2.71, -0.25, 1.69],
							"lerp_mode": "catmullrom"
						},
						"4.2917": {
							"post": [2.58, 0.39, 0.39],
							"lerp_mode": "catmullrom"
						},
						"5.5833": {
							"post": [1.84, -0.02, 0.41],
							"lerp_mode": "catmullrom"
						},
						"6.25": {
							"post": [4, -2.5, 0.1],
							"lerp_mode": "catmullrom"
						},
						"6.375": {
							"post": [4.26, -1.59, 0.22],
							"lerp_mode": "catmullrom"
						},
						"6.5": {
							"post": [4.2, -1.2, -0.1],
							"lerp_mode": "catmullrom"
						},
						"6.7083": {
							"post": [3.77, -1.45, -0.13],
							"lerp_mode": "catmullrom"
						},
						"7.0833": {
							"post": [-2.6, -1.75, -12.01],
							"lerp_mode": "catmullrom"
						},
						"7.875": {
							"post": [-3.03, -1.49, -12.88],
							"lerp_mode": "catmullrom"
						},
						"8.6667": {
							"post": [-2.6, -0.75, -12.01],
							"lerp_mode": "catmullrom"
						},
						"9.125": {
							"post": [0, 0, -1.6],
							"lerp_mode": "catmullrom"
						},
						"9.2917": {
							"post": [0, 0, 0.4],
							"lerp_mode": "catmullrom"
						},
						"9.4167": [0, 0, 0]
					}
				},
				"mag_and_lefthand": {
					"rotation": {
						"4.2917": [0, 0, 0],
						"4.5417": {
							"pre": [-15.48139, 4.09097, 14.44369],
							"post": [-15.48139, 4.09097, 14.44369],
							"lerp_mode": "catmullrom"
						},
						"5.0417": {
							"post": [-15.48139, 4.09097, 14.44369],
							"lerp_mode": "catmullrom"
						},
						"5.2917": {
							"post": [-15.96121, -1.0998, -3.84952],
							"lerp_mode": "catmullrom"
						},
						"5.7083": {
							"post": [-15.96, -1.1, -3.85],
							"lerp_mode": "catmullrom"
						},
						"5.9583": [0, 0, 0]
					},
					"position": {
						"4.2917": [0, 0, 0],
						"4.5417": {
							"pre": [1.2, 0.6, 0],
							"post": [1.2, 0.6, 0],
							"lerp_mode": "catmullrom"
						},
						"5.0417": {
							"post": [1.2, 0.6, 0],
							"lerp_mode": "catmullrom"
						},
						"5.2917": {
							"post": [2.2, -0.4, 0],
							"lerp_mode": "catmullrom"
						},
						"5.7083": {
							"post": [2.6, -0.4, 0],
							"lerp_mode": "catmullrom"
						},
						"5.9583": [0, 0, 0],
						"6.0833": [0, 0, 0]
					}
				},
				"magazine": {
					"rotation": {
						"3.8333": [0, 0, 0],
						"3.875": [0, 0, 0],
						"4.0833": [0, 0, 0],
						"4.375": [0, 0, 0],
						"5.7083": [0, 0, 0]
					},
					"position": {
						"3.8333": [0, 0, 0],
						"3.875": [0, 0, 0],
						"4.0417": [0, -4, 0],
						"4.0833": [0, -4, 0],
						"4.375": [4.5, -3, 1],
						"5.7083": [4.5, -3, 1],
						"6.1667": [0, -6, -2],
						"6.2917": [0, -4, 0],
						"6.4583": [0, 0, 0],
						"6.5417": [0, 0, 0]
					}
				},
				"lefthand": {
					"rotation": {
						"0.0": [0, 0, 0],
						"0.4583": {
							"pre": [0, 0, 0],
							"post": [0, 0, 0],
							"lerp_mode": "catmullrom"
						},
						"1.75": {
							"post": [0, 0, 0],
							"lerp_mode": "catmullrom"
						},
						"2.1667": [-13.15925, 24.64623, 13.95534],
						"3.3333": [-13.15925, 24.64623, 13.95534],
						"3.625": [0, 0, -28],
						"3.8333": [0, 0, -28],
						"3.875": [0, 0, -28],
						"4.0833": [0, 0, -28],
						"4.375": [0, 0, -28],
						"5.7083": [0, 0, -28],
						"6.4583": [0, 0, -28],
						"6.5833": [0, 0, -28],
						"6.7083": [0, 0, -28],
						"7.0417": [-15.10971, -13.80477, -30.73375],
						"8.9167": [-15.11, -13.8, -30.73],
						"9.2083": [0, 0, 0]
					},
					"position": {
						"0.0": [0, 0, 0],
						"0.4583": {
							"pre": [5, -9, 9],
							"post": [5, -9, 9],
							"lerp_mode": "catmullrom"
						},
						"1.75": {
							"post": [5, -9, 9],
							"lerp_mode": "catmullrom"
						},
						"2.1667": [0.1, -4.5, -4.6],
						"3.3333": [0.1, -4.5, -4.6],
						"3.625": [1.66, 2.29, 2.35],
						"3.8333": [0.3, 1.8, -2.6],
						"3.875": [0.3, 1.8, -2.6],
						"4.0417": [0.3, -2.2, -2.6],
						"4.0833": [0.3, -2.2, -2.6],
						"4.375": [5.06, -1.08, -1.51],
						"5.7083": [5.06, -1.08, -1.51],
						"6.1667": [0.3, -4.2, -3.6],
						"6.2917": [0.3, -2.2, -2.6],
						"6.4583": [0.3, 1.8, -2.6],
						"6.5833": [0.3, 1.8, -2.6],
						"6.7083": [0.3, 1.8, -2.6],
						"7.0417": [-1.3, 1.7, 5.9],
						"8.9167": [-1.3, 1.7, 5.9],
						"9.2083": [0, 0, 0]
					}
				},
				"additional_magazine": {
					"scale": 0
				},
				"righthand": {
					"rotation": {
						"1.9167": [0, 0, 0],
						"2.125": [1.08927, 49.76583, 0.98859],
						"2.375": [3.9751, 67.47756, 1.68893],
						"3.3333": [3.9751, 67.47756, 1.68893],
						"3.5417": [2.5, 42.38, 1.06],
						"3.7917": [0.72, 12.27, 0.31],
						"6.1667": [0.72, 12.27, 0.31],
						"6.7083": [0, 0, 0]
					},
					"position": {
						"1.9167": [0, 0, 0],
						"2.125": [9.27, -0.04, 5.62],
						"2.375": [12.5, -0.2, 4.9],
						"3.3333": [12.5, -0.2, 4.9],
						"3.5417": [7.49, -0.43, 5.11],
						"3.7917": [1.47, -0.04, 1.62],
						"6.1667": [1.47, -0.04, 1.62],
						"6.7083": [0, 0, 0]
					}
				},
				"camera": {
					"rotation": {
						"0.1667": [0, 0, 0],
						"0.6667": {
							"pre": [3, 3, 0],
							"post": [3, 3, 0],
							"lerp_mode": "catmullrom"
						},
						"1.625": {
							"post": [3, 3, 0],
							"lerp_mode": "catmullrom"
						},
						"2.2083": {
							"post": [6.0032, 3.99863, 0.05246],
							"lerp_mode": "catmullrom"
						},
						"3.0417": {
							"post": [6, 4, 0.05],
							"lerp_mode": "catmullrom"
						},
						"3.4167": {
							"post": [5.98903, 2.01093, -0.15914],
							"lerp_mode": "catmullrom"
						},
						"3.7917": {
							"post": [5.99, 2.01, -0.16],
							"lerp_mode": "catmullrom"
						},
						"4.3333": {
							"post": [2.98995, -1.98456, -0.3686],
							"lerp_mode": "catmullrom"
						},
						"5.0": {
							"post": [2.99, -1.98, -0.37],
							"lerp_mode": "catmullrom"
						},
						"5.875": {
							"post": [2.99, -1.98, -0.37],
							"lerp_mode": "catmullrom"
						},
						"6.6667": {
							"post": [2.98821, 0.01728, -0.2657],
							"lerp_mode": "catmullrom"
						},
						"7.375": {
							"post": [6.99404, -2.97591, -0.42662],
							"lerp_mode": "catmullrom"
						},
						"7.9583": {
							"post": [6.99, -2.98, -0.43],
							"lerp_mode": "catmullrom"
						},
						"8.9583": [0, 0, 0]
					}
				},
				"bullet3": {
					"scale": 0
				},
				"bullet2": {
					"scale": 0
				}
			},
			"sound_effects": {
				"0.0": {
					"effect": "wf465_inspect1"
				}
			}
		}
	}
}