{
	"format_version": "1.12.0",
	"minecraft:geometry": [
		{
			"description": {
				"identifier": "geometry.unknown",
				"texture_width": 64,
				"texture_height": 64,
				"visible_bounds_width": 3,
				"visible_bounds_height": 3.5,
				"visible_bounds_offset": [0, 1.25, 0]
			},
			"bones": [
				{
					"name": "root",
					"pivot": [0, 0, 0],
					"rotation": [0, 50, 0],
					"cubes": [
						{
							"origin": [-0.91308, 0.15127, -7.01156],
							"size": [0.85626, 0.24376, 0.85626],
							"pivot": [-0.49049, 3.41161, -6.57532],
							"rotation": [-0.53173, -26.39632, -0.61513],
							"uv": {
								"north": {"uv": [26, 33], "uv_size": [0.875, 0.25]},
								"east": {"uv": [33, 26], "uv_size": [0.875, 0.25]},
								"south": {"uv": [27, 33], "uv_size": [0.875, 0.25]},
								"west": {"uv": [33, 27], "uv_size": [0.875, 0.25]}
							}
						},
						{
							"origin": [-1.03494, 0.02941, -7.13344],
							"size": [1.1, 0.1828, 1.1],
							"pivot": [-0.49049, 3.41161, -6.57532],
							"rotation": [-0.53173, -26.39632, -0.61513],
							"uv": {
								"north": {"uv": [33, 28], "uv_size": [1.125, 0.125]},
								"east": {"uv": [29, 33], "uv_size": [1.125, 0.125]},
								"south": {"uv": [33, 29], "uv_size": [1.125, 0.125]},
								"west": {"uv": [31, 33], "uv_size": [1.125, 0.125]},
								"up": {"uv": [28, 31], "uv_size": [1.125, 1.125]},
								"down": {"uv": [31, 29.125], "uv_size": [1.125, -1.125]}
							}
						},
						{
							"origin": [-0.88282, 3.92841, -6.98132],
							"size": [0.79576, 1.09886, 0.79576],
							"inflate": 0.001,
							"pivot": [-0.49049, 3.41161, -6.57532],
							"rotation": [-0.53173, -26.39632, -0.61513],
							"uv": {
								"north": {"uv": [21, 32], "uv_size": [0.75, 1.125]},
								"east": {"uv": [22, 32], "uv_size": [0.75, 1.125]},
								"south": {"uv": [32, 22], "uv_size": [0.75, 1.125]},
								"west": {"uv": [23, 32], "uv_size": [0.75, 1.125]},
								"up": {"uv": [32, 32], "uv_size": [0.75, 0.75]},
								"down": {"uv": [0, 33.75], "uv_size": [0.75, -0.75]}
							}
						},
						{
							"origin": [-0.88182, 3.56669, -7.24364],
							"size": [0.79376, 0.4875, 0.24374],
							"pivot": [-0.49049, 3.41161, -6.57532],
							"rotation": [-23.03173, -26.39632, -0.61513],
							"uv": {
								"north": {"uv": [33, 9], "uv_size": [0.75, 0.5]},
								"east": {"uv": [4, 34], "uv_size": [0.25, 0.5]},
								"south": {"uv": [33, 19], "uv_size": [0.75, 0.5]},
								"west": {"uv": [34, 4], "uv_size": [0.25, 0.5]}
							}
						},
						{
							"origin": [-0.82086, 5.02627, -6.91938],
							"size": [0.67186, 0.73126, 0.67186],
							"pivot": [-0.49049, 3.41161, -6.57532],
							"rotation": [-0.53173, -26.39632, -0.61513],
							"uv": {
								"north": {"uv": [33, 2], "uv_size": [0.625, 0.75]},
								"east": {"uv": [3, 33], "uv_size": [0.625, 0.75]},
								"south": {"uv": [33, 3], "uv_size": [0.625, 0.75]},
								"west": {"uv": [4, 33], "uv_size": [0.625, 0.75]},
								"up": {"uv": [6, 33], "uv_size": [0.625, 0.625]}
							}
						},
						{
							"origin": [-0.88182, 3.57291, -6.16573],
							"size": [0.79376, 0.4875, 0.24374],
							"pivot": [-0.49049, 3.41161, -6.57532],
							"rotation": [21.96827, -26.39632, -0.61513],
							"uv": {
								"north": {"uv": [33, 8], "uv_size": [0.75, 0.5]},
								"east": {"uv": [3, 34], "uv_size": [0.25, 0.5]},
								"south": {"uv": [9, 33], "uv_size": [0.75, 0.5]},
								"west": {"uv": [34, 3], "uv_size": [0.25, 0.5]}
							}
						},
						{
							"origin": [-0.75992, 5.75753, -6.85844],
							"size": [0.54998, 0.60938, 0.54998],
							"pivot": [-0.49049, 3.41161, -6.57532],
							"rotation": [-0.53173, -26.39632, -0.61513],
							"uv": {
								"north": {"uv": [33, 20], "uv_size": [0.5, 0.625]},
								"east": {"uv": [33, 21], "uv_size": [0.5, 0.625]},
								"south": {"uv": [33, 22], "uv_size": [0.5, 0.625]},
								"west": {"uv": [33, 23], "uv_size": [0.5, 0.625]},
								"up": {"uv": [25, 33], "uv_size": [0.5, 0.5]}
							}
						},
						{
							"origin": [-0.699, 6.36691, -6.79752],
							"size": [0.42814, 0.2742, 0.42814],
							"pivot": [-0.49049, 3.41161, -6.57532],
							"rotation": [-0.53173, -26.39632, -0.61513],
							"uv": {
								"north": {"uv": [34, 5], "uv_size": [0.375, 0.25]},
								"east": {"uv": [6, 34], "uv_size": [0.375, 0.25]},
								"south": {"uv": [34, 6], "uv_size": [0.375, 0.25]},
								"west": {"uv": [7, 34], "uv_size": [0.375, 0.25]},
								"up": {"uv": [28, 33], "uv_size": [0.375, 0.375]}
							}
						},
						{
							"origin": [-0.6076, 6.61067, -6.7061],
							"size": [0.24532, 0.1828, 0.24532],
							"pivot": [-0.49049, 3.41161, -6.57532],
							"rotation": [-0.53173, -26.39632, -0.61513],
							"uv": {
								"north": {"uv": [8, 34], "uv_size": [0.25, 0.125]},
								"east": {"uv": [34, 8], "uv_size": [0.25, 0.125]},
								"south": {"uv": [9, 34], "uv_size": [0.25, 0.125]},
								"west": {"uv": [34, 9], "uv_size": [0.25, 0.125]},
								"up": {"uv": [34, 7], "uv_size": [0.25, 0.25]}
							}
						},
						{
							"origin": [-1.14619, 3.57193, -6.98032],
							"size": [0.24374, 0.4875, 0.79376],
							"pivot": [-0.49049, 3.41161, -6.57532],
							"rotation": [-11.22823, -24.05134, 24.15939],
							"uv": {
								"north": {"uv": [0, 34], "uv_size": [0.25, 0.5]},
								"east": {"uv": [33, 7], "uv_size": [0.75, 0.5]},
								"south": {"uv": [34, 2], "uv_size": [0.25, 0.5]},
								"west": {"uv": [8, 33], "uv_size": [0.75, 0.5]}
							}
						},
						{
							"origin": [-0.06827, 3.56768, -6.98032],
							"size": [0.24374, 0.4875, 0.79376],
							"pivot": [-0.49049, 3.41161, -6.57532],
							"rotation": [10.27993, -24.45116, -25.47296],
							"uv": {
								"north": {"uv": [33, 32], "uv_size": [0.25, 0.5]},
								"east": {"uv": [33, 6], "uv_size": [0.75, 0.5]},
								"south": {"uv": [33, 33], "uv_size": [0.25, 0.5]},
								"west": {"uv": [7, 33], "uv_size": [0.75, 0.5]}
							}
						},
						{
							"origin": [-1.03494, 0.39503, -7.13344],
							"size": [1.1, 3.41564, 1.1],
							"pivot": [-0.49049, 3.41161, -6.57532],
							"rotation": [-0.53173, -26.39632, -0.61513],
							"uv": {
								"north": {"uv": [4, 29], "uv_size": [1.125, 3.375]},
								"east": {"uv": [6, 29], "uv_size": [1.125, 3.375]},
								"south": {"uv": [8, 29], "uv_size": [1.125, 3.375]},
								"west": {"uv": [31, 2], "uv_size": [1.125, 3.375]},
								"up": {"uv": [24, 31], "uv_size": [1.125, 1.125]},
								"down": {"uv": [26, 32.125], "uv_size": [1.125, -1.125]}
							}
						},
						{
							"origin": [1.16506, -2.29684, -8.41647],
							"size": [1.1, 3.41564, 1.1],
							"pivot": [1.71512, 0.71968, -7.85839],
							"rotation": [-92.67958, -78.0445, -178.08019],
							"uv": {
								"north": {"uv": [4, 29], "uv_size": [1.125, 3.375]},
								"east": {"uv": [6, 29], "uv_size": [1.125, 3.375]},
								"south": {"uv": [8, 29], "uv_size": [1.125, 3.375]},
								"west": {"uv": [31, 2], "uv_size": [1.125, 3.375]},
								"up": {"uv": [24, 31], "uv_size": [1.125, 1.125]},
								"down": {"uv": [26, 32.125], "uv_size": [1.125, -1.125]}
							}
						},
						{
							"origin": [2.13217, 0.87795, -8.26335],
							"size": [0.24374, 0.4875, 0.79376],
							"pivot": [1.71512, 0.71968, -7.85839],
							"rotation": [93.02588, -79.4284, -3.67636],
							"uv": {
								"north": {"uv": [33, 32], "uv_size": [0.25, 0.5]},
								"east": {"uv": [33, 6], "uv_size": [0.75, 0.5]},
								"south": {"uv": [33, 33], "uv_size": [0.25, 0.5]},
								"west": {"uv": [7, 33], "uv_size": [0.75, 0.5]}
							}
						},
						{
							"origin": [1.05422, 0.87791, -8.26335],
							"size": [0.24374, 0.4875, 0.79376],
							"pivot": [1.71512, 0.71968, -7.85839],
							"rotation": [-90.98102, -55.55327, -179.89271],
							"uv": {
								"north": {"uv": [0, 34], "uv_size": [0.25, 0.5]},
								"east": {"uv": [33, 7], "uv_size": [0.75, 0.5]},
								"south": {"uv": [34, 2], "uv_size": [0.25, 0.5]},
								"west": {"uv": [8, 33], "uv_size": [0.75, 0.5]}
							}
						},
						{
							"origin": [1.5924, 3.9188, -7.98913],
							"size": [0.24532, 0.1828, 0.24532],
							"pivot": [1.71512, 0.71968, -7.85839],
							"rotation": [-92.67958, -78.0445, -178.08019],
							"uv": {
								"north": {"uv": [8, 34], "uv_size": [0.25, 0.125]},
								"east": {"uv": [34, 8], "uv_size": [0.25, 0.125]},
								"south": {"uv": [9, 34], "uv_size": [0.25, 0.125]},
								"west": {"uv": [34, 9], "uv_size": [0.25, 0.125]},
								"up": {"uv": [34, 7], "uv_size": [0.25, 0.25]}
							}
						},
						{
							"origin": [1.501, 3.67504, -8.08055],
							"size": [0.42814, 0.2742, 0.42814],
							"pivot": [1.71512, 0.71968, -7.85839],
							"rotation": [-92.67958, -78.0445, -178.08019],
							"uv": {
								"north": {"uv": [34, 5], "uv_size": [0.375, 0.25]},
								"east": {"uv": [6, 34], "uv_size": [0.375, 0.25]},
								"south": {"uv": [34, 6], "uv_size": [0.375, 0.25]},
								"west": {"uv": [7, 34], "uv_size": [0.375, 0.25]},
								"up": {"uv": [28, 33], "uv_size": [0.375, 0.375]}
							}
						},
						{
							"origin": [1.44008, 3.06566, -8.14147],
							"size": [0.54998, 0.60938, 0.54998],
							"pivot": [1.71512, 0.71968, -7.85839],
							"rotation": [-92.67958, -78.0445, -178.08019],
							"uv": {
								"north": {"uv": [33, 20], "uv_size": [0.5, 0.625]},
								"east": {"uv": [33, 21], "uv_size": [0.5, 0.625]},
								"south": {"uv": [33, 22], "uv_size": [0.5, 0.625]},
								"west": {"uv": [33, 23], "uv_size": [0.5, 0.625]},
								"up": {"uv": [25, 33], "uv_size": [0.5, 0.5]}
							}
						},
						{
							"origin": [1.31818, 0.88102, -7.44875],
							"size": [0.79376, 0.4875, 0.24374],
							"pivot": [1.71512, 0.71968, -7.85839],
							"rotation": [-70.17958, -78.0445, -178.08019],
							"uv": {
								"north": {"uv": [33, 8], "uv_size": [0.75, 0.5]},
								"east": {"uv": [3, 34], "uv_size": [0.25, 0.5]},
								"south": {"uv": [9, 33], "uv_size": [0.75, 0.5]},
								"west": {"uv": [34, 3], "uv_size": [0.25, 0.5]}
							}
						},
						{
							"origin": [1.37914, 2.3344, -8.20241],
							"size": [0.67186, 0.73126, 0.67186],
							"pivot": [1.71512, 0.71968, -7.85839],
							"rotation": [-92.67958, -78.0445, -178.08019],
							"uv": {
								"north": {"uv": [33, 2], "uv_size": [0.625, 0.75]},
								"east": {"uv": [3, 33], "uv_size": [0.625, 0.75]},
								"south": {"uv": [33, 3], "uv_size": [0.625, 0.75]},
								"west": {"uv": [4, 33], "uv_size": [0.625, 0.75]},
								"up": {"uv": [6, 33], "uv_size": [0.625, 0.625]}
							}
						},
						{
							"origin": [1.31818, 0.87483, -8.5267],
							"size": [0.79376, 0.4875, 0.24374],
							"pivot": [1.71512, 0.71968, -7.85839],
							"rotation": [-115.17958, -78.0445, -178.08019],
							"uv": {
								"north": {"uv": [33, 9], "uv_size": [0.75, 0.5]},
								"east": {"uv": [4, 34], "uv_size": [0.25, 0.5]},
								"south": {"uv": [33, 19], "uv_size": [0.75, 0.5]},
								"west": {"uv": [34, 4], "uv_size": [0.25, 0.5]}
							}
						},
						{
							"origin": [1.31718, 1.23654, -8.26435],
							"size": [0.79576, 1.09886, 0.79576],
							"inflate": 0.001,
							"pivot": [1.71512, 0.71968, -7.85839],
							"rotation": [-92.67958, -78.0445, -178.08019],
							"uv": {
								"north": {"uv": [21, 32], "uv_size": [0.75, 1.125]},
								"east": {"uv": [22, 32], "uv_size": [0.75, 1.125]},
								"south": {"uv": [32, 22], "uv_size": [0.75, 1.125]},
								"west": {"uv": [23, 32], "uv_size": [0.75, 1.125]},
								"up": {"uv": [32, 32], "uv_size": [0.75, 0.75]},
								"down": {"uv": [0, 33.75], "uv_size": [0.75, -0.75]}
							}
						},
						{
							"origin": [1.16506, -2.66246, -8.41647],
							"size": [1.1, 0.1828, 1.1],
							"pivot": [1.71512, 0.71968, -7.85839],
							"rotation": [-92.67958, -78.0445, -178.08019],
							"uv": {
								"north": {"uv": [33, 28], "uv_size": [1.125, 0.125]},
								"east": {"uv": [29, 33], "uv_size": [1.125, 0.125]},
								"south": {"uv": [33, 29], "uv_size": [1.125, 0.125]},
								"west": {"uv": [31, 33], "uv_size": [1.125, 0.125]},
								"up": {"uv": [28, 31], "uv_size": [1.125, 1.125]},
								"down": {"uv": [31, 29.125], "uv_size": [1.125, -1.125]}
							}
						},
						{
							"origin": [1.28692, -2.5406, -8.29459],
							"size": [0.85626, 0.24376, 0.85626],
							"pivot": [1.71512, 0.71968, -7.85839],
							"rotation": [-92.67958, -78.0445, -178.08019],
							"uv": {
								"north": {"uv": [26, 33], "uv_size": [0.875, 0.25]},
								"east": {"uv": [33, 26], "uv_size": [0.875, 0.25]},
								"south": {"uv": [27, 33], "uv_size": [0.875, 0.25]},
								"west": {"uv": [33, 27], "uv_size": [0.875, 0.25]}
							}
						}
					]
				},
				{
					"name": "case",
					"parent": "root",
					"pivot": [-0.42717, 1.83645, 0.41177],
					"rotation": [0, 92.5, 0],
					"cubes": [
						{
							"origin": [-9.39009, 0, 1.56787],
							"size": [13.1, 3, 2.6],
							"uv": {
								"north": {"uv": [0, 0], "uv_size": [13.125, 3]},
								"east": {"uv": [28, 2], "uv_size": [2.625, 3]},
								"south": {"uv": [0, 3], "uv_size": [13.125, 3]},
								"west": {"uv": [28, 5], "uv_size": [2.625, 3]},
								"up": {"uv": [12, 16], "uv_size": [13.125, 2.625]},
								"down": {"uv": [0, 21.625], "uv_size": [13.125, -2.625]}
							}
						},
						{
							"origin": [-9.24009, 2.1, -0.83213],
							"size": [11.425, 0.901, 1.8],
							"uv": {
								"north": {"uv": [26, 16], "uv_size": [11.375, 0.875]},
								"east": {"uv": [31, 21], "uv_size": [1.75, 0.875]},
								"south": {"uv": [26, 17], "uv_size": [11.375, 0.875]},
								"west": {"uv": [22, 31], "uv_size": [1.75, 0.875]},
								"up": {"uv": [24, 14], "uv_size": [11.375, 1.75]},
								"down": {"uv": [11, 26.75], "uv_size": [11.375, -1.75]}
							}
						},
						{
							"origin": [-8.04009, 2.1, -3.33213],
							"size": [10.025, 0.901, 2],
							"pivot": [-3.02759, 2.5505, -2.33213],
							"rotation": [0, 180, 0],
							"uv": {
								"north": {"uv": [26, 18], "uv_size": [10.375, 0.875]},
								"east": {"uv": [31, 10], "uv_size": [2.25, 0.875]},
								"south": {"uv": [21, 27], "uv_size": [10.375, 0.875]},
								"west": {"uv": [19, 31], "uv_size": [2.25, 0.875]},
								"up": {"uv": [0.875, 39.75], "uv_size": [34, 6.125]},
								"down": {"uv": [0, 27.25], "uv_size": [10.375, -2.25]}
							}
						},
						{
							"origin": [-8.04009, 2.1, 1.36787],
							"size": [10.025, 0.901, 2],
							"pivot": [-3.02759, 2.5505, 2.36787],
							"rotation": [0, 180, 0],
							"uv": {
								"north": {"uv": [26, 18], "uv_size": [10.375, 0.875]},
								"east": {"uv": [31, 10], "uv_size": [2.25, 0.875]},
								"south": {"uv": [21, 27], "uv_size": [10.375, 0.875]},
								"west": {"uv": [19, 31], "uv_size": [2.25, 0.875]},
								"up": {"uv": [0, 46.75], "uv_size": [46.875, 17.25]},
								"down": {"uv": [0, 27.25], "uv_size": [10.375, -2.25]}
							}
						},
						{
							"origin": [-9.39009, 2.6, -1.53213],
							"size": [11.6, 0.4, 3.2],
							"uv": {
								"north": {"uv": [13, 30], "uv_size": [11.625, 0.375]},
								"east": {"uv": [30, 31], "uv_size": [3.25, 0.375]},
								"south": {"uv": [25, 30], "uv_size": [11.625, 0.375]},
								"west": {"uv": [0, 32], "uv_size": [3.25, 0.375]},
								"up": {"uv": [0, 12], "uv_size": [11.625, 3.25]},
								"down": {"uv": [12, 15.25], "uv_size": [11.625, -3.25]}
							}
						},
						{
							"origin": [1.70991, 0, 1.06787],
							"size": [0.8, 3, 1],
							"pivot": [2.10991, 1.5, 1.46787],
							"rotation": [0, 45, 0],
							"uv": {
								"north": {"uv": [15, 31], "uv_size": [0.75, 3]},
								"east": {"uv": [10, 28], "uv_size": [1, 3]},
								"south": {"uv": [16, 31], "uv_size": [0.75, 3]},
								"west": {"uv": [10, 31], "uv_size": [1, 3]},
								"up": {"uv": [32, 24], "uv_size": [0.75, 1]},
								"down": {"uv": [32, 28], "uv_size": [0.75, -1]}
							}
						},
						{
							"origin": [1.60991, 0, -1.73213],
							"size": [0.9, 3, 0.7],
							"pivot": [2.10991, 1.5, -1.63213],
							"rotation": [0, 45, 0],
							"uv": {
								"north": {"uv": [13, 31], "uv_size": [0.875, 3]},
								"east": {"uv": [17, 31], "uv_size": [0.75, 3]},
								"south": {"uv": [14, 31], "uv_size": [0.875, 3]},
								"west": {"uv": [18, 31], "uv_size": [0.75, 3]},
								"up": {"uv": [30, 32], "uv_size": [0.875, 0.75]},
								"down": {"uv": [31, 32.75], "uv_size": [0.875, -0.75]}
							}
						},
						{
							"origin": [-9.39009, 0, -4.03213],
							"size": [13.1, 3, 2.6],
							"uv": {
								"north": {"uv": [0, 6], "uv_size": [13.125, 3]},
								"east": {"uv": [28, 8], "uv_size": [2.625, 3]},
								"south": {"uv": [0, 9], "uv_size": [13.125, 3]},
								"west": {"uv": [28, 19], "uv_size": [2.625, 3]},
								"up": {"uv": [14, 19], "uv_size": [13.125, 2.625]},
								"down": {"uv": [0, 24.625], "uv_size": [13.125, -2.625]}
							}
						},
						{
							"origin": [-9.39009, 0, -1.53213],
							"size": [11.6, 2.7, 3.1],
							"uv": {
								"north": {"uv": [14, 8], "uv_size": [11.625, 3]},
								"east": {"uv": [13, 27], "uv_size": [3.125, 3]},
								"south": {"uv": [0, 16], "uv_size": [11.625, 3]},
								"west": {"uv": [17, 27], "uv_size": [3.125, 3]},
								"up": {"uv": [14, 0], "uv_size": [11.625, 3.125]},
								"down": {"uv": [14, 7.125], "uv_size": [11.625, -3.125]}
							}
						},
						{
							"origin": [1.90991, 0.05, -3.98213],
							"size": [1.9, 2.9, 8.1],
							"uv": {
								"north": {"uv": [0, 29], "uv_size": [1.875, 2.875]},
								"east": {"uv": [14, 22], "uv_size": [8.125, 2.875]},
								"south": {"uv": [2, 29], "uv_size": [1.875, 2.875]},
								"west": {"uv": [23, 22], "uv_size": [8.125, 2.875]},
								"up": {"uv": [26, 2], "uv_size": [1.875, 8.125]},
								"down": {"uv": [11, 35.125], "uv_size": [1.875, -8.125]}
							}
						},
						{
							"origin": [1.90491, 0.25, 1.81787],
							"size": [0.205, 1.9, 2],
							"pivot": [2.85991, 1.2, 0.06787],
							"rotation": [0, 0, -180],
							"uv": {
								"north": {"uv": [33, 4], "uv_size": [0.25, 1.875]},
								"east": {"uv": [60.25, 47.875], "uv_size": [-8.25, -6.875]},
								"south": {"uv": [5, 33], "uv_size": [0.25, 1.875]},
								"west": {"uv": [31, 8], "uv_size": [2, 1.875]},
								"up": {"uv": [1, 33], "uv_size": [0.25, 2]},
								"down": {"uv": [2, 35], "uv_size": [0.25, -2]}
							}
						},
						{
							"origin": [1.90491, -0.25, -3.78213],
							"size": [0.205, 0.8, 5.5],
							"pivot": [2.85991, 1.2, -3.03213],
							"rotation": [0, 0, -180],
							"uv": {
								"north": {"uv": [24, 33], "uv_size": [0.25, 1.25]},
								"east": {"uv": [63.25, 40.875], "uv_size": [-29.125, -5]},
								"south": {"uv": [33, 24], "uv_size": [0.25, 1.25]},
								"west": {"uv": [26, 28], "uv_size": [4.5, 1.25]},
								"up": {"uv": [19, 32], "uv_size": [0.25, 4.5]},
								"down": {"uv": [20, 36.5], "uv_size": [0.25, -4.5]}
							}
						}
					]
				},
				{
					"name": "positioning",
					"pivot": [-3.025, -8.95, -11.225]
				},
				{
					"name": "ground",
					"parent": "positioning",
					"pivot": [0, 0, 2]
				},
				{
					"name": "fixed",
					"parent": "positioning",
					"pivot": [-1.25, 11, 1.5],
					"rotation": [0.89803, -22.43537, -1.73977]
				},
				{
					"name": "thirdperson_hand",
					"parent": "positioning",
					"pivot": [-0.025, 2.05, 2.025],
					"rotation": [0, 90, 0]
				}
			]
		}
	]
}