{
	"format_version": "1.12.0",
	"minecraft:geometry": [
		{
			"description": {
				"identifier": "geometry.unknown",
				"texture_width": 32,
				"texture_height": 32,
				"visible_bounds_width": 2,
				"visible_bounds_height": 1.5,
				"visible_bounds_offset": [0, 0.25, 0]
			},
			"bones": [
				{
					"name": "gun",
					"pivot": [-0.53481, 1.00335, -0.2596],
					"cubes": [
						{
							"origin": [-1.69925, -1.09604, -1.12448],
							"size": [0.69575, 2.39562, 0.32064],
							"pivot": [-1.10093, 1.07649, -0.96416],
							"rotation": [0, 30, 180],
							"uv": {
								"north": {"uv": [0, 0], "uv_size": [1, 2]},
								"east": {"uv": [1, 0], "uv_size": [1, 2]},
								"south": {"uv": [0, 2], "uv_size": [1, 2]},
								"west": {"uv": [2, 0], "uv_size": [1, 2]},
								"up": {"uv": [9, 6], "uv_size": [1, 1]},
								"down": {"uv": [9, 8], "uv_size": [1, -1]}
							}
						},
						{
							"origin": [-1.69925, -1.09604, -1.12448],
							"size": [0.69575, 2.39562, 0.32064],
							"pivot": [-1.10093, 1.07649, -0.96416],
							"rotation": [0, -60, -180],
							"uv": {
								"north": {"uv": [1, 2], "uv_size": [1, 2]},
								"east": {"uv": [2, 2], "uv_size": [1, 2]},
								"south": {"uv": [3, 0], "uv_size": [1, 2]},
								"west": {"uv": [3, 2], "uv_size": [1, 2]},
								"up": {"uv": [9, 8], "uv_size": [1, 1]},
								"down": {"uv": [9, 10], "uv_size": [1, -1]}
							}
						},
						{
							"origin": [-1.69925, -1.09604, -1.12448],
							"size": [0.69575, 2.39562, 0.32064],
							"pivot": [-1.10093, 1.07649, -0.96416],
							"rotation": [0, -90, -180],
							"uv": {
								"north": {"uv": [0, 4], "uv_size": [1, 2]},
								"east": {"uv": [4, 0], "uv_size": [1, 2]},
								"south": {"uv": [1, 4], "uv_size": [1, 2]},
								"west": {"uv": [2, 4], "uv_size": [1, 2]},
								"up": {"uv": [0, 10], "uv_size": [1, 1]},
								"down": {"uv": [10, 1], "uv_size": [1, -1]}
							}
						},
						{
							"origin": [-1.69925, -1.09604, -1.12448],
							"size": [0.69575, 2.39562, 0.32064],
							"pivot": [-1.10093, 1.07649, -0.96416],
							"rotation": [-180, -60, 0],
							"uv": {
								"north": {"uv": [4, 2], "uv_size": [1, 2]},
								"east": {"uv": [3, 4], "uv_size": [1, 2]},
								"south": {"uv": [4, 4], "uv_size": [1, 2]},
								"west": {"uv": [5, 0], "uv_size": [1, 2]},
								"up": {"uv": [1, 10], "uv_size": [1, 1]},
								"down": {"uv": [10, 2], "uv_size": [1, -1]}
							}
						},
						{
							"origin": [-1.69925, -1.09604, -1.12448],
							"size": [0.69575, 2.39562, 0.32064],
							"pivot": [-1.10093, 1.07649, -0.96416],
							"rotation": [-180, -30, 0],
							"uv": {
								"north": {"uv": [5, 2], "uv_size": [1, 2]},
								"east": {"uv": [5, 4], "uv_size": [1, 2]},
								"south": {"uv": [0, 6], "uv_size": [1, 2]},
								"west": {"uv": [6, 0], "uv_size": [1, 2]},
								"up": {"uv": [2, 10], "uv_size": [1, 1]},
								"down": {"uv": [10, 3], "uv_size": [1, -1]}
							}
						},
						{
							"origin": [-1.69925, -1.09604, -1.12448],
							"size": [0.69575, 2.39562, 0.32064],
							"pivot": [-1.10093, 1.07649, -0.96416],
							"rotation": [-180, 0, 0],
							"uv": {
								"north": {"uv": [1, 6], "uv_size": [1, 2]},
								"east": {"uv": [2, 6], "uv_size": [1, 2]},
								"south": {"uv": [6, 2], "uv_size": [1, 2]},
								"west": {"uv": [3, 6], "uv_size": [1, 2]},
								"up": {"uv": [3, 10], "uv_size": [1, 1]},
								"down": {"uv": [10, 4], "uv_size": [1, -1]}
							}
						},
						{
							"origin": [-1.69925, -1.09604, -1.12448],
							"size": [0.69575, 2.39562, 0.32064],
							"pivot": [-1.10093, 1.07649, -0.96416],
							"rotation": [-180, 30, 0],
							"uv": {
								"north": {"uv": [4, 6], "uv_size": [1, 2]},
								"east": {"uv": [6, 4], "uv_size": [1, 2]},
								"south": {"uv": [5, 6], "uv_size": [1, 2]},
								"west": {"uv": [6, 6], "uv_size": [1, 2]},
								"up": {"uv": [4, 10], "uv_size": [1, 1]},
								"down": {"uv": [10, 5], "uv_size": [1, -1]}
							}
						},
						{
							"origin": [-1.69925, -1.09604, -1.12448],
							"size": [0.69575, 2.39562, 0.32064],
							"pivot": [-1.10093, 1.07649, -0.96416],
							"rotation": [-180, 60, 0],
							"uv": {
								"north": {"uv": [7, 0], "uv_size": [1, 2]},
								"east": {"uv": [7, 2], "uv_size": [1, 2]},
								"south": {"uv": [7, 4], "uv_size": [1, 2]},
								"west": {"uv": [7, 6], "uv_size": [1, 2]},
								"up": {"uv": [5, 10], "uv_size": [1, 1]},
								"down": {"uv": [10, 6], "uv_size": [1, -1]}
							}
						},
						{
							"origin": [-1.69925, -1.09604, -1.12448],
							"size": [0.69575, 2.39562, 0.32064],
							"pivot": [-1.10093, 1.07649, -0.96416],
							"rotation": [0, 90, 180],
							"uv": {
								"north": {"uv": [0, 8], "uv_size": [1, 2]},
								"east": {"uv": [8, 0], "uv_size": [1, 2]},
								"south": {"uv": [1, 8], "uv_size": [1, 2]},
								"west": {"uv": [2, 8], "uv_size": [1, 2]},
								"up": {"uv": [6, 10], "uv_size": [1, 1]},
								"down": {"uv": [10, 7], "uv_size": [1, -1]}
							}
						},
						{
							"origin": [-1.69925, -1.09604, -1.12448],
							"size": [0.69575, 2.39562, 0.32064],
							"pivot": [-1.10093, 1.07649, -0.96416],
							"rotation": [0, 60, 180],
							"uv": {
								"north": {"uv": [8, 2], "uv_size": [1, 2]},
								"east": {"uv": [3, 8], "uv_size": [1, 2]},
								"south": {"uv": [4, 8], "uv_size": [1, 2]},
								"west": {"uv": [8, 4], "uv_size": [1, 2]},
								"up": {"uv": [7, 10], "uv_size": [1, 1]},
								"down": {"uv": [10, 8], "uv_size": [1, -1]}
							}
						},
						{
							"origin": [-1.69925, -1.09604, -1.12448],
							"size": [0.69575, 2.39562, 0.32064],
							"pivot": [-1.10093, 1.07649, -0.96416],
							"rotation": [0, 0, 180],
							"uv": {
								"north": {"uv": [5, 8], "uv_size": [1, 2]},
								"east": {"uv": [6, 8], "uv_size": [1, 2]},
								"south": {"uv": [8, 6], "uv_size": [1, 2]},
								"west": {"uv": [7, 8], "uv_size": [1, 2]},
								"up": {"uv": [8, 10], "uv_size": [1, 1]},
								"down": {"uv": [10, 9], "uv_size": [1, -1]}
							}
						},
						{
							"origin": [-1.69925, -1.09604, -1.12448],
							"size": [0.69575, 2.39562, 0.32064],
							"pivot": [-1.10093, 1.07649, -0.96416],
							"rotation": [0, -30, -180],
							"uv": {
								"north": {"uv": [8, 8], "uv_size": [1, 2]},
								"east": {"uv": [9, 0], "uv_size": [1, 2]},
								"south": {"uv": [9, 2], "uv_size": [1, 2]},
								"west": {"uv": [9, 4], "uv_size": [1, 2]},
								"up": {"uv": [9, 10], "uv_size": [1, 1]},
								"down": {"uv": [10, 10], "uv_size": [1, -1]}
							}
						},
						{
							"origin": [-1.27103, 1.76632, -1.59575],
							"size": [0.34, 0.09715, 0.84005],
							"pivot": [-1.10093, 1.08327, -0.96416],
							"rotation": [0, 90, 180],
							"uv": {
								"north": {"uv": [10, 10], "uv_size": [1, 1]},
								"east": {"uv": [0, 11], "uv_size": [1, 1]},
								"south": {"uv": [11, 0], "uv_size": [1, 1]},
								"west": {"uv": [1, 11], "uv_size": [1, 1]},
								"up": {"uv": [11, 1], "uv_size": [1, 1]},
								"down": {"uv": [2, 12], "uv_size": [1, -1]}
							}
						},
						{
							"origin": [-1.26959, 1.76632, -1.59608],
							"size": [0.34, 0.09715, 0.84005],
							"pivot": [-1.10093, 1.08327, -0.96416],
							"rotation": [0, 60, 180],
							"uv": {
								"north": {"uv": [11, 2], "uv_size": [1, 1]},
								"east": {"uv": [3, 11], "uv_size": [1, 1]},
								"south": {"uv": [11, 3], "uv_size": [1, 1]},
								"west": {"uv": [4, 11], "uv_size": [1, 1]},
								"up": {"uv": [11, 4], "uv_size": [1, 1]},
								"down": {"uv": [5, 12], "uv_size": [1, -1]}
							}
						},
						{
							"origin": [-1.26851, 1.76632, -1.59708],
							"size": [0.34, 0.09715, 0.84005],
							"pivot": [-1.10093, 1.08327, -0.96416],
							"rotation": [0, 30, 180],
							"uv": {
								"north": {"uv": [11, 5], "uv_size": [1, 1]},
								"east": {"uv": [6, 11], "uv_size": [1, 1]},
								"south": {"uv": [11, 6], "uv_size": [1, 1]},
								"west": {"uv": [7, 11], "uv_size": [1, 1]},
								"up": {"uv": [11, 7], "uv_size": [1, 1]},
								"down": {"uv": [8, 12], "uv_size": [1, -1]}
							}
						},
						{
							"origin": [-1.26808, 1.76632, -1.59849],
							"size": [0.34, 0.09715, 0.84004],
							"pivot": [-1.10093, 1.08327, -0.96416],
							"rotation": [0, 0, 180],
							"uv": {
								"north": {"uv": [11, 8], "uv_size": [1, 1]},
								"east": {"uv": [9, 11], "uv_size": [1, 1]},
								"south": {"uv": [11, 9], "uv_size": [1, 1]},
								"west": {"uv": [10, 11], "uv_size": [1, 1]},
								"up": {"uv": [11, 10], "uv_size": [1, 1]},
								"down": {"uv": [11, 12], "uv_size": [1, -1]}
							}
						},
						{
							"origin": [-1.2684, 1.76632, -1.59993],
							"size": [0.33999, 0.09715, 0.84005],
							"pivot": [-1.10093, 1.08327, -0.96416],
							"rotation": [0, -30, -180],
							"uv": {
								"north": {"uv": [0, 12], "uv_size": [1, 1]},
								"east": {"uv": [12, 0], "uv_size": [1, 1]},
								"south": {"uv": [1, 12], "uv_size": [1, 1]},
								"west": {"uv": [12, 1], "uv_size": [1, 1]},
								"up": {"uv": [2, 12], "uv_size": [1, 1]},
								"down": {"uv": [12, 3], "uv_size": [1, -1]}
							}
						},
						{
							"origin": [-1.26941, 1.76632, -1.60101],
							"size": [0.34, 0.09715, 0.84005],
							"pivot": [-1.10093, 1.08327, -0.96416],
							"rotation": [0, -60, -180],
							"uv": {
								"north": {"uv": [3, 12], "uv_size": [1, 1]},
								"east": {"uv": [12, 3], "uv_size": [1, 1]},
								"south": {"uv": [4, 12], "uv_size": [1, 1]},
								"west": {"uv": [12, 4], "uv_size": [1, 1]},
								"up": {"uv": [5, 12], "uv_size": [1, 1]},
								"down": {"uv": [12, 6], "uv_size": [1, -1]}
							}
						},
						{
							"origin": [-1.27081, 1.76632, -1.60145],
							"size": [0.34, 0.09715, 0.84005],
							"pivot": [-1.10093, 1.08327, -0.96416],
							"rotation": [0, -90, -180],
							"uv": {
								"north": {"uv": [6, 12], "uv_size": [1, 1]},
								"east": {"uv": [12, 6], "uv_size": [1, 1]},
								"south": {"uv": [7, 12], "uv_size": [1, 1]},
								"west": {"uv": [12, 7], "uv_size": [1, 1]},
								"up": {"uv": [8, 12], "uv_size": [1, 1]},
								"down": {"uv": [12, 9], "uv_size": [1, -1]}
							}
						},
						{
							"origin": [-1.27226, 1.76632, -1.60112],
							"size": [0.34, 0.09715, 0.84005],
							"pivot": [-1.10093, 1.08327, -0.96416],
							"rotation": [-180, -60, 0],
							"uv": {
								"north": {"uv": [9, 12], "uv_size": [1, 1]},
								"east": {"uv": [12, 9], "uv_size": [1, 1]},
								"south": {"uv": [10, 12], "uv_size": [1, 1]},
								"west": {"uv": [12, 10], "uv_size": [1, 1]},
								"up": {"uv": [11, 12], "uv_size": [1, 1]},
								"down": {"uv": [12, 12], "uv_size": [1, -1]}
							}
						},
						{
							"origin": [-1.27333, 1.76632, -1.60011],
							"size": [0.34, 0.09715, 0.84005],
							"pivot": [-1.10093, 1.08327, -0.96416],
							"rotation": [-180, -30, 0],
							"uv": {
								"north": {"uv": [12, 12], "uv_size": [1, 1]},
								"east": {"uv": [0, 13], "uv_size": [1, 1]},
								"south": {"uv": [13, 0], "uv_size": [1, 1]},
								"west": {"uv": [1, 13], "uv_size": [1, 1]},
								"up": {"uv": [13, 1], "uv_size": [1, 1]},
								"down": {"uv": [2, 14], "uv_size": [1, -1]}
							}
						},
						{
							"origin": [-1.27377, 1.76632, -1.5987],
							"size": [0.34, 0.09715, 0.84005],
							"pivot": [-1.10093, 1.08327, -0.96416],
							"rotation": [-180, 0, 0],
							"uv": {
								"north": {"uv": [13, 2], "uv_size": [1, 1]},
								"east": {"uv": [3, 13], "uv_size": [1, 1]},
								"south": {"uv": [13, 3], "uv_size": [1, 1]},
								"west": {"uv": [4, 13], "uv_size": [1, 1]},
								"up": {"uv": [13, 4], "uv_size": [1, 1]},
								"down": {"uv": [5, 14], "uv_size": [1, -1]}
							}
						},
						{
							"origin": [-1.27244, 1.76632, -1.59619],
							"size": [0.34, 0.09715, 0.84005],
							"pivot": [-1.10093, 1.08327, -0.96416],
							"rotation": [-180, 60, 0],
							"uv": {
								"north": {"uv": [13, 5], "uv_size": [1, 1]},
								"east": {"uv": [6, 13], "uv_size": [1, 1]},
								"south": {"uv": [13, 6], "uv_size": [1, 1]},
								"west": {"uv": [7, 13], "uv_size": [1, 1]},
								"up": {"uv": [13, 7], "uv_size": [1, 1]},
								"down": {"uv": [8, 14], "uv_size": [1, -1]}
							}
						},
						{
							"origin": [-1.27343, 1.76632, -1.59727],
							"size": [0.33999, 0.09715, 0.84005],
							"pivot": [-1.10093, 1.08327, -0.96416],
							"rotation": [-180, 30, 0],
							"uv": {
								"north": {"uv": [13, 8], "uv_size": [1, 1]},
								"east": {"uv": [9, 13], "uv_size": [1, 1]},
								"south": {"uv": [13, 9], "uv_size": [1, 1]},
								"west": {"uv": [10, 13], "uv_size": [1, 1]},
								"up": {"uv": [13, 10], "uv_size": [1, 1]},
								"down": {"uv": [11, 14], "uv_size": [1, -1]}
							}
						},
						{
							"origin": [-1.69925, 1.31314, -1.12448],
							"size": [0.69575, 0.47942, 0.32064],
							"pivot": [-1.10093, 1.08327, -0.96416],
							"rotation": [0, -30, -180],
							"uv": {
								"north": {"uv": [13, 11], "uv_size": [1, 1]},
								"east": {"uv": [12, 13], "uv_size": [1, 1]},
								"south": {"uv": [13, 12], "uv_size": [1, 1]},
								"west": {"uv": [13, 13], "uv_size": [1, 1]},
								"up": {"uv": [0, 14], "uv_size": [1, 1]},
								"down": {"uv": [14, 1], "uv_size": [1, -1]}
							}
						},
						{
							"origin": [-1.69925, 1.31314, -1.12448],
							"size": [0.69575, 0.47942, 0.32064],
							"pivot": [-1.10093, 1.08327, -0.96416],
							"rotation": [0, 0, 180],
							"uv": {
								"north": {"uv": [1, 14], "uv_size": [1, 1]},
								"east": {"uv": [14, 1], "uv_size": [1, 1]},
								"south": {"uv": [2, 14], "uv_size": [1, 1]},
								"west": {"uv": [14, 2], "uv_size": [1, 1]},
								"up": {"uv": [3, 14], "uv_size": [1, 1]},
								"down": {"uv": [14, 4], "uv_size": [1, -1]}
							}
						},
						{
							"origin": [-1.69925, 1.31314, -1.12448],
							"size": [0.69575, 0.47942, 0.32064],
							"pivot": [-1.10093, 1.08327, -0.96416],
							"rotation": [0, 60, 180],
							"uv": {
								"north": {"uv": [4, 14], "uv_size": [1, 1]},
								"east": {"uv": [14, 4], "uv_size": [1, 1]},
								"south": {"uv": [5, 14], "uv_size": [1, 1]},
								"west": {"uv": [14, 5], "uv_size": [1, 1]},
								"up": {"uv": [6, 14], "uv_size": [1, 1]},
								"down": {"uv": [14, 7], "uv_size": [1, -1]}
							}
						},
						{
							"origin": [-1.69925, 1.31314, -1.12448],
							"size": [0.69575, 0.47942, 0.32064],
							"pivot": [-1.10093, 1.08327, -0.96416],
							"rotation": [0, 90, 180],
							"uv": {
								"north": {"uv": [7, 14], "uv_size": [1, 1]},
								"east": {"uv": [14, 7], "uv_size": [1, 1]},
								"south": {"uv": [8, 14], "uv_size": [1, 1]},
								"west": {"uv": [14, 8], "uv_size": [1, 1]},
								"up": {"uv": [9, 14], "uv_size": [1, 1]},
								"down": {"uv": [14, 10], "uv_size": [1, -1]}
							}
						},
						{
							"origin": [-1.69925, 1.31314, -1.12448],
							"size": [0.69575, 0.47942, 0.32064],
							"pivot": [-1.10093, 1.08327, -0.96416],
							"rotation": [-180, 60, 0],
							"uv": {
								"north": {"uv": [10, 14], "uv_size": [1, 1]},
								"east": {"uv": [14, 10], "uv_size": [1, 1]},
								"south": {"uv": [11, 14], "uv_size": [1, 1]},
								"west": {"uv": [14, 11], "uv_size": [1, 1]},
								"up": {"uv": [12, 14], "uv_size": [1, 1]},
								"down": {"uv": [14, 13], "uv_size": [1, -1]}
							}
						},
						{
							"origin": [-1.69925, 1.31314, -1.12448],
							"size": [0.69575, 0.47942, 0.32064],
							"pivot": [-1.10093, 1.08327, -0.96416],
							"rotation": [-180, 30, 0],
							"uv": {
								"north": {"uv": [13, 14], "uv_size": [1, 1]},
								"east": {"uv": [14, 13], "uv_size": [1, 1]},
								"south": {"uv": [14, 14], "uv_size": [1, 1]},
								"west": {"uv": [0, 15], "uv_size": [1, 1]},
								"up": {"uv": [15, 0], "uv_size": [1, 1]},
								"down": {"uv": [1, 16], "uv_size": [1, -1]}
							}
						},
						{
							"origin": [-1.69925, 1.31314, -1.12448],
							"size": [0.69575, 0.47942, 0.32064],
							"pivot": [-1.10093, 1.08327, -0.96416],
							"rotation": [-180, 0, 0],
							"uv": {
								"north": {"uv": [15, 1], "uv_size": [1, 1]},
								"east": {"uv": [2, 15], "uv_size": [1, 1]},
								"south": {"uv": [15, 2], "uv_size": [1, 1]},
								"west": {"uv": [3, 15], "uv_size": [1, 1]},
								"up": {"uv": [15, 3], "uv_size": [1, 1]},
								"down": {"uv": [4, 16], "uv_size": [1, -1]}
							}
						},
						{
							"origin": [-1.69925, 1.31314, -1.12448],
							"size": [0.69575, 0.47942, 0.32064],
							"pivot": [-1.10093, 1.08327, -0.96416],
							"rotation": [-180, -30, 0],
							"uv": {
								"north": {"uv": [15, 4], "uv_size": [1, 1]},
								"east": {"uv": [5, 15], "uv_size": [1, 1]},
								"south": {"uv": [15, 5], "uv_size": [1, 1]},
								"west": {"uv": [6, 15], "uv_size": [1, 1]},
								"up": {"uv": [15, 6], "uv_size": [1, 1]},
								"down": {"uv": [7, 16], "uv_size": [1, -1]}
							}
						},
						{
							"origin": [-1.69925, 1.31314, -1.12448],
							"size": [0.69575, 0.47942, 0.32064],
							"pivot": [-1.10093, 1.08327, -0.96416],
							"rotation": [-180, -60, 0],
							"uv": {
								"north": {"uv": [15, 7], "uv_size": [1, 1]},
								"east": {"uv": [8, 15], "uv_size": [1, 1]},
								"south": {"uv": [15, 8], "uv_size": [1, 1]},
								"west": {"uv": [9, 15], "uv_size": [1, 1]},
								"up": {"uv": [15, 9], "uv_size": [1, 1]},
								"down": {"uv": [10, 16], "uv_size": [1, -1]}
							}
						},
						{
							"origin": [-1.69925, 1.31314, -1.12448],
							"size": [0.69575, 0.47942, 0.32064],
							"pivot": [-1.10093, 1.08327, -0.96416],
							"rotation": [0, -90, -180],
							"uv": {
								"north": {"uv": [15, 10], "uv_size": [1, 1]},
								"east": {"uv": [11, 15], "uv_size": [1, 1]},
								"south": {"uv": [15, 11], "uv_size": [1, 1]},
								"west": {"uv": [12, 15], "uv_size": [1, 1]},
								"up": {"uv": [15, 12], "uv_size": [1, 1]},
								"down": {"uv": [13, 16], "uv_size": [1, -1]}
							}
						},
						{
							"origin": [-1.69925, 1.31314, -1.12448],
							"size": [0.69575, 0.47942, 0.32064],
							"pivot": [-1.10093, 1.08327, -0.96416],
							"rotation": [0, -60, -180],
							"uv": {
								"north": {"uv": [15, 13], "uv_size": [1, 1]},
								"east": {"uv": [14, 15], "uv_size": [1, 1]},
								"south": {"uv": [15, 14], "uv_size": [1, 1]},
								"west": {"uv": [15, 15], "uv_size": [1, 1]},
								"up": {"uv": [0, 16], "uv_size": [1, 1]},
								"down": {"uv": [16, 1], "uv_size": [1, -1]}
							}
						},
						{
							"origin": [-1.69925, 1.31314, -1.12448],
							"size": [0.69575, 0.47942, 0.32064],
							"pivot": [-1.10093, 1.08327, -0.96416],
							"rotation": [0, 30, 180],
							"uv": {
								"north": {"uv": [1, 16], "uv_size": [1, 1]},
								"east": {"uv": [16, 1], "uv_size": [1, 1]},
								"south": {"uv": [2, 16], "uv_size": [1, 1]},
								"west": {"uv": [16, 2], "uv_size": [1, 1]},
								"up": {"uv": [3, 16], "uv_size": [1, 1]},
								"down": {"uv": [16, 4], "uv_size": [1, -1]}
							}
						},
						{
							"origin": [-0.44085, 1.34925, 0.13392],
							"size": [0.69575, 0.47942, 0.32064],
							"pivot": [0.15747, 1.00122, 0.29424],
							"rotation": [-67.23952, -33.82584, -37.0045],
							"uv": {
								"north": {"uv": [1, 16], "uv_size": [1, 1]},
								"east": {"uv": [16, 1], "uv_size": [1, 1]},
								"south": {"uv": [2, 16], "uv_size": [1, 1]},
								"west": {"uv": [16, 2], "uv_size": [1, 1]},
								"up": {"uv": [3, 16], "uv_size": [1, 1]},
								"down": {"uv": [16, 4], "uv_size": [1, -1]}
							}
						},
						{
							"origin": [-0.44085, 1.34925, 0.13392],
							"size": [0.69575, 0.47942, 0.32064],
							"pivot": [0.15747, 1.00122, 0.29424],
							"rotation": [-126.00521, -18.74724, 66.14135],
							"uv": {
								"north": {"uv": [15, 13], "uv_size": [1, 1]},
								"east": {"uv": [14, 15], "uv_size": [1, 1]},
								"south": {"uv": [15, 14], "uv_size": [1, 1]},
								"west": {"uv": [15, 15], "uv_size": [1, 1]},
								"up": {"uv": [0, 16], "uv_size": [1, 1]},
								"down": {"uv": [16, 1], "uv_size": [1, -1]}
							}
						},
						{
							"origin": [-0.44085, 1.34925, 0.13392],
							"size": [0.69575, 0.47942, 0.32064],
							"pivot": [0.15747, 1.00122, 0.29424],
							"rotation": [-130, 0, 90],
							"uv": {
								"north": {"uv": [15, 10], "uv_size": [1, 1]},
								"east": {"uv": [11, 15], "uv_size": [1, 1]},
								"south": {"uv": [15, 11], "uv_size": [1, 1]},
								"west": {"uv": [12, 15], "uv_size": [1, 1]},
								"up": {"uv": [15, 12], "uv_size": [1, 1]},
								"down": {"uv": [13, 16], "uv_size": [1, -1]}
							}
						},
						{
							"origin": [-0.44085, 1.34925, 0.13392],
							"size": [0.69575, 0.47942, 0.32064],
							"pivot": [0.15747, 1.00122, 0.29424],
							"rotation": [-126.00521, 18.74724, 113.85865],
							"uv": {
								"north": {"uv": [15, 7], "uv_size": [1, 1]},
								"east": {"uv": [8, 15], "uv_size": [1, 1]},
								"south": {"uv": [15, 8], "uv_size": [1, 1]},
								"west": {"uv": [9, 15], "uv_size": [1, 1]},
								"up": {"uv": [15, 9], "uv_size": [1, 1]},
								"down": {"uv": [10, 16], "uv_size": [1, -1]}
							}
						},
						{
							"origin": [-0.44085, 1.34925, 0.13392],
							"size": [0.69575, 0.47942, 0.32064],
							"pivot": [0.15747, 1.00122, 0.29424],
							"rotation": [-112.76048, 33.82584, 142.9955],
							"uv": {
								"north": {"uv": [15, 4], "uv_size": [1, 1]},
								"east": {"uv": [5, 15], "uv_size": [1, 1]},
								"south": {"uv": [15, 5], "uv_size": [1, 1]},
								"west": {"uv": [6, 15], "uv_size": [1, 1]},
								"up": {"uv": [15, 6], "uv_size": [1, 1]},
								"down": {"uv": [7, 16], "uv_size": [1, -1]}
							}
						},
						{
							"origin": [-0.44085, 1.34925, 0.13392],
							"size": [0.69575, 0.47942, 0.32064],
							"pivot": [0.15747, 1.00122, 0.29424],
							"rotation": [-90, 40, -180],
							"uv": {
								"north": {"uv": [15, 1], "uv_size": [1, 1]},
								"east": {"uv": [2, 15], "uv_size": [1, 1]},
								"south": {"uv": [15, 2], "uv_size": [1, 1]},
								"west": {"uv": [3, 15], "uv_size": [1, 1]},
								"up": {"uv": [15, 3], "uv_size": [1, 1]},
								"down": {"uv": [4, 16], "uv_size": [1, -1]}
							}
						},
						{
							"origin": [-0.44085, 1.34925, 0.13392],
							"size": [0.69575, 0.47942, 0.32064],
							"pivot": [0.15747, 1.00122, 0.29424],
							"rotation": [-67.23952, 33.82584, -142.9955],
							"uv": {
								"north": {"uv": [13, 14], "uv_size": [1, 1]},
								"east": {"uv": [14, 13], "uv_size": [1, 1]},
								"south": {"uv": [14, 14], "uv_size": [1, 1]},
								"west": {"uv": [0, 15], "uv_size": [1, 1]},
								"up": {"uv": [15, 0], "uv_size": [1, 1]},
								"down": {"uv": [1, 16], "uv_size": [1, -1]}
							}
						},
						{
							"origin": [-0.44085, 1.34925, 0.13392],
							"size": [0.69575, 0.47942, 0.32064],
							"pivot": [0.15747, 1.00122, 0.29424],
							"rotation": [-53.99479, 18.74724, -113.85865],
							"uv": {
								"north": {"uv": [10, 14], "uv_size": [1, 1]},
								"east": {"uv": [14, 10], "uv_size": [1, 1]},
								"south": {"uv": [11, 14], "uv_size": [1, 1]},
								"west": {"uv": [14, 11], "uv_size": [1, 1]},
								"up": {"uv": [12, 14], "uv_size": [1, 1]},
								"down": {"uv": [14, 13], "uv_size": [1, -1]}
							}
						},
						{
							"origin": [-0.44085, 1.34925, 0.13392],
							"size": [0.69575, 0.47942, 0.32064],
							"pivot": [0.15747, 1.00122, 0.29424],
							"rotation": [-50, 0, -90],
							"uv": {
								"north": {"uv": [7, 14], "uv_size": [1, 1]},
								"east": {"uv": [14, 7], "uv_size": [1, 1]},
								"south": {"uv": [8, 14], "uv_size": [1, 1]},
								"west": {"uv": [14, 8], "uv_size": [1, 1]},
								"up": {"uv": [9, 14], "uv_size": [1, 1]},
								"down": {"uv": [14, 10], "uv_size": [1, -1]}
							}
						},
						{
							"origin": [-0.44085, 1.34925, 0.13392],
							"size": [0.69575, 0.47942, 0.32064],
							"pivot": [0.15747, 1.00122, 0.29424],
							"rotation": [-53.99479, -18.74724, -66.14135],
							"uv": {
								"north": {"uv": [4, 14], "uv_size": [1, 1]},
								"east": {"uv": [14, 4], "uv_size": [1, 1]},
								"south": {"uv": [5, 14], "uv_size": [1, 1]},
								"west": {"uv": [14, 5], "uv_size": [1, 1]},
								"up": {"uv": [6, 14], "uv_size": [1, 1]},
								"down": {"uv": [14, 7], "uv_size": [1, -1]}
							}
						},
						{
							"origin": [-0.44085, 1.34925, 0.13392],
							"size": [0.69575, 0.47942, 0.32064],
							"pivot": [0.15747, 1.00122, 0.29424],
							"rotation": [-90, -40, 0],
							"uv": {
								"north": {"uv": [1, 14], "uv_size": [1, 1]},
								"east": {"uv": [14, 1], "uv_size": [1, 1]},
								"south": {"uv": [2, 14], "uv_size": [1, 1]},
								"west": {"uv": [14, 2], "uv_size": [1, 1]},
								"up": {"uv": [3, 14], "uv_size": [1, 1]},
								"down": {"uv": [14, 4], "uv_size": [1, -1]}
							}
						},
						{
							"origin": [-0.44085, 1.34925, 0.13392],
							"size": [0.69575, 0.47942, 0.32064],
							"pivot": [0.15747, 1.00122, 0.29424],
							"rotation": [-112.76048, -33.82584, 37.0045],
							"uv": {
								"north": {"uv": [13, 11], "uv_size": [1, 1]},
								"east": {"uv": [12, 13], "uv_size": [1, 1]},
								"south": {"uv": [13, 12], "uv_size": [1, 1]},
								"west": {"uv": [13, 13], "uv_size": [1, 1]},
								"up": {"uv": [0, 14], "uv_size": [1, 1]},
								"down": {"uv": [14, 1], "uv_size": [1, -1]}
							}
						},
						{
							"origin": [-0.01503, 1.80243, -0.33887],
							"size": [0.33999, 0.09715, 0.84005],
							"pivot": [0.15747, 1.00122, 0.29424],
							"rotation": [-67.23952, 33.82584, -142.9955],
							"uv": {
								"north": {"uv": [13, 8], "uv_size": [1, 1]},
								"east": {"uv": [9, 13], "uv_size": [1, 1]},
								"south": {"uv": [13, 9], "uv_size": [1, 1]},
								"west": {"uv": [10, 13], "uv_size": [1, 1]},
								"up": {"uv": [13, 10], "uv_size": [1, 1]},
								"down": {"uv": [11, 14], "uv_size": [1, -1]}
							}
						},
						{
							"origin": [-0.01404, 1.80243, -0.33779],
							"size": [0.34, 0.09715, 0.84005],
							"pivot": [0.15747, 1.00122, 0.29424],
							"rotation": [-53.99479, 18.74724, -113.85865],
							"uv": {
								"north": {"uv": [13, 5], "uv_size": [1, 1]},
								"east": {"uv": [6, 13], "uv_size": [1, 1]},
								"south": {"uv": [13, 6], "uv_size": [1, 1]},
								"west": {"uv": [7, 13], "uv_size": [1, 1]},
								"up": {"uv": [13, 7], "uv_size": [1, 1]},
								"down": {"uv": [8, 14], "uv_size": [1, -1]}
							}
						},
						{
							"origin": [-0.01537, 1.80243, -0.3403],
							"size": [0.34, 0.09715, 0.84005],
							"pivot": [0.15747, 1.00122, 0.29424],
							"rotation": [-90, 40, -180],
							"uv": {
								"north": {"uv": [13, 2], "uv_size": [1, 1]},
								"east": {"uv": [3, 13], "uv_size": [1, 1]},
								"south": {"uv": [13, 3], "uv_size": [1, 1]},
								"west": {"uv": [4, 13], "uv_size": [1, 1]},
								"up": {"uv": [13, 4], "uv_size": [1, 1]},
								"down": {"uv": [5, 14], "uv_size": [1, -1]}
							}
						},
						{
							"origin": [-0.01493, 1.80243, -0.34171],
							"size": [0.34, 0.09715, 0.84005],
							"pivot": [0.15747, 1.00122, 0.29424],
							"rotation": [-112.76048, 33.82584, 142.9955],
							"uv": {
								"north": {"uv": [12, 12], "uv_size": [1, 1]},
								"east": {"uv": [0, 13], "uv_size": [1, 1]},
								"south": {"uv": [13, 0], "uv_size": [1, 1]},
								"west": {"uv": [1, 13], "uv_size": [1, 1]},
								"up": {"uv": [13, 1], "uv_size": [1, 1]},
								"down": {"uv": [2, 14], "uv_size": [1, -1]}
							}
						},
						{
							"origin": [-0.01386, 1.80243, -0.34272],
							"size": [0.34, 0.09715, 0.84005],
							"pivot": [0.15747, 1.00122, 0.29424],
							"rotation": [-126.00521, 18.74724, 113.85865],
							"uv": {
								"north": {"uv": [9, 12], "uv_size": [1, 1]},
								"east": {"uv": [12, 9], "uv_size": [1, 1]},
								"south": {"uv": [10, 12], "uv_size": [1, 1]},
								"west": {"uv": [12, 10], "uv_size": [1, 1]},
								"up": {"uv": [11, 12], "uv_size": [1, 1]},
								"down": {"uv": [12, 12], "uv_size": [1, -1]}
							}
						},
						{
							"origin": [-0.01241, 1.80243, -0.34305],
							"size": [0.34, 0.09715, 0.84005],
							"pivot": [0.15747, 1.00122, 0.29424],
							"rotation": [-130, 0, 90],
							"uv": {
								"north": {"uv": [6, 12], "uv_size": [1, 1]},
								"east": {"uv": [12, 6], "uv_size": [1, 1]},
								"south": {"uv": [7, 12], "uv_size": [1, 1]},
								"west": {"uv": [12, 7], "uv_size": [1, 1]},
								"up": {"uv": [8, 12], "uv_size": [1, 1]},
								"down": {"uv": [12, 9], "uv_size": [1, -1]}
							}
						},
						{
							"origin": [-0.01101, 1.80243, -0.34261],
							"size": [0.34, 0.09715, 0.84005],
							"pivot": [0.15747, 1.00122, 0.29424],
							"rotation": [-126.00521, -18.74724, 66.14135],
							"uv": {
								"north": {"uv": [3, 12], "uv_size": [1, 1]},
								"east": {"uv": [12, 3], "uv_size": [1, 1]},
								"south": {"uv": [4, 12], "uv_size": [1, 1]},
								"west": {"uv": [12, 4], "uv_size": [1, 1]},
								"up": {"uv": [5, 12], "uv_size": [1, 1]},
								"down": {"uv": [12, 6], "uv_size": [1, -1]}
							}
						},
						{
							"origin": [-0.01, 1.80243, -0.34153],
							"size": [0.33999, 0.09715, 0.84005],
							"pivot": [0.15747, 1.00122, 0.29424],
							"rotation": [-112.76048, -33.82584, 37.0045],
							"uv": {
								"north": {"uv": [0, 12], "uv_size": [1, 1]},
								"east": {"uv": [12, 0], "uv_size": [1, 1]},
								"south": {"uv": [1, 12], "uv_size": [1, 1]},
								"west": {"uv": [12, 1], "uv_size": [1, 1]},
								"up": {"uv": [2, 12], "uv_size": [1, 1]},
								"down": {"uv": [12, 3], "uv_size": [1, -1]}
							}
						},
						{
							"origin": [-0.00968, 1.80243, -0.34009],
							"size": [0.34, 0.09715, 0.84004],
							"pivot": [0.15747, 1.00122, 0.29424],
							"rotation": [-90, -40, 0],
							"uv": {
								"north": {"uv": [11, 8], "uv_size": [1, 1]},
								"east": {"uv": [9, 11], "uv_size": [1, 1]},
								"south": {"uv": [11, 9], "uv_size": [1, 1]},
								"west": {"uv": [10, 11], "uv_size": [1, 1]},
								"up": {"uv": [11, 10], "uv_size": [1, 1]},
								"down": {"uv": [11, 12], "uv_size": [1, -1]}
							}
						},
						{
							"origin": [-0.01011, 1.80243, -0.33868],
							"size": [0.34, 0.09715, 0.84005],
							"pivot": [0.15747, 1.00122, 0.29424],
							"rotation": [-67.23952, -33.82584, -37.0045],
							"uv": {
								"north": {"uv": [11, 5], "uv_size": [1, 1]},
								"east": {"uv": [6, 11], "uv_size": [1, 1]},
								"south": {"uv": [11, 6], "uv_size": [1, 1]},
								"west": {"uv": [7, 11], "uv_size": [1, 1]},
								"up": {"uv": [11, 7], "uv_size": [1, 1]},
								"down": {"uv": [8, 12], "uv_size": [1, -1]}
							}
						},
						{
							"origin": [-0.01119, 1.80243, -0.33768],
							"size": [0.34, 0.09715, 0.84005],
							"pivot": [0.15747, 1.00122, 0.29424],
							"rotation": [-53.99479, -18.74724, -66.14135],
							"uv": {
								"north": {"uv": [11, 2], "uv_size": [1, 1]},
								"east": {"uv": [3, 11], "uv_size": [1, 1]},
								"south": {"uv": [11, 3], "uv_size": [1, 1]},
								"west": {"uv": [4, 11], "uv_size": [1, 1]},
								"up": {"uv": [11, 4], "uv_size": [1, 1]},
								"down": {"uv": [5, 12], "uv_size": [1, -1]}
							}
						},
						{
							"origin": [-0.01263, 1.80243, -0.33735],
							"size": [0.34, 0.09715, 0.84005],
							"pivot": [0.15747, 1.00122, 0.29424],
							"rotation": [-50, 0, -90],
							"uv": {
								"north": {"uv": [10, 10], "uv_size": [1, 1]},
								"east": {"uv": [0, 11], "uv_size": [1, 1]},
								"south": {"uv": [11, 0], "uv_size": [1, 1]},
								"west": {"uv": [1, 11], "uv_size": [1, 1]},
								"up": {"uv": [11, 1], "uv_size": [1, 1]},
								"down": {"uv": [2, 12], "uv_size": [1, -1]}
							}
						},
						{
							"origin": [-0.44085, -1.04636, 0.13392],
							"size": [0.69575, 2.39562, 0.32064],
							"pivot": [0.15747, 1.00122, 0.29424],
							"rotation": [-112.76048, -33.82584, 37.0045],
							"uv": {
								"north": {"uv": [8, 8], "uv_size": [1, 2]},
								"east": {"uv": [9, 0], "uv_size": [1, 2]},
								"south": {"uv": [9, 2], "uv_size": [1, 2]},
								"west": {"uv": [9, 4], "uv_size": [1, 2]},
								"up": {"uv": [9, 10], "uv_size": [1, 1]},
								"down": {"uv": [10, 10], "uv_size": [1, -1]}
							}
						},
						{
							"origin": [-0.44085, -1.04636, 0.13392],
							"size": [0.69575, 2.39562, 0.32064],
							"pivot": [0.15747, 1.00122, 0.29424],
							"rotation": [-90, -40, 0],
							"uv": {
								"north": {"uv": [5, 8], "uv_size": [1, 2]},
								"east": {"uv": [6, 8], "uv_size": [1, 2]},
								"south": {"uv": [8, 6], "uv_size": [1, 2]},
								"west": {"uv": [7, 8], "uv_size": [1, 2]},
								"up": {"uv": [8, 10], "uv_size": [1, 1]},
								"down": {"uv": [10, 9], "uv_size": [1, -1]}
							}
						},
						{
							"origin": [-0.44085, -1.04636, 0.13392],
							"size": [0.69575, 2.39562, 0.32064],
							"pivot": [0.15747, 1.00122, 0.29424],
							"rotation": [-53.99479, -18.74724, -66.14135],
							"uv": {
								"north": {"uv": [8, 2], "uv_size": [1, 2]},
								"east": {"uv": [3, 8], "uv_size": [1, 2]},
								"south": {"uv": [4, 8], "uv_size": [1, 2]},
								"west": {"uv": [8, 4], "uv_size": [1, 2]},
								"up": {"uv": [7, 10], "uv_size": [1, 1]},
								"down": {"uv": [10, 8], "uv_size": [1, -1]}
							}
						},
						{
							"origin": [-0.44085, -1.04636, 0.13392],
							"size": [0.69575, 2.39562, 0.32064],
							"pivot": [0.15747, 1.00122, 0.29424],
							"rotation": [-50, 0, -90],
							"uv": {
								"north": {"uv": [0, 8], "uv_size": [1, 2]},
								"east": {"uv": [8, 0], "uv_size": [1, 2]},
								"south": {"uv": [1, 8], "uv_size": [1, 2]},
								"west": {"uv": [2, 8], "uv_size": [1, 2]},
								"up": {"uv": [6, 10], "uv_size": [1, 1]},
								"down": {"uv": [10, 7], "uv_size": [1, -1]}
							}
						},
						{
							"origin": [-0.44085, -1.04636, 0.13392],
							"size": [0.69575, 2.39562, 0.32064],
							"pivot": [0.15747, 1.00122, 0.29424],
							"rotation": [-53.99479, 18.74724, -113.85865],
							"uv": {
								"north": {"uv": [7, 0], "uv_size": [1, 2]},
								"east": {"uv": [7, 2], "uv_size": [1, 2]},
								"south": {"uv": [7, 4], "uv_size": [1, 2]},
								"west": {"uv": [7, 6], "uv_size": [1, 2]},
								"up": {"uv": [5, 10], "uv_size": [1, 1]},
								"down": {"uv": [10, 6], "uv_size": [1, -1]}
							}
						},
						{
							"origin": [-0.44085, -1.04636, 0.13392],
							"size": [0.69575, 2.39562, 0.32064],
							"pivot": [0.15747, 1.00122, 0.29424],
							"rotation": [-67.23952, 33.82584, -142.9955],
							"uv": {
								"north": {"uv": [4, 6], "uv_size": [1, 2]},
								"east": {"uv": [6, 4], "uv_size": [1, 2]},
								"south": {"uv": [5, 6], "uv_size": [1, 2]},
								"west": {"uv": [6, 6], "uv_size": [1, 2]},
								"up": {"uv": [4, 10], "uv_size": [1, 1]},
								"down": {"uv": [10, 5], "uv_size": [1, -1]}
							}
						},
						{
							"origin": [-0.44085, -1.04636, 0.13392],
							"size": [0.69575, 2.39562, 0.32064],
							"pivot": [0.15747, 1.00122, 0.29424],
							"rotation": [-90, 40, -180],
							"uv": {
								"north": {"uv": [1, 6], "uv_size": [1, 2]},
								"east": {"uv": [2, 6], "uv_size": [1, 2]},
								"south": {"uv": [6, 2], "uv_size": [1, 2]},
								"west": {"uv": [3, 6], "uv_size": [1, 2]},
								"up": {"uv": [3, 10], "uv_size": [1, 1]},
								"down": {"uv": [10, 4], "uv_size": [1, -1]}
							}
						},
						{
							"origin": [-0.44085, -1.04636, 0.13392],
							"size": [0.69575, 2.39562, 0.32064],
							"pivot": [0.15747, 1.00122, 0.29424],
							"rotation": [-112.76048, 33.82584, 142.9955],
							"uv": {
								"north": {"uv": [5, 2], "uv_size": [1, 2]},
								"east": {"uv": [5, 4], "uv_size": [1, 2]},
								"south": {"uv": [0, 6], "uv_size": [1, 2]},
								"west": {"uv": [6, 0], "uv_size": [1, 2]},
								"up": {"uv": [2, 10], "uv_size": [1, 1]},
								"down": {"uv": [10, 3], "uv_size": [1, -1]}
							}
						},
						{
							"origin": [-0.44085, -1.04636, 0.13392],
							"size": [0.69575, 2.39562, 0.32064],
							"pivot": [0.15747, 1.00122, 0.29424],
							"rotation": [-126.00521, 18.74724, 113.85865],
							"uv": {
								"north": {"uv": [4, 2], "uv_size": [1, 2]},
								"east": {"uv": [3, 4], "uv_size": [1, 2]},
								"south": {"uv": [4, 4], "uv_size": [1, 2]},
								"west": {"uv": [5, 0], "uv_size": [1, 2]},
								"up": {"uv": [1, 10], "uv_size": [1, 1]},
								"down": {"uv": [10, 2], "uv_size": [1, -1]}
							}
						},
						{
							"origin": [-0.44085, -1.04636, 0.13392],
							"size": [0.69575, 2.39562, 0.32064],
							"pivot": [0.15747, 1.00122, 0.29424],
							"rotation": [-130, 0, 90],
							"uv": {
								"north": {"uv": [0, 4], "uv_size": [1, 2]},
								"east": {"uv": [4, 0], "uv_size": [1, 2]},
								"south": {"uv": [1, 4], "uv_size": [1, 2]},
								"west": {"uv": [2, 4], "uv_size": [1, 2]},
								"up": {"uv": [0, 10], "uv_size": [1, 1]},
								"down": {"uv": [10, 1], "uv_size": [1, -1]}
							}
						},
						{
							"origin": [-0.44085, -1.04636, 0.13392],
							"size": [0.69575, 2.39562, 0.32064],
							"pivot": [0.15747, 1.00122, 0.29424],
							"rotation": [-126.00521, -18.74724, 66.14135],
							"uv": {
								"north": {"uv": [1, 2], "uv_size": [1, 2]},
								"east": {"uv": [2, 2], "uv_size": [1, 2]},
								"south": {"uv": [3, 0], "uv_size": [1, 2]},
								"west": {"uv": [3, 2], "uv_size": [1, 2]},
								"up": {"uv": [9, 8], "uv_size": [1, 1]},
								"down": {"uv": [9, 10], "uv_size": [1, -1]}
							}
						},
						{
							"origin": [-0.44085, -1.04636, 0.13392],
							"size": [0.69575, 2.39562, 0.32064],
							"pivot": [0.15747, 1.00122, 0.29424],
							"rotation": [-67.23952, -33.82584, -37.0045],
							"uv": {
								"north": {"uv": [0, 0], "uv_size": [1, 2]},
								"east": {"uv": [1, 0], "uv_size": [1, 2]},
								"south": {"uv": [0, 2], "uv_size": [1, 2]},
								"west": {"uv": [2, 0], "uv_size": [1, 2]},
								"up": {"uv": [9, 6], "uv_size": [1, 1]},
								"down": {"uv": [9, 8], "uv_size": [1, -1]}
							}
						}
					]
				}
			]
		}
	]
}