{
	"format_version": "1.12.0",
	"minecraft:geometry": [
		{
			"description": {
				"identifier": "geometry.unknown",
				"texture_width": 64,
				"texture_height": 64,
				"visible_bounds_width": 3,
				"visible_bounds_height": 3.5,
				"visible_bounds_offset": [0, 1.25, 0]
			},
			"bones": [
				{
					"name": "root",
					"pivot": [0, 0, 0],
					"rotation": [0, 50, 0],
					"cubes": [
						{
							"origin": [3.63253, 0.8258, -3.98754],
							"size": [0.5826, 0.16585, 0.5826],
							"pivot": [3.90992, 1.98967, -3.67591],
							"rotation": [-0.8014, -0.3976, -0.551],
							"uv": {
								"north": {"uv": [26, 33], "uv_size": [0.875, 0.25]},
								"east": {"uv": [33, 26], "uv_size": [0.875, 0.25]},
								"south": {"uv": [27, 33], "uv_size": [0.875, 0.25]},
								"west": {"uv": [33, 27], "uv_size": [0.875, 0.25]}
							}
						},
						{
							"origin": [3.54962, 0.74289, -4.07047],
							"size": [0.74844, 0.12438, 0.74844],
							"pivot": [3.90992, 1.98967, -3.67591],
							"rotation": [-0.8014, -0.3976, -0.551],
							"uv": {
								"north": {"uv": [33, 28], "uv_size": [1.125, 0.125]},
								"east": {"uv": [29, 33], "uv_size": [1.125, 0.125]},
								"south": {"uv": [33, 29], "uv_size": [1.125, 0.125]},
								"west": {"uv": [31, 33], "uv_size": [1.125, 0.125]},
								"up": {"uv": [28, 31], "uv_size": [1.125, 1.125]},
								"down": {"uv": [31, 29.125], "uv_size": [1.125, -1.125]}
							}
						},
						{
							"origin": [3.6397, 1.96746, -3.94657],
							"size": [0.5408, 0.40683, 0.5408],
							"inflate": 0.001,
							"pivot": [3.90992, 1.98967, -3.67591],
							"rotation": [-0.8014, -0.3976, -0.551],
							"uv": {
								"north": {"uv": [21, 32], "uv_size": [0.75, 1.125]},
								"east": {"uv": [22, 32], "uv_size": [0.75, 1.125]},
								"south": {"uv": [32, 22], "uv_size": [0.75, 1.125]},
								"west": {"uv": [23, 32], "uv_size": [0.75, 1.125]},
								"up": {"uv": [32, 32], "uv_size": [0.75, 0.75]},
								"down": {"uv": [0, 33.75], "uv_size": [0.75, -0.75]}
							}
						},
						{
							"origin": [3.64006, 1.75152, -3.98258],
							"size": [0.54007, 0.3317, 0.16584],
							"pivot": [3.90992, 1.98967, -3.67591],
							"rotation": [-23.3014, -0.3976, -0.551],
							"uv": {
								"north": {"uv": [33, 9], "uv_size": [0.75, 0.5]},
								"east": {"uv": [4, 34], "uv_size": [0.25, 0.5]},
								"south": {"uv": [33, 19], "uv_size": [0.75, 0.5]},
								"west": {"uv": [34, 4], "uv_size": [0.25, 0.5]}
							}
						},
						{
							"origin": [3.675, 2.03382, -3.89518],
							"size": [0.45713, 0.49755, 0.45713],
							"pivot": [3.90992, 1.98967, -3.67591],
							"rotation": [-0.8014, -0.3976, -0.551],
							"uv": {
								"north": {"uv": [33, 2], "uv_size": [0.625, 0.75]},
								"east": {"uv": [3, 33], "uv_size": [0.625, 0.75]},
								"south": {"uv": [33, 3], "uv_size": [0.625, 0.75]},
								"west": {"uv": [4, 33], "uv_size": [0.625, 0.75]},
								"up": {"uv": [6, 33], "uv_size": [0.625, 0.625]}
							}
						},
						{
							"origin": [3.64006, 1.75172, -3.53555],
							"size": [0.54007, 0.33169, 0.16584],
							"pivot": [3.90992, 1.98967, -3.67591],
							"rotation": [21.6986, -0.3976, -0.551],
							"uv": {
								"north": {"uv": [33, 8], "uv_size": [0.75, 0.5]},
								"east": {"uv": [3, 34], "uv_size": [0.25, 0.5]},
								"south": {"uv": [9, 33], "uv_size": [0.75, 0.5]},
								"west": {"uv": [34, 3], "uv_size": [0.25, 0.5]}
							}
						},
						{
							"origin": [3.71646, 2.53137, -3.85372],
							"size": [0.37421, 0.41462, 0.37421],
							"pivot": [3.90992, 1.98967, -3.67591],
							"rotation": [-0.8014, -0.3976, -0.551],
							"uv": {
								"north": {"uv": [33, 20], "uv_size": [0.5, 0.625]},
								"east": {"uv": [33, 21], "uv_size": [0.5, 0.625]},
								"south": {"uv": [33, 22], "uv_size": [0.5, 0.625]},
								"west": {"uv": [33, 23], "uv_size": [0.5, 0.625]},
								"up": {"uv": [25, 33], "uv_size": [0.5, 0.5]}
							}
						},
						{
							"origin": [3.75791, 2.94599, -3.81227],
							"size": [0.29131, 0.18657, 0.29131],
							"pivot": [3.90992, 1.98967, -3.67591],
							"rotation": [-0.8014, -0.3976, -0.551],
							"uv": {
								"north": {"uv": [34, 5], "uv_size": [0.375, 0.25]},
								"east": {"uv": [6, 34], "uv_size": [0.375, 0.25]},
								"south": {"uv": [34, 6], "uv_size": [0.375, 0.25]},
								"west": {"uv": [7, 34], "uv_size": [0.375, 0.25]},
								"up": {"uv": [28, 33], "uv_size": [0.375, 0.375]}
							}
						},
						{
							"origin": [3.8201, 3.11185, -3.75007],
							"size": [0.16692, 0.12438, 0.16692],
							"pivot": [3.90992, 1.98967, -3.67591],
							"rotation": [-0.8014, -0.3976, -0.551],
							"uv": {
								"north": {"uv": [8, 34], "uv_size": [0.25, 0.125]},
								"east": {"uv": [34, 8], "uv_size": [0.25, 0.125]},
								"south": {"uv": [9, 34], "uv_size": [0.25, 0.125]},
								"west": {"uv": [34, 9], "uv_size": [0.25, 0.125]},
								"up": {"uv": [34, 7], "uv_size": [0.25, 0.25]}
							}
						},
						{
							"origin": [3.60365, 1.75169, -3.94621],
							"size": [0.16584, 0.33169, 0.54007],
							"pivot": [3.90992, 1.98967, -3.67591],
							"rotation": [-0.8925, -0.0607, 21.9467],
							"uv": {
								"north": {"uv": [0, 34], "uv_size": [0.25, 0.5]},
								"east": {"uv": [33, 7], "uv_size": [0.75, 0.5]},
								"south": {"uv": [34, 2], "uv_size": [0.25, 0.5]},
								"west": {"uv": [8, 33], "uv_size": [0.75, 0.5]}
							}
						},
						{
							"origin": [4.05068, 1.75155, -3.94621],
							"size": [0.16584, 0.33169, 0.54007],
							"pivot": [3.90992, 1.98967, -3.67591],
							"rotation": [-0.5882, -0.674, -23.0503],
							"uv": {
								"north": {"uv": [33, 32], "uv_size": [0.25, 0.5]},
								"east": {"uv": [33, 6], "uv_size": [0.75, 0.5]},
								"south": {"uv": [33, 33], "uv_size": [0.25, 0.5]},
								"west": {"uv": [7, 33], "uv_size": [0.75, 0.5]}
							}
						},
						{
							"origin": [3.54962, 0.99166, -4.07047],
							"size": [0.74844, 0.89516, 0.74844],
							"pivot": [3.90992, 1.98967, -3.67591],
							"rotation": [-0.8014, -0.3976, -0.551],
							"uv": {
								"north": {"uv": [4, 29], "uv_size": [1.125, 3.375]},
								"east": {"uv": [6, 29], "uv_size": [1.125, 3.375]},
								"south": {"uv": [8, 29], "uv_size": [1.125, 3.375]},
								"west": {"uv": [31, 2], "uv_size": [1.125, 3.375]},
								"up": {"uv": [24, 31], "uv_size": [1.125, 1.125]},
								"down": {"uv": [26, 32.125], "uv_size": [1.125, -1.125]}
							}
						},
						{
							"origin": [2.64962, 0.99166, -4.77047],
							"size": [0.74844, 0.89516, 0.74844],
							"pivot": [3.00992, 1.98967, -4.37591],
							"rotation": [-0.53175, -26.3963, -0.61512],
							"uv": {
								"north": {"uv": [4, 29], "uv_size": [1.125, 3.375]},
								"east": {"uv": [6, 29], "uv_size": [1.125, 3.375]},
								"south": {"uv": [8, 29], "uv_size": [1.125, 3.375]},
								"west": {"uv": [31, 2], "uv_size": [1.125, 3.375]},
								"up": {"uv": [24, 31], "uv_size": [1.125, 1.125]},
								"down": {"uv": [26, 32.125], "uv_size": [1.125, -1.125]}
							}
						},
						{
							"origin": [3.15068, 1.75155, -4.64621],
							"size": [0.16584, 0.33169, 0.54007],
							"pivot": [3.00992, 1.98967, -4.37591],
							"rotation": [10.27995, -24.45114, -25.47291],
							"uv": {
								"north": {"uv": [33, 32], "uv_size": [0.25, 0.5]},
								"east": {"uv": [33, 6], "uv_size": [0.75, 0.5]},
								"south": {"uv": [33, 33], "uv_size": [0.25, 0.5]},
								"west": {"uv": [7, 33], "uv_size": [0.75, 0.5]}
							}
						},
						{
							"origin": [2.70365, 1.75169, -4.64621],
							"size": [0.16584, 0.33169, 0.54007],
							"pivot": [3.00992, 1.98967, -4.37591],
							"rotation": [-11.2282, -24.05135, 24.15942],
							"uv": {
								"north": {"uv": [0, 34], "uv_size": [0.25, 0.5]},
								"east": {"uv": [33, 7], "uv_size": [0.75, 0.5]},
								"south": {"uv": [34, 2], "uv_size": [0.25, 0.5]},
								"west": {"uv": [8, 33], "uv_size": [0.75, 0.5]}
							}
						},
						{
							"origin": [2.9201, 3.11185, -4.45007],
							"size": [0.16692, 0.12438, 0.16692],
							"pivot": [3.00992, 1.98967, -4.37591],
							"rotation": [-0.53175, -26.3963, -0.61512],
							"uv": {
								"north": {"uv": [8, 34], "uv_size": [0.25, 0.125]},
								"east": {"uv": [34, 8], "uv_size": [0.25, 0.125]},
								"south": {"uv": [9, 34], "uv_size": [0.25, 0.125]},
								"west": {"uv": [34, 9], "uv_size": [0.25, 0.125]},
								"up": {"uv": [34, 7], "uv_size": [0.25, 0.25]}
							}
						},
						{
							"origin": [2.85791, 2.94599, -4.51227],
							"size": [0.29131, 0.18657, 0.29131],
							"pivot": [3.00992, 1.98967, -4.37591],
							"rotation": [-0.53175, -26.3963, -0.61512],
							"uv": {
								"north": {"uv": [34, 5], "uv_size": [0.375, 0.25]},
								"east": {"uv": [6, 34], "uv_size": [0.375, 0.25]},
								"south": {"uv": [34, 6], "uv_size": [0.375, 0.25]},
								"west": {"uv": [7, 34], "uv_size": [0.375, 0.25]},
								"up": {"uv": [28, 33], "uv_size": [0.375, 0.375]}
							}
						},
						{
							"origin": [2.81646, 2.53137, -4.55372],
							"size": [0.37421, 0.41462, 0.37421],
							"pivot": [3.00992, 1.98967, -4.37591],
							"rotation": [-0.53175, -26.3963, -0.61512],
							"uv": {
								"north": {"uv": [33, 20], "uv_size": [0.5, 0.625]},
								"east": {"uv": [33, 21], "uv_size": [0.5, 0.625]},
								"south": {"uv": [33, 22], "uv_size": [0.5, 0.625]},
								"west": {"uv": [33, 23], "uv_size": [0.5, 0.625]},
								"up": {"uv": [25, 33], "uv_size": [0.5, 0.5]}
							}
						},
						{
							"origin": [2.74006, 1.75172, -4.23555],
							"size": [0.54007, 0.33169, 0.16584],
							"pivot": [3.00992, 1.98967, -4.37591],
							"rotation": [21.96825, -26.3963, -0.61512],
							"uv": {
								"north": {"uv": [33, 8], "uv_size": [0.75, 0.5]},
								"east": {"uv": [3, 34], "uv_size": [0.25, 0.5]},
								"south": {"uv": [9, 33], "uv_size": [0.75, 0.5]},
								"west": {"uv": [34, 3], "uv_size": [0.25, 0.5]}
							}
						},
						{
							"origin": [2.775, 2.03382, -4.59518],
							"size": [0.45713, 0.49755, 0.45713],
							"pivot": [3.00992, 1.98967, -4.37591],
							"rotation": [-0.53175, -26.3963, -0.61512],
							"uv": {
								"north": {"uv": [33, 2], "uv_size": [0.625, 0.75]},
								"east": {"uv": [3, 33], "uv_size": [0.625, 0.75]},
								"south": {"uv": [33, 3], "uv_size": [0.625, 0.75]},
								"west": {"uv": [4, 33], "uv_size": [0.625, 0.75]},
								"up": {"uv": [6, 33], "uv_size": [0.625, 0.625]}
							}
						},
						{
							"origin": [2.74006, 1.75152, -4.68258],
							"size": [0.54007, 0.3317, 0.16584],
							"pivot": [3.00992, 1.98967, -4.37591],
							"rotation": [-23.03175, -26.3963, -0.61512],
							"uv": {
								"north": {"uv": [33, 9], "uv_size": [0.75, 0.5]},
								"east": {"uv": [4, 34], "uv_size": [0.25, 0.5]},
								"south": {"uv": [33, 19], "uv_size": [0.75, 0.5]},
								"west": {"uv": [34, 4], "uv_size": [0.25, 0.5]}
							}
						},
						{
							"origin": [2.7397, 1.96746, -4.64657],
							"size": [0.5408, 0.40683, 0.5408],
							"inflate": 0.001,
							"pivot": [3.00992, 1.98967, -4.37591],
							"rotation": [-0.53175, -26.3963, -0.61512],
							"uv": {
								"north": {"uv": [21, 32], "uv_size": [0.75, 1.125]},
								"east": {"uv": [22, 32], "uv_size": [0.75, 1.125]},
								"south": {"uv": [32, 22], "uv_size": [0.75, 1.125]},
								"west": {"uv": [23, 32], "uv_size": [0.75, 1.125]},
								"up": {"uv": [32, 32], "uv_size": [0.75, 0.75]},
								"down": {"uv": [0, 33.75], "uv_size": [0.75, -0.75]}
							}
						},
						{
							"origin": [2.64962, 0.74289, -4.77047],
							"size": [0.74844, 0.12438, 0.74844],
							"pivot": [3.00992, 1.98967, -4.37591],
							"rotation": [-0.53175, -26.3963, -0.61512],
							"uv": {
								"north": {"uv": [33, 28], "uv_size": [1.125, 0.125]},
								"east": {"uv": [29, 33], "uv_size": [1.125, 0.125]},
								"south": {"uv": [33, 29], "uv_size": [1.125, 0.125]},
								"west": {"uv": [31, 33], "uv_size": [1.125, 0.125]},
								"up": {"uv": [28, 31], "uv_size": [1.125, 1.125]},
								"down": {"uv": [31, 29.125], "uv_size": [1.125, -1.125]}
							}
						},
						{
							"origin": [2.73253, 0.8258, -4.68754],
							"size": [0.5826, 0.16585, 0.5826],
							"pivot": [3.00992, 1.98967, -4.37591],
							"rotation": [-0.53175, -26.3963, -0.61512],
							"uv": {
								"north": {"uv": [26, 33], "uv_size": [0.875, 0.25]},
								"east": {"uv": [33, 26], "uv_size": [0.875, 0.25]},
								"south": {"uv": [27, 33], "uv_size": [0.875, 0.25]},
								"west": {"uv": [33, 27], "uv_size": [0.875, 0.25]}
							}
						},
						{
							"origin": [4.04962, -0.10834, -5.37047],
							"size": [0.74844, 0.89516, 0.74844],
							"pivot": [4.40992, 0.88967, -4.97591],
							"rotation": [89.0335, 22.55043, -0.43052],
							"uv": {
								"north": {"uv": [4, 29], "uv_size": [1.125, 3.375]},
								"east": {"uv": [6, 29], "uv_size": [1.125, 3.375]},
								"south": {"uv": [8, 29], "uv_size": [1.125, 3.375]},
								"west": {"uv": [31, 2], "uv_size": [1.125, 3.375]},
								"up": {"uv": [24, 31], "uv_size": [1.125, 1.125]},
								"down": {"uv": [26, 32.125], "uv_size": [1.125, -1.125]}
							}
						},
						{
							"origin": [4.55068, 0.65155, -5.24621],
							"size": [0.16584, 0.33169, 0.54007],
							"pivot": [4.40992, 0.88967, -4.97591],
							"rotation": [88.73666, 45.04633, -0.95397],
							"uv": {
								"north": {"uv": [33, 32], "uv_size": [0.25, 0.5]},
								"east": {"uv": [33, 6], "uv_size": [0.75, 0.5]},
								"south": {"uv": [33, 33], "uv_size": [0.25, 0.5]},
								"west": {"uv": [7, 33], "uv_size": [0.75, 0.5]}
							}
						},
						{
							"origin": [4.10365, 0.65169, -5.24621],
							"size": [0.16584, 0.33169, 0.54007],
							"pivot": [4.40992, 0.88967, -4.97591],
							"rotation": [89.10744, 0.0533, -0.0607],
							"uv": {
								"north": {"uv": [0, 34], "uv_size": [0.25, 0.5]},
								"east": {"uv": [33, 7], "uv_size": [0.75, 0.5]},
								"south": {"uv": [34, 2], "uv_size": [0.25, 0.5]},
								"west": {"uv": [8, 33], "uv_size": [0.75, 0.5]}
							}
						},
						{
							"origin": [4.3201, 2.01185, -5.05007],
							"size": [0.16692, 0.12438, 0.16692],
							"pivot": [4.40992, 0.88967, -4.97591],
							"rotation": [89.0335, 22.55043, -0.43052],
							"uv": {
								"north": {"uv": [8, 34], "uv_size": [0.25, 0.125]},
								"east": {"uv": [34, 8], "uv_size": [0.25, 0.125]},
								"south": {"uv": [9, 34], "uv_size": [0.25, 0.125]},
								"west": {"uv": [34, 9], "uv_size": [0.25, 0.125]},
								"up": {"uv": [34, 7], "uv_size": [0.25, 0.25]}
							}
						},
						{
							"origin": [4.25791, 1.84599, -5.11227],
							"size": [0.29131, 0.18657, 0.29131],
							"pivot": [4.40992, 0.88967, -4.97591],
							"rotation": [89.0335, 22.55043, -0.43052],
							"uv": {
								"north": {"uv": [34, 5], "uv_size": [0.375, 0.25]},
								"east": {"uv": [6, 34], "uv_size": [0.375, 0.25]},
								"south": {"uv": [34, 6], "uv_size": [0.375, 0.25]},
								"west": {"uv": [7, 34], "uv_size": [0.375, 0.25]},
								"up": {"uv": [28, 33], "uv_size": [0.375, 0.375]}
							}
						},
						{
							"origin": [4.21646, 1.43137, -5.15372],
							"size": [0.37421, 0.41462, 0.37421],
							"pivot": [4.40992, 0.88967, -4.97591],
							"rotation": [89.0335, 22.55043, -0.43052],
							"uv": {
								"north": {"uv": [33, 20], "uv_size": [0.5, 0.625]},
								"east": {"uv": [33, 21], "uv_size": [0.5, 0.625]},
								"south": {"uv": [33, 22], "uv_size": [0.5, 0.625]},
								"west": {"uv": [33, 23], "uv_size": [0.5, 0.625]},
								"up": {"uv": [25, 33], "uv_size": [0.5, 0.5]}
							}
						},
						{
							"origin": [4.14006, 0.65172, -4.83555],
							"size": [0.54007, 0.33169, 0.16584],
							"pivot": [4.40992, 0.88967, -4.97591],
							"rotation": [111.5335, 22.55043, -0.43052],
							"uv": {
								"north": {"uv": [33, 8], "uv_size": [0.75, 0.5]},
								"east": {"uv": [3, 34], "uv_size": [0.25, 0.5]},
								"south": {"uv": [9, 33], "uv_size": [0.75, 0.5]},
								"west": {"uv": [34, 3], "uv_size": [0.25, 0.5]}
							}
						},
						{
							"origin": [4.175, 0.93382, -5.19518],
							"size": [0.45713, 0.49755, 0.45713],
							"pivot": [4.40992, 0.88967, -4.97591],
							"rotation": [89.0335, 22.55043, -0.43052],
							"uv": {
								"north": {"uv": [33, 2], "uv_size": [0.625, 0.75]},
								"east": {"uv": [3, 33], "uv_size": [0.625, 0.75]},
								"south": {"uv": [33, 3], "uv_size": [0.625, 0.75]},
								"west": {"uv": [4, 33], "uv_size": [0.625, 0.75]},
								"up": {"uv": [6, 33], "uv_size": [0.625, 0.625]}
							}
						},
						{
							"origin": [4.14006, 0.65152, -5.28258],
							"size": [0.54007, 0.33169, 0.16584],
							"pivot": [4.40992, 0.88967, -4.97591],
							"rotation": [66.5335, 22.55043, -0.43052],
							"uv": {
								"north": {"uv": [33, 9], "uv_size": [0.75, 0.5]},
								"east": {"uv": [4, 34], "uv_size": [0.25, 0.5]},
								"south": {"uv": [33, 19], "uv_size": [0.75, 0.5]},
								"west": {"uv": [34, 4], "uv_size": [0.25, 0.5]}
							}
						},
						{
							"origin": [4.1397, 0.86746, -5.24657],
							"size": [0.5408, 0.40683, 0.5408],
							"inflate": 0.001,
							"pivot": [4.40992, 0.88967, -4.97591],
							"rotation": [89.0335, 22.55043, -0.43052],
							"uv": {
								"north": {"uv": [21, 32], "uv_size": [0.75, 1.125]},
								"east": {"uv": [22, 32], "uv_size": [0.75, 1.125]},
								"south": {"uv": [32, 22], "uv_size": [0.75, 1.125]},
								"west": {"uv": [23, 32], "uv_size": [0.75, 1.125]},
								"up": {"uv": [32, 32], "uv_size": [0.75, 0.75]},
								"down": {"uv": [0, 33.75], "uv_size": [0.75, -0.75]}
							}
						},
						{
							"origin": [4.04962, -0.35711, -5.37047],
							"size": [0.74844, 0.12438, 0.74844],
							"pivot": [4.40992, 0.88967, -4.97591],
							"rotation": [89.0335, 22.55043, -0.43052],
							"uv": {
								"north": {"uv": [33, 28], "uv_size": [1.125, 0.125]},
								"east": {"uv": [29, 33], "uv_size": [1.125, 0.125]},
								"south": {"uv": [33, 29], "uv_size": [1.125, 0.125]},
								"west": {"uv": [31, 33], "uv_size": [1.125, 0.125]},
								"up": {"uv": [28, 31], "uv_size": [1.125, 1.125]},
								"down": {"uv": [31, 29.125], "uv_size": [1.125, -1.125]}
							}
						},
						{
							"origin": [4.13253, -0.2742, -5.28754],
							"size": [0.5826, 0.16585, 0.5826],
							"pivot": [4.40992, 0.88967, -4.97591],
							"rotation": [89.0335, 22.55043, -0.43052],
							"uv": {
								"north": {"uv": [26, 33], "uv_size": [0.875, 0.25]},
								"east": {"uv": [33, 26], "uv_size": [0.875, 0.25]},
								"south": {"uv": [27, 33], "uv_size": [0.875, 0.25]},
								"west": {"uv": [33, 27], "uv_size": [0.875, 0.25]}
							}
						}
					]
				},
				{
					"name": "case",
					"parent": "root",
					"pivot": [-0.01277, 2.35017, 0.84795],
					"rotation": [0, -85, 0],
					"cubes": [
						{
							"origin": [-6.47038, 0.5, 0.3445],
							"size": [13.1, 3, 2.6],
							"uv": {
								"north": {"uv": [0, 0], "uv_size": [13.125, 3]},
								"east": {"uv": [28, 2], "uv_size": [2.625, 3]},
								"south": {"uv": [0, 3], "uv_size": [13.125, 3]},
								"west": {"uv": [28, 5], "uv_size": [2.625, 3]},
								"up": {"uv": [12, 16], "uv_size": [13.125, 2.625]},
								"down": {"uv": [0, 21.625], "uv_size": [13.125, -2.625]}
							}
						},
						{
							"origin": [-5.12038, 2.6, 1.1445],
							"size": [7.325, 0.901, 1.3],
							"uv": {
								"north": {"uv": [26, 18], "uv_size": [10.375, 0.875]},
								"east": {"uv": [31, 10], "uv_size": [2.25, 0.875]},
								"south": {"uv": [21, 27], "uv_size": [10.375, 0.875]},
								"west": {"uv": [19, 31], "uv_size": [2.25, 0.875]},
								"up": {"uv": [0.875, 39.75], "uv_size": [34, 6.125]},
								"down": {"uv": [0, 27.25], "uv_size": [10.375, -2.25]}
							}
						},
						{
							"origin": [-2.42038, 2.6, -0.6555],
							"size": [8.525, 0.901, 1.6],
							"uv": {
								"north": {"uv": [14, 11], "uv_size": [9.375, 0.875]},
								"east": {"uv": [31, 19], "uv_size": [2, 0.875]},
								"south": {"uv": [0, 28], "uv_size": [9.375, 0.875]},
								"west": {"uv": [31, 20], "uv_size": [2, 0.875]},
								"up": {"uv": [1.375, 48.5375], "uv_size": [37.625, 6.1125]},
								"down": {"uv": [26, 2], "uv_size": [9.375, -2]}
							}
						},
						{
							"origin": [4.62962, 0.5, -0.1555],
							"size": [0.8, 3, 1],
							"pivot": [5.02962, 2, 0.2445],
							"rotation": [0, 45, 0],
							"uv": {
								"north": {"uv": [15, 31], "uv_size": [0.75, 3]},
								"east": {"uv": [10, 28], "uv_size": [1, 3]},
								"south": {"uv": [16, 31], "uv_size": [0.75, 3]},
								"west": {"uv": [10, 31], "uv_size": [1, 3]},
								"up": {"uv": [32, 24], "uv_size": [0.75, 1]},
								"down": {"uv": [32, 28], "uv_size": [0.75, -1]}
							}
						},
						{
							"origin": [-6.47038, 0.5, -1.0555],
							"size": [13.1, 3, 2.6],
							"uv": {
								"north": {"uv": [0, 6], "uv_size": [13.125, 3]},
								"east": {"uv": [28, 8], "uv_size": [2.625, 3]},
								"south": {"uv": [0, 9], "uv_size": [13.125, 3]},
								"west": {"uv": [28, 19], "uv_size": [2.625, 3]},
								"up": {"uv": [14, 19], "uv_size": [13.125, 2.625]},
								"down": {"uv": [0, 24.625], "uv_size": [13.125, -2.625]}
							}
						},
						{
							"origin": [-6.57038, 0.55, -1.0055],
							"size": [1.7, 2.9, 3.9],
							"uv": {
								"north": {"uv": [0, 29], "uv_size": [1.875, 2.875]},
								"east": {"uv": [14, 22], "uv_size": [8.125, 2.875]},
								"south": {"uv": [2, 29], "uv_size": [1.875, 2.875]},
								"west": {"uv": [23, 22], "uv_size": [8.125, 2.875]},
								"up": {"uv": [26, 2], "uv_size": [1.875, 8.125]},
								"down": {"uv": [11, 35.125], "uv_size": [1.875, -8.125]}
							}
						}
					]
				},
				{
					"name": "positioning",
					"pivot": [-3.025, -8.95, -11.225]
				},
				{
					"name": "ground",
					"parent": "positioning",
					"pivot": [0, 0, 2]
				},
				{
					"name": "fixed",
					"parent": "positioning",
					"pivot": [-1.25, 11, 1.5],
					"rotation": [0.89803, -22.43537, -1.73977]
				},
				{
					"name": "thirdperson_hand",
					"parent": "positioning",
					"pivot": [-0.025, 2.05, 2.025],
					"rotation": [0, 90, 0]
				}
			]
		}
	]
}