{
	"format_version": "1.12.0",
	"minecraft:geometry": [
		{
			"description": {
				"identifier": "geometry.unknown",
				"texture_width": 64,
				"texture_height": 64,
				"visible_bounds_width": 3,
				"visible_bounds_height": 3.5,
				"visible_bounds_offset": [0, 1.25, 0]
			},
			"bones": [
				{
					"name": "root",
					"pivot": [0, 0, 0],
					"rotation": [0, 50, 0],
					"cubes": [
						{
							"origin": [5.78698, 0.15144, 0.78848],
							"size": [0.85626, 0.24376, 0.85626],
							"pivot": [6.21512, 3.41161, 1.21661],
							"rotation": [-0.80139, -0.39762, -0.55101],
							"uv": {
								"north": {"uv": [26, 33], "uv_size": [0.875, 0.25]},
								"east": {"uv": [33, 26], "uv_size": [0.875, 0.25]},
								"south": {"uv": [27, 33], "uv_size": [0.875, 0.25]},
								"west": {"uv": [33, 27], "uv_size": [0.875, 0.25]}
							}
						},
						{
							"origin": [5.66512, 0.02958, 0.6666],
							"size": [1.1, 0.1828, 1.1],
							"pivot": [6.21512, 3.41161, 1.21661],
							"rotation": [-0.80139, -0.39762, -0.55101],
							"uv": {
								"north": {"uv": [33, 28], "uv_size": [1.125, 0.125]},
								"east": {"uv": [29, 33], "uv_size": [1.125, 0.125]},
								"south": {"uv": [33, 29], "uv_size": [1.125, 0.125]},
								"west": {"uv": [31, 33], "uv_size": [1.125, 0.125]},
								"up": {"uv": [28, 31], "uv_size": [1.125, 1.125]},
								"down": {"uv": [31, 29.125], "uv_size": [1.125, -1.125]}
							}
						},
						{
							"origin": [5.81724, 3.92858, 0.81872],
							"size": [0.79576, 1.09886, 0.79576],
							"inflate": 0.001,
							"pivot": [6.21512, 3.41161, 1.21661],
							"rotation": [-0.80139, -0.39762, -0.55101],
							"uv": {
								"north": {"uv": [21, 32], "uv_size": [0.75, 1.125]},
								"east": {"uv": [22, 32], "uv_size": [0.75, 1.125]},
								"south": {"uv": [32, 22], "uv_size": [0.75, 1.125]},
								"west": {"uv": [23, 32], "uv_size": [0.75, 1.125]},
								"up": {"uv": [32, 32], "uv_size": [0.75, 0.75]},
								"down": {"uv": [0, 33.75], "uv_size": [0.75, -0.75]}
							}
						},
						{
							"origin": [5.81824, 3.56995, 0.55572],
							"size": [0.79376, 0.4875, 0.24374],
							"pivot": [6.21512, 3.41161, 1.21661],
							"rotation": [-23.30139, -0.39762, -0.55101],
							"uv": {
								"north": {"uv": [33, 9], "uv_size": [0.75, 0.5]},
								"east": {"uv": [4, 34], "uv_size": [0.25, 0.5]},
								"south": {"uv": [33, 19], "uv_size": [0.75, 0.5]},
								"west": {"uv": [34, 4], "uv_size": [0.25, 0.5]}
							}
						},
						{
							"origin": [5.8792, 5.02644, 0.88066],
							"size": [0.67186, 0.73126, 0.67186],
							"pivot": [6.21512, 3.41161, 1.21661],
							"rotation": [-0.80139, -0.39762, -0.55101],
							"uv": {
								"north": {"uv": [33, 2], "uv_size": [0.625, 0.75]},
								"east": {"uv": [3, 33], "uv_size": [0.625, 0.75]},
								"south": {"uv": [33, 3], "uv_size": [0.625, 0.75]},
								"west": {"uv": [4, 33], "uv_size": [0.625, 0.75]},
								"up": {"uv": [6, 33], "uv_size": [0.625, 0.625]}
							}
						},
						{
							"origin": [5.81824, 3.56996, 1.63375],
							"size": [0.79376, 0.4875, 0.24374],
							"pivot": [6.21512, 3.41161, 1.21661],
							"rotation": [21.69861, -0.39762, -0.55101],
							"uv": {
								"north": {"uv": [33, 8], "uv_size": [0.75, 0.5]},
								"east": {"uv": [3, 34], "uv_size": [0.25, 0.5]},
								"south": {"uv": [9, 33], "uv_size": [0.75, 0.5]},
								"west": {"uv": [34, 3], "uv_size": [0.25, 0.5]}
							}
						},
						{
							"origin": [5.94014, 5.7577, 0.9416],
							"size": [0.54998, 0.60938, 0.54998],
							"pivot": [6.21512, 3.41161, 1.21661],
							"rotation": [-0.80139, -0.39762, -0.55101],
							"uv": {
								"north": {"uv": [33, 20], "uv_size": [0.5, 0.625]},
								"east": {"uv": [33, 21], "uv_size": [0.5, 0.625]},
								"south": {"uv": [33, 22], "uv_size": [0.5, 0.625]},
								"west": {"uv": [33, 23], "uv_size": [0.5, 0.625]},
								"up": {"uv": [25, 33], "uv_size": [0.5, 0.5]}
							}
						},
						{
							"origin": [6.00106, 6.36708, 1.00252],
							"size": [0.42814, 0.2742, 0.42814],
							"pivot": [6.21512, 3.41161, 1.21661],
							"rotation": [-0.80139, -0.39762, -0.55101],
							"uv": {
								"north": {"uv": [34, 5], "uv_size": [0.375, 0.25]},
								"east": {"uv": [6, 34], "uv_size": [0.375, 0.25]},
								"south": {"uv": [34, 6], "uv_size": [0.375, 0.25]},
								"west": {"uv": [7, 34], "uv_size": [0.375, 0.25]},
								"up": {"uv": [28, 33], "uv_size": [0.375, 0.375]}
							}
						},
						{
							"origin": [6.09246, 6.61084, 1.09394],
							"size": [0.24532, 0.1828, 0.24532],
							"pivot": [6.21512, 3.41161, 1.21661],
							"rotation": [-0.80139, -0.39762, -0.55101],
							"uv": {
								"north": {"uv": [8, 34], "uv_size": [0.25, 0.125]},
								"east": {"uv": [34, 8], "uv_size": [0.25, 0.125]},
								"south": {"uv": [9, 34], "uv_size": [0.25, 0.125]},
								"west": {"uv": [34, 9], "uv_size": [0.25, 0.125]},
								"up": {"uv": [34, 7], "uv_size": [0.25, 0.25]}
							}
						},
						{
							"origin": [5.55423, 3.56996, 0.81972],
							"size": [0.24374, 0.4875, 0.79376],
							"pivot": [6.21512, 3.41161, 1.21661],
							"rotation": [-0.89254, -0.06069, 21.94668],
							"uv": {
								"north": {"uv": [0, 34], "uv_size": [0.25, 0.5]},
								"east": {"uv": [33, 7], "uv_size": [0.75, 0.5]},
								"south": {"uv": [34, 2], "uv_size": [0.25, 0.5]},
								"west": {"uv": [8, 33], "uv_size": [0.75, 0.5]}
							}
						},
						{
							"origin": [6.63227, 3.56996, 0.81972],
							"size": [0.24374, 0.4875, 0.79376],
							"pivot": [6.21512, 3.41161, 1.21661],
							"rotation": [-0.58824, -0.67403, -23.05034],
							"uv": {
								"north": {"uv": [33, 32], "uv_size": [0.25, 0.5]},
								"east": {"uv": [33, 6], "uv_size": [0.75, 0.5]},
								"south": {"uv": [33, 33], "uv_size": [0.25, 0.5]},
								"west": {"uv": [7, 33], "uv_size": [0.75, 0.5]}
							}
						},
						{
							"origin": [5.66512, 0.3952, 0.6666],
							"size": [1.1, 3.41564, 1.1],
							"pivot": [6.21512, 3.41161, 1.21661],
							"rotation": [-0.80139, -0.39762, -0.55101],
							"uv": {
								"north": {"uv": [4, 29], "uv_size": [1.125, 3.375]},
								"east": {"uv": [6, 29], "uv_size": [1.125, 3.375]},
								"south": {"uv": [8, 29], "uv_size": [1.125, 3.375]},
								"west": {"uv": [31, 2], "uv_size": [1.125, 3.375]},
								"up": {"uv": [24, 31], "uv_size": [1.125, 1.125]},
								"down": {"uv": [26, 32.125], "uv_size": [1.125, -1.125]}
							}
						},
						{
							"origin": [7.46512, -2.3048, -1.1334],
							"size": [1.1, 3.41564, 1.1],
							"pivot": [8.01512, 0.71161, -0.58339],
							"rotation": [89.19479, 0.551, -0.39764],
							"uv": {
								"north": {"uv": [4, 29], "uv_size": [1.125, 3.375]},
								"east": {"uv": [6, 29], "uv_size": [1.125, 3.375]},
								"south": {"uv": [8, 29], "uv_size": [1.125, 3.375]},
								"west": {"uv": [31, 2], "uv_size": [1.125, 3.375]},
								"up": {"uv": [24, 31], "uv_size": [1.125, 1.125]},
								"down": {"uv": [26, 32.125], "uv_size": [1.125, -1.125]}
							}
						},
						{
							"origin": [8.43227, 0.86996, -0.98028],
							"size": [0.24374, 0.4875, 0.79376],
							"pivot": [8.01512, 0.71161, -0.58339],
							"rotation": [89.12496, 23.04865, -0.73251],
							"uv": {
								"north": {"uv": [33, 32], "uv_size": [0.25, 0.5]},
								"east": {"uv": [33, 6], "uv_size": [0.75, 0.5]},
								"south": {"uv": [33, 33], "uv_size": [0.25, 0.5]},
								"west": {"uv": [7, 33], "uv_size": [0.75, 0.5]}
							}
						},
						{
							"origin": [7.35423, 0.86996, -0.98028],
							"size": [0.24374, 0.4875, 0.79376],
							"pivot": [8.01512, 0.71161, -0.58339],
							"rotation": [89.13191, -21.94667, -0.06543],
							"uv": {
								"north": {"uv": [0, 34], "uv_size": [0.25, 0.5]},
								"east": {"uv": [33, 7], "uv_size": [0.75, 0.5]},
								"south": {"uv": [34, 2], "uv_size": [0.25, 0.5]},
								"west": {"uv": [8, 33], "uv_size": [0.75, 0.5]}
							}
						},
						{
							"origin": [7.89246, 3.91084, -0.70606],
							"size": [0.24532, 0.1828, 0.24532],
							"pivot": [8.01512, 0.71161, -0.58339],
							"rotation": [89.19479, 0.551, -0.39764],
							"uv": {
								"north": {"uv": [8, 34], "uv_size": [0.25, 0.125]},
								"east": {"uv": [34, 8], "uv_size": [0.25, 0.125]},
								"south": {"uv": [9, 34], "uv_size": [0.25, 0.125]},
								"west": {"uv": [34, 9], "uv_size": [0.25, 0.125]},
								"up": {"uv": [34, 7], "uv_size": [0.25, 0.25]}
							}
						},
						{
							"origin": [7.80106, 3.66708, -0.79748],
							"size": [0.42814, 0.2742, 0.42814],
							"pivot": [8.01512, 0.71161, -0.58339],
							"rotation": [89.19479, 0.551, -0.39764],
							"uv": {
								"north": {"uv": [34, 5], "uv_size": [0.375, 0.25]},
								"east": {"uv": [6, 34], "uv_size": [0.375, 0.25]},
								"south": {"uv": [34, 6], "uv_size": [0.375, 0.25]},
								"west": {"uv": [7, 34], "uv_size": [0.375, 0.25]},
								"up": {"uv": [28, 33], "uv_size": [0.375, 0.375]}
							}
						},
						{
							"origin": [7.74014, 3.0577, -0.8584],
							"size": [0.54998, 0.60938, 0.54998],
							"pivot": [8.01512, 0.71161, -0.58339],
							"rotation": [89.19479, 0.551, -0.39764],
							"uv": {
								"north": {"uv": [33, 20], "uv_size": [0.5, 0.625]},
								"east": {"uv": [33, 21], "uv_size": [0.5, 0.625]},
								"south": {"uv": [33, 22], "uv_size": [0.5, 0.625]},
								"west": {"uv": [33, 23], "uv_size": [0.5, 0.625]},
								"up": {"uv": [25, 33], "uv_size": [0.5, 0.5]}
							}
						},
						{
							"origin": [7.61824, 0.86996, -0.16625],
							"size": [0.79376, 0.4875, 0.24374],
							"pivot": [8.01512, 0.71161, -0.58339],
							"rotation": [111.69479, 0.551, -0.39764],
							"uv": {
								"north": {"uv": [33, 8], "uv_size": [0.75, 0.5]},
								"east": {"uv": [3, 34], "uv_size": [0.25, 0.5]},
								"south": {"uv": [9, 33], "uv_size": [0.75, 0.5]},
								"west": {"uv": [34, 3], "uv_size": [0.25, 0.5]}
							}
						},
						{
							"origin": [7.6792, 2.32644, -0.91934],
							"size": [0.67186, 0.73126, 0.67186],
							"pivot": [8.01512, 0.71161, -0.58339],
							"rotation": [89.19479, 0.551, -0.39764],
							"uv": {
								"north": {"uv": [33, 2], "uv_size": [0.625, 0.75]},
								"east": {"uv": [3, 33], "uv_size": [0.625, 0.75]},
								"south": {"uv": [33, 3], "uv_size": [0.625, 0.75]},
								"west": {"uv": [4, 33], "uv_size": [0.625, 0.75]},
								"up": {"uv": [6, 33], "uv_size": [0.625, 0.625]}
							}
						},
						{
							"origin": [7.61824, 0.86995, -1.24428],
							"size": [0.79376, 0.4875, 0.24374],
							"pivot": [8.01512, 0.71161, -0.58339],
							"rotation": [66.69479, 0.551, -0.39764],
							"uv": {
								"north": {"uv": [33, 9], "uv_size": [0.75, 0.5]},
								"east": {"uv": [4, 34], "uv_size": [0.25, 0.5]},
								"south": {"uv": [33, 19], "uv_size": [0.75, 0.5]},
								"west": {"uv": [34, 4], "uv_size": [0.25, 0.5]}
							}
						},
						{
							"origin": [7.61724, 1.22858, -0.98128],
							"size": [0.79576, 1.09886, 0.79576],
							"inflate": 0.001,
							"pivot": [8.01512, 0.71161, -0.58339],
							"rotation": [89.19479, 0.551, -0.39764],
							"uv": {
								"north": {"uv": [21, 32], "uv_size": [0.75, 1.125]},
								"east": {"uv": [22, 32], "uv_size": [0.75, 1.125]},
								"south": {"uv": [32, 22], "uv_size": [0.75, 1.125]},
								"west": {"uv": [23, 32], "uv_size": [0.75, 1.125]},
								"up": {"uv": [32, 32], "uv_size": [0.75, 0.75]},
								"down": {"uv": [0, 33.75], "uv_size": [0.75, -0.75]}
							}
						},
						{
							"origin": [7.46512, -2.67042, -1.1334],
							"size": [1.1, 0.1828, 1.1],
							"pivot": [8.01512, 0.71161, -0.58339],
							"rotation": [89.19479, 0.551, -0.39764],
							"uv": {
								"north": {"uv": [33, 28], "uv_size": [1.125, 0.125]},
								"east": {"uv": [29, 33], "uv_size": [1.125, 0.125]},
								"south": {"uv": [33, 29], "uv_size": [1.125, 0.125]},
								"west": {"uv": [31, 33], "uv_size": [1.125, 0.125]},
								"up": {"uv": [28, 31], "uv_size": [1.125, 1.125]},
								"down": {"uv": [31, 29.125], "uv_size": [1.125, -1.125]}
							}
						},
						{
							"origin": [7.58698, -2.54856, -1.01152],
							"size": [0.85626, 0.24376, 0.85626],
							"pivot": [8.01512, 0.71161, -0.58339],
							"rotation": [89.19479, 0.551, -0.39764],
							"uv": {
								"north": {"uv": [26, 33], "uv_size": [0.875, 0.25]},
								"east": {"uv": [33, 26], "uv_size": [0.875, 0.25]},
								"south": {"uv": [27, 33], "uv_size": [0.875, 0.25]},
								"west": {"uv": [33, 27], "uv_size": [0.875, 0.25]}
							}
						}
					]
				},
				{
					"name": "case",
					"parent": "root",
					"pivot": [0, 0, 0],
					"rotation": [0, -22.5, 0],
					"cubes": [
						{
							"origin": [-9.2, 0, 1.7],
							"size": [13.1, 3, 2.6],
							"uv": {
								"north": {"uv": [0, 0], "uv_size": [13.125, 3]},
								"east": {"uv": [28, 2], "uv_size": [2.625, 3]},
								"south": {"uv": [0, 3], "uv_size": [13.125, 3]},
								"west": {"uv": [28, 5], "uv_size": [2.625, 3]},
								"up": {"uv": [12, 16], "uv_size": [13.125, 2.625]},
								"down": {"uv": [0, 21.625], "uv_size": [13.125, -2.625]}
							}
						},
						{
							"origin": [-9.05, 2.1, -0.7],
							"size": [11.425, 0.901, 1.8],
							"uv": {
								"north": {"uv": [26, 16], "uv_size": [11.375, 0.875]},
								"east": {"uv": [31, 21], "uv_size": [1.75, 0.875]},
								"south": {"uv": [26, 17], "uv_size": [11.375, 0.875]},
								"west": {"uv": [22, 31], "uv_size": [1.75, 0.875]},
								"up": {"uv": [24, 14], "uv_size": [11.375, 1.75]},
								"down": {"uv": [11, 26.75], "uv_size": [11.375, -1.75]}
							}
						},
						{
							"origin": [-7.85, 2.1, 1.4],
							"size": [10.025, 0.901, 2],
							"uv": {
								"north": {"uv": [26, 18], "uv_size": [10.375, 0.875]},
								"east": {"uv": [31, 10], "uv_size": [2.25, 0.875]},
								"south": {"uv": [21, 27], "uv_size": [10.375, 0.875]},
								"west": {"uv": [19, 31], "uv_size": [2.25, 0.875]},
								"up": {"uv": [0.875, 39.75], "uv_size": [34, 6.125]},
								"down": {"uv": [0, 27.25], "uv_size": [10.375, -2.25]}
							}
						},
						{
							"origin": [-7.75, 2.1, -2.9],
							"size": [8.525, 0.901, 1.8],
							"uv": {
								"north": {"uv": [14, 11], "uv_size": [9.375, 0.875]},
								"east": {"uv": [31, 19], "uv_size": [2, 0.875]},
								"south": {"uv": [0, 28], "uv_size": [9.375, 0.875]},
								"west": {"uv": [31, 20], "uv_size": [2, 0.875]},
								"up": {"uv": [1.375, 50.875], "uv_size": [29, 5.25]},
								"down": {"uv": [26, 2], "uv_size": [9.375, -2]}
							}
						},
						{
							"origin": [-9.2, 2.6, -1.4],
							"size": [11.6, 0.4, 3.2],
							"uv": {
								"north": {"uv": [13, 30], "uv_size": [11.625, 0.375]},
								"east": {"uv": [30, 31], "uv_size": [3.25, 0.375]},
								"south": {"uv": [25, 30], "uv_size": [11.625, 0.375]},
								"west": {"uv": [0, 32], "uv_size": [3.25, 0.375]},
								"up": {"uv": [0, 12], "uv_size": [11.625, 3.25]},
								"down": {"uv": [12, 15.25], "uv_size": [11.625, -3.25]}
							}
						},
						{
							"origin": [1.9, 0, 1.2],
							"size": [0.8, 3, 1],
							"pivot": [2.3, 1.5, 1.6],
							"rotation": [0, 45, 0],
							"uv": {
								"north": {"uv": [15, 31], "uv_size": [0.75, 3]},
								"east": {"uv": [10, 28], "uv_size": [1, 3]},
								"south": {"uv": [16, 31], "uv_size": [0.75, 3]},
								"west": {"uv": [10, 31], "uv_size": [1, 3]},
								"up": {"uv": [32, 24], "uv_size": [0.75, 1]},
								"down": {"uv": [32, 28], "uv_size": [0.75, -1]}
							}
						},
						{
							"origin": [1.8, 0, -1.6],
							"size": [0.9, 3, 0.7],
							"pivot": [2.3, 1.5, -1.5],
							"rotation": [0, 45, 0],
							"uv": {
								"north": {"uv": [13, 31], "uv_size": [0.875, 3]},
								"east": {"uv": [17, 31], "uv_size": [0.75, 3]},
								"south": {"uv": [14, 31], "uv_size": [0.875, 3]},
								"west": {"uv": [18, 31], "uv_size": [0.75, 3]},
								"up": {"uv": [30, 32], "uv_size": [0.875, 0.75]},
								"down": {"uv": [31, 32.75], "uv_size": [0.875, -0.75]}
							}
						},
						{
							"origin": [-9.2, 0, -3.9],
							"size": [13.1, 3, 2.6],
							"uv": {
								"north": {"uv": [0, 6], "uv_size": [13.125, 3]},
								"east": {"uv": [28, 8], "uv_size": [2.625, 3]},
								"south": {"uv": [0, 9], "uv_size": [13.125, 3]},
								"west": {"uv": [28, 19], "uv_size": [2.625, 3]},
								"up": {"uv": [14, 19], "uv_size": [13.125, 2.625]},
								"down": {"uv": [0, 24.625], "uv_size": [13.125, -2.625]}
							}
						},
						{
							"origin": [-9.2, 0, -1.4],
							"size": [11.6, 2.7, 3.1],
							"uv": {
								"north": {"uv": [14, 8], "uv_size": [11.625, 3]},
								"east": {"uv": [13, 27], "uv_size": [3.125, 3]},
								"south": {"uv": [0, 16], "uv_size": [11.625, 3]},
								"west": {"uv": [17, 27], "uv_size": [3.125, 3]},
								"up": {"uv": [14, 0], "uv_size": [11.625, 3.125]},
								"down": {"uv": [14, 7.125], "uv_size": [11.625, -3.125]}
							}
						},
						{
							"origin": [2.1, 0.05, -3.85],
							"size": [1.9, 2.9, 8.1],
							"uv": {
								"north": {"uv": [0, 29], "uv_size": [1.875, 2.875]},
								"east": {"uv": [14, 22], "uv_size": [8.125, 2.875]},
								"south": {"uv": [2, 29], "uv_size": [1.875, 2.875]},
								"west": {"uv": [23, 22], "uv_size": [8.125, 2.875]},
								"up": {"uv": [26, 2], "uv_size": [1.875, 8.125]},
								"down": {"uv": [11, 35.125], "uv_size": [1.875, -8.125]}
							}
						},
						{
							"origin": [2.095, 0.25, 1.95],
							"size": [0.205, 1.9, 2],
							"pivot": [3.05, 1.2, 0.2],
							"rotation": [0, 0, -180],
							"uv": {
								"north": {"uv": [33, 4], "uv_size": [0.25, 1.875]},
								"east": {"uv": [60.25, 47.875], "uv_size": [-8.25, -6.875]},
								"south": {"uv": [5, 33], "uv_size": [0.25, 1.875]},
								"west": {"uv": [31, 8], "uv_size": [2, 1.875]},
								"up": {"uv": [1, 33], "uv_size": [0.25, 2]},
								"down": {"uv": [2, 35], "uv_size": [0.25, -2]}
							}
						},
						{
							"origin": [2.095, -0.25, -3.65],
							"size": [0.205, 0.8, 5.5],
							"pivot": [3.05, 1.2, -2.9],
							"rotation": [0, 0, -180],
							"uv": {
								"north": {"uv": [24, 33], "uv_size": [0.25, 1.25]},
								"east": {"uv": [35.875, 63.875], "uv_size": [-34, -5.25]},
								"south": {"uv": [33, 24], "uv_size": [0.25, 1.25]},
								"west": {"uv": [26, 28], "uv_size": [4.5, 1.25]},
								"up": {"uv": [19, 32], "uv_size": [0.25, 4.5]},
								"down": {"uv": [20, 36.5], "uv_size": [0.25, -4.5]}
							}
						}
					]
				},
				{
					"name": "positioning",
					"pivot": [-3.025, -8.95, -11.225]
				},
				{
					"name": "ground",
					"parent": "positioning",
					"pivot": [0, 0, 2]
				},
				{
					"name": "fixed",
					"parent": "positioning",
					"pivot": [-1.25, 11, 1.5],
					"rotation": [0.89803, -22.43537, -1.73977]
				},
				{
					"name": "thirdperson_hand",
					"parent": "positioning",
					"pivot": [-0.025, 2.05, 2.025],
					"rotation": [0, 90, 0]
				}
			]
		}
	]
}