{
	"format_version": "1.12.0",
	"minecraft:geometry": [
		{
			"description": {
				"identifier": "geometry.unknown",
				"texture_width": 64,
				"texture_height": 64,
				"visible_bounds_width": 3,
				"visible_bounds_height": 1.5,
				"visible_bounds_offset": [0, 0.25, 0]
			},
			"bones": [
				{
					"name": "root",
					"pivot": [0, -0.3, 0],
					"cubes": [
						{
							"origin": [-0.16, 0.436, -2.048],
							"size": [0.064, 1.632, 4.48],
							"uv": {
								"north": {"uv": [28, 10], "uv_size": [0.25, 5]},
								"east": {"uv": [0, 0], "uv_size": [14, 5]},
								"south": {"uv": [28, 20], "uv_size": [0.25, 5]},
								"west": {"uv": [0, 5], "uv_size": [14, 5]},
								"up": {"uv": [6, 21], "uv_size": [0.25, 14]},
								"down": {"uv": [7, 35], "uv_size": [0.25, -14]}
							}
						},
						{
							"origin": [-0.096, 0.628, -2.016],
							"size": [0.32, 1.312, 2.656],
							"uv": {
								"north": {"uv": [14, 15], "uv_size": [1, 4]},
								"east": {"uv": [14, 0], "uv_size": [8.25, 4]},
								"south": {"uv": [15, 15], "uv_size": [1, 4]},
								"west": {"uv": [14, 4], "uv_size": [8.25, 4]},
								"up": {"uv": [4, 15], "uv_size": [1, 8.25]},
								"down": {"uv": [5, 23.25], "uv_size": [1, -8.25]}
							}
						},
						{
							"origin": [0.096, 0.18, -2.112],
							"size": [0.192, 0.224, 0.064],
							"uv": {
								"north": {"uv": [33, 24], "uv_size": [0.5, 0.75]},
								"east": {"uv": [37, 5], "uv_size": [0.25, 0.75]},
								"south": {"uv": [25, 33], "uv_size": [0.5, 0.75]},
								"west": {"uv": [6, 37], "uv_size": [0.25, 0.75]},
								"up": {"uv": [29, 38], "uv_size": [0.5, 0.25]},
								"down": {"uv": [38, 29.25], "uv_size": [0.5, -0.25]}
							}
						},
						{
							"origin": [-0.16, 0.18, -2.112],
							"size": [0.192, 0.224, 0.064],
							"uv": {
								"north": {"uv": [33, 27], "uv_size": [0.5, 0.75]},
								"east": {"uv": [37, 8], "uv_size": [0.25, 0.75]},
								"south": {"uv": [28, 33], "uv_size": [0.5, 0.75]},
								"west": {"uv": [9, 37], "uv_size": [0.25, 0.75]},
								"up": {"uv": [34, 38], "uv_size": [0.5, 0.25]},
								"down": {"uv": [38, 34.25], "uv_size": [0.5, -0.25]}
							}
						},
						{
							"origin": [0.192, 0.34, -2.112],
							"size": [0.096, 1.792, 0.064],
							"uv": {
								"north": {"uv": [12, 26], "uv_size": [0.25, 5.5]},
								"east": {"uv": [13, 26], "uv_size": [0.25, 5.5]},
								"south": {"uv": [14, 26], "uv_size": [0.25, 5.5]},
								"west": {"uv": [15, 26], "uv_size": [0.25, 5.5]},
								"up": {"uv": [39, 37], "uv_size": [0.25, 0.25]},
								"down": {"uv": [38, 39.25], "uv_size": [0.25, -0.25]}
							}
						},
						{
							"origin": [-0.064, 0.34, -2.112],
							"size": [0.256, 0.672, 0.064],
							"uv": {
								"north": {"uv": [16, 24], "uv_size": [0.75, 2]},
								"east": {"uv": [33, 20], "uv_size": [0.25, 2]},
								"south": {"uv": [24, 16], "uv_size": [0.75, 2]},
								"west": {"uv": [21, 33], "uv_size": [0.25, 2]},
								"up": {"uv": [37, 9], "uv_size": [0.75, 0.25]},
								"down": {"uv": [10, 37.25], "uv_size": [0.75, -0.25]}
							}
						},
						{
							"origin": [0, 0.5, -2.176],
							"size": [0.16, 0.48, 0.096],
							"uv": {
								"north": {"uv": [31, 12], "uv_size": [0.5, 1.5]},
								"east": {"uv": [33, 28], "uv_size": [0.25, 1.5]},
								"south": {"uv": [31, 14], "uv_size": [0.5, 1.5]},
								"west": {"uv": [29, 33], "uv_size": [0.25, 1.5]},
								"up": {"uv": [35, 38], "uv_size": [0.5, 0.25]},
								"down": {"uv": [38, 35.25], "uv_size": [0.5, -0.25]}
							}
						},
						{
							"origin": [-0.064, 1.076, -2.112],
							"size": [0.256, 0.064, 0.064],
							"uv": {
								"north": {"uv": [37, 10], "uv_size": [0.75, 0.25]},
								"east": {"uv": [0, 40], "uv_size": [0.25, 0.25]},
								"south": {"uv": [11, 37], "uv_size": [0.75, 0.25]},
								"west": {"uv": [40, 0], "uv_size": [0.25, 0.25]},
								"up": {"uv": [37, 11], "uv_size": [0.75, 0.25]},
								"down": {"uv": [12, 37.25], "uv_size": [0.75, -0.25]}
							}
						},
						{
							"origin": [-0.064, 1.204, -2.112],
							"size": [0.256, 0.064, 0.064],
							"uv": {
								"north": {"uv": [37, 12], "uv_size": [0.75, 0.25]},
								"east": {"uv": [1, 40], "uv_size": [0.25, 0.25]},
								"south": {"uv": [13, 37], "uv_size": [0.75, 0.25]},
								"west": {"uv": [40, 1], "uv_size": [0.25, 0.25]},
								"up": {"uv": [37, 13], "uv_size": [0.75, 0.25]},
								"down": {"uv": [14, 37.25], "uv_size": [0.75, -0.25]}
							}
						},
						{
							"origin": [-0.064, 1.332, -2.112],
							"size": [0.256, 0.064, 0.064],
							"uv": {
								"north": {"uv": [37, 14], "uv_size": [0.75, 0.25]},
								"east": {"uv": [2, 40], "uv_size": [0.25, 0.25]},
								"south": {"uv": [15, 37], "uv_size": [0.75, 0.25]},
								"west": {"uv": [40, 2], "uv_size": [0.25, 0.25]},
								"up": {"uv": [37, 15], "uv_size": [0.75, 0.25]},
								"down": {"uv": [16, 37.25], "uv_size": [0.75, -0.25]}
							}
						},
						{
							"origin": [-0.064, 1.716, -2.112],
							"size": [0.256, 0.064, 0.064],
							"uv": {
								"north": {"uv": [37, 20], "uv_size": [0.75, 0.25]},
								"east": {"uv": [5, 40], "uv_size": [0.25, 0.25]},
								"south": {"uv": [21, 37], "uv_size": [0.75, 0.25]},
								"west": {"uv": [40, 5], "uv_size": [0.25, 0.25]},
								"up": {"uv": [37, 21], "uv_size": [0.75, 0.25]},
								"down": {"uv": [22, 37.25], "uv_size": [0.75, -0.25]}
							}
						},
						{
							"origin": [-0.064, 1.844, -2.112],
							"size": [0.256, 0.064, 0.064],
							"uv": {
								"north": {"uv": [37, 22], "uv_size": [0.75, 0.25]},
								"east": {"uv": [6, 40], "uv_size": [0.25, 0.25]},
								"south": {"uv": [23, 37], "uv_size": [0.75, 0.25]},
								"west": {"uv": [40, 6], "uv_size": [0.25, 0.25]},
								"up": {"uv": [37, 23], "uv_size": [0.75, 0.25]},
								"down": {"uv": [24, 37.25], "uv_size": [0.75, -0.25]}
							}
						},
						{
							"origin": [-0.064, 1.972, -2.112],
							"size": [0.256, 0.096, 0.064],
							"uv": {
								"north": {"uv": [37, 24], "uv_size": [0.75, 0.25]},
								"east": {"uv": [7, 40], "uv_size": [0.25, 0.25]},
								"south": {"uv": [25, 37], "uv_size": [0.75, 0.25]},
								"west": {"uv": [40, 7], "uv_size": [0.25, 0.25]},
								"up": {"uv": [37, 25], "uv_size": [0.75, 0.25]},
								"down": {"uv": [26, 37.25], "uv_size": [0.75, -0.25]}
							}
						},
						{
							"origin": [-0.064, 1.588, -2.112],
							"size": [0.256, 0.064, 0.064],
							"uv": {
								"north": {"uv": [37, 18], "uv_size": [0.75, 0.25]},
								"east": {"uv": [4, 40], "uv_size": [0.25, 0.25]},
								"south": {"uv": [19, 37], "uv_size": [0.75, 0.25]},
								"west": {"uv": [40, 4], "uv_size": [0.25, 0.25]},
								"up": {"uv": [37, 19], "uv_size": [0.75, 0.25]},
								"down": {"uv": [20, 37.25], "uv_size": [0.75, -0.25]}
							}
						},
						{
							"origin": [-0.064, 1.46, -2.112],
							"size": [0.256, 0.064, 0.064],
							"uv": {
								"north": {"uv": [37, 16], "uv_size": [0.75, 0.25]},
								"east": {"uv": [3, 40], "uv_size": [0.25, 0.25]},
								"south": {"uv": [17, 37], "uv_size": [0.75, 0.25]},
								"west": {"uv": [40, 3], "uv_size": [0.25, 0.25]},
								"up": {"uv": [37, 17], "uv_size": [0.75, 0.25]},
								"down": {"uv": [18, 37.25], "uv_size": [0.75, -0.25]}
							}
						},
						{
							"origin": [-0.16, 0.34, -2.112],
							"size": [0.096, 1.792, 0.064],
							"uv": {
								"north": {"uv": [16, 26], "uv_size": [0.25, 5.5]},
								"east": {"uv": [26, 20], "uv_size": [0.25, 5.5]},
								"south": {"uv": [24, 26], "uv_size": [0.25, 5.5]},
								"west": {"uv": [25, 26], "uv_size": [0.25, 5.5]},
								"up": {"uv": [39, 38], "uv_size": [0.25, 0.25]},
								"down": {"uv": [39, 39.25], "uv_size": [0.25, -0.25]}
							}
						},
						{
							"origin": [0.096, 2.068, -2.368],
							"size": [0.192, 0.064, 0.256],
							"uv": {
								"north": {"uv": [30, 38], "uv_size": [0.5, 0.25]},
								"east": {"uv": [37, 6], "uv_size": [0.75, 0.25]},
								"south": {"uv": [38, 30], "uv_size": [0.5, 0.25]},
								"west": {"uv": [7, 37], "uv_size": [0.75, 0.25]},
								"up": {"uv": [33, 25], "uv_size": [0.5, 0.75]},
								"down": {"uv": [26, 33.75], "uv_size": [0.5, -0.75]}
							}
						},
						{
							"origin": [-0.16, 2.068, -2.368],
							"size": [0.192, 0.064, 0.256],
							"uv": {
								"north": {"uv": [31, 38], "uv_size": [0.5, 0.25]},
								"east": {"uv": [37, 7], "uv_size": [0.75, 0.25]},
								"south": {"uv": [38, 31], "uv_size": [0.5, 0.25]},
								"west": {"uv": [8, 37], "uv_size": [0.75, 0.25]},
								"up": {"uv": [33, 26], "uv_size": [0.5, 0.75]},
								"down": {"uv": [27, 33.75], "uv_size": [0.5, -0.75]}
							}
						},
						{
							"origin": [-0.064, 2.068, -2.272],
							"size": [0.256, 0.064, 0.224],
							"uv": {
								"north": {"uv": [39, 36], "uv_size": [0.25, 0.25]},
								"east": {"uv": [32, 38], "uv_size": [0.5, 0.25]},
								"south": {"uv": [37, 39], "uv_size": [0.25, 0.25]},
								"west": {"uv": [38, 32], "uv_size": [0.5, 0.25]},
								"up": {"uv": [33, 38], "uv_size": [0.25, 0.5]},
								"down": {"uv": [38, 33.5], "uv_size": [0.25, -0.5]}
							}
						},
						{
							"origin": [0.256, 0.468, -2.048],
							"size": [0.032, 1.632, 3.072],
							"uv": {
								"north": {"uv": [22, 28], "uv_size": [0.25, 5]},
								"east": {"uv": [0, 10], "uv_size": [9.5, 5]},
								"south": {"uv": [28, 25], "uv_size": [0.25, 5]},
								"west": {"uv": [10, 10], "uv_size": [9.5, 5]},
								"up": {"uv": [23, 20], "uv_size": [0.25, 9.5]},
								"down": {"uv": [21, 32.5], "uv_size": [0.25, -9.5]}
							}
						},
						{
							"origin": [0.256, 0.468, 2.08],
							"size": [0.032, 1.632, 0.416],
							"uv": {
								"north": {"uv": [26, 28], "uv_size": [0.25, 5]},
								"east": {"uv": [6, 15], "uv_size": [1.25, 5]},
								"south": {"uv": [27, 28], "uv_size": [0.25, 5]},
								"west": {"uv": [8, 15], "uv_size": [1.25, 5]},
								"up": {"uv": [14, 34], "uv_size": [0.25, 1.25]},
								"down": {"uv": [34, 15.25], "uv_size": [0.25, -1.25]}
							}
						},
						{
							"origin": [0.256, 1.812, 1.024],
							"size": [0.032, 0.288, 1.312],
							"uv": {
								"north": {"uv": [25, 36], "uv_size": [0.25, 1]},
								"east": {"uv": [14, 8], "uv_size": [4, 1]},
								"south": {"uv": [36, 25], "uv_size": [0.25, 1]},
								"west": {"uv": [14, 9], "uv_size": [4, 1]},
								"up": {"uv": [9, 29], "uv_size": [0.25, 4]},
								"down": {"uv": [10, 33], "uv_size": [0.25, -4]}
							}
						},
						{
							"origin": [0.256, 0.468, 1.024],
							"size": [0.032, 0.288, 1.312],
							"uv": {
								"north": {"uv": [26, 36], "uv_size": [0.25, 1]},
								"east": {"uv": [16, 15], "uv_size": [4, 1]},
								"south": {"uv": [36, 26], "uv_size": [0.25, 1]},
								"west": {"uv": [16, 16], "uv_size": [4, 1]},
								"up": {"uv": [29, 10], "uv_size": [0.25, 4]},
								"down": {"uv": [11, 33], "uv_size": [0.25, -4]}
							}
						},
						{
							"origin": [-0.096, 2.068, -2.048],
							"size": [0.352, 0.032, 4.544],
							"uv": {
								"north": {"uv": [23, 36], "uv_size": [1, 0.25]},
								"east": {"uv": [18, 9], "uv_size": [14.25, 0.25]},
								"south": {"uv": [36, 23], "uv_size": [1, 0.25]},
								"west": {"uv": [16, 18], "uv_size": [14.25, 0.25]},
								"up": {"uv": [0, 15], "uv_size": [1, 14.25]},
								"down": {"uv": [1, 29.25], "uv_size": [1, -14.25]}
							}
						},
						{
							"origin": [-0.096, 0.468, -2.048],
							"size": [0.352, 0.032, 4.544],
							"uv": {
								"north": {"uv": [24, 36], "uv_size": [1, 0.25]},
								"east": {"uv": [14, 19], "uv_size": [14.25, 0.25]},
								"south": {"uv": [36, 24], "uv_size": [1, 0.25]},
								"west": {"uv": [6, 20], "uv_size": [14.25, 0.25]},
								"up": {"uv": [2, 15], "uv_size": [1, 14.25]},
								"down": {"uv": [3, 29.25], "uv_size": [1, -14.25]}
							}
						},
						{
							"origin": [-0.096, 0.468, 2.496],
							"size": [0.384, 1.632, 0.032],
							"uv": {
								"north": {"uv": [10, 15], "uv_size": [1.25, 5]},
								"east": {"uv": [29, 0], "uv_size": [0.25, 5]},
								"south": {"uv": [12, 15], "uv_size": [1.25, 5]},
								"west": {"uv": [4, 29], "uv_size": [0.25, 5]},
								"up": {"uv": [15, 34], "uv_size": [1.25, 0.25]},
								"down": {"uv": [34, 16.25], "uv_size": [1.25, -0.25]}
							}
						},
						{
							"origin": [-0.16, 0.18, -1.184],
							"size": [0.064, 0.256, 1.536],
							"uv": {
								"north": {"uv": [27, 36], "uv_size": [0.25, 0.75]},
								"east": {"uv": [16, 17], "uv_size": [4.75, 0.75]},
								"south": {"uv": [36, 27], "uv_size": [0.25, 0.75]},
								"west": {"uv": [18, 8], "uv_size": [4.75, 0.75]},
								"up": {"uv": [5, 29], "uv_size": [0.25, 4.75]},
								"down": {"uv": [8, 33.75], "uv_size": [0.25, -4.75]}
							}
						},
						{
							"origin": [-0.16, 0.18, -1.44],
							"size": [0.064, 0.256, 0.224],
							"uv": {
								"north": {"uv": [28, 36], "uv_size": [0.25, 0.75]},
								"east": {"uv": [19, 31], "uv_size": [0.75, 0.75]},
								"south": {"uv": [36, 28], "uv_size": [0.25, 0.75]},
								"west": {"uv": [31, 19], "uv_size": [0.75, 0.75]},
								"up": {"uv": [29, 36], "uv_size": [0.25, 0.75]},
								"down": {"uv": [36, 29.75], "uv_size": [0.25, -0.75]}
							}
						},
						{
							"origin": [-0.16, 0.372, -1.216],
							"size": [0.064, 0.064, 0.032],
							"uv": {
								"north": {"uv": [39, 21], "uv_size": [0.25, 0.25]},
								"east": {"uv": [22, 39], "uv_size": [0.25, 0.25]},
								"south": {"uv": [39, 22], "uv_size": [0.25, 0.25]},
								"west": {"uv": [23, 39], "uv_size": [0.25, 0.25]},
								"up": {"uv": [39, 23], "uv_size": [0.25, 0.25]},
								"down": {"uv": [24, 39.25], "uv_size": [0.25, -0.25]}
							}
						},
						{
							"origin": [-0.16, 0.244, 0.416],
							"size": [0.064, 0.192, 0.128],
							"uv": {
								"north": {"uv": [37, 28], "uv_size": [0.25, 0.5]},
								"east": {"uv": [34, 19], "uv_size": [0.5, 0.5]},
								"south": {"uv": [29, 37], "uv_size": [0.25, 0.5]},
								"west": {"uv": [20, 34], "uv_size": [0.5, 0.5]},
								"up": {"uv": [37, 29], "uv_size": [0.25, 0.5]},
								"down": {"uv": [30, 37.5], "uv_size": [0.25, -0.5]}
							}
						},
						{
							"origin": [-0.16, 0.244, 0.544],
							"size": [0.064, 0.064, 0.096],
							"uv": {
								"north": {"uv": [39, 18], "uv_size": [0.25, 0.25]},
								"east": {"uv": [19, 39], "uv_size": [0.25, 0.25]},
								"south": {"uv": [39, 19], "uv_size": [0.25, 0.25]},
								"west": {"uv": [20, 39], "uv_size": [0.25, 0.25]},
								"up": {"uv": [39, 20], "uv_size": [0.25, 0.25]},
								"down": {"uv": [21, 39.25], "uv_size": [0.25, -0.25]}
							}
						}
					]
				},
				{
					"name": "bone",
					"parent": "root",
					"pivot": [0.064, 1.29602, 1.536],
					"cubes": [
						{
							"origin": [-0.08877, 1.14793, 1.42906],
							"size": [0.30554, 0.54719, 0.21388],
							"uv": {
								"north": {"uv": [21, 16], "uv_size": [1, 1.75]},
								"east": {"uv": [25, 16], "uv_size": [0.75, 1.75]},
								"south": {"uv": [22, 16], "uv_size": [1, 1.75]},
								"west": {"uv": [26, 13], "uv_size": [0.75, 1.75]},
								"up": {"uv": [20, 16], "uv_size": [1, 0.75]},
								"down": {"uv": [24, 8.75], "uv_size": [1, -0.75]}
							}
						},
						{
							"origin": [-0.08877, 1.13949, 1.46057],
							"size": [0.30554, 0.54719, 0.21388],
							"pivot": [0.064, 1.35059, 1.5675],
							"rotation": [-30, 0, 0],
							"uv": {
								"north": {"uv": [23, 10], "uv_size": [1, 1.75]},
								"east": {"uv": [26, 15], "uv_size": [0.75, 1.75]},
								"south": {"uv": [23, 12], "uv_size": [1, 1.75]},
								"west": {"uv": [26, 26], "uv_size": [0.75, 1.75]},
								"up": {"uv": [26, 17], "uv_size": [1, 0.75]},
								"down": {"uv": [30, 7.75], "uv_size": [1, -0.75]}
							}
						},
						{
							"origin": [-0.08877, 1.11643, 1.48363],
							"size": [0.30554, 0.54719, 0.21388],
							"pivot": [0.064, 1.32752, 1.59057],
							"rotation": [-60, 0, 0],
							"uv": {
								"north": {"uv": [23, 14], "uv_size": [1, 1.75]},
								"east": {"uv": [27, 0], "uv_size": [0.75, 1.75]},
								"south": {"uv": [23, 16], "uv_size": [1, 1.75]},
								"west": {"uv": [27, 2], "uv_size": [0.75, 1.75]},
								"up": {"uv": [30, 14], "uv_size": [1, 0.75]},
								"down": {"uv": [30, 15.75], "uv_size": [1, -0.75]}
							}
						},
						{
							"origin": [-0.08877, 1.08492, 1.49207],
							"size": [0.30554, 0.54719, 0.21388],
							"pivot": [0.064, 1.29602, 1.59901],
							"rotation": [-90, 0, 0],
							"uv": {
								"north": {"uv": [22, 23], "uv_size": [1, 1.75]},
								"east": {"uv": [27, 4], "uv_size": [0.75, 1.75]},
								"south": {"uv": [24, 0], "uv_size": [1, 1.75]},
								"west": {"uv": [27, 6], "uv_size": [0.75, 1.75]},
								"up": {"uv": [30, 16], "uv_size": [1, 0.75]},
								"down": {"uv": [17, 30.75], "uv_size": [1, -0.75]}
							}
						},
						{
							"origin": [-0.08877, 1.05342, 1.48363],
							"size": [0.30554, 0.54719, 0.21388],
							"pivot": [0.064, 1.26452, 1.59057],
							"rotation": [-120, 0, 0],
							"uv": {
								"north": {"uv": [24, 2], "uv_size": [1, 1.75]},
								"east": {"uv": [27, 10], "uv_size": [0.75, 1.75]},
								"south": {"uv": [4, 24], "uv_size": [1, 1.75]},
								"west": {"uv": [27, 12], "uv_size": [0.75, 1.75]},
								"up": {"uv": [30, 17], "uv_size": [1, 0.75]},
								"down": {"uv": [18, 30.75], "uv_size": [1, -0.75]}
							}
						},
						{
							"origin": [-0.08877, 1.03036, 1.46057],
							"size": [0.30554, 0.54719, 0.21388],
							"pivot": [0.064, 1.24146, 1.5675],
							"rotation": [-150, 0, 0],
							"uv": {
								"north": {"uv": [24, 4], "uv_size": [1, 1.75]},
								"east": {"uv": [27, 14], "uv_size": [0.75, 1.75]},
								"south": {"uv": [5, 24], "uv_size": [1, 1.75]},
								"west": {"uv": [27, 16], "uv_size": [0.75, 1.75]},
								"up": {"uv": [19, 30], "uv_size": [1, 0.75]},
								"down": {"uv": [20, 30.75], "uv_size": [1, -0.75]}
							}
						},
						{
							"origin": [-0.08877, 1.02192, 1.42906],
							"size": [0.30554, 0.54719, 0.21388],
							"pivot": [0.064, 1.23301, 1.536],
							"rotation": [180, 0, 0],
							"uv": {
								"north": {"uv": [24, 6], "uv_size": [1, 1.75]},
								"east": {"uv": [17, 27], "uv_size": [0.75, 1.75]},
								"south": {"uv": [8, 24], "uv_size": [1, 1.75]},
								"west": {"uv": [18, 27], "uv_size": [0.75, 1.75]},
								"up": {"uv": [23, 30], "uv_size": [1, 0.75]},
								"down": {"uv": [28, 30.75], "uv_size": [1, -0.75]}
							}
						},
						{
							"origin": [-0.08877, 1.03036, 1.39756],
							"size": [0.30554, 0.54719, 0.21388],
							"pivot": [0.064, 1.24146, 1.5045],
							"rotation": [150, 0, 0],
							"uv": {
								"north": {"uv": [9, 24], "uv_size": [1, 1.75]},
								"east": {"uv": [19, 27], "uv_size": [0.75, 1.75]},
								"south": {"uv": [10, 24], "uv_size": [1, 1.75]},
								"west": {"uv": [20, 27], "uv_size": [0.75, 1.75]},
								"up": {"uv": [29, 30], "uv_size": [1, 0.75]},
								"down": {"uv": [30, 30.75], "uv_size": [1, -0.75]}
							}
						},
						{
							"origin": [-0.08877, 1.05342, 1.3745],
							"size": [0.30554, 0.54719, 0.21388],
							"pivot": [0.064, 1.26452, 1.48143],
							"rotation": [120, 0, 0],
							"uv": {
								"north": {"uv": [24, 10], "uv_size": [1, 1.75]},
								"east": {"uv": [27, 20], "uv_size": [0.75, 1.75]},
								"south": {"uv": [11, 24], "uv_size": [1, 1.75]},
								"west": {"uv": [27, 22], "uv_size": [0.75, 1.75]},
								"up": {"uv": [0, 31], "uv_size": [1, 0.75]},
								"down": {"uv": [1, 31.75], "uv_size": [1, -0.75]}
							}
						},
						{
							"origin": [-0.08877, 1.08492, 1.36605],
							"size": [0.30554, 0.54719, 0.21388],
							"pivot": [0.064, 1.29602, 1.47299],
							"rotation": [90, 0, 0],
							"uv": {
								"north": {"uv": [12, 24], "uv_size": [1, 1.75]},
								"east": {"uv": [27, 24], "uv_size": [0.75, 1.75]},
								"south": {"uv": [24, 12], "uv_size": [1, 1.75]},
								"west": {"uv": [27, 26], "uv_size": [0.75, 1.75]},
								"up": {"uv": [2, 31], "uv_size": [1, 0.75]},
								"down": {"uv": [3, 31.75], "uv_size": [1, -0.75]}
							}
						},
						{
							"origin": [-0.08877, 1.11643, 1.3745],
							"size": [0.30554, 0.54719, 0.21388],
							"pivot": [0.064, 1.32752, 1.48143],
							"rotation": [60, 0, 0],
							"uv": {
								"north": {"uv": [13, 24], "uv_size": [1, 1.75]},
								"east": {"uv": [28, 0], "uv_size": [0.75, 1.75]},
								"south": {"uv": [14, 24], "uv_size": [1, 1.75]},
								"west": {"uv": [28, 2], "uv_size": [0.75, 1.75]},
								"up": {"uv": [31, 7], "uv_size": [1, 0.75]},
								"down": {"uv": [31, 8.75], "uv_size": [1, -0.75]}
							}
						},
						{
							"origin": [-0.08877, 1.13949, 1.39756],
							"size": [0.30554, 0.54719, 0.21388],
							"pivot": [0.064, 1.35059, 1.5045],
							"rotation": [30, 0, 0],
							"uv": {
								"north": {"uv": [24, 14], "uv_size": [1, 1.75]},
								"east": {"uv": [28, 4], "uv_size": [0.75, 1.75]},
								"south": {"uv": [15, 24], "uv_size": [1, 1.75]},
								"west": {"uv": [28, 6], "uv_size": [0.75, 1.75]},
								"up": {"uv": [31, 10], "uv_size": [1, 0.75]},
								"down": {"uv": [31, 11.75], "uv_size": [1, -0.75]}
							}
						}
					]
				},
				{
					"name": "fan",
					"parent": "root",
					"pivot": [0.016, 1.29602, 1.536],
					"cubes": [
						{
							"origin": [-0.09657, 1.78233, 1.6668],
							"size": [0.28914, 0.13236, 0.02639],
							"uv": {
								"north": {"uv": [32, 7], "uv_size": [1, 0.5]},
								"east": {"uv": [37, 30], "uv_size": [0.25, 0.5]},
								"south": {"uv": [32, 8], "uv_size": [1, 0.5]},
								"west": {"uv": [31, 37], "uv_size": [0.25, 0.5]},
								"up": {"uv": [34, 20], "uv_size": [1, 0.25]},
								"down": {"uv": [34, 21.25], "uv_size": [1, -0.25]}
							}
						},
						{
							"origin": [-0.09657, 1.76992, 1.71311],
							"size": [0.28914, 0.13236, 0.0264],
							"pivot": [0.064, 1.37623, 1.58231],
							"rotation": [-30, 0, 0],
							"uv": {
								"north": {"uv": [32, 10], "uv_size": [1, 0.5]},
								"east": {"uv": [37, 31], "uv_size": [0.25, 0.5]},
								"south": {"uv": [32, 11], "uv_size": [1, 0.5]},
								"west": {"uv": [32, 37], "uv_size": [0.25, 0.5]},
								"up": {"uv": [34, 22], "uv_size": [1, 0.25]},
								"down": {"uv": [34, 23.25], "uv_size": [1, -0.25]}
							}
						},
						{
							"origin": [-0.09657, 1.73602, 1.74701],
							"size": [0.28914, 0.13237, 0.0264],
							"pivot": [0.064, 1.34233, 1.61621],
							"rotation": [-60, 0, 0],
							"uv": {
								"north": {"uv": [12, 32], "uv_size": [1, 0.5]},
								"east": {"uv": [37, 32], "uv_size": [0.25, 0.5]},
								"south": {"uv": [32, 12], "uv_size": [1, 0.5]},
								"west": {"uv": [33, 37], "uv_size": [0.25, 0.5]},
								"up": {"uv": [34, 24], "uv_size": [1, 0.25]},
								"down": {"uv": [25, 34.25], "uv_size": [1, -0.25]}
							}
						},
						{
							"origin": [-0.09657, 1.68971, 1.75942],
							"size": [0.28914, 0.13237, 0.0264],
							"pivot": [0.064, 1.29602, 1.62862],
							"rotation": [-90, 0, 0],
							"uv": {
								"north": {"uv": [13, 32], "uv_size": [1, 0.5]},
								"east": {"uv": [37, 33], "uv_size": [0.25, 0.5]},
								"south": {"uv": [32, 13], "uv_size": [1, 0.5]},
								"west": {"uv": [34, 37], "uv_size": [0.25, 0.5]},
								"up": {"uv": [34, 25], "uv_size": [1, 0.25]},
								"down": {"uv": [26, 34.25], "uv_size": [1, -0.25]}
							}
						},
						{
							"origin": [-0.09657, 1.6434, 1.74701],
							"size": [0.28914, 0.13236, 0.0264],
							"pivot": [0.064, 1.24971, 1.61621],
							"rotation": [-120, 0, 0],
							"uv": {
								"north": {"uv": [14, 32], "uv_size": [1, 0.5]},
								"east": {"uv": [37, 34], "uv_size": [0.25, 0.5]},
								"south": {"uv": [32, 14], "uv_size": [1, 0.5]},
								"west": {"uv": [35, 37], "uv_size": [0.25, 0.5]},
								"up": {"uv": [34, 26], "uv_size": [1, 0.25]},
								"down": {"uv": [27, 34.25], "uv_size": [1, -0.25]}
							}
						},
						{
							"origin": [-0.09657, 1.60949, 1.71311],
							"size": [0.28914, 0.13237, 0.0264],
							"pivot": [0.064, 1.21581, 1.58231],
							"rotation": [-150, 0, 0],
							"uv": {
								"north": {"uv": [15, 32], "uv_size": [1, 0.5]},
								"east": {"uv": [37, 35], "uv_size": [0.25, 0.5]},
								"south": {"uv": [32, 15], "uv_size": [1, 0.5]},
								"west": {"uv": [36, 37], "uv_size": [0.25, 0.5]},
								"up": {"uv": [34, 27], "uv_size": [1, 0.25]},
								"down": {"uv": [28, 34.25], "uv_size": [1, -0.25]}
							}
						},
						{
							"origin": [-0.09657, 1.59709, 1.6668],
							"size": [0.28914, 0.13236, 0.02639],
							"pivot": [0.064, 1.2034, 1.536],
							"rotation": [180, 0, 0],
							"uv": {
								"north": {"uv": [16, 32], "uv_size": [1, 0.5]},
								"east": {"uv": [37, 36], "uv_size": [0.25, 0.5]},
								"south": {"uv": [17, 32], "uv_size": [1, 0.5]},
								"west": {"uv": [37, 37], "uv_size": [0.25, 0.5]},
								"up": {"uv": [34, 28], "uv_size": [1, 0.25]},
								"down": {"uv": [34, 29.25], "uv_size": [1, -0.25]}
							}
						},
						{
							"origin": [-0.09657, 1.60949, 1.62049],
							"size": [0.28914, 0.13237, 0.0264],
							"pivot": [0.064, 1.21581, 1.48969],
							"rotation": [150, 0, 0],
							"uv": {
								"north": {"uv": [18, 32], "uv_size": [1, 0.5]},
								"east": {"uv": [0, 38], "uv_size": [0.25, 0.5]},
								"south": {"uv": [19, 32], "uv_size": [1, 0.5]},
								"west": {"uv": [38, 0], "uv_size": [0.25, 0.5]},
								"up": {"uv": [34, 30], "uv_size": [1, 0.25]},
								"down": {"uv": [34, 31.25], "uv_size": [1, -0.25]}
							}
						},
						{
							"origin": [-0.09657, 1.6434, 1.58659],
							"size": [0.28914, 0.13236, 0.0264],
							"pivot": [0.064, 1.24971, 1.45579],
							"rotation": [120, 0, 0],
							"uv": {
								"north": {"uv": [32, 19], "uv_size": [1, 0.5]},
								"east": {"uv": [1, 38], "uv_size": [0.25, 0.5]},
								"south": {"uv": [32, 20], "uv_size": [1, 0.5]},
								"west": {"uv": [38, 1], "uv_size": [0.25, 0.5]},
								"up": {"uv": [34, 32], "uv_size": [1, 0.25]},
								"down": {"uv": [33, 34.25], "uv_size": [1, -0.25]}
							}
						},
						{
							"origin": [-0.09657, 1.68971, 1.57418],
							"size": [0.28914, 0.13237, 0.0264],
							"pivot": [0.064, 1.29602, 1.44338],
							"rotation": [90, 0, 0],
							"uv": {
								"north": {"uv": [32, 21], "uv_size": [1, 0.5]},
								"east": {"uv": [2, 38], "uv_size": [0.25, 0.5]},
								"south": {"uv": [32, 22], "uv_size": [1, 0.5]},
								"west": {"uv": [38, 2], "uv_size": [0.25, 0.5]},
								"up": {"uv": [34, 33], "uv_size": [1, 0.25]},
								"down": {"uv": [34, 34.25], "uv_size": [1, -0.25]}
							}
						},
						{
							"origin": [-0.09657, 1.73602, 1.58659],
							"size": [0.28914, 0.13237, 0.0264],
							"pivot": [0.064, 1.34233, 1.45579],
							"rotation": [60, 0, 0],
							"uv": {
								"north": {"uv": [23, 32], "uv_size": [1, 0.5]},
								"east": {"uv": [3, 38], "uv_size": [0.25, 0.5]},
								"south": {"uv": [32, 23], "uv_size": [1, 0.5]},
								"west": {"uv": [38, 3], "uv_size": [0.25, 0.5]},
								"up": {"uv": [35, 0], "uv_size": [1, 0.25]},
								"down": {"uv": [35, 1.25], "uv_size": [1, -0.25]}
							}
						},
						{
							"origin": [-0.09657, 1.76992, 1.62049],
							"size": [0.28914, 0.13236, 0.0264],
							"pivot": [0.064, 1.37623, 1.48969],
							"rotation": [30, 0, 0],
							"uv": {
								"north": {"uv": [24, 32], "uv_size": [1, 0.5]},
								"east": {"uv": [4, 38], "uv_size": [0.25, 0.5]},
								"south": {"uv": [32, 24], "uv_size": [1, 0.5]},
								"west": {"uv": [38, 4], "uv_size": [0.25, 0.5]},
								"up": {"uv": [35, 2], "uv_size": [1, 0.25]},
								"down": {"uv": [35, 3.25], "uv_size": [1, -0.25]}
							}
						},
						{
							"origin": [-0.09657, 1.78063, 1.64913],
							"size": [0.28914, 0.13236, 0.0264],
							"pivot": [0.064, 1.38694, 1.51833],
							"rotation": [11, 0, 0],
							"uv": {
								"north": {"uv": [25, 32], "uv_size": [1, 0.5]},
								"east": {"uv": [5, 38], "uv_size": [0.25, 0.5]},
								"south": {"uv": [32, 25], "uv_size": [1, 0.5]},
								"west": {"uv": [38, 5], "uv_size": [0.25, 0.5]},
								"up": {"uv": [35, 4], "uv_size": [1, 0.25]},
								"down": {"uv": [35, 5.25], "uv_size": [1, -0.25]}
							}
						},
						{
							"origin": [-0.09657, 1.77728, 1.69696],
							"size": [0.28914, 0.13237, 0.0264],
							"pivot": [0.064, 1.38359, 1.56615],
							"rotation": [-19, 0, 0],
							"uv": {
								"north": {"uv": [32, 26], "uv_size": [1, 0.5]},
								"east": {"uv": [6, 38], "uv_size": [0.25, 0.5]},
								"south": {"uv": [32, 27], "uv_size": [1, 0.5]},
								"west": {"uv": [38, 6], "uv_size": [0.25, 0.5]},
								"up": {"uv": [6, 35], "uv_size": [1, 0.25]},
								"down": {"uv": [35, 6.25], "uv_size": [1, -0.25]}
							}
						},
						{
							"origin": [-0.09657, 1.75047, 1.7367],
							"size": [0.28914, 0.13236, 0.0264],
							"pivot": [0.064, 1.35678, 1.6059],
							"rotation": [-49, 0, 0],
							"uv": {
								"north": {"uv": [28, 32], "uv_size": [1, 0.5]},
								"east": {"uv": [7, 38], "uv_size": [0.25, 0.5]},
								"south": {"uv": [32, 28], "uv_size": [1, 0.5]},
								"west": {"uv": [38, 7], "uv_size": [0.25, 0.5]},
								"up": {"uv": [7, 35], "uv_size": [1, 0.25]},
								"down": {"uv": [35, 7.25], "uv_size": [1, -0.25]}
							}
						},
						{
							"origin": [-0.09657, 1.70738, 1.75772],
							"size": [0.28914, 0.13236, 0.02639],
							"pivot": [0.064, 1.31369, 1.62692],
							"rotation": [-79, 0, 0],
							"uv": {
								"north": {"uv": [29, 32], "uv_size": [1, 0.5]},
								"east": {"uv": [8, 38], "uv_size": [0.25, 0.5]},
								"south": {"uv": [32, 29], "uv_size": [1, 0.5]},
								"west": {"uv": [38, 8], "uv_size": [0.25, 0.5]},
								"up": {"uv": [35, 8], "uv_size": [1, 0.25]},
								"down": {"uv": [35, 9.25], "uv_size": [1, -0.25]}
							}
						},
						{
							"origin": [-0.09657, 1.65955, 1.75437],
							"size": [0.28914, 0.13236, 0.0264],
							"pivot": [0.064, 1.26587, 1.62357],
							"rotation": [-109, 0, 0],
							"uv": {
								"north": {"uv": [30, 32], "uv_size": [1, 0.5]},
								"east": {"uv": [9, 38], "uv_size": [0.25, 0.5]},
								"south": {"uv": [32, 30], "uv_size": [1, 0.5]},
								"west": {"uv": [38, 9], "uv_size": [0.25, 0.5]},
								"up": {"uv": [35, 10], "uv_size": [1, 0.25]},
								"down": {"uv": [35, 11.25], "uv_size": [1, -0.25]}
							}
						},
						{
							"origin": [-0.09657, 1.6198, 1.72756],
							"size": [0.28914, 0.13236, 0.0264],
							"pivot": [0.064, 1.22612, 1.59676],
							"rotation": [-139, 0, 0],
							"uv": {
								"north": {"uv": [31, 32], "uv_size": [1, 0.5]},
								"east": {"uv": [10, 38], "uv_size": [0.25, 0.5]},
								"south": {"uv": [32, 31], "uv_size": [1, 0.5]},
								"west": {"uv": [38, 10], "uv_size": [0.25, 0.5]},
								"up": {"uv": [35, 12], "uv_size": [1, 0.25]},
								"down": {"uv": [35, 13.25], "uv_size": [1, -0.25]}
							}
						},
						{
							"origin": [-0.09657, 1.59879, 1.68447],
							"size": [0.28914, 0.13237, 0.0264],
							"pivot": [0.064, 1.2051, 1.55367],
							"rotation": [-169, 0, 0],
							"uv": {
								"north": {"uv": [32, 32], "uv_size": [1, 0.5]},
								"east": {"uv": [11, 38], "uv_size": [0.25, 0.5]},
								"south": {"uv": [0, 33], "uv_size": [1, 0.5]},
								"west": {"uv": [38, 11], "uv_size": [0.25, 0.5]},
								"up": {"uv": [35, 14], "uv_size": [1, 0.25]},
								"down": {"uv": [15, 35.25], "uv_size": [1, -0.25]}
							}
						},
						{
							"origin": [-0.09657, 1.60213, 1.63665],
							"size": [0.28914, 0.13236, 0.0264],
							"pivot": [0.064, 1.20845, 1.50585],
							"rotation": [161, 0, 0],
							"uv": {
								"north": {"uv": [33, 0], "uv_size": [1, 0.5]},
								"east": {"uv": [12, 38], "uv_size": [0.25, 0.5]},
								"south": {"uv": [1, 33], "uv_size": [1, 0.5]},
								"west": {"uv": [38, 12], "uv_size": [0.25, 0.5]},
								"up": {"uv": [35, 15], "uv_size": [1, 0.25]},
								"down": {"uv": [16, 35.25], "uv_size": [1, -0.25]}
							}
						},
						{
							"origin": [-0.09657, 1.62894, 1.5969],
							"size": [0.28914, 0.13236, 0.0264],
							"pivot": [0.064, 1.23526, 1.4661],
							"rotation": [131, 0, 0],
							"uv": {
								"north": {"uv": [33, 1], "uv_size": [1, 0.5]},
								"east": {"uv": [13, 38], "uv_size": [0.25, 0.5]},
								"south": {"uv": [2, 33], "uv_size": [1, 0.5]},
								"west": {"uv": [38, 13], "uv_size": [0.25, 0.5]},
								"up": {"uv": [35, 17], "uv_size": [1, 0.25]},
								"down": {"uv": [35, 18.25], "uv_size": [1, -0.25]}
							}
						},
						{
							"origin": [-0.09657, 1.67204, 1.57588],
							"size": [0.28914, 0.13236, 0.02639],
							"pivot": [0.064, 1.27835, 1.44508],
							"rotation": [101, 0, 0],
							"uv": {
								"north": {"uv": [33, 2], "uv_size": [1, 0.5]},
								"east": {"uv": [14, 38], "uv_size": [0.25, 0.5]},
								"south": {"uv": [3, 33], "uv_size": [1, 0.5]},
								"west": {"uv": [38, 14], "uv_size": [0.25, 0.5]},
								"up": {"uv": [35, 19], "uv_size": [1, 0.25]},
								"down": {"uv": [20, 35.25], "uv_size": [1, -0.25]}
							}
						},
						{
							"origin": [-0.09657, 1.71986, 1.57923],
							"size": [0.28914, 0.13236, 0.0264],
							"pivot": [0.064, 1.32618, 1.44843],
							"rotation": [71, 0, 0],
							"uv": {
								"north": {"uv": [33, 3], "uv_size": [1, 0.5]},
								"east": {"uv": [15, 38], "uv_size": [0.25, 0.5]},
								"south": {"uv": [33, 4], "uv_size": [1, 0.5]},
								"west": {"uv": [38, 15], "uv_size": [0.25, 0.5]},
								"up": {"uv": [35, 20], "uv_size": [1, 0.25]},
								"down": {"uv": [21, 35.25], "uv_size": [1, -0.25]}
							}
						},
						{
							"origin": [-0.09657, 1.75961, 1.60604],
							"size": [0.28914, 0.13236, 0.0264],
							"pivot": [0.064, 1.36592, 1.47524],
							"rotation": [41, 0, 0],
							"uv": {
								"north": {"uv": [33, 5], "uv_size": [1, 0.5]},
								"east": {"uv": [16, 38], "uv_size": [0.25, 0.5]},
								"south": {"uv": [33, 6], "uv_size": [1, 0.5]},
								"west": {"uv": [38, 16], "uv_size": [0.25, 0.5]},
								"up": {"uv": [35, 21], "uv_size": [1, 0.25]},
								"down": {"uv": [22, 35.25], "uv_size": [1, -0.25]}
							}
						},
						{
							"origin": [-0.09657, 1.77674, 1.63512],
							"size": [0.28914, 0.13236, 0.0264],
							"pivot": [0.064, 1.38306, 1.50432],
							"rotation": [20, 0, 0],
							"uv": {
								"north": {"uv": [33, 7], "uv_size": [1, 0.5]},
								"east": {"uv": [17, 38], "uv_size": [0.25, 0.5]},
								"south": {"uv": [33, 8], "uv_size": [1, 0.5]},
								"west": {"uv": [38, 17], "uv_size": [0.25, 0.5]},
								"up": {"uv": [35, 22], "uv_size": [1, 0.25]},
								"down": {"uv": [23, 35.25], "uv_size": [1, -0.25]}
							}
						},
						{
							"origin": [-0.09657, 1.78092, 1.68289],
							"size": [0.28914, 0.13236, 0.0264],
							"pivot": [0.064, 1.38724, 1.55208],
							"rotation": [-10, 0, 0],
							"uv": {
								"north": {"uv": [9, 33], "uv_size": [1, 0.5]},
								"east": {"uv": [18, 38], "uv_size": [0.25, 0.5]},
								"south": {"uv": [33, 9], "uv_size": [1, 0.5]},
								"west": {"uv": [38, 18], "uv_size": [0.25, 0.5]},
								"up": {"uv": [35, 23], "uv_size": [1, 0.25]},
								"down": {"uv": [24, 35.25], "uv_size": [1, -0.25]}
							}
						},
						{
							"origin": [-0.09657, 1.76066, 1.72634],
							"size": [0.28914, 0.13236, 0.0264],
							"pivot": [0.064, 1.36697, 1.59554],
							"rotation": [-40, 0, 0],
							"uv": {
								"north": {"uv": [10, 33], "uv_size": [1, 0.5]},
								"east": {"uv": [19, 38], "uv_size": [0.25, 0.5]},
								"south": {"uv": [33, 10], "uv_size": [1, 0.5]},
								"west": {"uv": [38, 19], "uv_size": [0.25, 0.5]},
								"up": {"uv": [35, 24], "uv_size": [1, 0.25]},
								"down": {"uv": [25, 35.25], "uv_size": [1, -0.25]}
							}
						},
						{
							"origin": [-0.09657, 1.72139, 1.75384],
							"size": [0.28914, 0.13236, 0.0264],
							"pivot": [0.064, 1.3277, 1.62303],
							"rotation": [-70, 0, 0],
							"uv": {
								"north": {"uv": [11, 33], "uv_size": [1, 0.5]},
								"east": {"uv": [20, 38], "uv_size": [0.25, 0.5]},
								"south": {"uv": [33, 11], "uv_size": [1, 0.5]},
								"west": {"uv": [38, 20], "uv_size": [0.25, 0.5]},
								"up": {"uv": [35, 25], "uv_size": [1, 0.25]},
								"down": {"uv": [26, 35.25], "uv_size": [1, -0.25]}
							}
						},
						{
							"origin": [-0.09657, 1.67362, 1.75802],
							"size": [0.28914, 0.13237, 0.0264],
							"pivot": [0.064, 1.27994, 1.62721],
							"rotation": [-100, 0, 0],
							"uv": {
								"north": {"uv": [12, 33], "uv_size": [1, 0.5]},
								"east": {"uv": [21, 38], "uv_size": [0.25, 0.5]},
								"south": {"uv": [33, 12], "uv_size": [1, 0.5]},
								"west": {"uv": [38, 21], "uv_size": [0.25, 0.5]},
								"up": {"uv": [35, 26], "uv_size": [1, 0.25]},
								"down": {"uv": [27, 35.25], "uv_size": [1, -0.25]}
							}
						},
						{
							"origin": [-0.09657, 1.63017, 1.73775],
							"size": [0.28914, 0.13236, 0.0264],
							"pivot": [0.064, 1.23649, 1.60695],
							"rotation": [-130, 0, 0],
							"uv": {
								"north": {"uv": [13, 33], "uv_size": [1, 0.5]},
								"east": {"uv": [22, 38], "uv_size": [0.25, 0.5]},
								"south": {"uv": [33, 13], "uv_size": [1, 0.5]},
								"west": {"uv": [38, 22], "uv_size": [0.25, 0.5]},
								"up": {"uv": [35, 27], "uv_size": [1, 0.25]},
								"down": {"uv": [28, 35.25], "uv_size": [1, -0.25]}
							}
						},
						{
							"origin": [-0.09657, 1.60267, 1.69848],
							"size": [0.28914, 0.13236, 0.0264],
							"pivot": [0.064, 1.20899, 1.56768],
							"rotation": [-160, 0, 0],
							"uv": {
								"north": {"uv": [14, 33], "uv_size": [1, 0.5]},
								"east": {"uv": [23, 38], "uv_size": [0.25, 0.5]},
								"south": {"uv": [33, 14], "uv_size": [1, 0.5]},
								"west": {"uv": [38, 23], "uv_size": [0.25, 0.5]},
								"up": {"uv": [35, 28], "uv_size": [1, 0.25]},
								"down": {"uv": [29, 35.25], "uv_size": [1, -0.25]}
							}
						},
						{
							"origin": [-0.09657, 1.59849, 1.65072],
							"size": [0.28914, 0.13237, 0.0264],
							"pivot": [0.064, 1.20481, 1.51992],
							"rotation": [170, 0, 0],
							"uv": {
								"north": {"uv": [15, 33], "uv_size": [1, 0.5]},
								"east": {"uv": [24, 38], "uv_size": [0.25, 0.5]},
								"south": {"uv": [33, 15], "uv_size": [1, 0.5]},
								"west": {"uv": [38, 24], "uv_size": [0.25, 0.5]},
								"up": {"uv": [35, 29], "uv_size": [1, 0.25]},
								"down": {"uv": [30, 35.25], "uv_size": [1, -0.25]}
							}
						},
						{
							"origin": [-0.09657, 1.61876, 1.60727],
							"size": [0.28914, 0.13236, 0.0264],
							"pivot": [0.064, 1.22507, 1.47646],
							"rotation": [140, 0, 0],
							"uv": {
								"north": {"uv": [16, 33], "uv_size": [1, 0.5]},
								"east": {"uv": [25, 38], "uv_size": [0.25, 0.5]},
								"south": {"uv": [33, 16], "uv_size": [1, 0.5]},
								"west": {"uv": [38, 25], "uv_size": [0.25, 0.5]},
								"up": {"uv": [35, 30], "uv_size": [1, 0.25]},
								"down": {"uv": [31, 35.25], "uv_size": [1, -0.25]}
							}
						},
						{
							"origin": [-0.09657, 1.65803, 1.57977],
							"size": [0.28914, 0.13236, 0.0264],
							"pivot": [0.064, 1.26434, 1.44897],
							"rotation": [110, 0, 0],
							"uv": {
								"north": {"uv": [17, 33], "uv_size": [1, 0.5]},
								"east": {"uv": [26, 38], "uv_size": [0.25, 0.5]},
								"south": {"uv": [33, 17], "uv_size": [1, 0.5]},
								"west": {"uv": [38, 26], "uv_size": [0.25, 0.5]},
								"up": {"uv": [35, 31], "uv_size": [1, 0.25]},
								"down": {"uv": [32, 35.25], "uv_size": [1, -0.25]}
							}
						},
						{
							"origin": [-0.09657, 1.70579, 1.57559],
							"size": [0.28914, 0.13236, 0.0264],
							"pivot": [0.064, 1.3121, 1.44479],
							"rotation": [80, 0, 0],
							"uv": {
								"north": {"uv": [18, 33], "uv_size": [1, 0.5]},
								"east": {"uv": [27, 38], "uv_size": [0.25, 0.5]},
								"south": {"uv": [33, 18], "uv_size": [1, 0.5]},
								"west": {"uv": [38, 27], "uv_size": [0.25, 0.5]},
								"up": {"uv": [35, 32], "uv_size": [1, 0.25]},
								"down": {"uv": [33, 35.25], "uv_size": [1, -0.25]}
							}
						},
						{
							"origin": [-0.09657, 1.74924, 1.59585],
							"size": [0.28914, 0.13236, 0.0264],
							"pivot": [0.064, 1.35556, 1.46505],
							"rotation": [50, 0, 0],
							"uv": {
								"north": {"uv": [19, 33], "uv_size": [1, 0.5]},
								"east": {"uv": [28, 38], "uv_size": [0.25, 0.5]},
								"south": {"uv": [33, 19], "uv_size": [1, 0.5]},
								"west": {"uv": [38, 28], "uv_size": [0.25, 0.5]},
								"up": {"uv": [35, 33], "uv_size": [1, 0.25]},
								"down": {"uv": [34, 35.25], "uv_size": [1, -0.25]}
							}
						}
					]
				},
				{
					"name": "bone2",
					"parent": "root",
					"pivot": [-0.08, 1.29602, 1.536],
					"cubes": [
						{
							"origin": [-0.14564, 1.05759, 1.36383],
							"size": [0.13127, 0.88097, 0.34434],
							"uv": {
								"north": {"uv": [17, 24], "uv_size": [0.5, 2.75]},
								"east": {"uv": [20, 10], "uv_size": [1, 2.75]},
								"south": {"uv": [18, 24], "uv_size": [0.5, 2.75]},
								"west": {"uv": [20, 13], "uv_size": [1, 2.75]},
								"up": {"uv": [23, 31], "uv_size": [0.5, 1]},
								"down": {"uv": [31, 24], "uv_size": [0.5, -1]}
							}
						},
						{
							"origin": [-0.14564, 1.044, 1.41455],
							"size": [0.13127, 0.88097, 0.34434],
							"pivot": [0.10032, 1.38387, 1.58672],
							"rotation": [-30, 0, 0],
							"uv": {
								"north": {"uv": [19, 24], "uv_size": [0.5, 2.75]},
								"east": {"uv": [8, 21], "uv_size": [1, 2.75]},
								"south": {"uv": [20, 24], "uv_size": [0.5, 2.75]},
								"west": {"uv": [9, 21], "uv_size": [1, 2.75]},
								"up": {"uv": [31, 24], "uv_size": [0.5, 1]},
								"down": {"uv": [31, 26], "uv_size": [0.5, -1]}
							}
						},
						{
							"origin": [-0.14564, 1.00687, 1.45168],
							"size": [0.13127, 0.88097, 0.34434],
							"pivot": [0.10032, 1.34674, 1.62385],
							"rotation": [-60, 0, 0],
							"uv": {
								"north": {"uv": [24, 20], "uv_size": [0.5, 2.75]},
								"east": {"uv": [10, 21], "uv_size": [1, 2.75]},
								"south": {"uv": [24, 23], "uv_size": [0.5, 2.75]},
								"west": {"uv": [21, 10], "uv_size": [1, 2.75]},
								"up": {"uv": [31, 26], "uv_size": [0.5, 1]},
								"down": {"uv": [31, 28], "uv_size": [0.5, -1]}
							}
						},
						{
							"origin": [-0.14564, 0.95615, 1.46527],
							"size": [0.13127, 0.88097, 0.34434],
							"pivot": [0.10032, 1.29602, 1.63744],
							"rotation": [-90, 0, 0],
							"uv": {
								"north": {"uv": [25, 0], "uv_size": [0.5, 2.75]},
								"east": {"uv": [11, 21], "uv_size": [1, 2.75]},
								"south": {"uv": [25, 3], "uv_size": [0.5, 2.75]},
								"west": {"uv": [12, 21], "uv_size": [1, 2.75]},
								"up": {"uv": [28, 31], "uv_size": [0.5, 1]},
								"down": {"uv": [31, 29], "uv_size": [0.5, -1]}
							}
						},
						{
							"origin": [-0.14564, 0.90543, 1.45168],
							"size": [0.13127, 0.88097, 0.34434],
							"pivot": [0.10032, 1.2453, 1.62385],
							"rotation": [-120, 0, 0],
							"uv": {
								"north": {"uv": [25, 6], "uv_size": [0.5, 2.75]},
								"east": {"uv": [13, 21], "uv_size": [1, 2.75]},
								"south": {"uv": [25, 10], "uv_size": [0.5, 2.75]},
								"west": {"uv": [21, 13], "uv_size": [1, 2.75]},
								"up": {"uv": [29, 31], "uv_size": [0.5, 1]},
								"down": {"uv": [31, 30], "uv_size": [0.5, -1]}
							}
						},
						{
							"origin": [-0.14564, 0.8683, 1.41455],
							"size": [0.13127, 0.88097, 0.34434],
							"pivot": [0.10032, 1.20817, 1.58672],
							"rotation": [-150, 0, 0],
							"uv": {
								"north": {"uv": [25, 13], "uv_size": [0.5, 2.75]},
								"east": {"uv": [14, 21], "uv_size": [1, 2.75]},
								"south": {"uv": [25, 20], "uv_size": [0.5, 2.75]},
								"west": {"uv": [15, 21], "uv_size": [1, 2.75]},
								"up": {"uv": [30, 31], "uv_size": [0.5, 1]},
								"down": {"uv": [31, 31], "uv_size": [0.5, -1]}
							}
						},
						{
							"origin": [-0.14564, 0.85471, 1.36383],
							"size": [0.13127, 0.88097, 0.34434],
							"pivot": [0.10032, 1.19458, 1.536],
							"rotation": [180, 0, 0],
							"uv": {
								"north": {"uv": [22, 25], "uv_size": [0.5, 2.75]},
								"east": {"uv": [16, 21], "uv_size": [1, 2.75]},
								"south": {"uv": [25, 23], "uv_size": [0.5, 2.75]},
								"west": {"uv": [17, 21], "uv_size": [1, 2.75]},
								"up": {"uv": [31, 31], "uv_size": [0.5, 1]},
								"down": {"uv": [0, 33], "uv_size": [0.5, -1]}
							}
						},
						{
							"origin": [-0.14564, 0.8683, 1.31311],
							"size": [0.13127, 0.88097, 0.34434],
							"pivot": [0.10032, 1.20817, 1.48528],
							"rotation": [150, 0, 0],
							"uv": {
								"north": {"uv": [26, 0], "uv_size": [0.5, 2.75]},
								"east": {"uv": [18, 21], "uv_size": [1, 2.75]},
								"south": {"uv": [26, 3], "uv_size": [0.5, 2.75]},
								"west": {"uv": [19, 21], "uv_size": [1, 2.75]},
								"up": {"uv": [32, 0], "uv_size": [0.5, 1]},
								"down": {"uv": [1, 33], "uv_size": [0.5, -1]}
							}
						},
						{
							"origin": [-0.14564, 0.90543, 1.27598],
							"size": [0.13127, 0.88097, 0.34434],
							"pivot": [0.10032, 1.2453, 1.44815],
							"rotation": [120, 0, 0],
							"uv": {
								"north": {"uv": [4, 26], "uv_size": [0.5, 2.75]},
								"east": {"uv": [20, 21], "uv_size": [1, 2.75]},
								"south": {"uv": [5, 26], "uv_size": [0.5, 2.75]},
								"west": {"uv": [21, 20], "uv_size": [1, 2.75]},
								"up": {"uv": [32, 1], "uv_size": [0.5, 1]},
								"down": {"uv": [2, 33], "uv_size": [0.5, -1]}
							}
						},
						{
							"origin": [-0.14564, 0.95615, 1.26239],
							"size": [0.13127, 0.88097, 0.34434],
							"pivot": [0.10032, 1.29602, 1.43456],
							"rotation": [90, 0, 0],
							"uv": {
								"north": {"uv": [26, 6], "uv_size": [0.5, 2.75]},
								"east": {"uv": [22, 10], "uv_size": [1, 2.75]},
								"south": {"uv": [8, 26], "uv_size": [0.5, 2.75]},
								"west": {"uv": [22, 13], "uv_size": [1, 2.75]},
								"up": {"uv": [32, 2], "uv_size": [0.5, 1]},
								"down": {"uv": [3, 33], "uv_size": [0.5, -1]}
							}
						},
						{
							"origin": [-0.14564, 1.00687, 1.27598],
							"size": [0.13127, 0.88097, 0.34434],
							"pivot": [0.10032, 1.34674, 1.44815],
							"rotation": [60, 0, 0],
							"uv": {
								"north": {"uv": [9, 26], "uv_size": [0.5, 2.75]},
								"east": {"uv": [22, 20], "uv_size": [1, 2.75]},
								"south": {"uv": [10, 26], "uv_size": [0.5, 2.75]},
								"west": {"uv": [23, 0], "uv_size": [1, 2.75]},
								"up": {"uv": [32, 3], "uv_size": [0.5, 1]},
								"down": {"uv": [32, 5], "uv_size": [0.5, -1]}
							}
						},
						{
							"origin": [-0.14564, 1.044, 1.31311],
							"size": [0.13127, 0.88097, 0.34434],
							"pivot": [0.10032, 1.38387, 1.48528],
							"rotation": [30, 0, 0],
							"uv": {
								"north": {"uv": [26, 10], "uv_size": [0.5, 2.75]},
								"east": {"uv": [23, 3], "uv_size": [1, 2.75]},
								"south": {"uv": [11, 26], "uv_size": [0.5, 2.75]},
								"west": {"uv": [23, 6], "uv_size": [1, 2.75]},
								"up": {"uv": [32, 5], "uv_size": [0.5, 1]},
								"down": {"uv": [32, 7], "uv_size": [0.5, -1]}
							}
						}
					]
				},
				{
					"name": "cover",
					"parent": "root",
					"pivot": [0.32, 1.29602, 1.536],
					"rotation": [-15, 0, 0],
					"cubes": [
						{
							"origin": [0.27509, 1.77518, 1.38022],
							"size": [0.08982, 0.10221, 0.31156],
							"uv": {
								"north": {"uv": [39, 24], "uv_size": [0.25, 0.25]},
								"east": {"uv": [35, 34], "uv_size": [1, 0.25]},
								"south": {"uv": [25, 39], "uv_size": [0.25, 0.25]},
								"west": {"uv": [35, 35], "uv_size": [1, 0.25]},
								"up": {"uv": [0, 36], "uv_size": [0.25, 1]},
								"down": {"uv": [36, 1], "uv_size": [0.25, -1]}
							}
						},
						{
							"origin": [0.27509, 1.76288, 1.42611],
							"size": [0.08982, 0.10221, 0.31156],
							"pivot": [0.46868, 1.37551, 1.58189],
							"rotation": [-30, 0, 0],
							"uv": {
								"north": {"uv": [39, 25], "uv_size": [0.25, 0.25]},
								"east": {"uv": [1, 36], "uv_size": [1, 0.25]},
								"south": {"uv": [26, 39], "uv_size": [0.25, 0.25]},
								"west": {"uv": [36, 1], "uv_size": [1, 0.25]},
								"up": {"uv": [2, 36], "uv_size": [0.25, 1]},
								"down": {"uv": [36, 3], "uv_size": [0.25, -1]}
							}
						},
						{
							"origin": [0.27509, 1.72929, 1.45971],
							"size": [0.08982, 0.10222, 0.31156],
							"pivot": [0.46868, 1.34191, 1.61549],
							"rotation": [-60, 0, 0],
							"uv": {
								"north": {"uv": [39, 26], "uv_size": [0.25, 0.25]},
								"east": {"uv": [3, 36], "uv_size": [1, 0.25]},
								"south": {"uv": [27, 39], "uv_size": [0.25, 0.25]},
								"west": {"uv": [36, 3], "uv_size": [1, 0.25]},
								"up": {"uv": [4, 36], "uv_size": [0.25, 1]},
								"down": {"uv": [36, 5], "uv_size": [0.25, -1]}
							}
						},
						{
							"origin": [0.27509, 1.6834, 1.47201],
							"size": [0.08982, 0.10222, 0.31156],
							"pivot": [0.46868, 1.29602, 1.62778],
							"rotation": [-90, 0, 0],
							"uv": {
								"north": {"uv": [39, 27], "uv_size": [0.25, 0.25]},
								"east": {"uv": [5, 36], "uv_size": [1, 0.25]},
								"south": {"uv": [28, 39], "uv_size": [0.25, 0.25]},
								"west": {"uv": [36, 5], "uv_size": [1, 0.25]},
								"up": {"uv": [6, 36], "uv_size": [0.25, 1]},
								"down": {"uv": [36, 7], "uv_size": [0.25, -1]}
							}
						},
						{
							"origin": [0.27509, 1.6375, 1.45971],
							"size": [0.08982, 0.10221, 0.31156],
							"pivot": [0.46868, 1.25013, 1.61549],
							"rotation": [-120, 0, 0],
							"uv": {
								"north": {"uv": [39, 28], "uv_size": [0.25, 0.25]},
								"east": {"uv": [7, 36], "uv_size": [1, 0.25]},
								"south": {"uv": [29, 39], "uv_size": [0.25, 0.25]},
								"west": {"uv": [36, 7], "uv_size": [1, 0.25]},
								"up": {"uv": [8, 36], "uv_size": [0.25, 1]},
								"down": {"uv": [36, 9], "uv_size": [0.25, -1]}
							}
						},
						{
							"origin": [0.27509, 1.60391, 1.42611],
							"size": [0.08982, 0.10222, 0.31156],
							"pivot": [0.46868, 1.21653, 1.58189],
							"rotation": [-150, 0, 0],
							"uv": {
								"north": {"uv": [39, 29], "uv_size": [0.25, 0.25]},
								"east": {"uv": [9, 36], "uv_size": [1, 0.25]},
								"south": {"uv": [30, 39], "uv_size": [0.25, 0.25]},
								"west": {"uv": [36, 9], "uv_size": [1, 0.25]},
								"up": {"uv": [10, 36], "uv_size": [0.25, 1]},
								"down": {"uv": [36, 11], "uv_size": [0.25, -1]}
							}
						},
						{
							"origin": [0.27509, 1.59161, 1.38022],
							"size": [0.08982, 0.10221, 0.31156],
							"pivot": [0.46868, 1.20424, 1.536],
							"rotation": [180, 0, 0],
							"uv": {
								"north": {"uv": [39, 30], "uv_size": [0.25, 0.25]},
								"east": {"uv": [11, 36], "uv_size": [1, 0.25]},
								"south": {"uv": [31, 39], "uv_size": [0.25, 0.25]},
								"west": {"uv": [36, 11], "uv_size": [1, 0.25]},
								"up": {"uv": [12, 36], "uv_size": [0.25, 1]},
								"down": {"uv": [36, 13], "uv_size": [0.25, -1]}
							}
						},
						{
							"origin": [0.27509, 1.60391, 1.33433],
							"size": [0.08982, 0.10222, 0.31156],
							"pivot": [0.46868, 1.21653, 1.49011],
							"rotation": [150, 0, 0],
							"uv": {
								"north": {"uv": [39, 31], "uv_size": [0.25, 0.25]},
								"east": {"uv": [13, 36], "uv_size": [1, 0.25]},
								"south": {"uv": [32, 39], "uv_size": [0.25, 0.25]},
								"west": {"uv": [36, 13], "uv_size": [1, 0.25]},
								"up": {"uv": [14, 36], "uv_size": [0.25, 1]},
								"down": {"uv": [36, 15], "uv_size": [0.25, -1]}
							}
						},
						{
							"origin": [0.27509, 1.6375, 1.30073],
							"size": [0.08982, 0.10221, 0.31156],
							"pivot": [0.46868, 1.25013, 1.45651],
							"rotation": [120, 0, 0],
							"uv": {
								"north": {"uv": [39, 32], "uv_size": [0.25, 0.25]},
								"east": {"uv": [15, 36], "uv_size": [1, 0.25]},
								"south": {"uv": [33, 39], "uv_size": [0.25, 0.25]},
								"west": {"uv": [36, 15], "uv_size": [1, 0.25]},
								"up": {"uv": [16, 36], "uv_size": [0.25, 1]},
								"down": {"uv": [36, 17], "uv_size": [0.25, -1]}
							}
						},
						{
							"origin": [0.27509, 1.6834, 1.28844],
							"size": [0.08982, 0.10222, 0.31156],
							"pivot": [0.46868, 1.29602, 1.44422],
							"rotation": [90, 0, 0],
							"uv": {
								"north": {"uv": [39, 33], "uv_size": [0.25, 0.25]},
								"east": {"uv": [17, 36], "uv_size": [1, 0.25]},
								"south": {"uv": [34, 39], "uv_size": [0.25, 0.25]},
								"west": {"uv": [36, 17], "uv_size": [1, 0.25]},
								"up": {"uv": [18, 36], "uv_size": [0.25, 1]},
								"down": {"uv": [36, 19], "uv_size": [0.25, -1]}
							}
						},
						{
							"origin": [0.27509, 1.72929, 1.30073],
							"size": [0.08982, 0.10222, 0.31156],
							"pivot": [0.46868, 1.34191, 1.45651],
							"rotation": [60, 0, 0],
							"uv": {
								"north": {"uv": [39, 34], "uv_size": [0.25, 0.25]},
								"east": {"uv": [19, 36], "uv_size": [1, 0.25]},
								"south": {"uv": [35, 39], "uv_size": [0.25, 0.25]},
								"west": {"uv": [36, 19], "uv_size": [1, 0.25]},
								"up": {"uv": [20, 36], "uv_size": [0.25, 1]},
								"down": {"uv": [36, 21], "uv_size": [0.25, -1]}
							}
						},
						{
							"origin": [0.27509, 1.76288, 1.33433],
							"size": [0.08982, 0.10221, 0.31156],
							"pivot": [0.46868, 1.37551, 1.49011],
							"rotation": [30, 0, 0],
							"uv": {
								"north": {"uv": [39, 35], "uv_size": [0.25, 0.25]},
								"east": {"uv": [21, 36], "uv_size": [1, 0.25]},
								"south": {"uv": [36, 39], "uv_size": [0.25, 0.25]},
								"west": {"uv": [36, 21], "uv_size": [1, 0.25]},
								"up": {"uv": [22, 36], "uv_size": [0.25, 1]},
								"down": {"uv": [36, 23], "uv_size": [0.25, -1]}
							}
						}
					]
				},
				{
					"name": "bone3",
					"parent": "cover",
					"pivot": [0.288, 1.29602, 1.536],
					"cubes": [
						{
							"origin": [0.26857, 1.54305, 1.33076],
							"size": [0.03887, 0.27707, 0.41047],
							"pivot": [0.52361, 1.1751, 1.536],
							"rotation": [180, 0, 0],
							"uv": {
								"north": {"uv": [36, 36], "uv_size": [0.25, 0.75]},
								"east": {"uv": [29, 27], "uv_size": [1.25, 0.75]},
								"south": {"uv": [0, 37], "uv_size": [0.25, 0.75]},
								"west": {"uv": [29, 28], "uv_size": [1.25, 0.75]},
								"up": {"uv": [34, 4], "uv_size": [0.25, 1.25]},
								"down": {"uv": [5, 35.25], "uv_size": [0.25, -1.25]}
							}
						},
						{
							"origin": [0.26857, 1.55925, 1.39123],
							"size": [0.03887, 0.27707, 0.41047],
							"pivot": [0.52361, 1.1913, 1.59646],
							"rotation": [-150, 0, 0],
							"uv": {
								"north": {"uv": [35, 36], "uv_size": [0.25, 0.75]},
								"east": {"uv": [29, 25], "uv_size": [1.25, 0.75]},
								"south": {"uv": [36, 35], "uv_size": [0.25, 0.75]},
								"west": {"uv": [29, 26], "uv_size": [1.25, 0.75]},
								"up": {"uv": [3, 34], "uv_size": [0.25, 1.25]},
								"down": {"uv": [4, 35.25], "uv_size": [0.25, -1.25]}
							}
						},
						{
							"origin": [0.26857, 1.60351, 1.43549],
							"size": [0.03887, 0.27707, 0.41047],
							"pivot": [0.52361, 1.23556, 1.64072],
							"rotation": [-120, 0, 0],
							"uv": {
								"north": {"uv": [34, 36], "uv_size": [0.25, 0.75]},
								"east": {"uv": [29, 23], "uv_size": [1.25, 0.75]},
								"south": {"uv": [36, 34], "uv_size": [0.25, 0.75]},
								"west": {"uv": [29, 24], "uv_size": [1.25, 0.75]},
								"up": {"uv": [2, 34], "uv_size": [0.25, 1.25]},
								"down": {"uv": [34, 3.25], "uv_size": [0.25, -1.25]}
							}
						},
						{
							"origin": [0.26857, 1.66397, 1.45169],
							"size": [0.03887, 0.27707, 0.41047],
							"pivot": [0.52361, 1.29602, 1.65692],
							"rotation": [-90, 0, 0],
							"uv": {
								"north": {"uv": [33, 36], "uv_size": [0.25, 0.75]},
								"east": {"uv": [29, 21], "uv_size": [1.25, 0.75]},
								"south": {"uv": [36, 33], "uv_size": [0.25, 0.75]},
								"west": {"uv": [29, 22], "uv_size": [1.25, 0.75]},
								"up": {"uv": [34, 0], "uv_size": [0.25, 1.25]},
								"down": {"uv": [1, 35.25], "uv_size": [0.25, -1.25]}
							}
						},
						{
							"origin": [0.26857, 1.72444, 1.43549],
							"size": [0.03887, 0.27707, 0.41047],
							"pivot": [0.52361, 1.35648, 1.64072],
							"rotation": [-60, 0, 0],
							"uv": {
								"north": {"uv": [32, 36], "uv_size": [0.25, 0.75]},
								"east": {"uv": [29, 19], "uv_size": [1.25, 0.75]},
								"south": {"uv": [36, 32], "uv_size": [0.25, 0.75]},
								"west": {"uv": [29, 20], "uv_size": [1.25, 0.75]},
								"up": {"uv": [33, 32], "uv_size": [0.25, 1.25]},
								"down": {"uv": [0, 35.25], "uv_size": [0.25, -1.25]}
							}
						},
						{
							"origin": [0.26857, 1.76869, 1.39123],
							"size": [0.03887, 0.27707, 0.41047],
							"pivot": [0.52361, 1.40074, 1.59646],
							"rotation": [-30, 0, 0],
							"uv": {
								"north": {"uv": [31, 36], "uv_size": [0.25, 0.75]},
								"east": {"uv": [17, 29], "uv_size": [1.25, 0.75]},
								"south": {"uv": [36, 31], "uv_size": [0.25, 0.75]},
								"west": {"uv": [19, 29], "uv_size": [1.25, 0.75]},
								"up": {"uv": [31, 33], "uv_size": [0.25, 1.25]},
								"down": {"uv": [32, 34.25], "uv_size": [0.25, -1.25]}
							}
						},
						{
							"origin": [0.26857, 1.7849, 1.33076],
							"size": [0.03887, 0.27707, 0.41047],
							"uv": {
								"north": {"uv": [30, 36], "uv_size": [0.25, 0.75]},
								"east": {"uv": [27, 8], "uv_size": [1.25, 0.75]},
								"south": {"uv": [36, 30], "uv_size": [0.25, 0.75]},
								"west": {"uv": [29, 8], "uv_size": [1.25, 0.75]},
								"up": {"uv": [30, 33], "uv_size": [0.25, 1.25]},
								"down": {"uv": [33, 31.25], "uv_size": [0.25, -1.25]}
							}
						},
						{
							"origin": [0.26857, 1.76869, 1.2703],
							"size": [0.03887, 0.27707, 0.41047],
							"pivot": [0.52361, 1.40074, 1.47554],
							"rotation": [30, 0, 0],
							"uv": {
								"north": {"uv": [37, 4], "uv_size": [0.25, 0.75]},
								"east": {"uv": [30, 5], "uv_size": [1.25, 0.75]},
								"south": {"uv": [5, 37], "uv_size": [0.25, 0.75]},
								"west": {"uv": [30, 6], "uv_size": [1.25, 0.75]},
								"up": {"uv": [34, 12], "uv_size": [0.25, 1.25]},
								"down": {"uv": [13, 35.25], "uv_size": [0.25, -1.25]}
							}
						},
						{
							"origin": [0.26857, 1.72444, 1.22604],
							"size": [0.03887, 0.27707, 0.41047],
							"pivot": [0.52361, 1.35648, 1.43128],
							"rotation": [60, 0, 0],
							"uv": {
								"north": {"uv": [37, 3], "uv_size": [0.25, 0.75]},
								"east": {"uv": [30, 3], "uv_size": [1.25, 0.75]},
								"south": {"uv": [4, 37], "uv_size": [0.25, 0.75]},
								"west": {"uv": [30, 4], "uv_size": [1.25, 0.75]},
								"up": {"uv": [11, 34], "uv_size": [0.25, 1.25]},
								"down": {"uv": [12, 35.25], "uv_size": [0.25, -1.25]}
							}
						},
						{
							"origin": [0.26857, 1.66397, 1.20984],
							"size": [0.03887, 0.27707, 0.41047],
							"pivot": [0.52361, 1.29602, 1.41508],
							"rotation": [90, 0, 0],
							"uv": {
								"north": {"uv": [37, 2], "uv_size": [0.25, 0.75]},
								"east": {"uv": [2, 30], "uv_size": [1.25, 0.75]},
								"south": {"uv": [3, 37], "uv_size": [0.25, 0.75]},
								"west": {"uv": [30, 2], "uv_size": [1.25, 0.75]},
								"up": {"uv": [10, 34], "uv_size": [0.25, 1.25]},
								"down": {"uv": [34, 11.25], "uv_size": [0.25, -1.25]}
							}
						},
						{
							"origin": [0.26857, 1.60351, 1.22604],
							"size": [0.03887, 0.27707, 0.41047],
							"pivot": [0.52361, 1.23556, 1.43128],
							"rotation": [120, 0, 0],
							"uv": {
								"north": {"uv": [37, 1], "uv_size": [0.25, 0.75]},
								"east": {"uv": [30, 0], "uv_size": [1.25, 0.75]},
								"south": {"uv": [2, 37], "uv_size": [0.25, 0.75]},
								"west": {"uv": [30, 1], "uv_size": [1.25, 0.75]},
								"up": {"uv": [34, 8], "uv_size": [0.25, 1.25]},
								"down": {"uv": [9, 35.25], "uv_size": [0.25, -1.25]}
							}
						},
						{
							"origin": [0.26857, 1.55925, 1.2703],
							"size": [0.03887, 0.27707, 0.41047],
							"pivot": [0.52361, 1.1913, 1.47554],
							"rotation": [150, 0, 0],
							"uv": {
								"north": {"uv": [37, 0], "uv_size": [0.25, 0.75]},
								"east": {"uv": [29, 29], "uv_size": [1.25, 0.75]},
								"south": {"uv": [1, 37], "uv_size": [0.25, 0.75]},
								"west": {"uv": [0, 30], "uv_size": [1.25, 0.75]},
								"up": {"uv": [34, 6], "uv_size": [0.25, 1.25]},
								"down": {"uv": [8, 35.25], "uv_size": [0.25, -1.25]}
							}
						}
					]
				},
				{
					"name": "logo",
					"parent": "root",
					"pivot": [0.224, 1.31861, -0.76936],
					"cubes": [
						{
							"origin": [0.23713, 0.94968, -1.00513],
							"size": [0.06974, 0.66297, 0.18942],
							"pivot": [0.224, 1.32852, -0.91042],
							"rotation": [-30, 0, 0],
							"uv": {
								"north": {"uv": [22, 33], "uv_size": [0.25, 2]},
								"east": {"uv": [29, 14], "uv_size": [0.5, 2]},
								"south": {"uv": [33, 22], "uv_size": [0.25, 2]},
								"west": {"uv": [29, 16], "uv_size": [0.5, 2]},
								"up": {"uv": [36, 38], "uv_size": [0.25, 0.5]},
								"down": {"uv": [38, 36.5], "uv_size": [0.25, -0.5]}
							}
						},
						{
							"origin": [0.23713, 0.90232, -0.86307],
							"size": [0.06974, 0.08287, 0.04736],
							"pivot": [0.224, 1.32852, -0.91042],
							"rotation": [-30, 0, 0],
							"uv": {
								"north": {"uv": [8, 40], "uv_size": [0.25, 0.25]},
								"east": {"uv": [40, 8], "uv_size": [0.25, 0.25]},
								"south": {"uv": [9, 40], "uv_size": [0.25, 0.25]},
								"west": {"uv": [40, 9], "uv_size": [0.25, 0.25]},
								"up": {"uv": [10, 40], "uv_size": [0.25, 0.25]},
								"down": {"uv": [40, 10.25], "uv_size": [0.25, -0.25]}
							}
						},
						{
							"origin": [0.23713, 0.89345, -0.84314],
							"size": [0.06974, 0.01046, 0.02151],
							"pivot": [0.224, 1.31827, -0.91634],
							"rotation": [-30, 0, 0],
							"uv": {
								"north": {"uv": [11, 40], "uv_size": [0.25, 0.25]},
								"east": {"uv": [40, 11], "uv_size": [0.25, 0.25]},
								"south": {"uv": [12, 40], "uv_size": [0.25, 0.25]},
								"west": {"uv": [40, 12], "uv_size": [0.25, 0.25]},
								"up": {"uv": [13, 40], "uv_size": [0.25, 0.25]},
								"down": {"uv": [40, 13.25], "uv_size": [0.25, -0.25]}
							}
						},
						{
							"origin": [0.23713, 0.90026, -1.14884],
							"size": [0.06974, 0.17758, 0.04736],
							"pivot": [0.224, 1.01865, -1.12516],
							"rotation": [41, 0, 0],
							"uv": {
								"north": {"uv": [37, 38], "uv_size": [0.25, 0.5]},
								"east": {"uv": [38, 37], "uv_size": [0.25, 0.5]},
								"south": {"uv": [38, 38], "uv_size": [0.25, 0.5]},
								"west": {"uv": [0, 39], "uv_size": [0.25, 0.5]},
								"up": {"uv": [14, 40], "uv_size": [0.25, 0.25]},
								"down": {"uv": [40, 14.25], "uv_size": [0.25, -0.25]}
							}
						},
						{
							"origin": [0.23713, 0.90026, -0.48586],
							"size": [0.06974, 0.17758, 0.04735],
							"pivot": [0.224, 1.01865, -0.46219],
							"rotation": [41, 0, 0],
							"uv": {
								"north": {"uv": [39, 0], "uv_size": [0.25, 0.5]},
								"east": {"uv": [1, 39], "uv_size": [0.25, 0.5]},
								"south": {"uv": [39, 1], "uv_size": [0.25, 0.5]},
								"west": {"uv": [2, 39], "uv_size": [0.25, 0.5]},
								"up": {"uv": [15, 40], "uv_size": [0.25, 0.25]},
								"down": {"uv": [40, 15.25], "uv_size": [0.25, -0.25]}
							}
						},
						{
							"origin": [0.23713, 0.90232, -0.20009],
							"size": [0.06974, 0.08287, 0.04735],
							"pivot": [0.224, 1.32852, -0.24745],
							"rotation": [-30, 0, 0],
							"uv": {
								"north": {"uv": [16, 40], "uv_size": [0.25, 0.25]},
								"east": {"uv": [40, 16], "uv_size": [0.25, 0.25]},
								"south": {"uv": [17, 40], "uv_size": [0.25, 0.25]},
								"west": {"uv": [40, 17], "uv_size": [0.25, 0.25]},
								"up": {"uv": [18, 40], "uv_size": [0.25, 0.25]},
								"down": {"uv": [40, 18.25], "uv_size": [0.25, -0.25]}
							}
						},
						{
							"origin": [0.23713, 0.89345, -0.18017],
							"size": [0.06974, 0.01046, 0.02151],
							"pivot": [0.224, 1.31827, -0.25337],
							"rotation": [-30, 0, 0],
							"uv": {
								"north": {"uv": [19, 40], "uv_size": [0.25, 0.25]},
								"east": {"uv": [40, 19], "uv_size": [0.25, 0.25]},
								"south": {"uv": [20, 40], "uv_size": [0.25, 0.25]},
								"west": {"uv": [40, 20], "uv_size": [0.25, 0.25]},
								"up": {"uv": [21, 40], "uv_size": [0.25, 0.25]},
								"down": {"uv": [40, 21.25], "uv_size": [0.25, -0.25]}
							}
						},
						{
							"origin": [0.23713, 0.94968, -0.67364],
							"size": [0.06974, 0.68092, 0.18942],
							"pivot": [0.224, 1.32852, -0.57893],
							"rotation": [-30, 0, 0],
							"uv": {
								"north": {"uv": [20, 31], "uv_size": [0.25, 2.25]},
								"east": {"uv": [28, 15], "uv_size": [0.5, 2.25]},
								"south": {"uv": [31, 20], "uv_size": [0.25, 2.25]},
								"west": {"uv": [29, 5], "uv_size": [0.5, 2.25]},
								"up": {"uv": [39, 2], "uv_size": [0.25, 0.5]},
								"down": {"uv": [3, 39.5], "uv_size": [0.25, -0.5]}
							}
						},
						{
							"origin": [0.23713, 0.94968, -0.34216],
							"size": [0.06974, 0.56254, 0.18942],
							"pivot": [0.224, 1.32852, -0.24745],
							"rotation": [-30, 0, 0],
							"uv": {
								"north": {"uv": [23, 33], "uv_size": [0.25, 1.75]},
								"east": {"uv": [30, 10], "uv_size": [0.5, 1.75]},
								"south": {"uv": [24, 33], "uv_size": [0.25, 1.75]},
								"west": {"uv": [30, 12], "uv_size": [0.5, 1.75]},
								"up": {"uv": [39, 3], "uv_size": [0.25, 0.5]},
								"down": {"uv": [4, 39.5], "uv_size": [0.25, -0.5]}
							}
						},
						{
							"origin": [0.23713, 0.90232, -0.53158],
							"size": [0.06974, 0.08287, 0.04736],
							"pivot": [0.224, 1.32852, -0.57893],
							"rotation": [-30, 0, 0],
							"uv": {
								"north": {"uv": [22, 40], "uv_size": [0.25, 0.25]},
								"east": {"uv": [40, 22], "uv_size": [0.25, 0.25]},
								"south": {"uv": [23, 40], "uv_size": [0.25, 0.25]},
								"west": {"uv": [40, 23], "uv_size": [0.25, 0.25]},
								"up": {"uv": [24, 40], "uv_size": [0.25, 0.25]},
								"down": {"uv": [40, 24.25], "uv_size": [0.25, -0.25]}
							}
						},
						{
							"origin": [0.23713, 0.90026, -0.81735],
							"size": [0.06974, 0.17758, 0.04735],
							"pivot": [0.224, 1.01865, -0.79367],
							"rotation": [41, 0, 0],
							"uv": {
								"north": {"uv": [39, 4], "uv_size": [0.25, 0.5]},
								"east": {"uv": [5, 39], "uv_size": [0.25, 0.5]},
								"south": {"uv": [39, 5], "uv_size": [0.25, 0.5]},
								"west": {"uv": [6, 39], "uv_size": [0.25, 0.5]},
								"up": {"uv": [25, 40], "uv_size": [0.25, 0.25]},
								"down": {"uv": [40, 25.25], "uv_size": [0.25, -0.25]}
							}
						},
						{
							"origin": [0.23713, 0.89345, -0.51166],
							"size": [0.06974, 0.01046, 0.02151],
							"pivot": [0.224, 1.31827, -0.58485],
							"rotation": [-30, 0, 0],
							"uv": {
								"north": {"uv": [26, 40], "uv_size": [0.25, 0.25]},
								"east": {"uv": [40, 26], "uv_size": [0.25, 0.25]},
								"south": {"uv": [27, 40], "uv_size": [0.25, 0.25]},
								"west": {"uv": [40, 27], "uv_size": [0.25, 0.25]},
								"up": {"uv": [28, 40], "uv_size": [0.25, 0.25]},
								"down": {"uv": [40, 28.25], "uv_size": [0.25, -0.25]}
							}
						},
						{
							"origin": [0.23713, 1.58897, -0.86307],
							"size": [0.06974, 0.11839, 0.04736],
							"pivot": [0.224, 1.32852, -0.91042],
							"rotation": [-30, 0, 0],
							"uv": {
								"north": {"uv": [29, 40], "uv_size": [0.25, 0.25]},
								"east": {"uv": [40, 29], "uv_size": [0.25, 0.25]},
								"south": {"uv": [30, 40], "uv_size": [0.25, 0.25]},
								"west": {"uv": [40, 30], "uv_size": [0.25, 0.25]},
								"up": {"uv": [31, 40], "uv_size": [0.25, 0.25]},
								"down": {"uv": [40, 31.25], "uv_size": [0.25, -0.25]}
							}
						},
						{
							"origin": [0.23713, 1.68368, -0.83939],
							"size": [0.06974, 0.04025, 0.02368],
							"pivot": [0.224, 1.32852, -0.91042],
							"rotation": [-30, 0, 0],
							"uv": {
								"north": {"uv": [32, 40], "uv_size": [0.25, 0.25]},
								"east": {"uv": [40, 32], "uv_size": [0.25, 0.25]},
								"south": {"uv": [33, 40], "uv_size": [0.25, 0.25]},
								"west": {"uv": [40, 33], "uv_size": [0.25, 0.25]},
								"up": {"uv": [34, 40], "uv_size": [0.25, 0.25]},
								"down": {"uv": [40, 34.25], "uv_size": [0.25, -0.25]}
							}
						},
						{
							"origin": [0.23713, 1.44691, -1.14719],
							"size": [0.06974, 0.18942, 0.37884],
							"uv": {
								"north": {"uv": [39, 6], "uv_size": [0.25, 0.5]},
								"east": {"uv": [31, 16], "uv_size": [1.25, 0.5]},
								"south": {"uv": [7, 39], "uv_size": [0.25, 0.5]},
								"west": {"uv": [17, 31], "uv_size": [1.25, 0.5]},
								"up": {"uv": [17, 34], "uv_size": [0.25, 1.25]},
								"down": {"uv": [34, 18.25], "uv_size": [0.25, -1.25]}
							}
						},
						{
							"origin": [0.23713, 1.44691, -0.5079],
							"size": [0.06974, 0.18942, 0.37884],
							"uv": {
								"north": {"uv": [39, 7], "uv_size": [0.25, 0.5]},
								"east": {"uv": [31, 17], "uv_size": [1.25, 0.5]},
								"south": {"uv": [8, 39], "uv_size": [0.25, 0.5]},
								"west": {"uv": [31, 18], "uv_size": [1.25, 0.5]},
								"up": {"uv": [18, 34], "uv_size": [0.25, 1.25]},
								"down": {"uv": [19, 35.25], "uv_size": [0.25, -1.25]}
							}
						},
						{
							"origin": [0.23713, 1.43997, -1.21361],
							"size": [0.06974, 0.2273, 0.02368],
							"pivot": [0.224, 1.53468, -1.18994],
							"rotation": [40, 0, 0],
							"uv": {
								"north": {"uv": [37, 26], "uv_size": [0.25, 0.75]},
								"east": {"uv": [27, 37], "uv_size": [0.25, 0.75]},
								"south": {"uv": [37, 27], "uv_size": [0.25, 0.75]},
								"west": {"uv": [28, 37], "uv_size": [0.25, 0.75]},
								"up": {"uv": [35, 40], "uv_size": [0.25, 0.25]},
								"down": {"uv": [40, 35.25], "uv_size": [0.25, -0.25]}
							}
						},
						{
							"origin": [0.23713, 1.46364, -1.18994],
							"size": [0.06974, 0.15627, 0.04736],
							"pivot": [0.224, 1.53468, -1.18994],
							"rotation": [40, 0, 0],
							"uv": {
								"north": {"uv": [39, 8], "uv_size": [0.25, 0.5]},
								"east": {"uv": [9, 39], "uv_size": [0.25, 0.5]},
								"south": {"uv": [39, 9], "uv_size": [0.25, 0.5]},
								"west": {"uv": [10, 39], "uv_size": [0.25, 0.5]},
								"up": {"uv": [36, 40], "uv_size": [0.25, 0.25]},
								"down": {"uv": [40, 36.25], "uv_size": [0.25, -0.25]}
							}
						},
						{
							"origin": [0.23713, 1.511, -1.16626],
							"size": [0.06974, 0.08524, 0.04735],
							"pivot": [0.224, 1.53468, -1.18994],
							"rotation": [40, 0, 0],
							"uv": {
								"north": {"uv": [37, 40], "uv_size": [0.25, 0.25]},
								"east": {"uv": [40, 37], "uv_size": [0.25, 0.25]},
								"south": {"uv": [38, 40], "uv_size": [0.25, 0.25]},
								"west": {"uv": [40, 38], "uv_size": [0.25, 0.25]},
								"up": {"uv": [39, 40], "uv_size": [0.25, 0.25]},
								"down": {"uv": [40, 39.25], "uv_size": [0.25, -0.25]}
							}
						},
						{
							"origin": [0.23713, 1.54162, -0.79203],
							"size": [0.06974, 0.07103, 0.10655],
							"uv": {
								"north": {"uv": [40, 40], "uv_size": [0.25, 0.25]},
								"east": {"uv": [0, 41], "uv_size": [0.25, 0.25]},
								"south": {"uv": [41, 0], "uv_size": [0.25, 0.25]},
								"west": {"uv": [1, 41], "uv_size": [0.25, 0.25]},
								"up": {"uv": [41, 1], "uv_size": [0.25, 0.25]},
								"down": {"uv": [2, 41.25], "uv_size": [0.25, -0.25]}
							}
						},
						{
							"origin": [0.23713, 1.61265, -0.76836],
							"size": [0.06974, 0.02368, 0.13023],
							"uv": {
								"north": {"uv": [41, 2], "uv_size": [0.25, 0.25]},
								"east": {"uv": [39, 10], "uv_size": [0.5, 0.25]},
								"south": {"uv": [3, 41], "uv_size": [0.25, 0.25]},
								"west": {"uv": [11, 39], "uv_size": [0.5, 0.25]},
								"up": {"uv": [39, 11], "uv_size": [0.25, 0.5]},
								"down": {"uv": [12, 39.5], "uv_size": [0.25, -0.5]}
							}
						},
						{
							"origin": [0.23713, 1.44025, -0.12906],
							"size": [0.06974, 0.19607, 0.05548],
							"uv": {
								"north": {"uv": [39, 12], "uv_size": [0.25, 0.5]},
								"east": {"uv": [13, 39], "uv_size": [0.25, 0.5]},
								"south": {"uv": [39, 13], "uv_size": [0.25, 0.5]},
								"west": {"uv": [14, 39], "uv_size": [0.25, 0.5]},
								"up": {"uv": [41, 3], "uv_size": [0.25, 0.25]},
								"down": {"uv": [4, 41.25], "uv_size": [0.25, -0.25]}
							}
						},
						{
							"origin": [0.23713, 1.61265, -1.28926],
							"size": [0.06974, 0.02368, 0.14207],
							"uv": {
								"north": {"uv": [41, 4], "uv_size": [0.25, 0.25]},
								"east": {"uv": [39, 14], "uv_size": [0.5, 0.25]},
								"south": {"uv": [5, 41], "uv_size": [0.25, 0.25]},
								"west": {"uv": [15, 39], "uv_size": [0.5, 0.25]},
								"up": {"uv": [39, 15], "uv_size": [0.25, 0.5]},
								"down": {"uv": [16, 39.5], "uv_size": [0.25, -0.5]}
							}
						},
						{
							"origin": [0.23713, 1.58897, -1.26558],
							"size": [0.06974, 0.02368, 0.14206],
							"uv": {
								"north": {"uv": [41, 5], "uv_size": [0.25, 0.25]},
								"east": {"uv": [39, 16], "uv_size": [0.5, 0.25]},
								"south": {"uv": [6, 41], "uv_size": [0.25, 0.25]},
								"west": {"uv": [17, 39], "uv_size": [0.5, 0.25]},
								"up": {"uv": [39, 17], "uv_size": [0.25, 0.5]},
								"down": {"uv": [18, 39.5], "uv_size": [0.25, -0.5]}
							}
						},
						{
							"origin": [0.23713, 1.61265, -0.67364],
							"size": [0.06974, 0.02368, 0.02368],
							"uv": {
								"north": {"uv": [41, 6], "uv_size": [0.25, 0.25]},
								"east": {"uv": [7, 41], "uv_size": [0.25, 0.25]},
								"south": {"uv": [41, 7], "uv_size": [0.25, 0.25]},
								"west": {"uv": [8, 41], "uv_size": [0.25, 0.25]},
								"up": {"uv": [41, 8], "uv_size": [0.25, 0.25]},
								"down": {"uv": [9, 41.25], "uv_size": [0.25, -0.25]}
							}
						}
					]
				}
			]
		}
	]
}