{
	"format_version": "1.12.0",
	"minecraft:geometry": [
		{
			"description": {
				"identifier": "geometry.sight_sro_dot - Converted",
				"texture_width": 32,
				"texture_height": 32,
				"visible_bounds_width": 11,
				"visible_bounds_height": 1.5,
				"visible_bounds_offset": [0, 0.25, 0]
			},
			"bones": [
				{
					"name": "scope_view",
					"pivot": [0, 0.75, 10]
				},
				{
					"name": "scope_body",
					"pivot": [0, 18.95, 0],
					"cubes": [
						{
							"origin": [-0.62184, -0.00483, -0.75711],
							"size": [1.24055, 0.29225, 0.68378],
							"uv": {
								"north": {"uv": [6, 5], "uv_size": [1.25, 0.25]},
								"east": {"uv": [8, 7], "uv_size": [0.75, 0.25]},
								"south": {"uv": [6, 6], "uv_size": [1.25, 0.25]},
								"west": {"uv": [8, 8], "uv_size": [0.75, 0.25]},
								"up": {"uv": [0, 2], "uv_size": [1.25, 0.75]},
								"down": {"uv": [2, 0.75], "uv_size": [1.25, -0.75]}
							}
						},
						{
							"origin": [-0.62184, -0.00483, -2.06251],
							"size": [1.24055, 0.29225, 0.68378],
							"uv": {
								"north": {"uv": [7, 0], "uv_size": [1.25, 0.25]},
								"east": {"uv": [0, 9], "uv_size": [0.75, 0.25]},
								"south": {"uv": [1, 7], "uv_size": [1.25, 0.25]},
								"west": {"uv": [9, 0], "uv_size": [0.75, 0.25]},
								"up": {"uv": [2, 1], "uv_size": [1.25, 0.75]},
								"down": {"uv": [2, 2.75], "uv_size": [1.25, -0.75]}
							}
						},
						{
							"origin": [-0.55967, -0.00483, -1.37873],
							"size": [1.11622, 0.06217, 0.62162],
							"uv": {
								"north": {"uv": [3, 7], "uv_size": [1, 0.25]},
								"east": {"uv": [12, 2], "uv_size": [0.5, 0.25]},
								"south": {"uv": [7, 3], "uv_size": [1, 0.25]},
								"west": {"uv": [3, 12], "uv_size": [0.5, 0.25]},
								"up": {"uv": [2, 4], "uv_size": [1, 0.5]},
								"down": {"uv": [4, 2.5], "uv_size": [1, -0.5]}
							}
						},
						{
							"origin": [-0.20628, -0.31057, -1.37873],
							"size": [0.08792, 0.06216, 0.62162],
							"pivot": [0.03005, 0.375, -1.22477],
							"rotation": [0, 0, 45],
							"uv": {
								"north": {"uv": [5, 13], "uv_size": [0.25, 0.25]},
								"east": {"uv": [12, 3], "uv_size": [0.5, 0.25]},
								"south": {"uv": [13, 5], "uv_size": [0.25, 0.25]},
								"west": {"uv": [4, 12], "uv_size": [0.5, 0.25]},
								"up": {"uv": [12, 4], "uv_size": [0.25, 0.5]},
								"down": {"uv": [5, 12.5], "uv_size": [0.25, -0.5]}
							}
						},
						{
							"origin": [-0.62184, 0.05734, -1.37873],
							"size": [1.24055, 0.23008, 0.62162],
							"uv": {
								"north": {"uv": [7, 1], "uv_size": [1.25, 0.25]},
								"east": {"uv": [12, 5], "uv_size": [0.5, 0.25]},
								"south": {"uv": [7, 2], "uv_size": [1.25, 0.25]},
								"west": {"uv": [6, 12], "uv_size": [0.5, 0.25]},
								"up": {"uv": [2, 3], "uv_size": [1.25, 0.5]},
								"down": {"uv": [0, 4.5], "uv_size": [1.25, -0.5]}
							}
						},
						{
							"origin": [0.13376, -0.26587, -1.37873],
							"size": [0.08791, 0.06216, 0.62162],
							"pivot": [0.03005, 0.375, -1.22477],
							"rotation": [0, 0, -45],
							"uv": {
								"north": {"uv": [6, 13], "uv_size": [0.25, 0.25]},
								"east": {"uv": [12, 6], "uv_size": [0.5, 0.25]},
								"south": {"uv": [13, 6], "uv_size": [0.25, 0.25]},
								"west": {"uv": [7, 12], "uv_size": [0.5, 0.25]},
								"up": {"uv": [12, 7], "uv_size": [0.25, 0.5]},
								"down": {"uv": [8, 12.5], "uv_size": [0.25, -0.5]}
							}
						},
						{
							"origin": [-0.55966, 0.28741, -2.06251],
							"size": [1.11621, 0.06217, 0.88175],
							"uv": {
								"north": {"uv": [4, 7], "uv_size": [1, 0.25]},
								"east": {"uv": [7, 4], "uv_size": [1, 0.25]},
								"south": {"uv": [5, 7], "uv_size": [1, 0.25]},
								"west": {"uv": [6, 7], "uv_size": [1, 0.25]},
								"up": {"uv": [1, 0], "uv_size": [1, 1]},
								"down": {"uv": [1, 2], "uv_size": [1, -1]}
							}
						},
						{
							"origin": [-0.43804, 0.06281, -0.77406],
							"size": [0.87296, 0.06216, 0.18649],
							"pivot": [0.03005, 0.375, -1.12477],
							"rotation": [22.5, 0, 0],
							"uv": {
								"north": {"uv": [1, 9], "uv_size": [0.75, 0.25]},
								"east": {"uv": [7, 13], "uv_size": [0.25, 0.25]},
								"south": {"uv": [9, 1], "uv_size": [0.75, 0.25]},
								"west": {"uv": [13, 7], "uv_size": [0.25, 0.25]},
								"up": {"uv": [2, 9], "uv_size": [0.75, 0.25]},
								"down": {"uv": [9, 2.25], "uv_size": [0.75, -0.25]}
							}
						},
						{
							"origin": [0.43493, 0.28741, -1.20576],
							"size": [0.12162, 0.06217, 0.77298],
							"uv": {
								"north": {"uv": [8, 13], "uv_size": [0.25, 0.25]},
								"east": {"uv": [3, 9], "uv_size": [0.75, 0.25]},
								"south": {"uv": [13, 8], "uv_size": [0.25, 0.25]},
								"west": {"uv": [9, 3], "uv_size": [0.75, 0.25]},
								"up": {"uv": [4, 9], "uv_size": [0.25, 0.75]},
								"down": {"uv": [9, 4.75], "uv_size": [0.25, -0.75]}
							}
						},
						{
							"origin": [-0.55967, 0.28741, -1.20576],
							"size": [0.12163, 0.06217, 0.77298],
							"uv": {
								"north": {"uv": [9, 13], "uv_size": [0.25, 0.25]},
								"east": {"uv": [5, 9], "uv_size": [0.75, 0.25]},
								"south": {"uv": [13, 9], "uv_size": [0.25, 0.25]},
								"west": {"uv": [9, 5], "uv_size": [0.75, 0.25]},
								"up": {"uv": [6, 9], "uv_size": [0.25, 0.75]},
								"down": {"uv": [9, 6.75], "uv_size": [0.25, -0.75]}
							}
						},
						{
							"origin": [-0.55966, 0.28741, -0.53278],
							"size": [1.11621, 0.06217, 0.45945],
							"uv": {
								"north": {"uv": [7, 7], "uv_size": [1, 0.25]},
								"east": {"uv": [12, 8], "uv_size": [0.5, 0.25]},
								"south": {"uv": [0, 8], "uv_size": [1, 0.25]},
								"west": {"uv": [9, 12], "uv_size": [0.5, 0.25]},
								"up": {"uv": [3, 4], "uv_size": [1, 0.5]},
								"down": {"uv": [4, 3.5], "uv_size": [1, -0.5]}
							}
						},
						{
							"origin": [-0.49284, 0.71488, -2.06251],
							"size": [0.08792, 0.05913, 1.98918],
							"pivot": [0.03005, 0.375, -1.22477],
							"rotation": [0, 0, -45],
							"uv": {
								"north": {"uv": [10, 13], "uv_size": [0.25, 0.25]},
								"east": {"uv": [4, 4], "uv_size": [2, 0.25]},
								"south": {"uv": [13, 10], "uv_size": [0.25, 0.25]},
								"west": {"uv": [0, 5], "uv_size": [2, 0.25]},
								"up": {"uv": [5, 0], "uv_size": [0.25, 2]},
								"down": {"uv": [2, 7], "uv_size": [0.25, -2]}
							}
						},
						{
							"origin": [0.42032, 0.67018, -2.06251],
							"size": [0.08791, 0.05913, 1.98918],
							"pivot": [0.03005, 0.375, -1.22477],
							"rotation": [0, 0, 45],
							"uv": {
								"north": {"uv": [11, 13], "uv_size": [0.25, 0.25]},
								"east": {"uv": [5, 2], "uv_size": [2, 0.25]},
								"south": {"uv": [13, 11], "uv_size": [0.25, 0.25]},
								"west": {"uv": [3, 5], "uv_size": [2, 0.25]},
								"up": {"uv": [5, 5], "uv_size": [0.25, 2]},
								"down": {"uv": [0, 8], "uv_size": [0.25, -2]}
							}
						},
						{
							"origin": [-1.0283, 0.51145, -2.21892],
							"size": [0.22892, 0.27702, 0.86521],
							"pivot": [0.03005, 0.375, -1.22477],
							"rotation": [0, 0, 45],
							"uv": {
								"north": {"uv": [12, 13], "uv_size": [0.25, 0.25]},
								"east": {"uv": [7, 9], "uv_size": [0.75, 0.25]},
								"south": {"uv": [13, 12], "uv_size": [0.25, 0.25]},
								"west": {"uv": [9, 7], "uv_size": [0.75, 0.25]},
								"up": {"uv": [8, 9], "uv_size": [0.25, 0.75]},
								"down": {"uv": [9, 8.75], "uv_size": [0.25, -0.75]}
							}
						},
						{
							"origin": [-0.48554, 1.29334, -2.21892],
							"size": [0.25392, 0.07702, 0.86521],
							"pivot": [-0.37108, 1.28185, -1.68631],
							"rotation": [0, 0, 30],
							"uv": {
								"north": {"uv": [16, 17], "uv_size": [0.25, 0.25]},
								"east": {"uv": [5, 11], "uv_size": [0.75, 0.25]},
								"south": {"uv": [17, 16], "uv_size": [0.25, 0.25]},
								"west": {"uv": [11, 5], "uv_size": [0.75, 0.25]},
								"up": {"uv": [6, 11], "uv_size": [0.25, 0.75]},
								"down": {"uv": [11, 6.75], "uv_size": [0.25, -0.75]}
							}
						},
						{
							"origin": [0.2535, 1.29333, -2.21892],
							"size": [0.22892, 0.07702, 0.86521],
							"pivot": [0.36796, 1.28184, -1.68631],
							"rotation": [0, 0, -30],
							"uv": {
								"north": {"uv": [17, 17], "uv_size": [0.25, 0.25]},
								"east": {"uv": [7, 11], "uv_size": [0.75, 0.25]},
								"south": {"uv": [0, 18], "uv_size": [0.25, 0.25]},
								"west": {"uv": [11, 7], "uv_size": [0.75, 0.25]},
								"up": {"uv": [8, 11], "uv_size": [0.25, 0.75]},
								"down": {"uv": [11, 8.75], "uv_size": [0.25, -0.75]}
							}
						},
						{
							"origin": [-0.47284, 1.17995, -2.21892],
							"size": [0.94257, 0.11674, 0.86521],
							"uv": {
								"north": {"uv": [1, 8], "uv_size": [1, 0.25]},
								"east": {"uv": [9, 9], "uv_size": [0.75, 0.25]},
								"south": {"uv": [2, 8], "uv_size": [1, 0.25]},
								"west": {"uv": [0, 10], "uv_size": [0.75, 0.25]},
								"up": {"uv": [0, 3], "uv_size": [1, 0.75]},
								"down": {"uv": [1, 3.75], "uv_size": [1, -0.75]}
							}
						},
						{
							"origin": [0.81478, 0.55615, -2.21892],
							"size": [0.22891, 0.27702, 0.86521],
							"pivot": [0.03005, 0.375, -1.22477],
							"rotation": [0, 0, -45],
							"uv": {
								"north": {"uv": [13, 13], "uv_size": [0.25, 0.25]},
								"east": {"uv": [10, 0], "uv_size": [0.75, 0.25]},
								"south": {"uv": [0, 14], "uv_size": [0.25, 0.25]},
								"west": {"uv": [1, 10], "uv_size": [0.75, 0.25]},
								"up": {"uv": [10, 1], "uv_size": [0.25, 0.75]},
								"down": {"uv": [2, 10.75], "uv_size": [0.25, -0.75]}
							}
						},
						{
							"origin": [-0.62183, 0.1941, -1.38286],
							"size": [0.12163, 0.9169, 0.32332],
							"pivot": [0.03005, 0.375, -1.22477],
							"rotation": [22.5, 0, 0],
							"uv": {
								"north": {"uv": [3, 8], "uv_size": [0.25, 1]},
								"east": {"uv": [8, 3], "uv_size": [0.25, 1]},
								"south": {"uv": [4, 8], "uv_size": [0.25, 1]},
								"west": {"uv": [8, 4], "uv_size": [0.25, 1]},
								"up": {"uv": [14, 0], "uv_size": [0.25, 0.25]},
								"down": {"uv": [1, 14.25], "uv_size": [0.25, -0.25]}
							}
						},
						{
							"origin": [-0.62183, 0.07271, -1.14272],
							"size": [0.12163, 0.29527, 0.09022],
							"pivot": [0.03005, 0.375, -1.22477],
							"rotation": [45, 0, 0],
							"uv": {
								"north": {"uv": [14, 1], "uv_size": [0.25, 0.25]},
								"east": {"uv": [2, 14], "uv_size": [0.25, 0.25]},
								"south": {"uv": [14, 2], "uv_size": [0.25, 0.25]},
								"west": {"uv": [3, 14], "uv_size": [0.25, 0.25]},
								"up": {"uv": [14, 3], "uv_size": [0.25, 0.25]},
								"down": {"uv": [4, 14.25], "uv_size": [0.25, -0.25]}
							}
						},
						{
							"origin": [0.49708, 0.07271, -1.14272],
							"size": [0.12163, 0.29527, 0.09022],
							"pivot": [0.03005, 0.375, -1.22477],
							"rotation": [45, 0, 0],
							"uv": {
								"north": {"uv": [14, 4], "uv_size": [0.25, 0.25]},
								"east": {"uv": [5, 14], "uv_size": [0.25, 0.25]},
								"south": {"uv": [14, 5], "uv_size": [0.25, 0.25]},
								"west": {"uv": [6, 14], "uv_size": [0.25, 0.25]},
								"up": {"uv": [14, 6], "uv_size": [0.25, 0.25]},
								"down": {"uv": [7, 14.25], "uv_size": [0.25, -0.25]}
							}
						},
						{
							"origin": [0.49708, 0.28742, -2.06251],
							"size": [0.12163, 0.53243, 0.7088],
							"uv": {
								"north": {"uv": [12, 9], "uv_size": [0.25, 0.5]},
								"east": {"uv": [5, 3], "uv_size": [0.75, 0.5]},
								"south": {"uv": [10, 12], "uv_size": [0.25, 0.5]},
								"west": {"uv": [6, 0], "uv_size": [0.75, 0.5]},
								"up": {"uv": [10, 2], "uv_size": [0.25, 0.75]},
								"down": {"uv": [3, 10.75], "uv_size": [0.25, -0.75]}
							}
						},
						{
							"origin": [-0.62183, 0.78742, -2.21892],
							"size": [0.12163, 0.43243, 0.86521],
							"uv": {
								"north": {"uv": [12, 11], "uv_size": [0.25, 0.5]},
								"east": {"uv": [3, 6], "uv_size": [0.75, 0.5]},
								"south": {"uv": [12, 12], "uv_size": [0.25, 0.5]},
								"west": {"uv": [6, 3], "uv_size": [0.75, 0.5]},
								"up": {"uv": [10, 11], "uv_size": [0.25, 0.75]},
								"down": {"uv": [11, 10.75], "uv_size": [0.25, -0.75]}
							}
						},
						{
							"origin": [0.49708, 0.78742, -2.21892],
							"size": [0.12163, 0.43243, 0.86521],
							"uv": {
								"north": {"uv": [12, 10], "uv_size": [0.25, 0.5]},
								"east": {"uv": [1, 6], "uv_size": [0.75, 0.5]},
								"south": {"uv": [11, 12], "uv_size": [0.25, 0.5]},
								"west": {"uv": [6, 1], "uv_size": [0.75, 0.5]},
								"up": {"uv": [9, 11], "uv_size": [0.25, 0.75]},
								"down": {"uv": [11, 9.75], "uv_size": [0.25, -0.75]}
							}
						},
						{
							"origin": [0.49671, 0.48742, -2.11892],
							"size": [0.122, 0.65743, 0.66521],
							"pivot": [0.55789, 1.00363, -1.73631],
							"rotation": [0, 180, 0],
							"uv": {
								"north": {"uv": [12, 0], "uv_size": [0.25, 0.75]},
								"east": {"uv": [0, 20.75], "uv_size": [10, 11]},
								"south": {"uv": [1, 12], "uv_size": [0.25, 0.75]},
								"west": {"uv": [4, 1], "uv_size": [0.75, 0.75]},
								"up": {"uv": [12, 1], "uv_size": [0.25, 0.75]},
								"down": {"uv": [2, 12.75], "uv_size": [0.25, -0.75]}
							}
						},
						{
							"origin": [-0.11787, 1.18848, -2.21892],
							"size": [0.31081, 0.11126, 0.86521],
							"pivot": [0.03005, 0.375, -1.22477],
							"rotation": [0, 0, 22.5],
							"uv": {
								"north": {"uv": [14, 7], "uv_size": [0.25, 0.25]},
								"east": {"uv": [10, 3], "uv_size": [0.75, 0.25]},
								"south": {"uv": [8, 14], "uv_size": [0.25, 0.25]},
								"west": {"uv": [4, 10], "uv_size": [0.75, 0.25]},
								"up": {"uv": [10, 4], "uv_size": [0.25, 0.75]},
								"down": {"uv": [5, 10.75], "uv_size": [0.25, -0.75]}
							}
						},
						{
							"origin": [0.6666, 0.57826, -2.21892],
							"size": [0.08019, 0.34189, 0.86521],
							"pivot": [0.03005, 0.375, -1.22477],
							"rotation": [0, 0, -22.5],
							"uv": {
								"north": {"uv": [14, 8], "uv_size": [0.25, 0.25]},
								"east": {"uv": [10, 5], "uv_size": [0.75, 0.25]},
								"south": {"uv": [9, 14], "uv_size": [0.25, 0.25]},
								"west": {"uv": [6, 10], "uv_size": [0.75, 0.25]},
								"up": {"uv": [10, 6], "uv_size": [0.25, 0.75]},
								"down": {"uv": [7, 10.75], "uv_size": [0.25, -0.75]}
							}
						},
						{
							"origin": [0.11941, 0.15597, -2.06251],
							"size": [0.37298, 0.12163, 0.82941],
							"pivot": [0.03005, 0.375, -1.22477],
							"rotation": [0, 0, -22.5],
							"uv": {
								"north": {"uv": [14, 9], "uv_size": [0.25, 0.25]},
								"east": {"uv": [10, 7], "uv_size": [0.75, 0.25]},
								"south": {"uv": [10, 14], "uv_size": [0.25, 0.25]},
								"west": {"uv": [8, 10], "uv_size": [0.75, 0.25]},
								"up": {"uv": [10, 8], "uv_size": [0.25, 0.75]},
								"down": {"uv": [9, 10.75], "uv_size": [0.25, -0.75]}
							}
						},
						{
							"origin": [-0.49069, 0.13178, -2.06251],
							"size": [0.37297, 0.12163, 0.82941],
							"pivot": [0.03005, 0.375, -1.22477],
							"rotation": [0, 0, 22.5],
							"uv": {
								"north": {"uv": [14, 10], "uv_size": [0.25, 0.25]},
								"east": {"uv": [10, 9], "uv_size": [0.75, 0.25]},
								"south": {"uv": [11, 14], "uv_size": [0.25, 0.25]},
								"west": {"uv": [10, 10], "uv_size": [0.75, 0.25]},
								"up": {"uv": [0, 11], "uv_size": [0.25, 0.75]},
								"down": {"uv": [11, 0.75], "uv_size": [0.25, -0.75]}
							}
						},
						{
							"origin": [-0.74509, 0.55407, -2.21892],
							"size": [0.08019, 0.34189, 0.86521],
							"pivot": [0.03005, 0.375, -1.22477],
							"rotation": [0, 0, 22.5],
							"uv": {
								"north": {"uv": [14, 11], "uv_size": [0.25, 0.25]},
								"east": {"uv": [1, 11], "uv_size": [0.75, 0.25]},
								"south": {"uv": [12, 14], "uv_size": [0.25, 0.25]},
								"west": {"uv": [11, 1], "uv_size": [0.75, 0.25]},
								"up": {"uv": [2, 11], "uv_size": [0.25, 0.75]},
								"down": {"uv": [11, 2.75], "uv_size": [0.25, -0.75]}
							}
						},
						{
							"origin": [-0.19124, 1.21266, -2.21892],
							"size": [0.31081, 0.11127, 0.86521],
							"pivot": [0.03005, 0.375, -1.22477],
							"rotation": [0, 0, -22.5],
							"uv": {
								"north": {"uv": [14, 12], "uv_size": [0.25, 0.25]},
								"east": {"uv": [3, 11], "uv_size": [0.75, 0.25]},
								"south": {"uv": [13, 14], "uv_size": [0.25, 0.25]},
								"west": {"uv": [11, 3], "uv_size": [0.75, 0.25]},
								"up": {"uv": [4, 11], "uv_size": [0.25, 0.75]},
								"down": {"uv": [11, 4.75], "uv_size": [0.25, -0.75]}
							}
						},
						{
							"origin": [0.49708, 0.28839, -2.13093],
							"size": [0.12163, 0.53986, 0.14359],
							"pivot": [0.55789, 0.55832, -2.05913],
							"rotation": [20, 0, 0],
							"uv": {
								"north": {"uv": [0, 13], "uv_size": [0.25, 0.5]},
								"east": {"uv": [13, 0], "uv_size": [0.25, 0.5]},
								"south": {"uv": [1, 13], "uv_size": [0.25, 0.5]},
								"west": {"uv": [13, 1], "uv_size": [0.25, 0.5]},
								"up": {"uv": [18, 0], "uv_size": [0.25, 0.25]},
								"down": {"uv": [1, 18.25], "uv_size": [0.25, -0.25]}
							}
						},
						{
							"origin": [-0.62183, 0.28839, -2.13093],
							"size": [0.12163, 0.53986, 0.14359],
							"pivot": [-0.56101, 0.55832, -2.05913],
							"rotation": [20, 0, 0],
							"uv": {
								"north": {"uv": [3, 13], "uv_size": [0.25, 0.5]},
								"east": {"uv": [13, 3], "uv_size": [0.25, 0.5]},
								"south": {"uv": [4, 13], "uv_size": [0.25, 0.5]},
								"west": {"uv": [13, 4], "uv_size": [0.25, 0.5]},
								"up": {"uv": [18, 1], "uv_size": [0.25, 0.25]},
								"down": {"uv": [2, 18.25], "uv_size": [0.25, -0.25]}
							}
						},
						{
							"origin": [-0.62183, 0.28742, -2.06251],
							"size": [0.12163, 0.53243, 0.7088],
							"uv": {
								"north": {"uv": [2, 13], "uv_size": [0.25, 0.5]},
								"east": {"uv": [4, 6], "uv_size": [0.75, 0.5]},
								"south": {"uv": [13, 2], "uv_size": [0.25, 0.5]},
								"west": {"uv": [6, 4], "uv_size": [0.75, 0.5]},
								"up": {"uv": [11, 11], "uv_size": [0.25, 0.75]},
								"down": {"uv": [0, 12.75], "uv_size": [0.25, -0.75]}
							}
						},
						{
							"origin": [0.49708, 0.1941, -1.38286],
							"size": [0.12163, 0.9169, 0.32332],
							"pivot": [0.03005, 0.375, -1.22477],
							"rotation": [22.5, 0, 0],
							"uv": {
								"north": {"uv": [5, 8], "uv_size": [0.25, 1]},
								"east": {"uv": [8, 5], "uv_size": [0.25, 1]},
								"south": {"uv": [6, 8], "uv_size": [0.25, 1]},
								"west": {"uv": [8, 6], "uv_size": [0.25, 1]},
								"up": {"uv": [14, 13], "uv_size": [0.25, 0.25]},
								"down": {"uv": [14, 14.25], "uv_size": [0.25, -0.25]}
							}
						},
						{
							"origin": [0.42218, 0.39535, -0.61925],
							"size": [0.24554, 0.08239, 0.19892],
							"pivot": [0.03005, 0.375, -1.22477],
							"rotation": [-22.5, 0, 0],
							"uv": {
								"north": {"uv": [0, 15], "uv_size": [0.25, 0.25]},
								"east": {"uv": [15, 0], "uv_size": [0.25, 0.25]},
								"south": {"uv": [1, 15], "uv_size": [0.25, 0.25]},
								"west": {"uv": [15, 1], "uv_size": [0.25, 0.25]},
								"up": {"uv": [2, 15], "uv_size": [0.25, 0.25]},
								"down": {"uv": [15, 2.25], "uv_size": [0.25, -0.25]}
							}
						},
						{
							"origin": [0.42218, -0.12117, -0.78221],
							"size": [0.24554, 0.08239, 0.19892],
							"pivot": [0.03005, 0.375, -1.22477],
							"rotation": [22.5, 0, 0],
							"uv": {
								"north": {"uv": [3, 15], "uv_size": [0.25, 0.25]},
								"east": {"uv": [15, 3], "uv_size": [0.25, 0.25]},
								"south": {"uv": [4, 15], "uv_size": [0.25, 0.25]},
								"west": {"uv": [15, 4], "uv_size": [0.25, 0.25]},
								"up": {"uv": [5, 15], "uv_size": [0.25, 0.25]},
								"down": {"uv": [15, 5.25], "uv_size": [0.25, -0.25]}
							}
						},
						{
							"origin": [0.42218, 0.33709, -0.56099],
							"size": [0.24554, 0.19892, 0.08239],
							"pivot": [0.03005, 0.375, -1.22477],
							"rotation": [-22.5, 0, 0],
							"uv": {
								"north": {"uv": [6, 15], "uv_size": [0.25, 0.25]},
								"east": {"uv": [15, 6], "uv_size": [0.25, 0.25]},
								"south": {"uv": [7, 15], "uv_size": [0.25, 0.25]},
								"west": {"uv": [15, 7], "uv_size": [0.25, 0.25]},
								"up": {"uv": [8, 15], "uv_size": [0.25, 0.25]},
								"down": {"uv": [15, 8.25], "uv_size": [0.25, -0.25]}
							}
						},
						{
							"origin": [0.42218, -0.17943, -0.72395],
							"size": [0.24554, 0.19892, 0.08239],
							"pivot": [0.03005, 0.375, -1.22477],
							"rotation": [22.5, 0, 0],
							"uv": {
								"north": {"uv": [9, 15], "uv_size": [0.25, 0.25]},
								"east": {"uv": [15, 9], "uv_size": [0.25, 0.25]},
								"south": {"uv": [10, 15], "uv_size": [0.25, 0.25]},
								"west": {"uv": [15, 10], "uv_size": [0.25, 0.25]},
								"up": {"uv": [11, 15], "uv_size": [0.25, 0.25]},
								"down": {"uv": [15, 11.25], "uv_size": [0.25, -0.25]}
							}
						},
						{
							"origin": [0.26075, 0.25618, -0.51022],
							"size": [0.12359, 0.13675, 0.29838],
							"pivot": [0.03005, 0.375, -1.14977],
							"rotation": [0, -22.5, 0],
							"uv": {
								"north": {"uv": [12, 15], "uv_size": [0.25, 0.25]},
								"east": {"uv": [15, 12], "uv_size": [0.25, 0.25]},
								"south": {"uv": [13, 15], "uv_size": [0.25, 0.25]},
								"west": {"uv": [15, 13], "uv_size": [0.25, 0.25]},
								"up": {"uv": [14, 15], "uv_size": [0.25, 0.25]},
								"down": {"uv": [15, 14.25], "uv_size": [0.25, -0.25]}
							}
						},
						{
							"origin": [-0.38264, 0.25618, -0.53441],
							"size": [0.12359, 0.13675, 0.29838],
							"pivot": [0.03005, 0.375, -1.14977],
							"rotation": [0, 22.5, 0],
							"uv": {
								"north": {"uv": [15, 15], "uv_size": [0.25, 0.25]},
								"east": {"uv": [0, 16], "uv_size": [0.25, 0.25]},
								"south": {"uv": [16, 0], "uv_size": [0.25, 0.25]},
								"west": {"uv": [1, 16], "uv_size": [0.25, 0.25]},
								"up": {"uv": [16, 1], "uv_size": [0.25, 0.25]},
								"down": {"uv": [2, 16.25], "uv_size": [0.25, -0.25]}
							}
						},
						{
							"origin": [0.17335, 0.25618, -0.42282],
							"size": [0.29838, 0.13675, 0.12358],
							"pivot": [0.03005, 0.375, -1.14977],
							"rotation": [0, -22.5, 0],
							"uv": {
								"north": {"uv": [16, 2], "uv_size": [0.25, 0.25]},
								"east": {"uv": [3, 16], "uv_size": [0.25, 0.25]},
								"south": {"uv": [16, 3], "uv_size": [0.25, 0.25]},
								"west": {"uv": [4, 16], "uv_size": [0.25, 0.25]},
								"up": {"uv": [16, 4], "uv_size": [0.25, 0.25]},
								"down": {"uv": [5, 16.25], "uv_size": [0.25, -0.25]}
							}
						},
						{
							"origin": [-0.47004, 0.25618, -0.44701],
							"size": [0.29838, 0.13675, 0.12359],
							"pivot": [0.03005, 0.375, -1.14977],
							"rotation": [0, 22.5, 0],
							"uv": {
								"north": {"uv": [16, 5], "uv_size": [0.25, 0.25]},
								"east": {"uv": [6, 16], "uv_size": [0.25, 0.25]},
								"south": {"uv": [16, 6], "uv_size": [0.25, 0.25]},
								"west": {"uv": [7, 16], "uv_size": [0.25, 0.25]},
								"up": {"uv": [16, 7], "uv_size": [0.25, 0.25]},
								"down": {"uv": [8, 16.25], "uv_size": [0.25, -0.25]}
							}
						},
						{
							"origin": [0.4373, 0.20033, -1.10392],
							"size": [0.08899, 0.09846, 0.21484],
							"pivot": [0.2712, 0.28588, -1.56439],
							"rotation": [0, -22.5, 0],
							"uv": {
								"north": {"uv": [16, 8], "uv_size": [0.25, 0.25]},
								"east": {"uv": [9, 16], "uv_size": [0.25, 0.25]},
								"south": {"uv": [16, 9], "uv_size": [0.25, 0.25]},
								"west": {"uv": [10, 16], "uv_size": [0.25, 0.25]},
								"up": {"uv": [16, 10], "uv_size": [0.25, 0.25]},
								"down": {"uv": [11, 16.25], "uv_size": [0.25, -0.25]}
							}
						},
						{
							"origin": [-0.02594, 0.20033, -1.12133],
							"size": [0.08899, 0.09846, 0.21483],
							"pivot": [0.2712, 0.28588, -1.56439],
							"rotation": [0, 22.5, 0],
							"uv": {
								"north": {"uv": [16, 11], "uv_size": [0.25, 0.25]},
								"east": {"uv": [12, 16], "uv_size": [0.25, 0.25]},
								"south": {"uv": [16, 12], "uv_size": [0.25, 0.25]},
								"west": {"uv": [13, 16], "uv_size": [0.25, 0.25]},
								"up": {"uv": [16, 13], "uv_size": [0.25, 0.25]},
								"down": {"uv": [14, 16.25], "uv_size": [0.25, -0.25]}
							}
						},
						{
							"origin": [0.37438, 0.20033, -1.04099],
							"size": [0.21483, 0.09846, 0.08898],
							"pivot": [0.2712, 0.28588, -1.56439],
							"rotation": [0, -22.5, 0],
							"uv": {
								"north": {"uv": [16, 14], "uv_size": [0.25, 0.25]},
								"east": {"uv": [15, 16], "uv_size": [0.25, 0.25]},
								"south": {"uv": [16, 15], "uv_size": [0.25, 0.25]},
								"west": {"uv": [16, 16], "uv_size": [0.25, 0.25]},
								"up": {"uv": [0, 17], "uv_size": [0.25, 0.25]},
								"down": {"uv": [17, 0.25], "uv_size": [0.25, -0.25]}
							}
						},
						{
							"origin": [-0.08886, 0.20033, -1.05841],
							"size": [0.21483, 0.09846, 0.08899],
							"pivot": [0.2712, 0.28588, -1.56439],
							"rotation": [0, 22.5, 0],
							"uv": {
								"north": {"uv": [1, 17], "uv_size": [0.25, 0.25]},
								"east": {"uv": [17, 1], "uv_size": [0.25, 0.25]},
								"south": {"uv": [2, 17], "uv_size": [0.25, 0.25]},
								"west": {"uv": [17, 2], "uv_size": [0.25, 0.25]},
								"up": {"uv": [3, 17], "uv_size": [0.25, 0.25]},
								"down": {"uv": [17, 3.25], "uv_size": [0.25, -0.25]}
							}
						},
						{
							"origin": [-0.58886, 0.20033, -1.05841],
							"size": [0.21483, 0.09846, 0.08899],
							"pivot": [-0.2288, 0.28588, -1.56439],
							"rotation": [0, 22.5, 0],
							"uv": {
								"north": {"uv": [13, 17], "uv_size": [0.25, 0.25]},
								"east": {"uv": [17, 13], "uv_size": [0.25, 0.25]},
								"south": {"uv": [14, 17], "uv_size": [0.25, 0.25]},
								"west": {"uv": [17, 14], "uv_size": [0.25, 0.25]},
								"up": {"uv": [15, 17], "uv_size": [0.25, 0.25]},
								"down": {"uv": [17, 15.25], "uv_size": [0.25, -0.25]}
							}
						},
						{
							"origin": [-0.12562, 0.20033, -1.04099],
							"size": [0.21483, 0.09846, 0.08898],
							"pivot": [-0.2288, 0.28588, -1.56439],
							"rotation": [0, -22.5, 0],
							"uv": {
								"north": {"uv": [10, 17], "uv_size": [0.25, 0.25]},
								"east": {"uv": [17, 10], "uv_size": [0.25, 0.25]},
								"south": {"uv": [11, 17], "uv_size": [0.25, 0.25]},
								"west": {"uv": [17, 11], "uv_size": [0.25, 0.25]},
								"up": {"uv": [12, 17], "uv_size": [0.25, 0.25]},
								"down": {"uv": [17, 12.25], "uv_size": [0.25, -0.25]}
							}
						},
						{
							"origin": [-0.52594, 0.20033, -1.12133],
							"size": [0.08899, 0.09846, 0.21483],
							"pivot": [-0.2288, 0.28588, -1.56439],
							"rotation": [0, 22.5, 0],
							"uv": {
								"north": {"uv": [7, 17], "uv_size": [0.25, 0.25]},
								"east": {"uv": [17, 7], "uv_size": [0.25, 0.25]},
								"south": {"uv": [8, 17], "uv_size": [0.25, 0.25]},
								"west": {"uv": [17, 8], "uv_size": [0.25, 0.25]},
								"up": {"uv": [9, 17], "uv_size": [0.25, 0.25]},
								"down": {"uv": [17, 9.25], "uv_size": [0.25, -0.25]}
							}
						},
						{
							"origin": [-0.0627, 0.20033, -1.10392],
							"size": [0.08899, 0.09846, 0.21484],
							"pivot": [-0.2288, 0.28588, -1.56439],
							"rotation": [0, -22.5, 0],
							"uv": {
								"north": {"uv": [4, 17], "uv_size": [0.25, 0.25]},
								"east": {"uv": [17, 4], "uv_size": [0.25, 0.25]},
								"south": {"uv": [5, 17], "uv_size": [0.25, 0.25]},
								"west": {"uv": [17, 5], "uv_size": [0.25, 0.25]},
								"up": {"uv": [6, 17], "uv_size": [0.25, 0.25]},
								"down": {"uv": [17, 6.25], "uv_size": [0.25, -0.25]}
							}
						}
					]
				},
				{
					"name": "screws",
					"parent": "scope_body",
					"pivot": [0, 18.90581, 1.25]
				},
				{
					"name": "division",
					"pivot": [0, 0, 0]
				},
				{
					"name": "division_illuminated",
					"parent": "division",
					"pivot": [0, 0.75125, -55.3],
					"cubes": [
						{
							"origin": [-0.25, 0.23874, -30],
							"size": [0.5, 0.5, 0.3],
							"pivot": [0, 0.48875, -29.85],
							"rotation": [0, 0, -45],
							"uv": {
								"south": {"uv": [16, 24], "uv_size": [3.75, 4]}
							}
						}
					]
				},
				{
					"name": "ocular",
					"pivot": [0, 2.60938, -0.2875],
					"cubes": [
						{
							"origin": [-0.54826, 0.07114, -1.6815],
							"size": [1.10901, 1.21241, 0.02463],
							"uv": {
								"south": {"uv": [0, 0], "uv_size": [1, 1.25]}
							}
						}
					]
				}
			]
		}
	]
}