{
	"format_version": "1.12.0",
	"minecraft:geometry": [
		{
			"description": {
				"identifier": "geometry.unknown",
				"texture_width": 64,
				"texture_height": 64,
				"visible_bounds_width": 2,
				"visible_bounds_height": 1.5,
				"visible_bounds_offset": [0, 0.25, 0]
			},
			"bones": [
				{
					"name": "cloth_cover_gun",
					"pivot": [0.01754, -0.0739, -0.00251],
					"cubes": [
						{
							"origin": [-0.92991, -0.93779, -4.78479],
							"size": [1.89491, 2.55245, 9.30833],
							"pivot": [0.01755, 1.04761, 0.21599],
							"rotation": [4.5, 0, 0],
							"uv": {
								"north": {"uv": [26, 6], "uv_size": [1.875, 2.5]},
								"east": {"uv": [0, 0], "uv_size": [9.25, 2.5]},
								"south": {"uv": [0, 27], "uv_size": [1.875, 2.5]},
								"west": {"uv": [0, 3], "uv_size": [9.25, 2.5]},
								"up": {"uv": [0, 9], "uv_size": [1.875, 9.25]},
								"down": {"uv": [2, 18.25], "uv_size": [1.875, -9.25]}
							}
						},
						{
							"origin": [-0.24943, 1.6448, -4.78479],
							"size": [0.53596, 0.47373, 9.29482],
							"pivot": [0.01755, 1.04761, 0.21599],
							"rotation": [3.18524, -3.18037, 44.91154],
							"uv": {
								"north": {"uv": [31, 41], "uv_size": [0.5, 0.5]},
								"east": {"uv": [26, 9], "uv_size": [9.25, 0.5]},
								"south": {"uv": [41, 31], "uv_size": [0.5, 0.5]},
								"west": {"uv": [12, 27], "uv_size": [9.25, 0.5]},
								"up": {"uv": [9, 27], "uv_size": [0.5, 9.25]},
								"down": {"uv": [10, 36.25], "uv_size": [0.5, -9.25]}
							}
						},
						{
							"origin": [-0.25143, 1.64481, -4.78479],
							"size": [0.53597, 0.47373, 9.29482],
							"pivot": [0.01755, 1.04761, 0.21599],
							"rotation": [3.18524, 3.18037, -44.91154],
							"uv": {
								"north": {"uv": [32, 41], "uv_size": [0.5, 0.5]},
								"east": {"uv": [27, 13], "uv_size": [9.25, 0.5]},
								"south": {"uv": [33, 41], "uv_size": [0.5, 0.5]},
								"west": {"uv": [27, 14], "uv_size": [9.25, 0.5]},
								"up": {"uv": [27, 15], "uv_size": [0.5, 9.25]},
								"down": {"uv": [24, 36.25], "uv_size": [0.5, -9.25]}
							}
						},
						{
							"origin": [-0.55093, 1.51991, -4.78479],
							"size": [1.13695, 0.47373, 9.29482],
							"pivot": [0.01755, 1.04761, 0.21599],
							"rotation": [4.5, 0, 0],
							"uv": {
								"north": {"uv": [13, 40], "uv_size": [1.125, 0.5]},
								"east": {"uv": [27, 25], "uv_size": [9.25, 0.5]},
								"south": {"uv": [40, 13], "uv_size": [1.125, 0.5]},
								"west": {"uv": [27, 26], "uv_size": [9.25, 0.5]},
								"up": {"uv": [12, 9], "uv_size": [1.125, 9.25]},
								"down": {"uv": [14, 18.25], "uv_size": [1.125, -9.25]}
							}
						},
						{
							"origin": [-0.55094, -1.91027, -4.31106],
							"size": [1.13695, 0.47373, 8.89483],
							"pivot": [0.01754, -1.48276, -0.55352],
							"rotation": [-4.5, 0, 0],
							"uv": {
								"north": {"uv": [40, 14], "uv_size": [1.125, 0.5]},
								"east": {"uv": [28, 3], "uv_size": [8.875, 0.5]},
								"south": {"uv": [15, 40], "uv_size": [1.125, 0.5]},
								"west": {"uv": [28, 4], "uv_size": [8.875, 0.5]},
								"up": {"uv": [16, 4], "uv_size": [1.125, 8.875]},
								"down": {"uv": [16, 21.875], "uv_size": [1.125, -8.875]}
							}
						},
						{
							"origin": [-0.92992, -1.53128, -4.31106],
							"size": [1.89492, 1.37372, 8.89483],
							"pivot": [0.01754, -1.48276, -0.55352],
							"rotation": [-4.5, 0, 0],
							"uv": {
								"north": {"uv": [31, 29], "uv_size": [1.875, 1.375]},
								"east": {"uv": [10, 0], "uv_size": [8.875, 1.375]},
								"south": {"uv": [30, 31], "uv_size": [1.875, 1.375]},
								"west": {"uv": [10, 2], "uv_size": [8.875, 1.375]},
								"up": {"uv": [4, 9], "uv_size": [1.875, 8.875]},
								"down": {"uv": [6, 17.875], "uv_size": [1.875, -8.875]}
							}
						},
						{
							"origin": [-0.6181, -2.18703, -4.31106],
							"size": [0.53596, 0.47373, 8.89483],
							"pivot": [0.01754, -1.48276, -0.55352],
							"rotation": [-3.18527, 3.18031, 44.91154],
							"uv": {
								"north": {"uv": [34, 41], "uv_size": [0.5, 0.5]},
								"east": {"uv": [28, 5], "uv_size": [8.875, 0.5]},
								"south": {"uv": [35, 41], "uv_size": [0.5, 0.5]},
								"west": {"uv": [28, 6], "uv_size": [8.875, 0.5]},
								"up": {"uv": [12, 28], "uv_size": [0.5, 8.875]},
								"down": {"uv": [13, 36.875], "uv_size": [0.5, -8.875]}
							}
						},
						{
							"origin": [0.11723, -2.18702, -4.21106],
							"size": [0.53596, 0.47373, 8.79483],
							"pivot": [0.01754, -1.48276, -0.55352],
							"rotation": [-3.18527, -3.18031, -44.91154],
							"uv": {
								"north": {"uv": [36, 41], "uv_size": [0.5, 0.5]},
								"east": {"uv": [28, 7], "uv_size": [8.75, 0.5]},
								"south": {"uv": [37, 41], "uv_size": [0.5, 0.5]},
								"west": {"uv": [28, 8], "uv_size": [8.75, 0.5]},
								"up": {"uv": [14, 28], "uv_size": [0.5, 8.75]},
								"down": {"uv": [15, 36.75], "uv_size": [0.5, -8.75]}
							}
						}
					]
				},
				{
					"name": "bone13",
					"parent": "cloth_cover_gun",
					"pivot": [0.01754, -16.51054, -2.57539],
					"rotation": [-12, 0, 0],
					"cubes": [
						{
							"origin": [-0.94939, -1.11486, -2.20737],
							"size": [0.53597, 0.47373, 4.29482],
							"pivot": [0.01756, 0.65604, 1.15466],
							"rotation": [3.54002, 3.53329, -44.89078],
							"uv": {
								"north": {"uv": [26, 41], "uv_size": [0.5, 0.5]},
								"east": {"uv": [33, 29], "uv_size": [4.25, 0.5]},
								"south": {"uv": [41, 26], "uv_size": [0.5, 0.5]},
								"west": {"uv": [30, 33], "uv_size": [4.25, 0.5]},
								"up": {"uv": [8, 34], "uv_size": [0.5, 4.25]},
								"down": {"uv": [26, 38.25], "uv_size": [0.5, -4.25]}
							}
						},
						{
							"origin": [0.44856, -1.11487, -2.20737],
							"size": [0.53596, 0.47373, 4.29482],
							"pivot": [0.01756, 0.65604, 1.15466],
							"rotation": [3.54002, -3.53329, 44.89078],
							"uv": {
								"north": {"uv": [27, 41], "uv_size": [0.5, 0.5]},
								"east": {"uv": [33, 30], "uv_size": [4.25, 0.5]},
								"south": {"uv": [41, 27], "uv_size": [0.5, 0.5]},
								"west": {"uv": [34, 12], "uv_size": [4.25, 0.5]},
								"up": {"uv": [30, 34], "uv_size": [0.5, 4.25]},
								"down": {"uv": [31, 38.25], "uv_size": [0.5, -4.25]}
							}
						},
						{
							"origin": [-0.55091, -1.27992, -2.20737],
							"size": [1.13694, 0.47373, 4.29482],
							"pivot": [0.01756, 0.65604, 1.15466],
							"rotation": [5, 0, 0],
							"uv": {
								"north": {"uv": [7, 40], "uv_size": [1.125, 0.5]},
								"east": {"uv": [32, 34], "uv_size": [4.25, 0.5]},
								"south": {"uv": [40, 8], "uv_size": [1.125, 0.5]},
								"west": {"uv": [16, 35], "uv_size": [4.25, 0.5]},
								"up": {"uv": [22, 25], "uv_size": [1.125, 4.25]},
								"down": {"uv": [6, 30.25], "uv_size": [1.125, -4.25]}
							}
						},
						{
							"origin": [-0.55092, 3.00319, 0.51834],
							"size": [1.13694, 0.47373, 1.49482],
							"pivot": [0.01756, 1.52999, 1.64952],
							"rotation": [5, 0, 0],
							"uv": {
								"north": {"uv": [40, 10], "uv_size": [1.125, 0.5]},
								"east": {"uv": [38, 11], "uv_size": [1.5, 0.5]},
								"south": {"uv": [40, 11], "uv_size": [1.125, 0.5]},
								"west": {"uv": [13, 38], "uv_size": [1.5, 0.5]},
								"up": {"uv": [36, 27], "uv_size": [1.125, 1.5]},
								"down": {"uv": [32, 37.5], "uv_size": [1.125, -1.5]}
							}
						},
						{
							"origin": [0.45633, 2.83493, 0.51834],
							"size": [0.53596, 0.47373, 1.49482],
							"pivot": [0.01756, 1.52999, 1.64952],
							"rotation": [3.54002, 3.53329, -44.89078],
							"uv": {
								"north": {"uv": [28, 41], "uv_size": [0.5, 0.5]},
								"east": {"uv": [38, 14], "uv_size": [1.5, 0.5]},
								"south": {"uv": [41, 28], "uv_size": [0.5, 0.5]},
								"west": {"uv": [38, 15], "uv_size": [1.5, 0.5]},
								"up": {"uv": [38, 23], "uv_size": [0.5, 1.5]},
								"down": {"uv": [38, 28.5], "uv_size": [0.5, -1.5]}
							}
						},
						{
							"origin": [-0.95717, 2.83492, 0.51834],
							"size": [0.53597, 0.47373, 1.49482],
							"pivot": [0.01756, 1.52999, 1.64952],
							"rotation": [3.54002, -3.53329, 44.89078],
							"uv": {
								"north": {"uv": [29, 41], "uv_size": [0.5, 0.5]},
								"east": {"uv": [38, 29], "uv_size": [1.5, 0.5]},
								"south": {"uv": [30, 41], "uv_size": [0.5, 0.5]},
								"west": {"uv": [38, 30], "uv_size": [1.5, 0.5]},
								"up": {"uv": [32, 38], "uv_size": [0.5, 1.5]},
								"down": {"uv": [33, 39.5], "uv_size": [0.5, -1.5]}
							}
						},
						{
							"origin": [-0.9299, -0.85449, 0.60483],
							"size": [1.89492, 3.95245, 1.40833],
							"pivot": [0.01756, 1.52999, 1.64952],
							"rotation": [5, 0, 0],
							"uv": {
								"north": {"uv": [19, 0], "uv_size": [1.875, 4]},
								"east": {"uv": [23, 10], "uv_size": [1.375, 4]},
								"south": {"uv": [14, 19], "uv_size": [1.875, 4]},
								"west": {"uv": [14, 23], "uv_size": [1.375, 4]},
								"up": {"uv": [30, 15], "uv_size": [1.875, 1.375]},
								"down": {"uv": [28, 32.375], "uv_size": [1.875, -1.375]}
							}
						},
						{
							"origin": [-0.9299, -0.85449, -1.89517],
							"size": [1.89492, 0.35245, 2.80833],
							"pivot": [0.01756, 1.52999, 1.64952],
							"rotation": [5, 0, 0],
							"uv": {
								"north": {"uv": [39, 7], "uv_size": [1.875, 0.375]},
								"east": {"uv": [12, 37], "uv_size": [2.75, 0.375]},
								"south": {"uv": [8, 39], "uv_size": [1.875, 0.375]},
								"west": {"uv": [37, 13], "uv_size": [2.75, 0.375]},
								"up": {"uv": [24, 24], "uv_size": [1.875, 2.75]},
								"down": {"uv": [25, 2.75], "uv_size": [1.875, -2.75]}
							}
						}
					]
				},
				{
					"name": "bone20",
					"parent": "cloth_cover_gun",
					"pivot": [0.01129, -0.16917, 2.30067],
					"rotation": [24.25, 0, 0],
					"cubes": [
						{
							"origin": [9.63316, -7.01126, 2.1375],
							"size": [0.62172, 0.24952, 0.342],
							"pivot": [0.01754, -15.6943, -9.44602],
							"rotation": [0, 0, -45],
							"uv": {
								"north": {"uv": [14, 42], "uv_size": [0.625, 0.25]},
								"east": {"uv": [26, 42], "uv_size": [0.375, 0.25]},
								"south": {"uv": [42, 14], "uv_size": [0.625, 0.25]},
								"west": {"uv": [42, 26], "uv_size": [0.375, 0.25]},
								"up": {"uv": [38, 41], "uv_size": [0.625, 0.375]},
								"down": {"uv": [41, 38.375], "uv_size": [0.625, -0.375]}
							}
						},
						{
							"origin": [-10.21978, -7.01127, 2.1375],
							"size": [0.62172, 0.24952, 0.342],
							"pivot": [0.01754, -15.6943, -9.44602],
							"rotation": [0, 0, 45],
							"uv": {
								"north": {"uv": [15, 42], "uv_size": [0.625, 0.25]},
								"east": {"uv": [27, 42], "uv_size": [0.375, 0.25]},
								"south": {"uv": [42, 15], "uv_size": [0.625, 0.25]},
								"west": {"uv": [42, 27], "uv_size": [0.375, 0.25]},
								"up": {"uv": [39, 41], "uv_size": [0.625, 0.375]},
								"down": {"uv": [41, 39.375], "uv_size": [0.625, -0.375]}
							}
						},
						{
							"origin": [-0.64189, -2.75521, 2.1375],
							"size": [1.31886, 0.24952, 0.342],
							"uv": {
								"north": {"uv": [37, 40], "uv_size": [1.375, 0.25]},
								"east": {"uv": [28, 42], "uv_size": [0.375, 0.25]},
								"south": {"uv": [40, 37], "uv_size": [1.375, 0.25]},
								"west": {"uv": [42, 28], "uv_size": [0.375, 0.25]},
								"up": {"uv": [40, 15], "uv_size": [1.375, 0.375]},
								"down": {"uv": [17, 40.375], "uv_size": [1.375, -0.375]}
							}
						},
						{
							"origin": [-0.64189, 2.16734, 2.12183],
							"size": [1.31886, 0.24953, 0.342],
							"uv": {
								"north": {"uv": [39, 40], "uv_size": [1.375, 0.25]},
								"east": {"uv": [29, 42], "uv_size": [0.375, 0.25]},
								"south": {"uv": [0, 41], "uv_size": [1.375, 0.25]},
								"west": {"uv": [42, 29], "uv_size": [0.375, 0.25]},
								"up": {"uv": [40, 17], "uv_size": [1.375, 0.375]},
								"down": {"uv": [19, 40.375], "uv_size": [1.375, -0.375]}
							}
						},
						{
							"origin": [10.95827, -2.34882, 2.12183],
							"size": [0.62172, 0.24952, 0.342],
							"pivot": [0.01754, -14.59431, -9.46169],
							"rotation": [0, 0, -45],
							"uv": {
								"north": {"uv": [16, 42], "uv_size": [0.625, 0.25]},
								"east": {"uv": [30, 42], "uv_size": [0.375, 0.25]},
								"south": {"uv": [42, 16], "uv_size": [0.625, 0.25]},
								"west": {"uv": [42, 30], "uv_size": [0.375, 0.25]},
								"up": {"uv": [40, 41], "uv_size": [0.625, 0.375]},
								"down": {"uv": [41, 40.375], "uv_size": [0.625, -0.375]}
							}
						},
						{
							"origin": [-11.54489, -2.34883, 2.12183],
							"size": [0.62172, 0.24953, 0.342],
							"pivot": [0.01754, -14.59431, -9.46169],
							"rotation": [0, 0, 45],
							"uv": {
								"north": {"uv": [17, 42], "uv_size": [0.625, 0.25]},
								"east": {"uv": [31, 42], "uv_size": [0.375, 0.25]},
								"south": {"uv": [42, 17], "uv_size": [0.625, 0.25]},
								"west": {"uv": [42, 31], "uv_size": [0.375, 0.25]},
								"up": {"uv": [41, 41], "uv_size": [0.625, 0.375]},
								"down": {"uv": [0, 42.375], "uv_size": [0.625, -0.375]}
							}
						},
						{
							"origin": [0.81849, -2.31557, 2.12183],
							"size": [0.29811, 4.29282, 0.35767],
							"uv": {
								"north": {"uv": [2, 37], "uv_size": [0.25, 4.25]},
								"east": {"uv": [11, 35], "uv_size": [0.375, 4.25]},
								"south": {"uv": [3, 37], "uv_size": [0.25, 4.25]},
								"west": {"uv": [23, 35], "uv_size": [0.375, 4.25]},
								"up": {"uv": [32, 42], "uv_size": [0.25, 0.375]},
								"down": {"uv": [42, 32.375], "uv_size": [0.25, -0.375]}
							}
						},
						{
							"origin": [-1.08151, -2.31559, 2.12183],
							"size": [0.1981, 4.29284, 0.35767],
							"uv": {
								"north": {"uv": [4, 37], "uv_size": [0.25, 4.25]},
								"east": {"uv": [25, 35], "uv_size": [0.375, 4.25]},
								"south": {"uv": [37, 4], "uv_size": [0.25, 4.25]},
								"west": {"uv": [29, 35], "uv_size": [0.375, 4.25]},
								"up": {"uv": [33, 42], "uv_size": [0.25, 0.375]},
								"down": {"uv": [42, 33.375], "uv_size": [0.25, -0.375]}
							}
						}
					]
				},
				{
					"name": "bone21",
					"parent": "cloth_cover_gun",
					"pivot": [0.01129, -16.79373, -7.14469],
					"rotation": [-26.75, 0, 0],
					"cubes": [
						{
							"origin": [9.77847, -8.26538, -14.96932],
							"size": [0.62172, 0.24952, 0.342],
							"pivot": [0.01754, -17.09373, -10.85473],
							"rotation": [0, 0, -45],
							"uv": {
								"north": {"uv": [18, 42], "uv_size": [0.625, 0.25]},
								"east": {"uv": [34, 42], "uv_size": [0.375, 0.25]},
								"south": {"uv": [42, 18], "uv_size": [0.625, 0.25]},
								"west": {"uv": [42, 34], "uv_size": [0.375, 0.25]},
								"up": {"uv": [1, 42], "uv_size": [0.625, 0.375]},
								"down": {"uv": [2, 42.375], "uv_size": [0.625, -0.375]}
							}
						},
						{
							"origin": [-10.36509, -8.26539, -14.96932],
							"size": [0.62172, 0.24953, 0.342],
							"pivot": [0.01754, -17.09373, -10.85473],
							"rotation": [0, 0, 45],
							"uv": {
								"north": {"uv": [19, 42], "uv_size": [0.625, 0.25]},
								"east": {"uv": [35, 42], "uv_size": [0.375, 0.25]},
								"south": {"uv": [42, 19], "uv_size": [0.625, 0.25]},
								"west": {"uv": [42, 35], "uv_size": [0.375, 0.25]},
								"up": {"uv": [3, 42], "uv_size": [0.625, 0.375]},
								"down": {"uv": [4, 42.375], "uv_size": [0.625, -0.375]}
							}
						},
						{
							"origin": [-0.64189, -3.94913, -14.96932],
							"size": [1.31886, 0.24952, 0.342],
							"uv": {
								"north": {"uv": [41, 0], "uv_size": [1.375, 0.25]},
								"east": {"uv": [36, 42], "uv_size": [0.375, 0.25]},
								"south": {"uv": [41, 1], "uv_size": [1.375, 0.25]},
								"west": {"uv": [42, 36], "uv_size": [0.375, 0.25]},
								"up": {"uv": [21, 40], "uv_size": [1.375, 0.375]},
								"down": {"uv": [40, 24.375], "uv_size": [1.375, -0.375]}
							}
						},
						{
							"origin": [-0.64189, 0.17342, -14.96932],
							"size": [1.31886, 0.24953, 0.342],
							"uv": {
								"north": {"uv": [41, 2], "uv_size": [1.375, 0.25]},
								"east": {"uv": [37, 42], "uv_size": [0.375, 0.25]},
								"south": {"uv": [41, 3], "uv_size": [1.375, 0.25]},
								"west": {"uv": [42, 37], "uv_size": [0.375, 0.25]},
								"up": {"uv": [40, 25], "uv_size": [1.375, 0.375]},
								"down": {"uv": [29, 40.375], "uv_size": [1.375, -0.375]}
							}
						},
						{
							"origin": [11.10358, -4.40293, -14.96932],
							"size": [0.62172, 0.24952, 0.342],
							"pivot": [0.01754, -16.79373, -10.85473],
							"rotation": [0, 0, -45],
							"uv": {
								"north": {"uv": [20, 42], "uv_size": [0.625, 0.25]},
								"east": {"uv": [38, 42], "uv_size": [0.375, 0.25]},
								"south": {"uv": [42, 20], "uv_size": [0.625, 0.25]},
								"west": {"uv": [42, 38], "uv_size": [0.375, 0.25]},
								"up": {"uv": [5, 42], "uv_size": [0.625, 0.375]},
								"down": {"uv": [6, 42.375], "uv_size": [0.625, -0.375]}
							}
						},
						{
							"origin": [-11.6902, -4.40294, -14.96932],
							"size": [0.62172, 0.24953, 0.342],
							"pivot": [0.01754, -16.79373, -10.85473],
							"rotation": [0, 0, 45],
							"uv": {
								"north": {"uv": [21, 42], "uv_size": [0.625, 0.25]},
								"east": {"uv": [39, 42], "uv_size": [0.375, 0.25]},
								"south": {"uv": [42, 21], "uv_size": [0.625, 0.25]},
								"west": {"uv": [42, 39], "uv_size": [0.375, 0.25]},
								"up": {"uv": [7, 42], "uv_size": [0.625, 0.375]},
								"down": {"uv": [42, 7.375], "uv_size": [0.625, -0.375]}
							}
						},
						{
							"origin": [0.81849, -3.5095, -14.96932],
							"size": [0.2981, 3.49283, 0.35767],
							"uv": {
								"north": {"uv": [27, 37], "uv_size": [0.25, 3.5]},
								"east": {"uv": [25, 13], "uv_size": [0.375, 3.5]},
								"south": {"uv": [28, 37], "uv_size": [0.25, 3.5]},
								"west": {"uv": [7, 36], "uv_size": [0.375, 3.5]},
								"up": {"uv": [40, 42], "uv_size": [0.25, 0.375]},
								"down": {"uv": [42, 40.375], "uv_size": [0.25, -0.375]}
							}
						},
						{
							"origin": [-1.08151, -3.50951, -14.96932],
							"size": [0.1981, 3.49284, 0.35767],
							"uv": {
								"north": {"uv": [37, 34], "uv_size": [0.25, 3.5]},
								"east": {"uv": [34, 36], "uv_size": [0.375, 3.5]},
								"south": {"uv": [38, 0], "uv_size": [0.25, 3.5]},
								"west": {"uv": [35, 36], "uv_size": [0.375, 3.5]},
								"up": {"uv": [41, 42], "uv_size": [0.25, 0.375]},
								"down": {"uv": [42, 41.375], "uv_size": [0.25, -0.375]}
							}
						}
					]
				},
				{
					"name": "bone22",
					"parent": "cloth_cover_gun",
					"pivot": [0.01129, -17.08502, -13.18173],
					"rotation": [16.25, 0, 0],
					"cubes": [
						{
							"origin": [10.58472, -7.60042, -8.5976],
							"size": [0.62172, 0.24952, 0.342],
							"pivot": [0.01754, -17.23502, -16.89177],
							"rotation": [0, 0, -45],
							"uv": {
								"north": {"uv": [22, 42], "uv_size": [0.625, 0.25]},
								"east": {"uv": [42, 42], "uv_size": [0.375, 0.25]},
								"south": {"uv": [42, 22], "uv_size": [0.625, 0.25]},
								"west": {"uv": [0, 43], "uv_size": [0.375, 0.25]},
								"up": {"uv": [8, 42], "uv_size": [0.625, 0.375]},
								"down": {"uv": [42, 8.375], "uv_size": [0.625, -0.375]}
							}
						},
						{
							"origin": [-11.17134, -7.60043, -8.5976],
							"size": [0.62172, 0.24953, 0.342],
							"pivot": [0.01754, -17.23502, -16.89177],
							"rotation": [0, 0, 45],
							"uv": {
								"north": {"uv": [23, 42], "uv_size": [0.625, 0.25]},
								"east": {"uv": [43, 0], "uv_size": [0.375, 0.25]},
								"south": {"uv": [42, 23], "uv_size": [0.625, 0.25]},
								"west": {"uv": [1, 43], "uv_size": [0.375, 0.25]},
								"up": {"uv": [9, 42], "uv_size": [0.625, 0.375]},
								"down": {"uv": [42, 9.375], "uv_size": [0.625, -0.375]}
							}
						},
						{
							"origin": [-0.64189, -2.95021, -8.5976],
							"size": [1.31886, 0.24952, 0.342],
							"uv": {
								"north": {"uv": [41, 4], "uv_size": [1.375, 0.25]},
								"east": {"uv": [43, 1], "uv_size": [0.375, 0.25]},
								"south": {"uv": [41, 5], "uv_size": [1.375, 0.25]},
								"west": {"uv": [2, 43], "uv_size": [0.375, 0.25]},
								"up": {"uv": [40, 29], "uv_size": [1.375, 0.375]},
								"down": {"uv": [40, 30.375], "uv_size": [1.375, -0.375]}
							}
						},
						{
							"origin": [-0.64189, 1.17234, -8.5976],
							"size": [1.31886, 0.24953, 0.342],
							"uv": {
								"north": {"uv": [41, 6], "uv_size": [1.375, 0.25]},
								"east": {"uv": [43, 2], "uv_size": [0.375, 0.25]},
								"south": {"uv": [7, 41], "uv_size": [1.375, 0.25]},
								"west": {"uv": [3, 43], "uv_size": [0.375, 0.25]},
								"up": {"uv": [31, 40], "uv_size": [1.375, 0.375]},
								"down": {"uv": [40, 32.375], "uv_size": [1.375, -0.375]}
							}
						},
						{
							"origin": [11.90983, -3.73797, -8.5976],
							"size": [0.62172, 0.24952, 0.342],
							"pivot": [0.01754, -16.93502, -16.89177],
							"rotation": [0, 0, -45],
							"uv": {
								"north": {"uv": [24, 42], "uv_size": [0.625, 0.25]},
								"east": {"uv": [43, 3], "uv_size": [0.375, 0.25]},
								"south": {"uv": [42, 24], "uv_size": [0.625, 0.25]},
								"west": {"uv": [4, 43], "uv_size": [0.375, 0.25]},
								"up": {"uv": [10, 42], "uv_size": [0.625, 0.375]},
								"down": {"uv": [42, 10.375], "uv_size": [0.625, -0.375]}
							}
						},
						{
							"origin": [-12.49645, -3.73798, -8.5976],
							"size": [0.62172, 0.24953, 0.342],
							"pivot": [0.01754, -16.93502, -16.89177],
							"rotation": [0, 0, 45],
							"uv": {
								"north": {"uv": [25, 42], "uv_size": [0.625, 0.25]},
								"east": {"uv": [43, 4], "uv_size": [0.375, 0.25]},
								"south": {"uv": [42, 25], "uv_size": [0.625, 0.25]},
								"west": {"uv": [5, 43], "uv_size": [0.375, 0.25]},
								"up": {"uv": [11, 42], "uv_size": [0.625, 0.375]},
								"down": {"uv": [42, 11.375], "uv_size": [0.625, -0.375]}
							}
						},
						{
							"origin": [0.81849, -2.51058, -8.5976],
							"size": [0.2981, 3.49283, 0.35768],
							"uv": {
								"north": {"uv": [38, 4], "uv_size": [0.25, 3.5]},
								"east": {"uv": [36, 36], "uv_size": [0.375, 3.5]},
								"south": {"uv": [5, 38], "uv_size": [0.25, 3.5]},
								"west": {"uv": [0, 37], "uv_size": [0.375, 3.5]},
								"up": {"uv": [43, 5], "uv_size": [0.25, 0.375]},
								"down": {"uv": [6, 43.375], "uv_size": [0.25, -0.375]}
							}
						},
						{
							"origin": [-1.08151, -2.51059, -8.5976],
							"size": [0.1981, 3.49284, 0.35768],
							"uv": {
								"north": {"uv": [6, 38], "uv_size": [0.25, 3.5]},
								"east": {"uv": [37, 0], "uv_size": [0.375, 3.5]},
								"south": {"uv": [12, 38], "uv_size": [0.25, 3.5]},
								"west": {"uv": [1, 37], "uv_size": [0.375, 3.5]},
								"up": {"uv": [43, 6], "uv_size": [0.25, 0.375]},
								"down": {"uv": [7, 43.375], "uv_size": [0.25, -0.375]}
							}
						}
					]
				},
				{
					"name": "bone14",
					"parent": "cloth_cover_gun",
					"pivot": [0.01754, -17.27755, 0.27524],
					"rotation": [15, 0, 0],
					"cubes": [
						{
							"origin": [-0.48339, -4.21345, 8.76835],
							"size": [0.48236, 0.42635, 1.21534],
							"pivot": [0.01755, -2.98896, 9.38318],
							"rotation": [-7.28663, -7.22841, -44.53913],
							"uv": {
								"north": {"uv": [12, 42], "uv_size": [0.5, 0.375]},
								"east": {"uv": [33, 40], "uv_size": [1.25, 0.375]},
								"south": {"uv": [42, 12], "uv_size": [0.5, 0.375]},
								"west": {"uv": [40, 33], "uv_size": [1.25, 0.375]},
								"up": {"uv": [10, 39], "uv_size": [0.5, 1.25]},
								"down": {"uv": [24, 40.25], "uv_size": [0.5, -1.25]}
							}
						},
						{
							"origin": [0.03613, -4.21346, 8.76835],
							"size": [0.48237, 0.42636, 1.21534],
							"pivot": [0.01755, -2.98896, 9.38318],
							"rotation": [-7.28663, 7.22841, 44.53913],
							"uv": {
								"north": {"uv": [13, 42], "uv_size": [0.5, 0.375]},
								"east": {"uv": [40, 34], "uv_size": [1.25, 0.375]},
								"south": {"uv": [42, 13], "uv_size": [0.5, 0.375]},
								"west": {"uv": [35, 40], "uv_size": [1.25, 0.375]},
								"up": {"uv": [39, 24], "uv_size": [0.5, 1.25]},
								"down": {"uv": [26, 40.25], "uv_size": [0.5, -1.25]}
							}
						},
						{
							"origin": [-0.49408, -4.20904, 8.76835],
							"size": [1.02326, 0.42636, 1.21534],
							"pivot": [0.01755, -2.98896, 9.38318],
							"rotation": [-10.25, 0, 0],
							"uv": {
								"north": {"uv": [8, 17], "uv_size": [1, 0.375]},
								"east": {"uv": [40, 35], "uv_size": [1.25, 0.375]},
								"south": {"uv": [23, 19], "uv_size": [1, 0.375]},
								"west": {"uv": [40, 36], "uv_size": [1.25, 0.375]},
								"up": {"uv": [23, 17], "uv_size": [1, 1.25]},
								"down": {"uv": [6, 25.25], "uv_size": [1, -1.25]}
							}
						},
						{
							"origin": [-0.83517, -3.87063, 8.77219],
							"size": [1.70542, 3.0772, 1.2275],
							"pivot": [0.01755, -2.98896, 9.38318],
							"rotation": [-10.5, 0, 0],
							"uv": {
								"north": {"uv": [4, 24], "uv_size": [1.75, 3.125]},
								"east": {"uv": [16, 28], "uv_size": [1.25, 3.125]},
								"south": {"uv": [24, 17], "uv_size": [1.75, 3.125]},
								"west": {"uv": [18, 28], "uv_size": [1.25, 3.125]},
								"up": {"uv": [20, 33], "uv_size": [1.75, 1.25]},
								"down": {"uv": [28, 34.25], "uv_size": [1.75, -1.25]}
							}
						}
					]
				},
				{
					"name": "leaf",
					"parent": "cloth_cover_gun",
					"pivot": [-1.10076, 2.17941, 3.325],
					"cubes": [
						{
							"origin": [0.95367, -0.17925, -6.54473],
							"size": [0, 3.25245, 3.20833],
							"pivot": [0.95367, 1.74698, -4.89056],
							"rotation": [-64.33427, 3.13864, -32.22696],
							"uv": {
								"north": {"uv": [0, 0], "uv_size": [0, 1.875]},
								"east": {"uv": [15.625, 56], "uv_size": [-7, 7.25]},
								"south": {"uv": [0, 0], "uv_size": [0, 1.875]},
								"west": {"uv": [8.875, 56.125], "uv_size": [6.375, 6.625]},
								"up": {"uv": [0, 0], "uv_size": [0, 3.5]},
								"down": {"uv": [0, 3.5], "uv_size": [0, -3.5]}
							}
						},
						{
							"origin": [-1.14633, -0.70425, -14.51973],
							"size": [0, 3.25245, 3.20833],
							"pivot": [-1.14633, 1.22198, -12.86556],
							"rotation": [-134.07868, 0.52932, -173.75401],
							"uv": {
								"north": {"uv": [0, 0], "uv_size": [0, 1.875]},
								"east": {"uv": [15.875, 55.75], "uv_size": [-7.25, 7.75]},
								"south": {"uv": [0, 0], "uv_size": [0, 1.875]},
								"west": {"uv": [8.875, 56.125], "uv_size": [6.375, 6.625]},
								"up": {"uv": [0, 0], "uv_size": [0, 3.5]},
								"down": {"uv": [0, 3.5], "uv_size": [0, -3.5]}
							}
						},
						{
							"origin": [-1.07576, 0.97819, 2.52083],
							"size": [0, 1.85245, 3.50833],
							"pivot": [-1.07576, 1.95441, 3.825],
							"rotation": [-31.20969, -5.29007, -134.16547],
							"uv": {
								"north": {"uv": [0, 0], "uv_size": [0, 1.875]},
								"east": {"uv": [0.375, 63.125], "uv_size": [7, -4.75]},
								"south": {"uv": [0, 0], "uv_size": [0, 1.875]},
								"west": {"uv": [7.125, 63.125], "uv_size": [-6.625, -4.625]},
								"up": {"uv": [0, 0], "uv_size": [0, 3.5]},
								"down": {"uv": [0, 3.5], "uv_size": [0, -3.5]}
							}
						}
					]
				},
				{
					"name": "bone15",
					"parent": "cloth_cover_gun",
					"pivot": [0.01754, -17.04611, -8.88231],
					"rotation": [2, 0, 0],
					"cubes": [
						{
							"origin": [-0.59072, 1.23573, -11.65268],
							"size": [1.21653, 0.50689, 7.61847],
							"pivot": [0.01755, -17.10374, -7.26278],
							"rotation": [1.5, 0, 0],
							"uv": {
								"north": {"uv": [39, 26], "uv_size": [1.25, 0.5]},
								"east": {"uv": [28, 18], "uv_size": [7.625, 0.5]},
								"south": {"uv": [39, 27], "uv_size": [1.25, 0.5]},
								"west": {"uv": [28, 19], "uv_size": [7.625, 0.5]},
								"up": {"uv": [18, 12], "uv_size": [1.25, 7.625]},
								"down": {"uv": [0, 26.625], "uv_size": [1.25, -7.625]}
							}
						},
						{
							"origin": [-0.99624, -1.30801, -11.65268],
							"size": [2.02756, 2.64512, 7.63292],
							"pivot": [0.01755, -17.10374, -7.26278],
							"rotation": [1.5, 0, 0],
							"uv": {
								"north": {"uv": [24, 7], "uv_size": [2, 2.625]},
								"east": {"uv": [0, 6], "uv_size": [7.625, 2.625]},
								"south": {"uv": [24, 21], "uv_size": [2, 2.625]},
								"west": {"uv": [8, 6], "uv_size": [7.625, 2.625]},
								"up": {"uv": [8, 9], "uv_size": [2, 7.625]},
								"down": {"uv": [10, 16.625], "uv_size": [2, -7.625]}
							}
						},
						{
							"origin": [12.34036, -3.85411, -11.65268],
							"size": [0.57348, 0.50689, 7.61847],
							"pivot": [0.01755, -17.10374, -7.26278],
							"rotation": [1.06077, 1.06063, -44.99017],
							"uv": {
								"north": {"uv": [25, 6], "uv_size": [0.625, 0.5]},
								"east": {"uv": [28, 20], "uv_size": [7.625, 0.5]},
								"south": {"uv": [19, 32], "uv_size": [0.625, 0.5]},
								"west": {"uv": [28, 21], "uv_size": [7.625, 0.5]},
								"up": {"uv": [11, 22], "uv_size": [0.625, 7.625]},
								"down": {"uv": [8, 33.625], "uv_size": [0.625, -7.625]}
							}
						},
						{
							"origin": [-12.87873, -3.85412, -11.65268],
							"size": [0.57348, 0.50689, 7.61847],
							"pivot": [0.01755, -17.10374, -7.26278],
							"rotation": [1.06077, -1.06063, 44.99017],
							"uv": {
								"north": {"uv": [9, 40], "uv_size": [0.625, 0.5]},
								"east": {"uv": [28, 22], "uv_size": [7.625, 0.5]},
								"south": {"uv": [11, 40], "uv_size": [0.625, 0.5]},
								"west": {"uv": [28, 23], "uv_size": [7.625, 0.5]},
								"up": {"uv": [26, 13], "uv_size": [0.625, 7.625]},
								"down": {"uv": [26, 28.625], "uv_size": [0.625, -7.625]}
							}
						},
						{
							"origin": [-0.59073, -1.71362, -11.26053],
							"size": [1.21653, 0.50689, 7.21846],
							"pivot": [0.01754, -16.80384, -7.27063],
							"rotation": [1.5, 0, 0],
							"uv": {
								"north": {"uv": [39, 28], "uv_size": [1.25, 0.5]},
								"east": {"uv": [30, 10], "uv_size": [7.25, 0.5]},
								"south": {"uv": [30, 39], "uv_size": [1.25, 0.5]},
								"west": {"uv": [30, 11], "uv_size": [7.25, 0.5]},
								"up": {"uv": [2, 19], "uv_size": [1.25, 7.25]},
								"down": {"uv": [12, 26.25], "uv_size": [1.25, -7.25]}
							}
						},
						{
							"origin": [11.11805, -6.56354, -11.46053],
							"size": [0.57348, 0.50689, 7.41846],
							"pivot": [0.01754, -16.80384, -7.27063],
							"rotation": [1.06077, 1.06063, -44.99017],
							"uv": {
								"north": {"uv": [23, 40], "uv_size": [0.625, 0.5]},
								"east": {"uv": [28, 24], "uv_size": [7.375, 0.5]},
								"south": {"uv": [25, 40], "uv_size": [0.625, 0.5]},
								"west": {"uv": [28, 27], "uv_size": [7.375, 0.5]},
								"up": {"uv": [25, 27], "uv_size": [0.625, 7.375]},
								"down": {"uv": [27, 34.375], "uv_size": [0.625, -7.375]}
							}
						},
						{
							"origin": [-11.65644, -6.56355, -11.46053],
							"size": [0.57348, 0.50689, 7.41846],
							"pivot": [0.01754, -16.80384, -7.27063],
							"rotation": [1.06077, -1.06063, 44.99017],
							"uv": {
								"north": {"uv": [41, 7], "uv_size": [0.625, 0.5]},
								"east": {"uv": [28, 28], "uv_size": [7.375, 0.5]},
								"south": {"uv": [9, 41], "uv_size": [0.625, 0.5]},
								"west": {"uv": [29, 0], "uv_size": [7.375, 0.5]},
								"up": {"uv": [4, 28], "uv_size": [0.625, 7.375]},
								"down": {"uv": [5, 35.375], "uv_size": [0.625, -7.375]}
							}
						}
					]
				},
				{
					"name": "bone16",
					"parent": "cloth_cover_gun",
					"pivot": [0.01754, -16.9201, -4.72106],
					"rotation": [-8, 0, 0],
					"cubes": [
						{
							"origin": [-0.59073, 1.20518, -7.32156],
							"size": [1.21653, 0.50689, 1.54347],
							"pivot": [0.01754, -17.05672, -7.56937],
							"rotation": [1.5, 0, 0],
							"uv": {
								"north": {"uv": [39, 31], "uv_size": [1.25, 0.5]},
								"east": {"uv": [38, 34], "uv_size": [1.5, 0.5]},
								"south": {"uv": [37, 39], "uv_size": [1.25, 0.5]},
								"west": {"uv": [38, 35], "uv_size": [1.5, 0.5]},
								"up": {"uv": [21, 35], "uv_size": [1.25, 1.5]},
								"down": {"uv": [27, 36.5], "uv_size": [1.25, -1.5]}
							}
						},
						{
							"origin": [-0.99624, -1.43856, -7.32156],
							"size": [2.02756, 2.74512, 1.55793],
							"pivot": [0.01754, -17.05672, -7.56937],
							"rotation": [1.5, 0, 0],
							"uv": {
								"north": {"uv": [23, 4], "uv_size": [2, 2.75]},
								"east": {"uv": [28, 10], "uv_size": [1.5, 2.75]},
								"south": {"uv": [23, 14], "uv_size": [2, 2.75]},
								"west": {"uv": [28, 15], "uv_size": [1.5, 2.75]},
								"up": {"uv": [14, 4], "uv_size": [2, 1.5]},
								"down": {"uv": [21, 11.5], "uv_size": [2, -1.5]}
							}
						},
						{
							"origin": [12.2855, -3.86194, -7.32156],
							"size": [0.57348, 0.50689, 1.54347],
							"pivot": [0.01754, -17.05672, -7.56937],
							"rotation": [1.06077, 1.06063, -44.99017],
							"uv": {
								"north": {"uv": [41, 9], "uv_size": [0.625, 0.5]},
								"east": {"uv": [38, 36], "uv_size": [1.5, 0.5]},
								"south": {"uv": [10, 41], "uv_size": [0.625, 0.5]},
								"west": {"uv": [37, 38], "uv_size": [1.5, 0.5]},
								"up": {"uv": [16, 37], "uv_size": [0.625, 1.5]},
								"down": {"uv": [17, 38.5], "uv_size": [0.625, -1.5]}
							}
						},
						{
							"origin": [-12.82389, -3.86195, -7.32156],
							"size": [0.57348, 0.50689, 1.54347],
							"pivot": [0.01754, -17.05672, -7.56937],
							"rotation": [1.06077, -1.06063, 44.99017],
							"uv": {
								"north": {"uv": [11, 41], "uv_size": [0.625, 0.5]},
								"east": {"uv": [38, 37], "uv_size": [1.5, 0.5]},
								"south": {"uv": [41, 12], "uv_size": [0.625, 0.5]},
								"west": {"uv": [39, 0], "uv_size": [1.5, 0.5]},
								"up": {"uv": [18, 37], "uv_size": [0.625, 1.5]},
								"down": {"uv": [19, 38.5], "uv_size": [0.625, -1.5]}
							}
						},
						{
							"origin": [-0.59074, -1.84414, -7.32679],
							"size": [1.21654, 0.50689, 1.54347],
							"pivot": [0.01753, -16.85679, -7.57461],
							"rotation": [1.5, 0, 0],
							"uv": {
								"north": {"uv": [39, 38], "uv_size": [1.25, 0.5]},
								"east": {"uv": [39, 1], "uv_size": [1.5, 0.5]},
								"south": {"uv": [39, 39], "uv_size": [1.25, 0.5]},
								"west": {"uv": [39, 2], "uv_size": [1.5, 0.5]},
								"up": {"uv": [5, 36], "uv_size": [1.25, 1.5]},
								"down": {"uv": [36, 24.5], "uv_size": [1.25, -1.5]}
							}
						},
						{
							"origin": [11.06319, -6.67134, -7.32679],
							"size": [0.57348, 0.50689, 1.54347],
							"pivot": [0.01753, -16.85679, -7.57461],
							"rotation": [1.06077, 1.06063, -44.99017],
							"uv": {
								"north": {"uv": [13, 41], "uv_size": [0.625, 0.5]},
								"east": {"uv": [39, 3], "uv_size": [1.5, 0.5]},
								"south": {"uv": [14, 41], "uv_size": [0.625, 0.5]},
								"west": {"uv": [39, 4], "uv_size": [1.5, 0.5]},
								"up": {"uv": [20, 37], "uv_size": [0.625, 1.5]},
								"down": {"uv": [21, 38.5], "uv_size": [0.625, -1.5]}
							}
						},
						{
							"origin": [-11.6016, -6.67134, -7.32679],
							"size": [0.57348, 0.50689, 1.54347],
							"pivot": [0.01753, -16.85679, -7.57461],
							"rotation": [1.06077, -1.06063, 44.99017],
							"uv": {
								"north": {"uv": [15, 41], "uv_size": [0.625, 0.5]},
								"east": {"uv": [39, 5], "uv_size": [1.5, 0.5]},
								"south": {"uv": [16, 41], "uv_size": [0.625, 0.5]},
								"west": {"uv": [39, 6], "uv_size": [1.5, 0.5]},
								"up": {"uv": [22, 37], "uv_size": [0.625, 1.5]},
								"down": {"uv": [24, 38.5], "uv_size": [0.625, -1.5]}
							}
						}
					]
				},
				{
					"name": "bone19",
					"parent": "cloth_cover_gun",
					"pivot": [0, -24.5, 18.075]
				},
				{
					"name": "bone17",
					"parent": "bone19",
					"pivot": [0.01894, -15.6212, -12.39855],
					"rotation": [-8, 0, 0],
					"cubes": [
						{
							"origin": [-0.63799, 1.06127, -15.13393],
							"size": [1.31386, 0.54744, 1.66694],
							"pivot": [0.01894, -17.31033, -15.55553],
							"rotation": [1.5, 0, 0],
							"uv": {
								"north": {"uv": [39, 12], "uv_size": [1.375, 0.5]},
								"east": {"uv": [37, 16], "uv_size": [1.625, 0.5]},
								"south": {"uv": [13, 39], "uv_size": [1.375, 0.5]},
								"west": {"uv": [37, 25], "uv_size": [1.625, 0.5]},
								"up": {"uv": [16, 33], "uv_size": [1.375, 1.625]},
								"down": {"uv": [18, 34.625], "uv_size": [1.375, -1.625]}
							}
						},
						{
							"origin": [-1.07594, -1.69397, -15.13393],
							"size": [2.18976, 2.86473, 1.68256],
							"pivot": [0.01894, -17.31033, -15.55553],
							"rotation": [1.5, 0, 0],
							"uv": {
								"north": {"uv": [4, 21], "uv_size": [2.25, 2.875]},
								"east": {"uv": [27, 0], "uv_size": [1.625, 2.875]},
								"south": {"uv": [21, 7], "uv_size": [2.25, 2.875]},
								"west": {"uv": [2, 27], "uv_size": [1.625, 2.875]},
								"up": {"uv": [29, 1], "uv_size": [2.25, 1.625]},
								"down": {"uv": [28, 30.625], "uv_size": [2.25, -1.625]}
							}
						},
						{
							"origin": [-1.07594, -1.69397, -18.23393],
							"size": [2.18976, 0.96473, 3.28256],
							"pivot": [0.01894, -17.31033, -15.55553],
							"rotation": [1.5, 0, 0],
							"uv": {
								"north": {"uv": [16, 32], "uv_size": [2.25, 1]},
								"east": {"uv": [0, 30], "uv_size": [3.25, 1]},
								"south": {"uv": [32, 32], "uv_size": [2.25, 1]},
								"west": {"uv": [30, 12], "uv_size": [3.25, 1]},
								"up": {"uv": [20, 12], "uv_size": [2.25, 3.25]},
								"down": {"uv": [20, 19.25], "uv_size": [2.25, -3.25]}
							}
						},
						{
							"origin": [12.31286, -4.01545, -15.13393],
							"size": [0.61935, 0.54744, 1.66694],
							"pivot": [0.01894, -17.31033, -15.55553],
							"rotation": [1.06077, 1.06063, -44.99017],
							"uv": {
								"north": {"uv": [41, 16], "uv_size": [0.625, 0.5]},
								"east": {"uv": [37, 26], "uv_size": [1.625, 0.5]},
								"south": {"uv": [17, 41], "uv_size": [0.625, 0.5]},
								"west": {"uv": [37, 31], "uv_size": [1.625, 0.5]},
								"up": {"uv": [9, 37], "uv_size": [0.625, 1.625]},
								"down": {"uv": [10, 38.625], "uv_size": [0.625, -1.625]}
							}
						},
						{
							"origin": [-12.89432, -4.01546, -15.13393],
							"size": [0.61936, 0.54744, 1.66694],
							"pivot": [0.01894, -17.31033, -15.55553],
							"rotation": [1.06077, -1.06063, 44.99017],
							"uv": {
								"north": {"uv": [18, 41], "uv_size": [0.625, 0.5]},
								"east": {"uv": [38, 8], "uv_size": [1.625, 0.5]},
								"south": {"uv": [41, 18], "uv_size": [0.625, 0.5]},
								"west": {"uv": [38, 10], "uv_size": [1.625, 0.5]},
								"up": {"uv": [37, 14], "uv_size": [0.625, 1.625]},
								"down": {"uv": [15, 38.625], "uv_size": [0.625, -1.625]}
							}
						},
						{
							"origin": [-0.63799, -2.13203, -18.1422],
							"size": [1.31386, 0.54744, 4.66694],
							"pivot": [0.01894, -16.99444, -15.5638],
							"rotation": [1.5, 0, 0],
							"uv": {
								"north": {"uv": [15, 39], "uv_size": [1.375, 0.5]},
								"east": {"uv": [30, 17], "uv_size": [4.625, 0.5]},
								"south": {"uv": [39, 16], "uv_size": [1.375, 0.5]},
								"west": {"uv": [32, 1], "uv_size": [4.625, 0.5]},
								"up": {"uv": [7, 21], "uv_size": [1.375, 4.625]},
								"down": {"uv": [9, 26.625], "uv_size": [1.375, -4.625]}
							}
						},
						{
							"origin": [10.99277, -6.94964, -18.1422],
							"size": [0.61936, 0.54745, 4.66694],
							"pivot": [0.01894, -16.99444, -15.5638],
							"rotation": [1.06077, 1.06063, -44.99017],
							"uv": {
								"north": {"uv": [19, 41], "uv_size": [0.625, 0.5]},
								"east": {"uv": [32, 2], "uv_size": [4.625, 0.5]},
								"south": {"uv": [41, 19], "uv_size": [0.625, 0.5]},
								"west": {"uv": [32, 15], "uv_size": [4.625, 0.5]},
								"up": {"uv": [20, 28], "uv_size": [0.625, 4.625]},
								"down": {"uv": [21, 32.625], "uv_size": [0.625, -4.625]}
							}
						},
						{
							"origin": [-11.57424, -6.94964, -18.1422],
							"size": [0.61936, 0.54744, 4.66694],
							"pivot": [0.01894, -16.99444, -15.5638],
							"rotation": [1.06077, -1.06063, 44.99017],
							"uv": {
								"north": {"uv": [20, 41], "uv_size": [0.625, 0.5]},
								"east": {"uv": [32, 16], "uv_size": [4.625, 0.5]},
								"south": {"uv": [41, 20], "uv_size": [0.625, 0.5]},
								"west": {"uv": [32, 31], "uv_size": [4.625, 0.5]},
								"up": {"uv": [26, 29], "uv_size": [0.625, 4.625]},
								"down": {"uv": [11, 34.625], "uv_size": [0.625, -4.625]}
							}
						}
					]
				},
				{
					"name": "bone18",
					"parent": "bone19",
					"pivot": [0.01895, -17.29887, -16.9735],
					"rotation": [2, 0, 0],
					"cubes": [
						{
							"origin": [-0.63798, 1.08806, -16.04853],
							"size": [1.31386, 0.54744, 4.22795],
							"pivot": [0.01895, -17.36111, -15.2244],
							"rotation": [1.5, 0, 0],
							"uv": {
								"north": {"uv": [17, 39], "uv_size": [1.375, 0.5]},
								"east": {"uv": [35, 17], "uv_size": [4.25, 0.5]},
								"south": {"uv": [19, 39], "uv_size": [1.375, 0.5]},
								"west": {"uv": [32, 35], "uv_size": [4.25, 0.5]},
								"up": {"uv": [16, 22], "uv_size": [1.375, 4.25]},
								"down": {"uv": [18, 26.25], "uv_size": [1.375, -4.25]}
							}
						},
						{
							"origin": [-1.07593, -1.06718, -16.04853],
							"size": [2.18976, 2.26473, 4.24356],
							"pivot": [0.01895, -17.36111, -15.2244],
							"rotation": [1.5, 0, 0],
							"uv": {
								"north": {"uv": [25, 3], "uv_size": [2.25, 2.25]},
								"east": {"uv": [4, 18], "uv_size": [4.25, 2.25]},
								"south": {"uv": [25, 10], "uv_size": [2.25, 2.25]},
								"west": {"uv": [18, 4], "uv_size": [4.25, 2.25]},
								"up": {"uv": [9, 17], "uv_size": [2.25, 4.25]},
								"down": {"uv": [18, 11.25], "uv_size": [2.25, -4.25]}
							}
						},
						{
							"origin": [12.36771, -4.01138, -16.04853],
							"size": [0.61936, 0.54744, 4.22795],
							"pivot": [0.01895, -17.36111, -15.2244],
							"rotation": [1.06077, 1.06063, -44.99017],
							"uv": {
								"north": {"uv": [21, 41], "uv_size": [0.625, 0.5]},
								"east": {"uv": [35, 32], "uv_size": [4.25, 0.5]},
								"south": {"uv": [41, 21], "uv_size": [0.625, 0.5]},
								"west": {"uv": [35, 33], "uv_size": [4.25, 0.5]},
								"up": {"uv": [22, 30], "uv_size": [0.625, 4.25]},
								"down": {"uv": [23, 34.25], "uv_size": [0.625, -4.25]}
							}
						},
						{
							"origin": [-12.94916, -4.01139, -16.04853],
							"size": [0.61936, 0.54744, 4.22795],
							"pivot": [0.01895, -17.36111, -15.2244],
							"rotation": [1.06077, -1.06063, 44.99017],
							"uv": {
								"north": {"uv": [22, 41], "uv_size": [0.625, 0.5]},
								"east": {"uv": [0, 36], "uv_size": [4.25, 0.5]},
								"south": {"uv": [41, 22], "uv_size": [0.625, 0.5]},
								"west": {"uv": [36, 9], "uv_size": [4.25, 0.5]},
								"up": {"uv": [0, 31], "uv_size": [0.625, 4.25]},
								"down": {"uv": [1, 35.25], "uv_size": [0.625, -4.25]}
							}
						},
						{
							"origin": [-0.63799, -1.50545, -16.0725],
							"size": [1.31386, 0.54744, 4.22794],
							"pivot": [0.01895, -16.44542, -15.24838],
							"rotation": [1.5, 0, 0],
							"uv": {
								"north": {"uv": [21, 39], "uv_size": [1.375, 0.5]},
								"east": {"uv": [16, 36], "uv_size": [4.25, 0.5]},
								"south": {"uv": [39, 23], "uv_size": [1.375, 0.5]},
								"west": {"uv": [36, 18], "uv_size": [4.25, 0.5]},
								"up": {"uv": [20, 22], "uv_size": [1.375, 4.25]},
								"down": {"uv": [22, 24.25], "uv_size": [1.375, -4.25]}
							}
						},
						{
							"origin": [11.04763, -6.34577, -16.0725],
							"size": [0.61935, 0.54744, 4.22794],
							"pivot": [0.01895, -16.44542, -15.24838],
							"rotation": [1.06077, 1.06063, -44.99017],
							"uv": {
								"north": {"uv": [23, 41], "uv_size": [0.625, 0.5]},
								"east": {"uv": [36, 19], "uv_size": [4.25, 0.5]},
								"south": {"uv": [41, 23], "uv_size": [0.625, 0.5]},
								"west": {"uv": [36, 20], "uv_size": [4.25, 0.5]},
								"up": {"uv": [2, 31], "uv_size": [0.625, 4.25]},
								"down": {"uv": [3, 35.25], "uv_size": [0.625, -4.25]}
							}
						},
						{
							"origin": [-11.62908, -6.34578, -16.0725],
							"size": [0.61935, 0.54744, 4.22794],
							"pivot": [0.01895, -16.44542, -15.24838],
							"rotation": [1.06077, -1.06063, 44.99017],
							"uv": {
								"north": {"uv": [24, 41], "uv_size": [0.625, 0.5]},
								"east": {"uv": [36, 21], "uv_size": [4.25, 0.5]},
								"south": {"uv": [25, 41], "uv_size": [0.625, 0.5]},
								"west": {"uv": [36, 22], "uv_size": [4.25, 0.5]},
								"up": {"uv": [6, 31], "uv_size": [0.625, 4.25]},
								"down": {"uv": [7, 35.25], "uv_size": [0.625, -4.25]}
							}
						}
					]
				}
			]
		}
	]
}