{
	"format_version": "1.12.0",
	"minecraft:geometry": [
		{
			"description": {
				"identifier": "geometry.unknown",
				"texture_width": 32,
				"texture_height": 32,
				"visible_bounds_width": 2,
				"visible_bounds_height": 1.5,
				"visible_bounds_offset": [0, 0.25, 0]
			},
			"bones": [
				{
					"name": "bb_main",
					"pivot": [0, 0, 0],
					"cubes": [
						{
							"origin": [-0.6, -0.4, -1.2],
							"size": [1.2, 0.3, 2.4],
							"uv": {
								"north": {"uv": [11, 15], "uv_size": [1.25, 0.25]},
								"east": {"uv": [8, 14], "uv_size": [2.5, 0.25]},
								"south": {"uv": [13, 15], "uv_size": [1.25, 0.25]},
								"west": {"uv": [11, 14], "uv_size": [2.5, 0.25]},
								"up": {"uv": [4, 9], "uv_size": [1.25, 2.5]},
								"down": {"uv": [6, 11.5], "uv_size": [1.25, -2.5]}
							}
						},
						{
							"origin": [-0.6, -0.2, -1.7],
							"size": [1.2, 0.2, 3.4],
							"uv": {
								"north": {"uv": [15, 14], "uv_size": [1.25, 0.25]},
								"east": {"uv": [12, 13], "uv_size": [3.5, 0.25]},
								"south": {"uv": [15, 15], "uv_size": [1.25, 0.25]},
								"west": {"uv": [0, 14], "uv_size": [3.5, 0.25]},
								"up": {"uv": [0, 0], "uv_size": [1.25, 3.5]},
								"down": {"uv": [2, 3.5], "uv_size": [1.25, -3.5]}
							}
						},
						{
							"origin": [-0.6, -0.39021, -1.6382],
							"size": [1.2, 0.29021, 0.2382],
							"uv": {
								"north": {"uv": [0, 16], "uv_size": [1.25, 0.25]},
								"east": {"uv": [17, 18], "uv_size": [0.25, 0.25]},
								"south": {"uv": [16, 0], "uv_size": [1.25, 0.25]},
								"west": {"uv": [18, 17], "uv_size": [0.25, 0.25]},
								"up": {"uv": [16, 1], "uv_size": [1.25, 0.25]},
								"down": {"uv": [2, 16.25], "uv_size": [1.25, -0.25]}
							}
						},
						{
							"origin": [-0.6, -0.36176, -1.65854],
							"size": [1.2, 0.2, 0.1],
							"pivot": [0, -0.31176, -1.55854],
							"rotation": [18, 0, 0],
							"uv": {
								"north": {"uv": [16, 2], "uv_size": [1.25, 0.25]},
								"east": {"uv": [18, 18], "uv_size": [0.25, 0.25]},
								"south": {"uv": [16, 3], "uv_size": [1.25, 0.25]},
								"west": {"uv": [0, 19], "uv_size": [0.25, 0.25]},
								"up": {"uv": [4, 16], "uv_size": [1.25, 0.25]},
								"down": {"uv": [16, 4.25], "uv_size": [1.25, -0.25]}
							}
						},
						{
							"origin": [-0.6, -0.37965, -1.46665],
							"size": [1.2, 0.2, 0.1],
							"pivot": [0, -0.27965, -1.41665],
							"rotation": [-18, 0, 0],
							"uv": {
								"north": {"uv": [16, 5], "uv_size": [1.25, 0.25]},
								"east": {"uv": [19, 0], "uv_size": [0.25, 0.25]},
								"south": {"uv": [6, 16], "uv_size": [1.25, 0.25]},
								"west": {"uv": [1, 19], "uv_size": [0.25, 0.25]},
								"up": {"uv": [16, 6], "uv_size": [1.25, 0.25]},
								"down": {"uv": [16, 7.25], "uv_size": [1.25, -0.25]}
							}
						},
						{
							"origin": [-0.6, -0.37965, 1.57155],
							"size": [1.2, 0.2, 0.1],
							"pivot": [0, -0.27965, 1.62155],
							"rotation": [-18, 0, 0],
							"uv": {
								"north": {"uv": [8, 16], "uv_size": [1.25, 0.25]},
								"east": {"uv": [19, 1], "uv_size": [0.25, 0.25]},
								"south": {"uv": [16, 8], "uv_size": [1.25, 0.25]},
								"west": {"uv": [2, 19], "uv_size": [0.25, 0.25]},
								"up": {"uv": [16, 9], "uv_size": [1.25, 0.25]},
								"down": {"uv": [10, 16.25], "uv_size": [1.25, -0.25]}
							}
						},
						{
							"origin": [-0.6, -0.36176, 1.37965],
							"size": [1.2, 0.2, 0.1],
							"pivot": [0, -0.31176, 1.47965],
							"rotation": [18, 0, 0],
							"uv": {
								"north": {"uv": [16, 10], "uv_size": [1.25, 0.25]},
								"east": {"uv": [19, 2], "uv_size": [0.25, 0.25]},
								"south": {"uv": [16, 11], "uv_size": [1.25, 0.25]},
								"west": {"uv": [3, 19], "uv_size": [0.25, 0.25]},
								"up": {"uv": [12, 16], "uv_size": [1.25, 0.25]},
								"down": {"uv": [16, 12.25], "uv_size": [1.25, -0.25]}
							}
						},
						{
							"origin": [-0.6, -0.39021, 1.4],
							"size": [1.2, 0.29021, 0.2382],
							"uv": {
								"north": {"uv": [16, 13], "uv_size": [1.25, 0.25]},
								"east": {"uv": [19, 3], "uv_size": [0.25, 0.25]},
								"south": {"uv": [14, 16], "uv_size": [1.25, 0.25]},
								"west": {"uv": [4, 19], "uv_size": [0.25, 0.25]},
								"up": {"uv": [16, 16], "uv_size": [1.25, 0.25]},
								"down": {"uv": [0, 17.25], "uv_size": [1.25, -0.25]}
							}
						},
						{
							"origin": [-4.9125, -0.84229, -0.34875],
							"size": [5.125, 0.885, 0.6975],
							"pivot": [0, -0.51244, 0],
							"rotation": [0, 0, -90],
							"uv": {
								"north": {"uv": [0, 4], "uv_size": [4, 1]},
								"east": {"uv": [4, 14], "uv_size": [0.75, 1]},
								"south": {"uv": [4, 0], "uv_size": [4, 1]},
								"west": {"uv": [5, 14], "uv_size": [0.75, 1]},
								"up": {"uv": [8, 9], "uv_size": [4, 0.75]},
								"down": {"uv": [0, 10.75], "uv_size": [4, -0.75]}
							}
						},
						{
							"origin": [-0.0125, -0.54229, -0.94875],
							"size": [0.225, 0.585, 1.8975],
							"pivot": [0, -0.51244, 0],
							"rotation": [0, 0, -90],
							"uv": {
								"north": {"uv": [0, 4], "uv_size": [4, 1]},
								"east": {"uv": [4, 14], "uv_size": [0.75, 1]},
								"south": {"uv": [4, 0], "uv_size": [4, 1]},
								"west": {"uv": [5, 14], "uv_size": [0.75, 1]},
								"up": {"uv": [0.5, 21.5], "uv_size": [4, 0.75]},
								"down": {"uv": [0, 10.75], "uv_size": [4, -0.75]}
							}
						},
						{
							"origin": [-0.2125, -0.54229, -0.94875],
							"size": [0.225, 0.585, 1.8975],
							"pivot": [0, -0.51244, 0],
							"rotation": [0, 0, 90],
							"uv": {
								"north": {"uv": [4, 4], "uv_size": [-4, 1]},
								"east": {"uv": [5.75, 14], "uv_size": [-0.75, 1]},
								"south": {"uv": [8, 0], "uv_size": [-4, 1]},
								"west": {"uv": [4.75, 14], "uv_size": [-0.75, 1]},
								"up": {"uv": [4.25, 20], "uv_size": [-4, 0.75]},
								"down": {"uv": [4, 10.75], "uv_size": [-4, -0.75]}
							}
						},
						{
							"origin": [-4.9125, -0.84229, 0.05125],
							"size": [5.125, 0.885, 0.2975],
							"pivot": [0, -0.51244, 0.2],
							"rotation": [-30, 0, -90],
							"uv": {
								"north": {"uv": [4, 1], "uv_size": [4, 1]},
								"east": {"uv": [2, 17], "uv_size": [0.25, 1]},
								"south": {"uv": [4, 2], "uv_size": [4, 1]},
								"west": {"uv": [3, 17], "uv_size": [0.25, 1]},
								"up": {"uv": [8, 11], "uv_size": [4, 0.25]},
								"down": {"uv": [0, 12.25], "uv_size": [4, -0.25]}
							}
						},
						{
							"origin": [-4.9125, -0.84229, 0.05125],
							"size": [5.125, 0.885, 0.2975],
							"pivot": [0, -0.51244, 0.2],
							"rotation": [-60, 0, -90],
							"uv": {
								"north": {"uv": [4, 3], "uv_size": [4, 1]},
								"east": {"uv": [4, 17], "uv_size": [0.25, 1]},
								"south": {"uv": [4, 4], "uv_size": [4, 1]},
								"west": {"uv": [5, 17], "uv_size": [0.25, 1]},
								"up": {"uv": [12, 0], "uv_size": [4, 0.25]},
								"down": {"uv": [12, 1.25], "uv_size": [4, -0.25]}
							}
						},
						{
							"origin": [-4.9125, -0.84229, 0.05125],
							"size": [5.125, 0.885, 0.2975],
							"pivot": [0, -0.51244, 0.2],
							"rotation": [-90, 0, -90],
							"uv": {
								"north": {"uv": [0, 5], "uv_size": [4, 1]},
								"east": {"uv": [6, 17], "uv_size": [0.25, 1]},
								"south": {"uv": [4, 5], "uv_size": [4, 1]},
								"west": {"uv": [7, 17], "uv_size": [0.25, 1]},
								"up": {"uv": [12, 2], "uv_size": [4, 0.25]},
								"down": {"uv": [12, 3.25], "uv_size": [4, -0.25]}
							}
						},
						{
							"origin": [-4.9125, -0.84229, 0.05125],
							"size": [5.125, 0.885, 0.2975],
							"pivot": [0, -0.51244, 0.2],
							"rotation": [-120, 0, -90],
							"uv": {
								"north": {"uv": [0, 6], "uv_size": [4, 1]},
								"east": {"uv": [8, 17], "uv_size": [0.25, 1]},
								"south": {"uv": [4, 6], "uv_size": [4, 1]},
								"west": {"uv": [9, 17], "uv_size": [0.25, 1]},
								"up": {"uv": [4, 12], "uv_size": [4, 0.25]},
								"down": {"uv": [12, 4.25], "uv_size": [4, -0.25]}
							}
						},
						{
							"origin": [-4.9125, -0.84229, 0.05125],
							"size": [5.125, 0.885, 0.2975],
							"pivot": [0, -0.51244, 0.2],
							"rotation": [-150, 0, -90],
							"uv": {
								"north": {"uv": [0, 7], "uv_size": [4, 1]},
								"east": {"uv": [10, 17], "uv_size": [0.25, 1]},
								"south": {"uv": [4, 7], "uv_size": [4, 1]},
								"west": {"uv": [11, 17], "uv_size": [0.25, 1]},
								"up": {"uv": [12, 5], "uv_size": [4, 0.25]},
								"down": {"uv": [12, 6.25], "uv_size": [4, -0.25]}
							}
						},
						{
							"origin": [-4.9125, -0.84229, -0.34875],
							"size": [5.125, 0.885, 0.6975],
							"pivot": [0, -0.51244, 0],
							"rotation": [180, 0, -90],
							"uv": {
								"north": {"uv": [0, 8], "uv_size": [4, 1]},
								"east": {"uv": [6, 14], "uv_size": [0.75, 1]},
								"south": {"uv": [8, 0], "uv_size": [4, 1]},
								"west": {"uv": [7, 14], "uv_size": [0.75, 1]},
								"up": {"uv": [8, 10], "uv_size": [4, 0.75]},
								"down": {"uv": [0, 11.75], "uv_size": [4, -0.75]}
							}
						},
						{
							"origin": [-4.9125, -0.84229, -0.34875],
							"size": [5.125, 0.885, 0.2975],
							"pivot": [0, -0.51244, -0.2],
							"rotation": [150, 0, -90],
							"uv": {
								"north": {"uv": [8, 1], "uv_size": [4, 1]},
								"east": {"uv": [12, 17], "uv_size": [0.25, 1]},
								"south": {"uv": [8, 2], "uv_size": [4, 1]},
								"west": {"uv": [13, 17], "uv_size": [0.25, 1]},
								"up": {"uv": [12, 7], "uv_size": [4, 0.25]},
								"down": {"uv": [8, 12.25], "uv_size": [4, -0.25]}
							}
						},
						{
							"origin": [-4.9125, -0.84229, -0.34875],
							"size": [5.125, 0.885, 0.2975],
							"pivot": [0, -0.51244, -0.2],
							"rotation": [120, 0, -90],
							"uv": {
								"north": {"uv": [8, 3], "uv_size": [4, 1]},
								"east": {"uv": [14, 17], "uv_size": [0.25, 1]},
								"south": {"uv": [4, 8], "uv_size": [4, 1]},
								"west": {"uv": [17, 14], "uv_size": [0.25, 1]},
								"up": {"uv": [12, 8], "uv_size": [4, 0.25]},
								"down": {"uv": [12, 9.25], "uv_size": [4, -0.25]}
							}
						},
						{
							"origin": [-4.9125, -0.84229, -0.34875],
							"size": [5.125, 0.885, 0.2975],
							"pivot": [0, -0.51244, -0.2],
							"rotation": [90, 0, -90],
							"uv": {
								"north": {"uv": [8, 4], "uv_size": [4, 1]},
								"east": {"uv": [15, 17], "uv_size": [0.25, 1]},
								"south": {"uv": [8, 5], "uv_size": [4, 1]},
								"west": {"uv": [17, 15], "uv_size": [0.25, 1]},
								"up": {"uv": [12, 10], "uv_size": [4, 0.25]},
								"down": {"uv": [12, 11.25], "uv_size": [4, -0.25]}
							}
						},
						{
							"origin": [-4.9125, -0.84229, -0.34875],
							"size": [5.125, 0.885, 0.2975],
							"pivot": [0, -0.51244, -0.2],
							"rotation": [60, 0, -90],
							"uv": {
								"north": {"uv": [8, 6], "uv_size": [4, 1]},
								"east": {"uv": [16, 17], "uv_size": [0.25, 1]},
								"south": {"uv": [8, 7], "uv_size": [4, 1]},
								"west": {"uv": [17, 17], "uv_size": [0.25, 1]},
								"up": {"uv": [12, 12], "uv_size": [4, 0.25]},
								"down": {"uv": [0, 13.25], "uv_size": [4, -0.25]}
							}
						},
						{
							"origin": [-4.9125, -0.84229, -0.34875],
							"size": [5.125, 0.885, 0.2975],
							"pivot": [0, -0.51244, -0.2],
							"rotation": [30, 0, -90],
							"uv": {
								"north": {"uv": [8, 8], "uv_size": [4, 1]},
								"east": {"uv": [0, 18], "uv_size": [0.25, 1]},
								"south": {"uv": [0, 9], "uv_size": [4, 1]},
								"west": {"uv": [18, 0], "uv_size": [0.25, 1]},
								"up": {"uv": [4, 13], "uv_size": [4, 0.25]},
								"down": {"uv": [8, 13.25], "uv_size": [4, -0.25]}
							}
						},
						{
							"origin": [-0.65, -0.3, -0.1],
							"size": [1.3, 0.2, 0.2],
							"pivot": [0, -0.2, 0],
							"rotation": [-45, 0, 0],
							"uv": {
								"north": {"uv": [3, 15], "uv_size": [1.5, 0.25]},
								"east": {"uv": [19, 10], "uv_size": [0.25, 0.25]},
								"south": {"uv": [5, 15], "uv_size": [1.5, 0.25]},
								"west": {"uv": [11, 19], "uv_size": [0.25, 0.25]},
								"up": {"uv": [7, 15], "uv_size": [1.5, 0.25]},
								"down": {"uv": [9, 15.25], "uv_size": [1.5, -0.25]}
							}
						}
					]
				}
			]
		}
	]
}