{
	"format_version": "1.8.0",
	"animations": {
		"static_idle": {
			"animation_length": 0.0417,
			"bones": {
				"constraint": {
					"rotation": [0.2, 0.2, 0.2],
					"position": [0.2, 0.2, 0.2]
				},
				"root": {
					"rotation": [0, 0, 0],
					"position": [0, 0, 0]
				},
				"righthand": {
					"rotation": [0, 0, 0],
					"position": [0, 0, 0]
				},
				"lefthand": {
					"rotation": [0, 0, 0],
					"position": [0, 0, 0]
				}
			}
		},
		"reload_tactical": {
			"animation_length": 1.7,
			"bones": {
				"root": {
					"rotation": {
						"0.0": [0, 0, 0],
						"0.15": {
							"pre": [-22.32282, -10.50279, -3.76734],
							"post": [-22.32282, -10.50279, -3.76734],
							"lerp_mode": "catmullrom"
						},
						"0.25": {
							"post": [-22.32, -10.5, -3.77],
							"lerp_mode": "catmullrom"
						},
						"0.35": {
							"post": [-16.25823, -8.52002, 1.96116],
							"lerp_mode": "catmullrom"
						},
						"0.6": {
							"post": [-17.11436, -8.8155, 0.99362],
							"lerp_mode": "catmullrom"
						},
						"0.75": {
							"post": [-19.17527, -25.57017, -14.10799],
							"lerp_mode": "catmullrom"
						},
						"0.95": {
							"post": [-20.29194, -28.32902, -18.70709],
							"lerp_mode": "catmullrom"
						},
						"1.0": {
							"post": [-19.23743, -28.13538, -18.60815],
							"lerp_mode": "catmullrom"
						},
						"1.15": {
							"post": [-19.18, -25.57, -14.11],
							"lerp_mode": "catmullrom"
						},
						"1.25": {
							"post": [-11.21, -15.62, -8.22],
							"lerp_mode": "catmullrom"
						},
						"1.4": {
							"post": [1, 0, 0],
							"lerp_mode": "catmullrom"
						},
						"1.55": {
							"post": [0, 0, 0],
							"lerp_mode": "catmullrom"
						},
						"1.7": [0, 0, 0]
					},
					"position": {
						"0.0": [0, 0, 0],
						"0.15": {
							"pre": [-0.3, 2.9, -3.4],
							"post": [-0.3, 2.9, -3.4],
							"lerp_mode": "catmullrom"
						},
						"0.25": {
							"post": [-0.3, 2.9, -3.4],
							"lerp_mode": "catmullrom"
						},
						"0.35": {
							"post": [-0.9, 1.7, -2.7],
							"lerp_mode": "catmullrom"
						},
						"0.6": {
							"post": [-1, 1.7, -2.7],
							"lerp_mode": "catmullrom"
						},
						"0.75": {
							"post": [1.3, 1.8, -2.7],
							"lerp_mode": "catmullrom"
						},
						"0.95": {
							"post": [1.69, 1.85, -2.64],
							"lerp_mode": "catmullrom"
						},
						"1.0": {
							"post": [1.1, 2.07, -2.71],
							"lerp_mode": "catmullrom"
						},
						"1.15": {
							"post": [1.3, 1.8, -2.7],
							"lerp_mode": "catmullrom"
						},
						"1.25": {
							"post": [0.84, 1.11, -2.18],
							"lerp_mode": "catmullrom"
						},
						"1.4": {
							"post": [0, 0, -1.1],
							"lerp_mode": "catmullrom"
						},
						"1.55": {
							"post": [0, 0, 0.6],
							"lerp_mode": "catmullrom"
						},
						"1.7": [0, 0, 0]
					}
				},
				"mag_and_lefthand": {
					"rotation": [0, 0, 0],
					"position": [0, 0, 0]
				},
				"magazine": {
					"rotation": {
						"0.2": [0, 0, 0],
						"0.3": [0, 0, 0],
						"0.7": [0, 0, 0],
						"0.85": [0, 0, 0],
						"0.95": [0, 0, 0],
						"1.0": [0, 0, 0],
						"1.1": [0, 0, 0]
					},
					"position": {
						"0.2": [0, 0, 0],
						"0.3": [0, -17, 0],
						"0.7": [0, -17, 0],
						"0.85": [0, -2, 0],
						"0.95": [0, -2, 0],
						"1.0": [0, 0, 0],
						"1.1": [0, 0, 0]
					}
				},
				"lefthand": {
					"rotation": {
						"0.0": [0, 0, 0],
						"0.15": [0, 0, 0],
						"0.2": [0, 0, 0],
						"0.3": [0, 0, 0],
						"0.7": [0, 0, 0],
						"0.85": [0, 0, 0],
						"0.95": [0, 0, 0],
						"1.0": [0, 0, 0],
						"1.1": [0, 0, 0],
						"1.25": [0, 0, 0]
					},
					"position": {
						"0.0": [0, 0, 0],
						"0.15": [0, -3.4, 3],
						"0.2": [0, -3.4, 3],
						"0.3": [0, -20.4, 3],
						"0.7": [0, -20.4, 3],
						"0.85": [0, -5.4, 3],
						"0.95": [0, -5.4, 3],
						"1.0": [0, -3.4, 3],
						"1.1": [0, -3.4, 3],
						"1.25": [0, 0, 0]
					}
				},
				"camera": {
					"rotation": {
						"0.0": [0, 0, 0],
						"0.1": {
							"pre": [1, 3, 0],
							"post": [1, 3, 0],
							"lerp_mode": "catmullrom"
						},
						"0.2": {
							"post": [1.10417, 2.96327, 2.00237],
							"lerp_mode": "catmullrom"
						},
						"0.35": {
							"post": [0.78432, 3.05875, -4.00748],
							"lerp_mode": "catmullrom"
						},
						"0.5": {
							"post": [0.88641, 3.03091, -2.00738],
							"lerp_mode": "catmullrom"
						},
						"0.7": {
							"post": [0.89219, 5.02976, -1.97882],
							"lerp_mode": "catmullrom"
						},
						"0.85": {
							"post": [-0.10671, 7.02976, -1.94871],
							"lerp_mode": "catmullrom"
						},
						"0.95": {
							"post": [-0.11, 7.03, -1.95],
							"lerp_mode": "catmullrom"
						},
						"1.05": {
							"post": [0.13665, 7.02953, 0.06515],
							"lerp_mode": "catmullrom"
						},
						"1.15": {
							"post": [-0.23329, 7.027, -2.95757],
							"lerp_mode": "catmullrom"
						},
						"1.35": {
							"post": [-0.22841, 2.03004, -2.93994],
							"lerp_mode": "catmullrom"
						},
						"1.45": {
							"post": [-2.16, 1.06, -2.07],
							"lerp_mode": "catmullrom"
						},
						"1.55": [1.79928, 0.46937, -0.98063],
						"1.65": [0, 0, 0]
					}
				}
			},
			"sound_effects": {
				"0.0": {
					"effect": "atsuko_evo3_reload_tactical"
				}
			}
		},
		"reload_empty": {
			"animation_length": 2.7,
			"bones": {
				"root": {
					"rotation": {
						"0.0": [0, 0, 0],
						"0.15": [-7.08639, -11.96984, 0.49791],
						"0.2": [-6.78, -12.88, 0.76],
						"0.3": {
							"pre": [-8.28, -12.73, 0.86],
							"post": [-8.28, -12.73, 0.86],
							"lerp_mode": "catmullrom"
						},
						"0.5": {
							"post": [-7.09, -11.97, 0.5],
							"lerp_mode": "catmullrom"
						},
						"0.65": {
							"post": [-22.32282, -10.50279, -3.76734],
							"lerp_mode": "catmullrom"
						},
						"0.75": {
							"post": [-22.32, -10.5, -3.77],
							"lerp_mode": "catmullrom"
						},
						"0.85": {
							"post": [-16.25823, -8.52002, 1.96116],
							"lerp_mode": "catmullrom"
						},
						"1.1": {
							"post": [-17.11436, -8.8155, 0.99362],
							"lerp_mode": "catmullrom"
						},
						"1.25": {
							"post": [-19.17527, -25.57017, -14.10799],
							"lerp_mode": "catmullrom"
						},
						"1.4": {
							"post": [-20.29194, -28.32902, -18.70709],
							"lerp_mode": "catmullrom"
						},
						"1.45": {
							"post": [-19.23743, -28.13538, -18.60815],
							"lerp_mode": "catmullrom"
						},
						"1.55": {
							"post": [-19.24, -28.14, -18.61],
							"lerp_mode": "catmullrom"
						},
						"1.8": {
							"post": [-12.3034, -7.78766, 30.83447],
							"lerp_mode": "catmullrom"
						},
						"1.95": {
							"post": [-12.3, -7.79, 30.83],
							"lerp_mode": "catmullrom"
						},
						"2.05": {
							"post": [-5.80419, -6.92035, 34.76676],
							"lerp_mode": "catmullrom"
						},
						"2.15": {
							"post": [-12.3, -7.79, 30.83],
							"lerp_mode": "catmullrom"
						},
						"2.4": {
							"post": [1, 0, 0],
							"lerp_mode": "catmullrom"
						},
						"2.55": {
							"post": [0, 0, 0],
							"lerp_mode": "catmullrom"
						},
						"2.7": [0, 0, 0]
					},
					"position": {
						"0.0": [0, 0, 0],
						"0.15": [0, 0, 0],
						"0.2": [0.02, -0.15, 0.18],
						"0.3": {
							"pre": [0.03, -0.22, 1.37],
							"post": [0.03, -0.22, 1.37],
							"lerp_mode": "catmullrom"
						},
						"0.5": {
							"post": [0, 0, 0],
							"lerp_mode": "catmullrom"
						},
						"0.65": {
							"post": [-0.3, 2.9, -3.4],
							"lerp_mode": "catmullrom"
						},
						"0.75": {
							"post": [-0.3, 2.9, -3.4],
							"lerp_mode": "catmullrom"
						},
						"0.85": {
							"post": [-0.9, 1.7, -2.7],
							"lerp_mode": "catmullrom"
						},
						"1.1": {
							"post": [-1, 1.7, -2.7],
							"lerp_mode": "catmullrom"
						},
						"1.25": {
							"post": [1.3, 1.8, -2.7],
							"lerp_mode": "catmullrom"
						},
						"1.4": {
							"post": [1.69, 1.85, -2.64],
							"lerp_mode": "catmullrom"
						},
						"1.45": {
							"post": [1.1, 2.07, -2.71],
							"lerp_mode": "catmullrom"
						},
						"1.55": {
							"post": [1.1, 2.07, -2.71],
							"lerp_mode": "catmullrom"
						},
						"1.8": {
							"post": [-1.98, 1.85, 0.18],
							"lerp_mode": "catmullrom"
						},
						"1.95": {
							"post": [-1.98, 1.85, 0.18],
							"lerp_mode": "catmullrom"
						},
						"2.05": {
							"post": [-2.78, 0.95, 0.18],
							"lerp_mode": "catmullrom"
						},
						"2.15": {
							"post": [-1.98, 1.85, 0.18],
							"lerp_mode": "catmullrom"
						},
						"2.4": {
							"post": [0, 0, -1.1],
							"lerp_mode": "catmullrom"
						},
						"2.55": {
							"post": [0, 0, 0.6],
							"lerp_mode": "catmullrom"
						},
						"2.7": [0, 0, 0]
					}
				},
				"magazine": {
					"rotation": {
						"0.7": [0, 0, 0],
						"0.8": [0, 0, 0],
						"1.2": [0, 0, 0],
						"1.35": [0, 0, 0],
						"1.45": [0, 0, 0],
						"1.5": [0, 0, 0],
						"1.7": [0, 0, 0]
					},
					"position": {
						"0.7": [0, 0, 0],
						"0.8": [0, -17, 0],
						"1.2": [0, -17, 0],
						"1.35": [0, -2, 0],
						"1.45": [0, -2, 0],
						"1.5": [0, 0, 0],
						"1.7": [0, 0, 0]
					}
				},
				"lefthand": {
					"rotation": {
						"0.0": [0, 0, 0],
						"0.15": [0, 0, 0],
						"0.2": [0, 0, 0],
						"0.3": [0, 0, 0],
						"0.35": [0, 0, -5],
						"0.45": [0, 0, -5],
						"0.55": [0, 0, 0],
						"0.65": [0, 0, 0],
						"0.7": [0, 0, 0],
						"0.8": [0, 0, 0],
						"1.2": [0, 0, 0],
						"1.35": [0, 0, 0],
						"1.45": [0, 0, 0],
						"1.5": [0, 0, 0],
						"1.7": [0, 0, 0],
						"1.85": [-17.4784, -10.00236, -0.1107],
						"1.95": [-17.48, -10, -0.11],
						"2.0": [17.52, -10, -0.11],
						"2.05": [17.52, -10, -0.11],
						"2.1": [17.52, -10, -0.11],
						"2.3": [0, 0, 0]
					},
					"position": {
						"0.0": [0, 0, 0],
						"0.15": [1.1, 2.8, -3],
						"0.2": [1.1, 2.8, -3],
						"0.3": [1.1, 2.8, 1.6],
						"0.35": [1.4, 4.3, 1.6],
						"0.45": [1.4, 4.3, 1.6],
						"0.55": [0, 0, 0],
						"0.65": [0, -3.4, 3],
						"0.7": [0, -3.4, 3],
						"0.8": [0, -20.4, 3],
						"1.2": [0, -20.4, 3],
						"1.35": [0, -5.4, 3],
						"1.45": [0, -5.4, 3],
						"1.5": [0, -3.4, 3],
						"1.7": [0, -3.4, 3],
						"1.8": [2.17, 2.88, 2.67],
						"1.85": [0.3, 6.1, 2.4],
						"1.95": [0.3, 6.1, 2.4],
						"2.0": [4.3, -2.9, 2.4],
						"2.05": [4.3, -2.9, 2.4],
						"2.1": [4.3, -2.9, 2.4],
						"2.3": [0, 0, 0]
					}
				},
				"action": {
					"rotation": {
						"0.2": [0, 0, 0],
						"0.3": [0, 0, 0],
						"0.35": [0, 0, -35],
						"1.95": [0, 0, -35],
						"2.0": [0, 0, 0]
					},
					"position": {
						"0.2": [0, 0, 0],
						"0.3": [0, 0, 3.8],
						"0.35": [0, 0, 3.8],
						"1.95": [0, 0, 3.8],
						"2.0": [0, 0, 0]
					}
				},
				"camera": {
					"rotation": {
						"0.0": [0, 0, 0],
						"0.1": {
							"pre": [1.00076, 2.99985, 0.01748],
							"post": [1.00076, 2.99985, 0.01748],
							"lerp_mode": "catmullrom"
						},
						"0.2": {
							"post": [0, 3, 0.02],
							"lerp_mode": "catmullrom"
						},
						"0.3": {
							"post": [-0.17249, 4.99673, -1.9526],
							"lerp_mode": "catmullrom"
						},
						"0.4": {
							"post": [0.00505, 5.00288, 0.05764],
							"lerp_mode": "catmullrom"
						},
						"0.55": {
							"post": [3.01, 5, 0.06],
							"lerp_mode": "catmullrom"
						},
						"0.7": {
							"post": [2.11809, 5.96334, 1.10009],
							"lerp_mode": "catmullrom"
						},
						"0.8": {
							"post": [1.91007, 6.03033, -0.90976],
							"lerp_mode": "catmullrom"
						},
						"0.9": {
							"post": [2.11992, 5.95967, 1.09976],
							"lerp_mode": "catmullrom"
						},
						"1.05": {
							"post": [1.91007, 6.03033, -0.90976],
							"lerp_mode": "catmullrom"
						},
						"1.25": {
							"post": [0.92326, 9.02832, -0.8088],
							"lerp_mode": "catmullrom"
						},
						"1.45": {
							"post": [0.9257, 11.02974, -0.77729],
							"lerp_mode": "catmullrom"
						},
						"1.55": {
							"post": [0.53968, 11.05565, -2.81757],
							"lerp_mode": "catmullrom"
						},
						"1.65": {
							"post": [-1.06341, 9.03035, -0.74219],
							"lerp_mode": "catmullrom"
						},
						"1.8": {
							"post": [-1.04833, 3.03101, -0.62905],
							"lerp_mode": "catmullrom"
						},
						"1.95": {
							"post": [-1.97632, 2.10088, 1.40586],
							"lerp_mode": "catmullrom"
						},
						"2.0": {
							"post": [0.87459, 2.16716, -2.59637],
							"lerp_mode": "catmullrom"
						},
						"2.1": {
							"post": [1.02368, 2.10088, 1.40586],
							"lerp_mode": "catmullrom"
						},
						"2.2": {
							"post": [0.94972, 2.13532, -0.59521],
							"lerp_mode": "catmullrom"
						},
						"2.3": {
							"post": [0.023, 0.1012, 1.37013],
							"lerp_mode": "catmullrom"
						},
						"2.45": {
							"post": [-1.977, 0.1012, 1.37013],
							"lerp_mode": "catmullrom"
						},
						"2.55": {
							"post": [1.8865, 0.0506, 0.68507],
							"lerp_mode": "catmullrom"
						},
						"2.65": [0, 0, 0]
					}
				}
			},
			"sound_effects": {
				"0.0": {
					"effect": "atsuko_evo3_reload_empty"
				}
			}
		},
		"shoot": {
			"animation_length": 0.6333,
			"bones": {
				"root": {
					"rotation": {
						"0.0": [0, 0, 0],
						"0.0333": [-0.32, 0, 0.49],
						"0.0667": [-2.4, 0, -1.21],
						"0.1": [-2.11, 0, 0.33],
						"0.1333": [-1.05, -0.01, 0.08],
						"0.1667": [-0.02, 0, -0.29],
						"0.2": [0.15, 0.08, -0.17],
						"0.2333": [0.1, 0.19, 0.08],
						"0.2667": [0.04, 0.24, 0.23],
						"0.3": [0.03, 0.18, 0.18],
						"0.3333": [0, 0.07, 0.05],
						"0.3667": [-0.02, -0.04, -0.09],
						"0.4": [-0.04, -0.11, -0.17],
						"0.4333": [-0.04, -0.12, -0.17],
						"0.4667": [-0.03, -0.1, -0.14],
						"0.5": [-0.02, -0.06, -0.09],
						"0.5333": [-0.01, -0.02, -0.03],
						"0.5667": [0, 0, 0]
					},
					"position": {
						"0.0": [0, 0, 0],
						"0.0333": [0, -0.06, 1.48],
						"0.0667": [0, -0.06, 1.19],
						"0.1": [0, -0.03, 0.52],
						"0.1333": [0, 0, -0.09],
						"0.1667": [0, 0, -0.15],
						"0.2": [0, 0, -0.1],
						"0.2333": [0, 0, 0],
						"0.2667": [0, 0, 0.05],
						"0.3": [0, 0, 0.05],
						"0.3333": [0, 0, 0.04],
						"0.3667": [0, 0, 0.03],
						"0.4": [0, 0, 0.01],
						"0.4333": [0, 0, 0],
						"0.4667": [0, 0, 0],
						"0.5": [0, 0, 0],
						"0.5333": [0, 0, 0],
						"0.5667": [0, 0, 0],
						"0.6": [0, 0, 0],
						"0.6333": [0, 0, 0]
					}
				},
				"bolt": {
					"position": {
						"0.0": [0, 0, 0],
						"0.0333": [0, 0, 1.9],
						"0.0667": [0, 0, 0]
					}
				},
				"camera": {
					"rotation": {
						"0.0": [0, 0, 0],
						"0.0333": [0, 0, 0.7],
						"0.0667": [0, 0, -0.32],
						"0.1": [0, 0, -0.06],
						"0.1333": [0, 0, 0.28],
						"0.1667": [0, 0, 0.06],
						"0.2": [0, 0, -0.2],
						"0.2333": [0, 0, -0.1],
						"0.2667": [0, 0, 0.05],
						"0.3": [0, 0, 0.04],
						"0.3333": [0, 0, 0]
					}
				}
			}
		},
		"inspect": {
			"animation_length": 6.7,
			"bones": {
				"root": {
					"rotation": {
						"0.0": [0, 0, 0],
						"0.35": {
							"pre": [-14.60817, -26.88819, -5.57808],
							"post": [-14.60817, -26.88819, -5.57808],
							"lerp_mode": "catmullrom"
						},
						"0.7": {
							"post": [-14.61, -26.89, -5.58],
							"lerp_mode": "catmullrom"
						},
						"1.0": {
							"post": [-14.61, -26.89, -5.58],
							"lerp_mode": "catmullrom"
						},
						"1.3": {
							"post": [-14.11609, -27.13807, -6.66738],
							"lerp_mode": "catmullrom"
						},
						"1.7": {
							"post": [-14.24824, -28.10952, -6.39344],
							"lerp_mode": "catmullrom"
						},
						"2.05": {
							"post": [-14.25, -28.11, -6.39],
							"lerp_mode": "catmullrom"
						},
						"2.5": {
							"post": [-29.7706, -50.44709, 4.96836],
							"lerp_mode": "catmullrom"
						},
						"2.9": {
							"post": [-29.18653, -49.57899, 4.20824],
							"lerp_mode": "catmullrom"
						},
						"3.3": {
							"post": [-26.64192, -45.15904, 0.75269],
							"lerp_mode": "catmullrom"
						},
						"3.75": {
							"post": [-26.89755, -39.34552, 1.32696],
							"lerp_mode": "catmullrom"
						},
						"4.25": {
							"post": [-53.08546, 22.06461, 46.93219],
							"lerp_mode": "catmullrom"
						},
						"4.55": {
							"post": [-56.44, 27.09, 51.49],
							"lerp_mode": "catmullrom"
						},
						"5.35": {
							"post": [-55.97, 26.15, 52.45],
							"lerp_mode": "catmullrom"
						},
						"5.45": {
							"post": [-55.65, 25.58, 52.66],
							"lerp_mode": "catmullrom"
						},
						"5.65": [-53.09, 22.06, 46.93],
						"6.1": {
							"pre": [1, 0, 0],
							"post": [1, 0, 0],
							"lerp_mode": "catmullrom"
						},
						"6.35": {
							"post": [0, 0, 0],
							"lerp_mode": "catmullrom"
						},
						"6.6": [0, 0, 0]
					},
					"position": {
						"0.0": {
							"post": [0, 0, 0],
							"lerp_mode": "catmullrom"
						},
						"0.35": {
							"post": [3.3, 2.9, -3.5],
							"lerp_mode": "catmullrom"
						},
						"0.7": {
							"post": [3.3, 2.9, -3.5],
							"lerp_mode": "catmullrom"
						},
						"1.0": {
							"post": [3.4, 3, -3.5],
							"lerp_mode": "catmullrom"
						},
						"1.3": {
							"post": [3.3, 3, -3.5],
							"lerp_mode": "catmullrom"
						},
						"1.7": {
							"post": [3.3, 3.1, -3.5],
							"lerp_mode": "catmullrom"
						},
						"2.05": {
							"post": [3.3, 3.1, -3.5],
							"lerp_mode": "catmullrom"
						},
						"2.5": {
							"post": [3.3, 3.1, -3.5],
							"lerp_mode": "catmullrom"
						},
						"2.9": {
							"post": [3.3, 3.1, -3.5],
							"lerp_mode": "catmullrom"
						},
						"3.3": {
							"post": [3.2, 3.1, -3.5],
							"lerp_mode": "catmullrom"
						},
						"3.75": {
							"post": [3.2, 3, -3.5],
							"lerp_mode": "catmullrom"
						},
						"4.25": {
							"post": [-3.5, 5.5, -3.7],
							"lerp_mode": "catmullrom"
						},
						"4.55": {
							"post": [-4.08, 6.03, -3.98],
							"lerp_mode": "catmullrom"
						},
						"5.35": {
							"post": [-4.03, 6.22, -4.24],
							"lerp_mode": "catmullrom"
						},
						"5.45": {
							"post": [-3.99, 6.21, -4.15],
							"lerp_mode": "catmullrom"
						},
						"5.65": [-3.5, 5.5, -3.7],
						"6.1": {
							"pre": [0, 0, -1.1],
							"post": [0, 0, -1.1],
							"lerp_mode": "catmullrom"
						},
						"6.35": {
							"post": [0, 0, 0.6],
							"lerp_mode": "catmullrom"
						},
						"6.6": [0, 0, 0]
					}
				},
				"lefthand": {
					"rotation": {
						"0.0": [0, 0, 0],
						"0.35": {
							"pre": [0, 0, 0],
							"post": [0, 0, 0],
							"lerp_mode": "catmullrom"
						},
						"0.7": {
							"post": [0, 0, 0],
							"lerp_mode": "catmullrom"
						},
						"3.8": {
							"post": [0, 0, 0],
							"lerp_mode": "catmullrom"
						},
						"4.25": [0, 0, 0],
						"5.45": [0, 0, 0],
						"5.5": [0, 0, 0],
						"5.95": [0, 0, 0]
					},
					"position": {
						"0.0": [0, 0, 0],
						"0.35": {
							"pre": [6, -7, 9],
							"post": [6, -7, 9],
							"lerp_mode": "catmullrom"
						},
						"0.7": {
							"post": [6, -7, 9],
							"lerp_mode": "catmullrom"
						},
						"3.8": {
							"post": [6, -7, 9],
							"lerp_mode": "catmullrom"
						},
						"4.25": [1.7, 2.8, -3],
						"4.45": [1.7, 2.8, -3],
						"4.55": [1.7, 2.8, -2],
						"5.35": [1.75, 2.8, -2],
						"5.4": [1.7, 2.8, -2],
						"5.45": [1.7, 2.8, -3],
						"5.5": [1.7, 2.8, -3],
						"5.95": [0, 0, 0]
					}
				},
				"action": {
					"position": {
						"4.45": [0, 0, 0],
						"4.55": [0, 0, 0.9],
						"5.4": [0, 0, 0.9],
						"5.45": [0, 0, 0]
					}
				},
				"bolt": {
					"position": {
						"4.45": [0, 0, 0],
						"4.55": [0, 0, 1],
						"5.4": [0, 0, 1],
						"5.45": [0, 0, 0]
					}
				},
				"camera": {
					"rotation": {
						"0.0": [0, 0, 0],
						"0.25": {
							"pre": [2, 3, 0],
							"post": [2, 3, 0],
							"lerp_mode": "catmullrom"
						},
						"0.6": {
							"post": [2, 3, 0],
							"lerp_mode": "catmullrom"
						},
						"1.1": {
							"post": [-2, 3, 0],
							"lerp_mode": "catmullrom"
						},
						"2.05": {
							"post": [-2, 3, 0],
							"lerp_mode": "catmullrom"
						},
						"2.45": {
							"post": [-1.00826, 5.99817, -0.10523],
							"lerp_mode": "catmullrom"
						},
						"2.95": {
							"post": [-0.76, 6.35, -0.13],
							"lerp_mode": "catmullrom"
						},
						"3.6": {
							"post": [-3.00495, 5.00138, -0.05729],
							"lerp_mode": "catmullrom"
						},
						"3.9": {
							"post": [-4.98939, 3.01141, 0.15223],
							"lerp_mode": "catmullrom"
						},
						"4.2": {
							"post": [4.00757, 5.0097, 0.11532],
							"lerp_mode": "catmullrom"
						},
						"4.8": {
							"post": [4.01, 5.01, 0.12],
							"lerp_mode": "catmullrom"
						},
						"5.45": {
							"post": [2.00509, 3.01123, 0.04977],
							"lerp_mode": "catmullrom"
						},
						"6.0": [-2.23, 1.21, 0.02],
						"6.2": [0.76111, 0.67222, 0.01111],
						"6.45": [0, 0, 0]
					}
				}
			},
			"sound_effects": {
				"0.0": {
					"effect": "atsuko_evo3_inspect"
				}
			}
		},
		"inspect_empty": {
			"animation_length": 6.7,
			"bones": {
				"2": {
					"scale": 0
				},
				"root": {
					"rotation": {
						"0.0": [0, 0, 0],
						"0.35": {
							"pre": [-14.60817, -26.88819, -5.57808],
							"post": [-14.60817, -26.88819, -5.57808],
							"lerp_mode": "catmullrom"
						},
						"0.7": {
							"post": [-14.61, -26.89, -5.58],
							"lerp_mode": "catmullrom"
						},
						"1.0": {
							"post": [-14.61, -26.89, -5.58],
							"lerp_mode": "catmullrom"
						},
						"1.3": {
							"post": [-14.11609, -27.13807, -6.66738],
							"lerp_mode": "catmullrom"
						},
						"1.7": {
							"post": [-14.24824, -28.10952, -6.39344],
							"lerp_mode": "catmullrom"
						},
						"2.05": {
							"post": [-14.25, -28.11, -6.39],
							"lerp_mode": "catmullrom"
						},
						"2.5": {
							"post": [-29.7706, -50.44709, 4.96836],
							"lerp_mode": "catmullrom"
						},
						"2.9": {
							"post": [-29.18653, -49.57899, 4.20824],
							"lerp_mode": "catmullrom"
						},
						"3.3": {
							"post": [-26.64192, -45.15904, 0.75269],
							"lerp_mode": "catmullrom"
						},
						"3.75": {
							"post": [-26.89755, -39.34552, 1.32696],
							"lerp_mode": "catmullrom"
						},
						"4.25": {
							"post": [-53.08546, 22.06461, 46.93219],
							"lerp_mode": "catmullrom"
						},
						"4.55": {
							"post": [-56.44, 27.09, 51.49],
							"lerp_mode": "catmullrom"
						},
						"5.35": {
							"post": [-55.97, 26.15, 52.45],
							"lerp_mode": "catmullrom"
						},
						"5.45": {
							"post": [-55.65, 25.58, 52.66],
							"lerp_mode": "catmullrom"
						},
						"5.65": [-53.09, 22.06, 46.93],
						"6.1": {
							"pre": [1, 0, 0],
							"post": [1, 0, 0],
							"lerp_mode": "catmullrom"
						},
						"6.35": {
							"post": [0, 0, 0],
							"lerp_mode": "catmullrom"
						},
						"6.6": [0, 0, 0]
					},
					"position": {
						"0.0": {
							"post": [0, 0, 0],
							"lerp_mode": "catmullrom"
						},
						"0.35": {
							"post": [3.3, 2.9, -3.5],
							"lerp_mode": "catmullrom"
						},
						"0.7": {
							"post": [3.3, 2.9, -3.5],
							"lerp_mode": "catmullrom"
						},
						"1.0": {
							"post": [3.4, 3, -3.5],
							"lerp_mode": "catmullrom"
						},
						"1.3": {
							"post": [3.3, 3, -3.5],
							"lerp_mode": "catmullrom"
						},
						"1.7": {
							"post": [3.3, 3.1, -3.5],
							"lerp_mode": "catmullrom"
						},
						"2.05": {
							"post": [3.3, 3.1, -3.5],
							"lerp_mode": "catmullrom"
						},
						"2.5": {
							"post": [3.3, 3.1, -3.5],
							"lerp_mode": "catmullrom"
						},
						"2.9": {
							"post": [3.3, 3.1, -3.5],
							"lerp_mode": "catmullrom"
						},
						"3.3": {
							"post": [3.2, 3.1, -3.5],
							"lerp_mode": "catmullrom"
						},
						"3.75": {
							"post": [3.2, 3, -3.5],
							"lerp_mode": "catmullrom"
						},
						"4.25": {
							"post": [-3.5, 5.5, -3.7],
							"lerp_mode": "catmullrom"
						},
						"4.55": {
							"post": [-4.08, 6.03, -3.98],
							"lerp_mode": "catmullrom"
						},
						"5.35": {
							"post": [-4.03, 6.22, -4.24],
							"lerp_mode": "catmullrom"
						},
						"5.45": {
							"post": [-3.99, 6.21, -4.15],
							"lerp_mode": "catmullrom"
						},
						"5.65": [-3.5, 5.5, -3.7],
						"6.1": {
							"pre": [0, 0, -1.1],
							"post": [0, 0, -1.1],
							"lerp_mode": "catmullrom"
						},
						"6.35": {
							"post": [0, 0, 0.6],
							"lerp_mode": "catmullrom"
						},
						"6.6": [0, 0, 0]
					}
				},
				"lefthand": {
					"rotation": {
						"0.0": [0, 0, 0],
						"0.35": {
							"pre": [0, 0, 0],
							"post": [0, 0, 0],
							"lerp_mode": "catmullrom"
						},
						"0.7": {
							"post": [0, 0, 0],
							"lerp_mode": "catmullrom"
						},
						"3.8": {
							"post": [0, 0, 0],
							"lerp_mode": "catmullrom"
						},
						"4.25": [0, 0, 0],
						"5.45": [0, 0, 0],
						"5.5": [0, 0, 0],
						"5.95": [0, 0, 0]
					},
					"position": {
						"0.0": [0, 0, 0],
						"0.35": {
							"pre": [6, -7, 9],
							"post": [6, -7, 9],
							"lerp_mode": "catmullrom"
						},
						"0.7": {
							"post": [6, -7, 9],
							"lerp_mode": "catmullrom"
						},
						"3.8": {
							"post": [6, -7, 9],
							"lerp_mode": "catmullrom"
						},
						"4.25": [1.7, 2.8, -3],
						"4.45": [1.7, 2.8, -3],
						"4.55": [1.7, 2.8, -2],
						"5.35": [1.75, 2.8, -2],
						"5.4": [1.7, 2.8, -2],
						"5.45": [1.7, 2.8, -3],
						"5.5": [1.7, 2.8, -3],
						"5.95": [0, 0, 0]
					}
				},
				"action": {
					"position": {
						"4.45": [0, 0, 0],
						"4.55": [0, 0, 0.9],
						"5.4": [0, 0, 0.9],
						"5.45": [0, 0, 0]
					}
				},
				"bolt": {
					"position": {
						"4.45": [0, 0, 0],
						"4.55": [0, 0, 1],
						"5.4": [0, 0, 1],
						"5.45": [0, 0, 0]
					}
				},
				"camera": {
					"rotation": {
						"0.0": [0, 0, 0],
						"0.25": {
							"pre": [2, 3, 0],
							"post": [2, 3, 0],
							"lerp_mode": "catmullrom"
						},
						"0.6": {
							"post": [2, 3, 0],
							"lerp_mode": "catmullrom"
						},
						"1.1": {
							"post": [-2, 3, 0],
							"lerp_mode": "catmullrom"
						},
						"2.05": {
							"post": [-2, 3, 0],
							"lerp_mode": "catmullrom"
						},
						"2.45": {
							"post": [-1.00826, 5.99817, -0.10523],
							"lerp_mode": "catmullrom"
						},
						"2.95": {
							"post": [-0.76, 6.35, -0.13],
							"lerp_mode": "catmullrom"
						},
						"3.6": {
							"post": [-3.00495, 5.00138, -0.05729],
							"lerp_mode": "catmullrom"
						},
						"3.9": {
							"post": [-4.98939, 3.01141, 0.15223],
							"lerp_mode": "catmullrom"
						},
						"4.2": {
							"post": [4.00757, 5.0097, 0.11532],
							"lerp_mode": "catmullrom"
						},
						"4.8": {
							"post": [4.01, 5.01, 0.12],
							"lerp_mode": "catmullrom"
						},
						"5.45": {
							"post": [2.00509, 3.01123, 0.04977],
							"lerp_mode": "catmullrom"
						},
						"6.0": [-2.23, 1.21, 0.02],
						"6.2": [0.76111, 0.67222, 0.01111],
						"6.45": [0, 0, 0]
					}
				},
				"bullet": {
					"scale": 0
				}
			}
		}
	}
}