{
	"format_version": "1.8.0",
	"animations": {
		"static_idle": {
			"animation_length": 0.0417,
			"bones": {
				"root": {
					"rotation": [0, 0, 0],
					"position": [0, 0, 0]
				},
				"constraint": {
					"rotation": [0.2, 0.2, 0.2],
					"position": [0.2, 0.2, 0.2]
				},
				"righthand": {
					"rotation": [0, 0, 0],
					"position": [0, 0, 0]
				}
			}
		},
		"reload_tactical": {
			"animation_length": 3.8333,
			"bones": {
				"root": {
					"rotation": [0, 0, 0],
					"position": [0, 0, 0]
				},
				"lefthand": {
					"rotation": {
						"0.0": [0, 0, 0],
						"0.2083": [-32.5, 0, 0],
						"0.2917": [-32.5, 0, 0],
						"0.4583": [-32.5, 0, 0],
						"0.5417": [-32.5, 0, 0],
						"0.6667": [-32.5, 0, 0],
						"0.7917": [-32.5, 0, 0],
						"0.875": [-32.5, 0, 0],
						"1.0": [-32.5, 0, 0],
						"1.125": [-32.5, 0, 0],
						"1.2083": [-32.5, 0, 0],
						"1.3333": [-32.5, 0, 0],
						"1.4167": [-32.5, 0, 0],
						"1.7083": [0, 0, 0],
						"3.1667": [0, 0, 0]
					},
					"position": {
						"0.0": [0, 0, 0],
						"0.2083": [1, 6.3, -5.4],
						"0.2917": [1, 6.3, -5.4],
						"0.4583": [1.5, 7.5, -3.2],
						"0.5417": [1.5, 7.5, -4.4],
						"0.6667": [1.5, 7.5, -4.4],
						"0.7917": [-0.6, 7.5, -2.5],
						"0.875": [-0.6, 7.5, -3.6],
						"1.0": [-0.6, 7.5, -3.6],
						"1.125": [0.2, 6.8, -2.6],
						"1.2083": [0.2, 6.8, -3.6],
						"1.3333": [0.2, 6.8, -3.6],
						"1.4167": [0.2, 6.8, -3.6],
						"1.7083": [0, 0, 0],
						"3.1667": [0, 0, 0]
					}
				},
				"gun_and_righthand": {
					"rotation": {
						"0.0": [0, 0, 0],
						"0.2083": {
							"pre": [-5, 0, 0],
							"post": [-5, 0, 0],
							"lerp_mode": "catmullrom"
						},
						"0.5": {
							"post": [-5, 0, 0],
							"lerp_mode": "catmullrom"
						},
						"1.4167": {
							"post": [-5, 0, 0],
							"lerp_mode": "catmullrom"
						},
						"1.7083": {
							"post": [-31.16766, -9.17927, -17.80041],
							"lerp_mode": "catmullrom"
						},
						"2.25": {
							"post": [-31.17, -9.18, -17.8],
							"lerp_mode": "catmullrom"
						},
						"3.1667": {
							"post": [-31.17, -9.18, -17.8],
							"lerp_mode": "catmullrom"
						},
						"3.5417": [4, 0, 0],
						"3.6667": [0, 0, 0]
					},
					"position": {
						"0.0": [0, 0, 0],
						"0.2083": {
							"pre": [3, 0, -1],
							"post": [3, 0, -1],
							"lerp_mode": "catmullrom"
						},
						"0.5": {
							"post": [3, 0, -1],
							"lerp_mode": "catmullrom"
						},
						"1.4167": {
							"post": [3, 0, -1],
							"lerp_mode": "catmullrom"
						},
						"1.7083": {
							"post": [3, 0, -1],
							"lerp_mode": "catmullrom"
						},
						"2.25": {
							"post": [3, 0, -1],
							"lerp_mode": "catmullrom"
						},
						"3.1667": {
							"post": [3, 0, -1],
							"lerp_mode": "catmullrom"
						},
						"3.5417": [0, 0, 0],
						"3.6667": [0, 0, 0]
					}
				},
				"constraint": {
					"rotation": [0, 0, 0],
					"position": [0, 0, 0]
				}
			},
			"sound_effects": {
				"0.0": {
					"effect": "nagisa118_reload"
				}
			}
		},
		"reload_empty": {
			"animation_length": 3.9583,
			"bones": {
				"root": {
					"rotation": [0, 0, 0],
					"position": [0, 0, 0]
				},
				"lefthand": {
					"rotation": {
						"0.0": [0, 0, 0],
						"0.2083": [-32.5, 0, 0],
						"0.2917": [-32.5, 0, 0],
						"0.4583": [-32.5, 0, 0],
						"0.5417": [-32.5, 0, 0],
						"0.6667": [-32.5, 0, 0],
						"0.7917": [-32.5, 0, 0],
						"0.875": [-32.5, 0, 0],
						"1.0": [-32.5, 0, 0],
						"1.125": [-32.5, 0, 0],
						"1.2083": [-32.5, 0, 0],
						"1.3333": [-32.5, 0, 0],
						"1.4167": [-32.5, 0, 0],
						"1.7083": [0, 0, 0],
						"3.1667": [0, 0, 0]
					},
					"position": {
						"0.0": [0, 0, 0],
						"0.2083": [1, 6.3, -5.4],
						"0.2917": [1, 6.3, -5.4],
						"0.4583": [1.5, 7.5, -3.2],
						"0.5417": [1.5, 7.5, -4.4],
						"0.6667": [1.5, 7.5, -4.4],
						"0.7917": [-0.6, 7.5, -2.5],
						"0.875": [-0.6, 7.5, -3.6],
						"1.0": [-0.6, 7.5, -3.6],
						"1.125": [0.2, 6.8, -2.6],
						"1.2083": [0.2, 6.8, -3.6],
						"1.3333": [0.2, 6.8, -3.6],
						"1.4167": [0.2, 6.8, -3.6],
						"1.7083": [0, 0, 0],
						"3.1667": [0, 0, 0]
					}
				},
				"gun_and_righthand": {
					"rotation": {
						"0.0": [0, 0, 0],
						"0.2083": {
							"pre": [-5, 0, 0],
							"post": [-5, 0, 0],
							"lerp_mode": "catmullrom"
						},
						"0.5": {
							"post": [-5, 0, 0],
							"lerp_mode": "catmullrom"
						},
						"1.4167": {
							"post": [-5, 0, 0],
							"lerp_mode": "catmullrom"
						},
						"1.7083": {
							"post": [-31.16766, -9.17927, -17.80041],
							"lerp_mode": "catmullrom"
						},
						"2.25": {
							"post": [-31.17, -9.18, -17.8],
							"lerp_mode": "catmullrom"
						},
						"3.1667": {
							"post": [-31.17, -9.18, -17.8],
							"lerp_mode": "catmullrom"
						},
						"3.5417": [4, 0, 0],
						"3.6667": [0, 0, 0]
					},
					"position": {
						"0.0": [0, 0, 0],
						"0.2083": {
							"pre": [3, 0, -1],
							"post": [3, 0, -1],
							"lerp_mode": "catmullrom"
						},
						"0.5": {
							"post": [3, 0, -1],
							"lerp_mode": "catmullrom"
						},
						"1.4167": {
							"post": [3, 0, -1],
							"lerp_mode": "catmullrom"
						},
						"1.7083": {
							"post": [3, 0, -1],
							"lerp_mode": "catmullrom"
						},
						"2.25": {
							"post": [3, 0, -1],
							"lerp_mode": "catmullrom"
						},
						"3.1667": {
							"post": [3, 0, -1],
							"lerp_mode": "catmullrom"
						},
						"3.5417": [0, 0, 0],
						"3.6667": [0, 0, 0]
					}
				},
				"constraint": {
					"rotation": [0, 0, 0],
					"position": [0, 0, 0]
				}
			}
		},
		"shoot": {
			"animation_length": 5,
			"bones": {
				"root": {
					"rotation": {
						"0.0": [0, 0, 0],
						"0.0833": [-4.99527, -0.21782, -2.4905],
						"0.1667": [-5, -0.22, -2.49],
						"0.3333": [0, 0, 0]
					},
					"position": {
						"0.0": [0, 0, 0],
						"0.0833": [0, 0, 0],
						"0.1667": [0, 0, 0],
						"0.3333": [0, 0, 0]
					}
				}
			},
			"sound_effects": {
				"0.0": {
					"effect": "nagisa118_shoot"
				}
			}
		},
		"inspect": {
			"animation_length": 0.15,
			"bones": {
				"root": {
					"rotation": [0, 0, 0],
					"position": [0, 0, 0]
				}
			}
		}
	}
}