{
	"format_version": "1.8.0",
	"animations": {
		"static_idle": {
			"animation_length": 0.0417,
			"bones": {
				"root": {
					"rotation": [0, 0, 0],
					"position": [0, 0, 0]
				},
				"lefthand": {
					"rotation": [0, 0, 0],
					"position": [0, 0, 0]
				},
				"righthand": {
					"rotation": [0, 0, 0],
					"position": [0, 0, 0]
				},
				"constraint": {
					"rotation": [0, 0, 0],
					"position": [0, 0, 0]
				},
				"camera": {
					"rotation": [0, 0, 0],
					"position": [0, 0, 0]
				}
			}
		},
		"reload_tactical": {
			"animation_length": 4.5,
			"bones": {
				"root": {
					"rotation": {
						"0.0": [0, 0, 0],
						"0.25": {
							"pre": [7.89944, -12.54953, -4.08807],
							"post": [7.89944, -12.54953, -4.08807],
							"lerp_mode": "catmullrom"
						},
						"0.7083": {
							"post": [-14, -36, 0],
							"lerp_mode": "catmullrom"
						},
						"0.9167": {
							"post": [-14, -36, 0],
							"lerp_mode": "catmullrom"
						},
						"1.125": {
							"post": [-13.29088, -36.23592, -1.20299],
							"lerp_mode": "catmullrom"
						},
						"1.2917": {
							"post": [-14.0189, -35.99375, 0.0328],
							"lerp_mode": "catmullrom"
						},
						"1.4583": {
							"post": [-11.60959, -36.41698, -2.35148],
							"lerp_mode": "catmullrom"
						},
						"1.7917": {
							"post": [-12.47783, -36.18005, -0.98707],
							"lerp_mode": "catmullrom"
						},
						"2.0": {
							"post": [-13.73, -36.14, -0.77],
							"lerp_mode": "catmullrom"
						},
						"2.25": {
							"post": [-14.54432, -35.87481, 0.53831],
							"lerp_mode": "catmullrom"
						},
						"2.4583": {
							"post": [-13.10259, -36.35753, -1.85434],
							"lerp_mode": "catmullrom"
						},
						"2.6667": {
							"post": [-14.57559, -35.85055, 0.70288],
							"lerp_mode": "catmullrom"
						},
						"2.8333": {
							"post": [-13.86665, -36.08563, -0.44765],
							"lerp_mode": "catmullrom"
						},
						"3.125": {
							"post": [-14.14841, -36.31353, -1.59491],
							"lerp_mode": "catmullrom"
						},
						"3.25": {
							"post": [-19.12, -36.22, -1.13],
							"lerp_mode": "catmullrom"
						},
						"3.5417": {
							"post": [-14, -36, 0],
							"lerp_mode": "catmullrom"
						},
						"3.7083": {
							"post": [-14, -36, 0],
							"lerp_mode": "catmullrom"
						},
						"4.0417": {
							"post": [7.89944, -12.54953, -4.08807],
							"lerp_mode": "catmullrom"
						},
						"4.4167": [0, 0, 0]
					},
					"position": {
						"0.0": [0, 0, 0],
						"0.25": {
							"pre": [0.14, -2.92, 1.34],
							"post": [0.14, -2.92, 1.34],
							"lerp_mode": "catmullrom"
						},
						"0.7083": {
							"post": [0.4, -0.9, 0.4],
							"lerp_mode": "catmullrom"
						},
						"0.9167": {
							"post": [0.4, -0.9, 0.4],
							"lerp_mode": "catmullrom"
						},
						"1.125": {
							"post": [0.4, -1.3, 0.4],
							"lerp_mode": "catmullrom"
						},
						"1.2917": {
							"post": [0.4, -1.49, 0.3],
							"lerp_mode": "catmullrom"
						},
						"1.4583": {
							"post": [0.2, -1.87, 0.3],
							"lerp_mode": "catmullrom"
						},
						"1.7917": {
							"post": [0.31, -1.77, 0.21],
							"lerp_mode": "catmullrom"
						},
						"2.0": {
							"post": [0.43, -1.55, 0.13],
							"lerp_mode": "catmullrom"
						},
						"2.25": {
							"post": [0.53, -2.15, -0.14],
							"lerp_mode": "catmullrom"
						},
						"2.4583": {
							"post": [0.52, -2.22, -0.09],
							"lerp_mode": "catmullrom"
						},
						"2.6667": {
							"post": [0.9, -2, -0.4],
							"lerp_mode": "catmullrom"
						},
						"2.8333": {
							"post": [0.84, -1.89, -0.28],
							"lerp_mode": "catmullrom"
						},
						"3.125": {
							"post": [0.69, -1.76, -0.05],
							"lerp_mode": "catmullrom"
						},
						"3.25": {
							"post": [0.58, -2.45, -0.68],
							"lerp_mode": "catmullrom"
						},
						"3.5417": {
							"post": [0.4, -0.9, 0.4],
							"lerp_mode": "catmullrom"
						},
						"3.7083": {
							"post": [0.4, -0.9, 0.4],
							"lerp_mode": "catmullrom"
						},
						"4.0417": {
							"post": [0.14, -2.92, 1.34],
							"lerp_mode": "catmullrom"
						},
						"4.4167": [0, 0, 0]
					}
				},
				"magazine": {
					"rotation": {
						"1.0": [0, 0, 0],
						"1.125": [6, 0, 0],
						"1.25": [6, 0, 0],
						"1.4167": [6, 0, 0],
						"1.5417": {
							"pre": [5.92666, 0.93693, -8.9515],
							"post": [5.92666, 0.93693, -8.9515],
							"lerp_mode": "catmullrom"
						},
						"2.625": {
							"post": [7.92666, 0.93693, -8.9515],
							"lerp_mode": "catmullrom"
						},
						"2.7917": [8, 0, 0],
						"2.8333": [8, 0, 0],
						"2.9583": [10, 0, 0],
						"3.125": [10, 0, 0],
						"3.2083": [0, 0, 0],
						"3.5417": [0, 0, 0]
					},
					"position": {
						"1.0": [0, 0, 0],
						"1.125": [0, -0.2, 0],
						"1.25": [0, -0.2, 0],
						"1.4167": [0, 1.8, 0],
						"1.5417": {
							"pre": [-1, 1.8, 0],
							"post": [-1, 1.8, 0],
							"lerp_mode": "catmullrom"
						},
						"1.7083": {
							"post": [-5.04, -2.56, 0],
							"lerp_mode": "catmullrom"
						},
						"2.0": {
							"post": [-5, -27.2, 0],
							"lerp_mode": "catmullrom"
						},
						"2.2083": {
							"post": [-5, -27.2, 0],
							"lerp_mode": "catmullrom"
						},
						"2.4583": {
							"post": [-5.04, -2.56, 0],
							"lerp_mode": "catmullrom"
						},
						"2.625": {
							"post": [-1, 1.8, 0],
							"lerp_mode": "catmullrom"
						},
						"2.7917": [0, 1.8, 0],
						"2.8333": [0, 1.8, 0],
						"2.9583": [0, 0.1, 0],
						"3.125": [0, 0.1, 0],
						"3.2083": [0, 0, 0],
						"3.5417": [0, 0, 0]
					}
				},
				"lefthand": {
					"rotation": {
						"0.1667": [0, 0, 0],
						"0.625": [-16.50776, 47.15858, -8.84284],
						"3.625": [-16.51, 47.16, -8.84],
						"4.0417": [0, 0, 0]
					},
					"position": {
						"0.1667": [0, 0, 0],
						"0.625": [1.4, -0.4, -9.3],
						"3.625": [1.4, -0.4, -9.3],
						"4.0417": [0, 0, 0]
					}
				},
				"righthand": {
					"rotation": {
						"0.375": [0, 0, 0],
						"0.5833": [4.73267, 6.39313, -23.32924],
						"0.875": [16.15974, 3.8956, -8.1581],
						"1.0": [16.16, 3.9, -8.16],
						"1.125": [22.16, 3.9, -8.16],
						"1.25": [22.16, 3.9, -8.16],
						"1.5417": {
							"pre": [21.13629, 7.47405, -14.26614],
							"post": [21.13629, 7.47405, -14.26614],
							"lerp_mode": "catmullrom"
						},
						"2.625": {
							"post": [21.13629, 7.47405, -14.26614],
							"lerp_mode": "catmullrom"
						},
						"2.7917": [23.3781, 6.48461, 2.97326],
						"2.8333": [23.38, 6.48, 2.97],
						"3.125": [23.38, 6.48, 2.97],
						"3.2083": [14.38, 6.48, 2.97],
						"3.375": [14.38, 6.48, 2.97],
						"3.5417": [14.38, 6.48, 2.97],
						"3.9167": [4.73267, 6.39313, -23.32924],
						"4.2083": [0, 0, 0]
					},
					"position": {
						"0.375": [0, 0, 0],
						"0.5833": {
							"pre": [-4.82, -1.22, 2.15],
							"post": [-4.82, -1.22, 2.15],
							"lerp_mode": "catmullrom"
						},
						"0.75": {
							"post": [-4.02, 5.68, 0.17],
							"lerp_mode": "catmullrom"
						},
						"0.875": [0.2, 10.6, -1.4],
						"1.0": [0.2, 10.6, -1.4],
						"1.125": [0.2, 11.7, -1.4],
						"1.25": [0.2, 11.7, -1.4],
						"1.4167": [0.2, 13.4, -1.4],
						"1.5417": {
							"pre": [-0.8, 13, -1.4],
							"post": [-0.8, 13, -1.4],
							"lerp_mode": "catmullrom"
						},
						"1.7083": {
							"post": [-4.84, 8.62, -1.4],
							"lerp_mode": "catmullrom"
						},
						"2.0": {
							"post": [-4.8, -16, -1.4],
							"lerp_mode": "catmullrom"
						},
						"2.2083": {
							"post": [-4.8, -16, -1.4],
							"lerp_mode": "catmullrom"
						},
						"2.4583": {
							"post": [-5.84, 7.12, -5],
							"lerp_mode": "catmullrom"
						},
						"2.625": {
							"post": [-1.8, 11.4, -4],
							"lerp_mode": "catmullrom"
						},
						"2.7917": [-0.6, 14, -4],
						"2.8333": [-0.6, 14, -4],
						"2.9583": [-0.6, 12.6, -4.8],
						"3.125": [-0.6, 12.6, -5],
						"3.2083": [-0.9, 11.6, -2.4],
						"3.375": [-0.9, 11.6, -2.4],
						"3.5417": [-0.9, 11.6, -2.4],
						"3.75": {
							"pre": [-4.02, 8.68, 0.17],
							"post": [-4.02, 8.68, 0.17],
							"lerp_mode": "catmullrom"
						},
						"3.9167": {
							"post": [-4.82, -1.22, 2.15],
							"lerp_mode": "catmullrom"
						},
						"4.2083": [0, 0, 0]
					}
				},
				"camera": {
					"rotation": {
						"0.0": [0, 0, 0],
						"0.7917": [2.00274, 2.99817, 0.10479],
						"1.0417": [4.00427, 3.99756, 0.16992],
						"1.2083": [2.99726, 2.50137, 0.07762],
						"1.375": [2, 3, 0.1],
						"1.625": [4.00366, 4.49863, 0.1825],
						"1.875": [4.0032, 3.99863, 0.15246],
						"2.25": [6.00823, 4.99451, 0.25492],
						"2.625": [4, 4, 0.15],
						"3.0": [3.88466, 4.43771, 0.18787],
						"3.2917": [2.00274, 2.99817, 0.10479],
						"3.625": [1.30942, 0.96026, 0.04714],
						"4.25": [0, 0, 0]
					}
				}
			},
			"sound_effects": {
				"0.0": {
					"effect": "hawkeye_reload_tactical"
				}
			}
		},
		"reload_empty": {
			"animation_length": 5.4,
			"bones": {
				"root": {
					"rotation": {
						"0.0": [0, 0, 0],
						"0.25": {
							"pre": [7.89944, -12.54953, -4.08807],
							"post": [7.89944, -12.54953, -4.08807],
							"lerp_mode": "catmullrom"
						},
						"0.7083": {
							"post": [-15.80194, -45.64386, 3.4121],
							"lerp_mode": "catmullrom"
						},
						"0.9167": {
							"post": [-17.04, -47.71, 3.84],
							"lerp_mode": "catmullrom"
						},
						"1.0417": {
							"post": [-18.30886, -45.64108, 3.32657],
							"lerp_mode": "catmullrom"
						},
						"1.3333": {
							"post": [-15.30886, -45.64108, 3.32657],
							"lerp_mode": "catmullrom"
						},
						"1.8333": {
							"post": [-14, -36, 0],
							"lerp_mode": "catmullrom"
						},
						"1.9167": {
							"post": [-14, -36, 0],
							"lerp_mode": "catmullrom"
						},
						"2.125": {
							"post": [-13.29088, -36.23592, -1.20299],
							"lerp_mode": "catmullrom"
						},
						"2.2917": {
							"post": [-14.0189, -35.99375, 0.0328],
							"lerp_mode": "catmullrom"
						},
						"2.4583": {
							"post": [-11.60959, -36.41698, -2.35148],
							"lerp_mode": "catmullrom"
						},
						"2.7917": {
							"post": [-12.47783, -36.18005, -0.98707],
							"lerp_mode": "catmullrom"
						},
						"3.0": {
							"post": [-13.73, -36.14, -0.77],
							"lerp_mode": "catmullrom"
						},
						"3.25": {
							"post": [-14.54432, -35.87481, 0.53831],
							"lerp_mode": "catmullrom"
						},
						"3.4583": {
							"post": [-13.10259, -36.35753, -1.85434],
							"lerp_mode": "catmullrom"
						},
						"3.7083": {
							"post": [-14.14841, -36.31353, -1.59491],
							"lerp_mode": "catmullrom"
						},
						"3.8333": {
							"post": [-19.12, -36.22, -1.13],
							"lerp_mode": "catmullrom"
						},
						"4.1667": {
							"post": [-15.30886, -45.64108, 3.32657],
							"lerp_mode": "catmullrom"
						},
						"4.2917": {
							"post": [-15.36, -46.57, 3.67],
							"lerp_mode": "catmullrom"
						},
						"4.375": {
							"post": [-12.73, -47.02, 3.76],
							"lerp_mode": "catmullrom"
						},
						"4.7083": {
							"post": [-15.30886, -45.64108, 3.32657],
							"lerp_mode": "catmullrom"
						},
						"5.0833": {
							"post": [7.89944, -12.54953, -4.08807],
							"lerp_mode": "catmullrom"
						},
						"5.375": [0, 0, 0]
					},
					"position": {
						"0.0": [0, 0, 0],
						"0.25": {
							"pre": [0.14, -2.92, 1.34],
							"post": [0.14, -2.92, 1.34],
							"lerp_mode": "catmullrom"
						},
						"0.7083": {
							"post": [0.35, -1.03, -1.43],
							"lerp_mode": "catmullrom"
						},
						"0.9167": {
							"post": [0.39, -0.85, -1.69],
							"lerp_mode": "catmullrom"
						},
						"1.0417": {
							"post": [0, -0.9, -1.3],
							"lerp_mode": "catmullrom"
						},
						"1.3333": {
							"post": [0.4, -0.9, -1.6],
							"lerp_mode": "catmullrom"
						},
						"1.8333": {
							"post": [0.4, -0.9, 0.4],
							"lerp_mode": "catmullrom"
						},
						"1.9167": {
							"post": [0.4, -0.9, 0.4],
							"lerp_mode": "catmullrom"
						},
						"2.125": {
							"post": [0.4, -1.3, 0.4],
							"lerp_mode": "catmullrom"
						},
						"2.2917": {
							"post": [0.4, -1.49, 0.3],
							"lerp_mode": "catmullrom"
						},
						"2.4583": {
							"post": [0.2, -1.87, 0.3],
							"lerp_mode": "catmullrom"
						},
						"2.7917": {
							"post": [0.31, -1.77, 0.21],
							"lerp_mode": "catmullrom"
						},
						"3.0": {
							"post": [0.43, -1.55, 0.13],
							"lerp_mode": "catmullrom"
						},
						"3.25": {
							"post": [0.53, -2.15, -0.14],
							"lerp_mode": "catmullrom"
						},
						"3.4583": {
							"post": [0.52, -2.22, -0.09],
							"lerp_mode": "catmullrom"
						},
						"3.7083": {
							"post": [0.69, -1.76, -0.05],
							"lerp_mode": "catmullrom"
						},
						"3.8333": {
							"post": [0.58, -2.45, -0.68],
							"lerp_mode": "catmullrom"
						},
						"4.1667": {
							"post": [2.4, -0.9, -1.6],
							"lerp_mode": "catmullrom"
						},
						"4.2917": {
							"post": [2.53, -0.79, -1.69],
							"lerp_mode": "catmullrom"
						},
						"4.375": {
							"post": [2.85, -0.77, -2.13],
							"lerp_mode": "catmullrom"
						},
						"4.7083": {
							"post": [2.4, -0.9, -1.6],
							"lerp_mode": "catmullrom"
						},
						"5.0833": {
							"post": [0.14, -2.92, 1.34],
							"lerp_mode": "catmullrom"
						},
						"5.375": [0, 0, 0]
					}
				},
				"magazine": {
					"rotation": {
						"1.5417": [0, 0, 0],
						"1.6667": [6, 0, 0],
						"1.7917": [6, 0, 0],
						"1.9583": [6, 0, 0],
						"2.0833": {
							"pre": [5.92666, 0.93693, -8.9515],
							"post": [5.92666, 0.93693, -8.9515],
							"lerp_mode": "catmullrom"
						},
						"3.1667": {
							"post": [7.92666, 0.93693, -8.9515],
							"lerp_mode": "catmullrom"
						},
						"3.3333": [8, 0, 0],
						"3.375": [8, 0, 0],
						"3.5": [10, 0, 0],
						"3.6667": [10, 0, 0],
						"3.75": [0, 0, 0],
						"4.0833": [0, 0, 0]
					},
					"position": {
						"1.5417": [0, 0, 0],
						"1.6667": [0, -0.2, 0],
						"1.7917": [0, -0.2, 0],
						"1.9583": [0, 1.8, 0],
						"2.0833": {
							"pre": [-1, 1.8, 0],
							"post": [-1, 1.8, 0],
							"lerp_mode": "catmullrom"
						},
						"2.25": {
							"post": [-5.04, -2.56, 0],
							"lerp_mode": "catmullrom"
						},
						"2.5417": {
							"post": [-5, -27.2, 0],
							"lerp_mode": "catmullrom"
						},
						"2.75": {
							"post": [-5, -27.2, 0],
							"lerp_mode": "catmullrom"
						},
						"3.0": {
							"post": [-5.04, -2.56, 0],
							"lerp_mode": "catmullrom"
						},
						"3.1667": {
							"post": [-1, 1.8, 0],
							"lerp_mode": "catmullrom"
						},
						"3.3333": [0, 1.8, 0],
						"3.375": [0, 1.8, 0],
						"3.5": [0, 0.1, 0],
						"3.6667": [0, 0.1, 0],
						"3.75": [0, 0, 0],
						"4.0833": [0, 0, 0]
					}
				},
				"lefthand": {
					"rotation": {
						"0.1667": [0, 0, 0],
						"0.625": [-13.12253, 31.67726, -3.56233],
						"4.7917": [-13.12253, 31.67726, -3.56233],
						"5.0833": [0, 0, 0]
					},
					"position": {
						"0.1667": [0, 0, 0],
						"0.625": [1.4, -1.4, -6.3],
						"4.7917": [1.4, -1.4, -6.3],
						"5.0833": [0, 0, 0]
					}
				},
				"action": {
					"rotation": {
						"0.625": [0, 0, 0],
						"0.7917": [0, 0, 72.5],
						"0.875": [0, 0, 72.5],
						"4.2917": [0, 0, 72.5],
						"4.375": [0, 0, 72.5],
						"4.5417": [0, 0, 72.5],
						"4.6667": [0, 0, 0],
						"4.75": [0, 0, 0]
					},
					"position": {
						"0.625": [0, 0, 0],
						"0.7917": [0, 0, 0],
						"0.875": [0, 0, 0],
						"1.0417": [0, 0, 4],
						"4.2917": [0, 0, 4],
						"4.375": [0, 0, 0],
						"4.5417": [0, 0, 0],
						"4.6667": [0, 0, 0],
						"4.75": [0, 0, 0]
					}
				},
				"action2": {
					"position": {
						"0.875": [0, 0, 0],
						"1.0417": [0, 0, 4],
						"4.2917": [0, 0, 4],
						"4.375": [0, 0, 0]
					}
				},
				"righthand": {
					"rotation": {
						"0.125": [0, 0, 0],
						"0.3333": [4.73267, 6.39313, -23.32924],
						"0.5417": [15.1405, 9.92045, -27.43145],
						"0.625": [15.1405, 9.92045, -27.43145],
						"0.7917": [18.89899, 3.55954, -5.08408],
						"0.875": [18.9, 3.56, -5.08],
						"1.125": [17.44, 3.74, -6.72],
						"1.4167": [16.15974, 3.8956, -8.1581],
						"1.5417": [16.16, 3.9, -8.16],
						"1.6667": [22.16, 3.9, -8.16],
						"1.7917": [22.16, 3.9, -8.16],
						"2.0833": {
							"pre": [21.13629, 7.47405, -14.26614],
							"post": [21.13629, 7.47405, -14.26614],
							"lerp_mode": "catmullrom"
						},
						"3.1667": {
							"post": [21.13629, 7.47405, -14.26614],
							"lerp_mode": "catmullrom"
						},
						"3.3333": [23.3781, 6.48461, 2.97326],
						"3.375": [23.38, 6.48, 2.97],
						"3.6667": [23.38, 6.48, 2.97],
						"3.75": [14.38, 6.48, 2.97],
						"3.875": [14.38, 6.48, 2.97],
						"3.9583": [14.38, 6.48, 2.97],
						"4.2083": [17.44, 3.74, -6.72],
						"4.2917": [17.44, 3.74, -6.72],
						"4.5417": [18.89899, 3.55954, -5.08408],
						"4.6667": [15.1405, 9.92045, -27.43145],
						"4.75": [15.14, 9.92, -27.43],
						"4.9583": [4.73267, 2.39313, -23.32924],
						"5.1667": [0, 0, 0]
					},
					"position": {
						"0.125": [0, 0, 0],
						"0.3333": {
							"pre": [-4.82, -1.22, 2.15],
							"post": [-4.82, -1.22, 2.15],
							"lerp_mode": "catmullrom"
						},
						"0.5417": {
							"post": [-1.3, 2.9, 4.4],
							"lerp_mode": "catmullrom"
						},
						"0.625": [-1.3, 2.9, 4.4],
						"0.7917": [-2.9, 8.4, 3.7],
						"0.875": [-2.9, 8.4, 3.7],
						"1.0417": [-2.9, 8.4, 7.7],
						"1.125": [-2.9, 8.4, 7.7],
						"1.2917": [-4.02, 9.28, 0.17],
						"1.4167": [0.2, 10.6, -1.4],
						"1.5417": [0.2, 10.6, -1.4],
						"1.6667": [0.2, 11.7, -1.4],
						"1.7917": [0.2, 11.7, -1.4],
						"1.9583": [0.2, 13.4, -1.4],
						"2.0833": {
							"pre": [-0.8, 13, -1.4],
							"post": [-0.8, 13, -1.4],
							"lerp_mode": "catmullrom"
						},
						"2.25": {
							"post": [-4.84, 8.62, -1.4],
							"lerp_mode": "catmullrom"
						},
						"2.5417": {
							"post": [-4.8, -16, -1.4],
							"lerp_mode": "catmullrom"
						},
						"2.75": {
							"post": [-4.8, -16, -1.4],
							"lerp_mode": "catmullrom"
						},
						"3.0": {
							"post": [-5.84, 7.12, -5],
							"lerp_mode": "catmullrom"
						},
						"3.1667": {
							"post": [-1.8, 11.4, -4],
							"lerp_mode": "catmullrom"
						},
						"3.3333": [-0.6, 14, -4],
						"3.375": [-0.6, 14, -4],
						"3.5": [-0.6, 12.6, -4.8],
						"3.6667": [-0.6, 12.6, -5],
						"3.75": [-0.9, 11.6, -2.4],
						"3.875": [-0.9, 11.6, -2.4],
						"3.9583": [-0.9, 11.6, -2.4],
						"4.0833": [-4.31, 10.28, 1.75],
						"4.2083": [-2.9, 8.4, 7.7],
						"4.2917": [-2.9, 8.4, 7.7],
						"4.375": [-2.9, 8.4, 3.7],
						"4.5417": [-2.9, 8.4, 3.7],
						"4.6667": [-1.3, 2.9, 4.4],
						"4.75": [-1.3, 2.9, 4.4],
						"4.9583": [-4.82, -5.22, 2.15],
						"5.1667": [0, 0, 0]
					}
				},
				"camera": {
					"rotation": {
						"0.0": [0, 0, 0],
						"0.7917": [2.00274, 2.99817, 0.10479],
						"1.0417": [4.00427, 3.99756, 0.16992],
						"1.2083": [2.99726, 2.50137, 0.07762],
						"1.375": [2, 3, 0.1],
						"1.625": [4.00366, 4.49863, 0.1825],
						"1.875": [4.0032, 3.99863, 0.15246],
						"2.25": [6.00823, 4.99451, 0.25492],
						"2.625": [4, 4, 0.15],
						"2.9167": [3.88466, 4.43771, 0.18787],
						"3.1667": [2.00274, 2.99817, 0.10479],
						"3.5417": [1.30942, 0.96026, 0.04714],
						"3.75": [3.92299, 2.6774, 0.13197],
						"4.125": [-0.69005, -1.10985, 0.06408],
						"4.4583": [0, 0, 0]
					}
				},
				"ammo": {
					"scale": {
						"0.0": [0, 0, 0],
						"2.4167": [0, 0, 0],
						"2.7083": [1, 1, 1]
					}
				}
			},
			"sound_effects": {
				"0.0": {
					"effect": "hawkeye_reload_empty"
				}
			}
		},
		"shoot": {
			"animation_length": 2.0417,
			"bones": {
				"root": {
					"rotation": {
						"0.0": {
							"post": [0, 0, 0],
							"lerp_mode": "catmullrom"
						},
						"0.0417": {
							"post": [1.24069, 0.15232, -6.99835],
							"lerp_mode": "catmullrom"
						},
						"0.0833": {
							"post": [-5.82024, 1.33042, 5.79388],
							"lerp_mode": "catmullrom"
						},
						"0.125": {
							"post": [-14.38564, -0.61289, -1.91761],
							"lerp_mode": "catmullrom"
						},
						"0.2083": {
							"post": [-6.0138, -0.64862, -3.1926],
							"lerp_mode": "catmullrom"
						},
						"0.2917": [0, 0, 0],
						"0.4583": {
							"pre": [0, 0, 5],
							"post": [0, 0, 5],
							"lerp_mode": "catmullrom"
						},
						"0.7083": {
							"post": [0, 0, 4],
							"lerp_mode": "catmullrom"
						},
						"0.8333": {
							"post": [0, 0, 0],
							"lerp_mode": "catmullrom"
						},
						"0.9583": {
							"post": [-1.37, 0, 0.75],
							"lerp_mode": "catmullrom"
						},
						"1.0833": {
							"post": [-6, 0, 2],
							"lerp_mode": "catmullrom"
						},
						"1.2917": {
							"post": [-5, 0, 2],
							"lerp_mode": "catmullrom"
						},
						"1.4167": {
							"post": [-3, 0, 2],
							"lerp_mode": "catmullrom"
						},
						"1.5833": {
							"post": [3, 0, 2],
							"lerp_mode": "catmullrom"
						},
						"1.75": {
							"post": [3, 0, 2],
							"lerp_mode": "catmullrom"
						},
						"1.9167": [0, 0, 0]
					},
					"position": {
						"0.0": {
							"post": [0, 0, 0],
							"lerp_mode": "catmullrom"
						},
						"0.0417": {
							"post": [0, -0.75, 1.95],
							"lerp_mode": "catmullrom"
						},
						"0.0833": {
							"post": [0, 0.675, 2.33],
							"lerp_mode": "catmullrom"
						},
						"0.125": {
							"post": [-0.06, 2.73, 3.78],
							"lerp_mode": "catmullrom"
						},
						"0.1667": {
							"post": [-0.125, 1.18, 1.275],
							"lerp_mode": "catmullrom"
						},
						"0.25": {
							"post": [-0.11, 0.94, 0.41],
							"lerp_mode": "catmullrom"
						},
						"0.2917": [0, 0, 0],
						"0.4583": {
							"pre": [-0.4, -0.6, -0.5],
							"post": [-0.4, -0.6, -0.5],
							"lerp_mode": "catmullrom"
						},
						"0.7083": {
							"post": [-0.5, -0.6, -0.4],
							"lerp_mode": "catmullrom"
						},
						"0.8333": {
							"post": [-0.5, -0.5, -0.3],
							"lerp_mode": "catmullrom"
						},
						"0.9583": {
							"post": [-0.51, -0.63, -0.17],
							"lerp_mode": "catmullrom"
						},
						"1.0833": {
							"post": [-0.5, -0.9, 0.6],
							"lerp_mode": "catmullrom"
						},
						"1.2917": {
							"post": [-0.4, -1.1, 0.4],
							"lerp_mode": "catmullrom"
						},
						"1.4167": {
							"post": [-0.5, -0.8, 0],
							"lerp_mode": "catmullrom"
						},
						"1.5833": {
							"post": [-0.5, -1.7, -0.8],
							"lerp_mode": "catmullrom"
						},
						"1.75": {
							"post": [-0.5, -1.7, -0.8],
							"lerp_mode": "catmullrom"
						},
						"1.9167": [0, 0, 0]
					}
				},
				"action": {
					"rotation": {
						"0.6667": [0, 0, 0],
						"0.8333": [0, 0, 72.5],
						"0.9167": [0, 0, 72.5],
						"1.5417": [0, 0, 72.5],
						"1.5833": [0, 0, 72.5],
						"1.75": [0, 0, 0]
					},
					"position": {
						"0.6667": [0, 0, 0],
						"0.8333": [0, 0, 0],
						"0.9167": [0, 0, 0],
						"1.0833": [0, 0, 4],
						"1.3333": [0, 0, 4],
						"1.5417": [0, 0, 0],
						"1.5833": [0, 0, 0],
						"1.75": [0, 0, 0]
					}
				},
				"action2": {
					"position": {
						"0.9167": [0, 0, 0],
						"1.0833": [0, 0, 4],
						"1.3333": [0, 0, 4],
						"1.5417": [0, 0, 0]
					}
				},
				"righthand": {
					"rotation": {
						"0.2917": [0, 0, 0],
						"0.4167": [4.73267, 6.39313, -23.32924],
						"0.5833": [15.1405, 9.92045, -27.43145],
						"0.6667": [15.1405, 9.92045, -27.43145],
						"0.8333": [18.89899, 3.55954, -5.08408],
						"0.9167": [18.9, 3.56, -5.08],
						"1.3333": [18.07, 3.66, -6.02],
						"1.5": [18.9, 3.56, -5.08],
						"1.5833": [18.9, 3.56, -5.08],
						"1.75": [15.1405, 9.92045, -27.43145],
						"1.7917": [15.1405, 9.92045, -27.43145],
						"2.0417": [0, 0, 0]
					},
					"position": {
						"0.2917": [0, 0, 0],
						"0.4167": [-4.82, -1.22, 2.15],
						"0.5833": [-1.3, 2.9, 4.4],
						"0.6667": [-1.3, 2.9, 4.4],
						"0.8333": [-2.9, 8.4, 3.7],
						"0.9167": [-2.9, 8.4, 3.7],
						"1.0833": [-2.9, 8.4, 7.7],
						"1.3333": [-2.9, 8.4, 7.7],
						"1.5": [-2.9, 8.4, 3.7],
						"1.5833": [-2.9, 8.4, 3.7],
						"1.75": [-1.3, 2.9, 4.4],
						"1.7917": [-1.3, 2.9, 4.4],
						"1.9167": [-2.75, 0.55, 2.2],
						"2.0417": [0, 0, 0]
					}
				},
				"camera": {
					"rotation": {
						"0.0": {
							"post": [0, 0, 0],
							"lerp_mode": "catmullrom"
						},
						"0.0417": {
							"post": [-1, 0, 4.4],
							"lerp_mode": "catmullrom"
						},
						"0.0833": {
							"post": [-1, 0, 2.445],
							"lerp_mode": "catmullrom"
						},
						"0.1667": {
							"post": [-1, 0, -4.055],
							"lerp_mode": "catmullrom"
						},
						"0.25": {
							"post": [0, 0, 1.37],
							"lerp_mode": "catmullrom"
						},
						"0.2917": {
							"post": [0, 0, -0.85],
							"lerp_mode": "catmullrom"
						},
						"0.375": {
							"post": [0, 0, 0.525],
							"lerp_mode": "catmullrom"
						},
						"0.4167": {
							"post": [0, 0, -0.125],
							"lerp_mode": "catmullrom"
						},
						"0.4583": {
							"post": [0, 0, 0],
							"lerp_mode": "catmullrom"
						},
						"0.5417": {
							"post": [0, 0, 0],
							"lerp_mode": "catmullrom"
						},
						"0.625": {
							"post": [0.45, -0.1, 0.275],
							"lerp_mode": "catmullrom"
						},
						"0.7083": {
							"post": [0.4, -0.15, 0.275],
							"lerp_mode": "catmullrom"
						},
						"0.75": {
							"post": [0.825, -0.15, 0.775],
							"lerp_mode": "catmullrom"
						},
						"0.8333": {
							"post": [0.215, -0.15, 0.1],
							"lerp_mode": "catmullrom"
						},
						"0.875": {
							"post": [0.525, -0.15, 0.275],
							"lerp_mode": "catmullrom"
						},
						"0.9583": {
							"post": [0.615, -0.1, 0.8],
							"lerp_mode": "catmullrom"
						},
						"1.0": {
							"post": [1.53, 0, -0.125],
							"lerp_mode": "catmullrom"
						},
						"1.0417": {
							"post": [0.77, 0.075, 0.425],
							"lerp_mode": "catmullrom"
						},
						"1.2083": {
							"post": [1.085, 0.075, 0.2],
							"lerp_mode": "catmullrom"
						},
						"1.2917": {
							"post": [0.78, 0, 0.275],
							"lerp_mode": "catmullrom"
						},
						"1.4167": {
							"post": [0.55, 0, 0.275],
							"lerp_mode": "catmullrom"
						},
						"1.5": {
							"post": [1.29, -0.1, 0.75],
							"lerp_mode": "catmullrom"
						},
						"1.5417": {
							"post": [0.645, -0.175, 0],
							"lerp_mode": "catmullrom"
						},
						"1.625": {
							"post": [0.89, -0.175, 0.6],
							"lerp_mode": "catmullrom"
						},
						"1.7083": {
							"post": [0.465, -0.1, 0.05],
							"lerp_mode": "catmullrom"
						},
						"1.7917": {
							"post": [0.295, 0.05, 0.275],
							"lerp_mode": "catmullrom"
						},
						"1.875": {
							"post": [-0.1, 0, -0.025],
							"lerp_mode": "catmullrom"
						},
						"1.9583": {
							"post": [0.25, 0, 0.275],
							"lerp_mode": "catmullrom"
						},
						"2.0": {
							"post": [0, 0, 0],
							"lerp_mode": "catmullrom"
						}
					}
				}
			},
			"sound_effects": {
				"0.0": {
					"effect": "hawkeye_shoot"
				}
			}
		},
		"inspect": {
			"animation_length": 9.5,
			"bones": {
				"root": {
					"rotation": {
						"0.0": [0, 0, 0],
						"0.3333": {
							"pre": [7.89944, -12.54953, -4.08807],
							"post": [7.89944, -12.54953, -4.08807],
							"lerp_mode": "catmullrom"
						},
						"0.9583": {
							"post": [-11.20418, -65.72619, -0.67054],
							"lerp_mode": "catmullrom"
						},
						"1.6667": {
							"post": [-11.2, -65.73, -0.67],
							"lerp_mode": "catmullrom"
						},
						"2.2917": {
							"post": [-0.2, -65.73, -0.67],
							"lerp_mode": "catmullrom"
						},
						"3.0833": {
							"post": [-0.2, -65.73, -0.67],
							"lerp_mode": "catmullrom"
						},
						"3.9583": {
							"post": [-5.2, -65.73, -0.67],
							"lerp_mode": "catmullrom"
						},
						"4.5417": {
							"post": [-5.2, -65.73, -0.67],
							"lerp_mode": "catmullrom"
						},
						"5.0417": {
							"post": [-12.95548, -29.19203, -1.93538],
							"lerp_mode": "catmullrom"
						},
						"5.2917": {
							"post": [-12.87559, -27.95722, -3.08136],
							"lerp_mode": "catmullrom"
						},
						"5.5": {
							"post": [-13.44565, -27.79185, -1.95826],
							"lerp_mode": "catmullrom"
						},
						"5.6667": {
							"post": [-16.00131, -27.64238, -0.82229],
							"lerp_mode": "catmullrom"
						},
						"5.875": {
							"post": [-15, -27.74, -0.83],
							"lerp_mode": "catmullrom"
						},
						"6.0833": {
							"post": [-15.43732, -27.59808, 0.21031],
							"lerp_mode": "catmullrom"
						},
						"6.2917": {
							"post": [-14.36268, -28.24354, -2.04897],
							"lerp_mode": "catmullrom"
						},
						"6.5417": {
							"post": [-14.85118, -28.17808, -1.03084],
							"lerp_mode": "catmullrom"
						},
						"6.75": {
							"post": [-15.35748, -28.05951, 0.05541],
							"lerp_mode": "catmullrom"
						},
						"7.125": {
							"post": [-15.90189, -28.32038, 0.9053],
							"lerp_mode": "catmullrom"
						},
						"7.375": {
							"post": [-16.34198, -28.37299, 1.72349],
							"lerp_mode": "catmullrom"
						},
						"7.5833": {
							"post": [-17.36575, -29.63485, 1.68019],
							"lerp_mode": "catmullrom"
						},
						"7.8333": {
							"post": [-16.58146, -29.73923, 2.09692],
							"lerp_mode": "catmullrom"
						},
						"8.125": {
							"post": [-15.65726, -30.47462, -0.10412],
							"lerp_mode": "catmullrom"
						},
						"8.2917": {
							"post": [-16.57, -30.8, -0.79],
							"lerp_mode": "catmullrom"
						},
						"8.4583": {
							"post": [-16.88, -31.03, -1.35],
							"lerp_mode": "catmullrom"
						},
						"8.5833": {
							"post": [-12.96, -29.19, -1.94],
							"lerp_mode": "catmullrom"
						},
						"9.0417": {
							"post": [7.89944, -12.54953, -4.08807],
							"lerp_mode": "catmullrom"
						},
						"9.4583": [0, 0, 0]
					},
					"position": {
						"0.0": [0, 0, 0],
						"0.3333": {
							"pre": [0.14, -2.92, 1.34],
							"post": [0.14, -2.92, 1.34],
							"lerp_mode": "catmullrom"
						},
						"0.9583": {
							"post": [0.05, -1.03, -3.83],
							"lerp_mode": "catmullrom"
						},
						"1.6667": {
							"post": [0.05, -1.03, -3.83],
							"lerp_mode": "catmullrom"
						},
						"2.2917": {
							"post": [2.65, 0.57, -3.83],
							"lerp_mode": "catmullrom"
						},
						"3.0833": {
							"post": [2.65, 0.57, -3.83],
							"lerp_mode": "catmullrom"
						},
						"3.9583": {
							"post": [-0.95, -0.33, -3.83],
							"lerp_mode": "catmullrom"
						},
						"4.5417": {
							"post": [-0.95, -0.33, -3.83],
							"lerp_mode": "catmullrom"
						},
						"5.0417": {
							"post": [0.9, -0.9, -1.7],
							"lerp_mode": "catmullrom"
						},
						"5.2917": {
							"post": [0.88, -0.91, -1.53],
							"lerp_mode": "catmullrom"
						},
						"5.5": {
							"post": [0.98, -0.9, -1.74],
							"lerp_mode": "catmullrom"
						},
						"5.6667": {
							"post": [1.08, -1.2, -1.55],
							"lerp_mode": "catmullrom"
						},
						"5.875": {
							"post": [1.08, -1.19, -1.76],
							"lerp_mode": "catmullrom"
						},
						"6.0833": {
							"post": [1.07, -1.17, -1.67],
							"lerp_mode": "catmullrom"
						},
						"6.2917": {
							"post": [1.16, -1.15, -1.68],
							"lerp_mode": "catmullrom"
						},
						"6.5417": {
							"post": [1.35, -1.12, -1.8],
							"lerp_mode": "catmullrom"
						},
						"6.75": {
							"post": [1.33, -1.09, -1.91],
							"lerp_mode": "catmullrom"
						},
						"7.125": {
							"post": [1.27, -1.01, -1.84],
							"lerp_mode": "catmullrom"
						},
						"7.375": {
							"post": [1.23, -0.97, -1.96],
							"lerp_mode": "catmullrom"
						},
						"7.5833": {
							"post": [1.2, -1.03, -1.87],
							"lerp_mode": "catmullrom"
						},
						"7.8333": {
							"post": [1.25, -0.96, -2],
							"lerp_mode": "catmullrom"
						},
						"8.125": {
							"post": [1.18, -0.86, -1.93],
							"lerp_mode": "catmullrom"
						},
						"8.2917": {
							"post": [1.11, -1.48, -1.18],
							"lerp_mode": "catmullrom"
						},
						"8.4583": {
							"post": [1.04, -0.98, -1.75],
							"lerp_mode": "catmullrom"
						},
						"8.5833": {
							"post": [0.9, -0.9, -1.7],
							"lerp_mode": "catmullrom"
						},
						"9.0417": {
							"post": [0.14, -2.92, 1.34],
							"lerp_mode": "catmullrom"
						},
						"9.4583": [0, 0, 0]
					}
				},
				"magazine": {
					"rotation": {
						"5.2917": [0, 0, 0],
						"5.4167": [6, 0, 0],
						"5.5417": [6, 0, 0],
						"5.7083": [6, 0, 0],
						"5.8333": [5.92666, 0.93693, -8.9515],
						"5.9583": [5.92666, 0.93693, -8.9515],
						"6.2083": {
							"pre": [4.10076, 4.38886, -46.84149],
							"post": [4.10076, 4.38886, -46.84149],
							"lerp_mode": "catmullrom"
						},
						"7.4167": {
							"post": [4.1, 4.39, -46.84],
							"lerp_mode": "catmullrom"
						},
						"7.6667": [5.92666, 0.93693, -8.9515],
						"7.8333": [8, 0, 0],
						"8.0417": [6, 0, 0],
						"8.125": [6, 0, 0],
						"8.25": [0, 0, 0],
						"8.5833": [0, 0, 0]
					},
					"position": {
						"5.2917": [0, 0, 0],
						"5.4167": [0, -0.2, 0],
						"5.5417": [0, -0.2, 0],
						"5.7083": [0, 1.8, 0],
						"5.8333": [-1, 1.8, 0],
						"5.9583": [-1, 1.8, 0],
						"6.2083": {
							"pre": [-1.8, 2.8, 0],
							"post": [-1.8, 2.8, 0],
							"lerp_mode": "catmullrom"
						},
						"7.4167": {
							"post": [-1.8, 2.8, 0],
							"lerp_mode": "catmullrom"
						},
						"7.6667": [-1, 1.8, 0],
						"7.8333": [0, 1.8, 0],
						"8.0417": [0, -0.2, 0],
						"8.125": [0, -0.2, 0],
						"8.25": [0, 0, 0],
						"8.5833": [0, 0, 0]
					}
				},
				"lefthand": {
					"rotation": {
						"0.1667": [0, 0, 0],
						"0.625": [-13.12253, 31.67726, -3.56233],
						"4.6667": [-13.12253, 31.67726, -3.56233],
						"5.0417": [-11.44196, 13.10251, 0.79009],
						"8.7083": [-11.44, 13.1, 0.79],
						"9.2083": [0, 0, 0]
					},
					"position": {
						"0.1667": [0, 0, 0],
						"0.625": [1.4, -1.4, -6.3],
						"4.6667": [1.4, -1.4, -6.3],
						"5.0417": [0.4, -2, -1.5],
						"8.7083": [0.4, -2, -1.5],
						"9.2083": [0, 0, 0]
					}
				},
				"righthand": {
					"rotation": {
						"0.2917": [0, 0, 0],
						"0.6667": [0, 44.45, 0],
						"0.9167": [0, 65, 0],
						"1.5417": [0, 65, 0],
						"1.9583": [-76.48729, 78.40977, -79.62977],
						"4.25": [-76.48729, 78.40977, -79.62977],
						"4.9167": [4.73267, 6.39313, -23.32924],
						"5.2083": [16.15974, 3.8956, -8.1581],
						"5.2917": [16.16, 3.9, -8.16],
						"5.4167": [22.16, 3.9, -8.16],
						"5.5417": [22.16, 3.9, -8.16],
						"5.7083": [21.58, 5.94, -11.65],
						"5.8333": [21.13629, 7.47405, -14.26614],
						"5.9583": [21.06, 7.73, -14.71],
						"6.0833": [13.59701, 15.76165, -34.7794],
						"6.2083": {
							"pre": [7.91788, 23.68314, -52.16213],
							"post": [7.91788, 23.68314, -52.16213],
							"lerp_mode": "catmullrom"
						},
						"7.4167": {
							"post": [7.92, 23.68, -52.16],
							"lerp_mode": "catmullrom"
						},
						"7.5417": [13.59701, 15.76165, -34.7794],
						"7.6667": [21.06, 7.73, -14.71],
						"7.8333": [21.58, 5.94, -11.65],
						"8.0417": [22.16, 3.9, -8.16],
						"8.125": [22.16, 3.9, -8.16],
						"8.25": [16.16, 3.9, -8.16],
						"8.4583": [16.16, 3.9, -8.16],
						"8.75": [4.73267, 6.39313, -23.32924],
						"9.0417": [0, 0, 0]
					},
					"position": {
						"0.2917": [0, 0, 0],
						"0.6667": [8.07, -0.63, 3.67],
						"0.9167": [12.42, -1.15, 4.34],
						"1.5417": [12.42, -1.15, 4.34],
						"1.75": [17.27, 0.2, 7.84],
						"1.9583": [17.42, 2.35, 8.74],
						"4.25": [17.42, 2.35, 8.74],
						"4.4583": [12.5, -4.77, 4.9],
						"4.7083": [2.11, -8.96, 3.13],
						"4.9167": {
							"pre": [-4.82, -1.22, 2.15],
							"post": [-4.82, -1.22, 2.15],
							"lerp_mode": "catmullrom"
						},
						"5.0833": {
							"post": [-4.02, 5.68, 0.17],
							"lerp_mode": "catmullrom"
						},
						"5.2083": [0.2, 10.6, -1.4],
						"5.2917": [0.2, 10.6, -1.4],
						"5.4167": [0.2, 11.7, -1.4],
						"5.5417": [0.2, 11.7, -1.4],
						"5.7083": [0.2, 13.4, -1.4],
						"5.8333": [-0.8, 13, -1.4],
						"5.9583": [-0.87, 12.97, -1.4],
						"6.0833": [0.51, 10.23, -0.35],
						"6.2083": {
							"pre": [2.6, 9.7, 0.7],
							"post": [2.6, 9.7, 0.7],
							"lerp_mode": "catmullrom"
						},
						"7.4167": {
							"post": [2.6, 9.7, 0.7],
							"lerp_mode": "catmullrom"
						},
						"7.5417": [0.51, 10.23, -0.35],
						"7.6667": [-0.87, 12.97, -1.4],
						"7.8333": [0.2, 13.4, -1.4],
						"8.0417": [0.2, 11.7, -1.4],
						"8.125": [0.2, 11.7, -1.4],
						"8.25": [0.2, 10.6, -1.4],
						"8.4583": [0.2, 10.6, -1.4],
						"8.75": [-4.82, -1.22, 2.15],
						"9.0417": [0, 0, 0]
					}
				},
				"camera": {
					"rotation": {
						"0.0": [0, 0, 0],
						"0.8333": [2, 3, 0],
						"1.75": [2, 3, 0],
						"2.3333": [2.00826, 5.99817, 0.10523],
						"3.25": [2.01, 6, 0.11],
						"4.0": [2.00173, 3.00184, 0.00468],
						"4.4583": [2, 3, 0],
						"5.1667": [3.00826, 5.99817, 0.10523],
						"5.5833": [3.01, 6, 0.11],
						"6.625": [1.0263, 10.99968, 0.19626],
						"7.5": [1.02667, 10.00016, 0.18175],
						"8.5833": [1.01201, 6.99984, 0.12776],
						"9.4167": [0, 0, 0]
					}
				}
			},
			"sound_effects": {
				"0.0": {
					"effect": "hawkeye_inspect"
				}
			}
		},
		"inspect_empty": {
			"animation_length": 9.4583,
			"bones": {
				"root": {
					"rotation": {
						"0.0": [0, 0, 0],
						"0.3333": {
							"pre": [7.89944, -12.54953, -4.08807],
							"post": [7.89944, -12.54953, -4.08807],
							"lerp_mode": "catmullrom"
						},
						"0.9583": {
							"post": [-11.20418, -65.72619, -0.67054],
							"lerp_mode": "catmullrom"
						},
						"1.6667": {
							"post": [-11.2, -65.73, -0.67],
							"lerp_mode": "catmullrom"
						},
						"2.2917": {
							"post": [-0.2, -65.73, -0.67],
							"lerp_mode": "catmullrom"
						},
						"3.0833": {
							"post": [-0.2, -65.73, -0.67],
							"lerp_mode": "catmullrom"
						},
						"3.9583": {
							"post": [-5.2, -65.73, -0.67],
							"lerp_mode": "catmullrom"
						},
						"4.5417": {
							"post": [-5.2, -65.73, -0.67],
							"lerp_mode": "catmullrom"
						},
						"5.0417": {
							"post": [-12.95548, -29.19203, -1.93538],
							"lerp_mode": "catmullrom"
						},
						"5.2917": {
							"post": [-12.87559, -27.95722, -3.08136],
							"lerp_mode": "catmullrom"
						},
						"5.5": {
							"post": [-13.44565, -27.79185, -1.95826],
							"lerp_mode": "catmullrom"
						},
						"5.6667": {
							"post": [-16.00131, -27.64238, -0.82229],
							"lerp_mode": "catmullrom"
						},
						"5.875": {
							"post": [-15, -27.74, -0.83],
							"lerp_mode": "catmullrom"
						},
						"6.0833": {
							"post": [-15.43732, -27.59808, 0.21031],
							"lerp_mode": "catmullrom"
						},
						"6.2917": {
							"post": [-14.36268, -28.24354, -2.04897],
							"lerp_mode": "catmullrom"
						},
						"6.5417": {
							"post": [-14.85118, -28.17808, -1.03084],
							"lerp_mode": "catmullrom"
						},
						"6.75": {
							"post": [-15.35748, -28.05951, 0.05541],
							"lerp_mode": "catmullrom"
						},
						"7.125": {
							"post": [-15.90189, -28.32038, 0.9053],
							"lerp_mode": "catmullrom"
						},
						"7.375": {
							"post": [-16.34198, -28.37299, 1.72349],
							"lerp_mode": "catmullrom"
						},
						"7.5833": {
							"post": [-17.36575, -29.63485, 1.68019],
							"lerp_mode": "catmullrom"
						},
						"7.8333": {
							"post": [-16.58146, -29.73923, 2.09692],
							"lerp_mode": "catmullrom"
						},
						"8.125": {
							"post": [-15.65726, -30.47462, -0.10412],
							"lerp_mode": "catmullrom"
						},
						"8.2917": {
							"post": [-16.57, -30.8, -0.79],
							"lerp_mode": "catmullrom"
						},
						"8.4583": {
							"post": [-16.88, -31.03, -1.35],
							"lerp_mode": "catmullrom"
						},
						"8.5833": {
							"post": [-12.96, -29.19, -1.94],
							"lerp_mode": "catmullrom"
						},
						"9.0417": {
							"post": [7.89944, -12.54953, -4.08807],
							"lerp_mode": "catmullrom"
						},
						"9.4583": [0, 0, 0]
					},
					"position": {
						"0.0": [0, 0, 0],
						"0.3333": {
							"pre": [0.14, -2.92, 1.34],
							"post": [0.14, -2.92, 1.34],
							"lerp_mode": "catmullrom"
						},
						"0.9583": {
							"post": [0.05, -1.03, -3.83],
							"lerp_mode": "catmullrom"
						},
						"1.6667": {
							"post": [0.05, -1.03, -3.83],
							"lerp_mode": "catmullrom"
						},
						"2.2917": {
							"post": [2.65, 0.57, -3.83],
							"lerp_mode": "catmullrom"
						},
						"3.0833": {
							"post": [2.65, 0.57, -3.83],
							"lerp_mode": "catmullrom"
						},
						"3.9583": {
							"post": [-0.95, -0.33, -3.83],
							"lerp_mode": "catmullrom"
						},
						"4.5417": {
							"post": [-0.95, -0.33, -3.83],
							"lerp_mode": "catmullrom"
						},
						"5.0417": {
							"post": [0.9, -0.9, -1.7],
							"lerp_mode": "catmullrom"
						},
						"5.2917": {
							"post": [0.88, -0.91, -1.53],
							"lerp_mode": "catmullrom"
						},
						"5.5": {
							"post": [0.98, -0.9, -1.74],
							"lerp_mode": "catmullrom"
						},
						"5.6667": {
							"post": [1.08, -1.2, -1.55],
							"lerp_mode": "catmullrom"
						},
						"5.875": {
							"post": [1.08, -1.19, -1.76],
							"lerp_mode": "catmullrom"
						},
						"6.0833": {
							"post": [1.07, -1.17, -1.67],
							"lerp_mode": "catmullrom"
						},
						"6.2917": {
							"post": [1.16, -1.15, -1.68],
							"lerp_mode": "catmullrom"
						},
						"6.5417": {
							"post": [1.35, -1.12, -1.8],
							"lerp_mode": "catmullrom"
						},
						"6.75": {
							"post": [1.33, -1.09, -1.91],
							"lerp_mode": "catmullrom"
						},
						"7.125": {
							"post": [1.27, -1.01, -1.84],
							"lerp_mode": "catmullrom"
						},
						"7.375": {
							"post": [1.23, -0.97, -1.96],
							"lerp_mode": "catmullrom"
						},
						"7.5833": {
							"post": [1.2, -1.03, -1.87],
							"lerp_mode": "catmullrom"
						},
						"7.8333": {
							"post": [1.25, -0.96, -2],
							"lerp_mode": "catmullrom"
						},
						"8.125": {
							"post": [1.18, -0.86, -1.93],
							"lerp_mode": "catmullrom"
						},
						"8.2917": {
							"post": [1.11, -1.48, -1.18],
							"lerp_mode": "catmullrom"
						},
						"8.4583": {
							"post": [1.04, -0.98, -1.75],
							"lerp_mode": "catmullrom"
						},
						"8.5833": {
							"post": [0.9, -0.9, -1.7],
							"lerp_mode": "catmullrom"
						},
						"9.0417": {
							"post": [0.14, -2.92, 1.34],
							"lerp_mode": "catmullrom"
						},
						"9.4583": [0, 0, 0]
					}
				},
				"magazine": {
					"rotation": {
						"5.2917": [0, 0, 0],
						"5.4167": [6, 0, 0],
						"5.5417": [6, 0, 0],
						"5.7083": [6, 0, 0],
						"5.8333": [5.92666, 0.93693, -8.9515],
						"5.9583": [5.92666, 0.93693, -8.9515],
						"6.2083": {
							"pre": [4.10076, 4.38886, -46.84149],
							"post": [4.10076, 4.38886, -46.84149],
							"lerp_mode": "catmullrom"
						},
						"7.4167": {
							"post": [4.1, 4.39, -46.84],
							"lerp_mode": "catmullrom"
						},
						"7.6667": [5.92666, 0.93693, -8.9515],
						"7.8333": [8, 0, 0],
						"8.0417": [6, 0, 0],
						"8.125": [6, 0, 0],
						"8.25": [0, 0, 0],
						"8.5833": [0, 0, 0]
					},
					"position": {
						"5.2917": [0, 0, 0],
						"5.4167": [0, -0.2, 0],
						"5.5417": [0, -0.2, 0],
						"5.7083": [0, 1.8, 0],
						"5.8333": [-1, 1.8, 0],
						"5.9583": [-1, 1.8, 0],
						"6.2083": {
							"pre": [-1.8, 2.8, 0],
							"post": [-1.8, 2.8, 0],
							"lerp_mode": "catmullrom"
						},
						"7.4167": {
							"post": [-1.8, 2.8, 0],
							"lerp_mode": "catmullrom"
						},
						"7.6667": [-1, 1.8, 0],
						"7.8333": [0, 1.8, 0],
						"8.0417": [0, -0.2, 0],
						"8.125": [0, -0.2, 0],
						"8.25": [0, 0, 0],
						"8.5833": [0, 0, 0]
					}
				},
				"ammo": {
					"scale": 0
				},
				"lefthand": {
					"rotation": {
						"0.1667": [0, 0, 0],
						"0.625": [-13.12253, 31.67726, -3.56233],
						"4.6667": [-13.12253, 31.67726, -3.56233],
						"5.0417": [-11.44196, 13.10251, 0.79009],
						"8.7083": [-11.44, 13.1, 0.79],
						"9.2083": [0, 0, 0]
					},
					"position": {
						"0.1667": [0, 0, 0],
						"0.625": [1.4, -1.4, -6.3],
						"4.6667": [1.4, -1.4, -6.3],
						"5.0417": [0.4, -2, -1.5],
						"8.7083": [0.4, -2, -1.5],
						"9.2083": [0, 0, 0]
					}
				},
				"righthand": {
					"rotation": {
						"0.2917": [0, 0, 0],
						"0.6667": [0, 44.45, 0],
						"0.9167": [0, 65, 0],
						"1.5417": [0, 65, 0],
						"1.9583": [-76.48729, 78.40977, -79.62977],
						"4.25": [-76.48729, 78.40977, -79.62977],
						"4.9167": [4.73267, 6.39313, -23.32924],
						"5.2083": [16.15974, 3.8956, -8.1581],
						"5.2917": [16.16, 3.9, -8.16],
						"5.4167": [22.16, 3.9, -8.16],
						"5.5417": [22.16, 3.9, -8.16],
						"5.7083": [21.58, 5.94, -11.65],
						"5.8333": [21.13629, 7.47405, -14.26614],
						"5.9583": [21.06, 7.73, -14.71],
						"6.0833": [13.59701, 15.76165, -34.7794],
						"6.2083": {
							"pre": [7.91788, 23.68314, -52.16213],
							"post": [7.91788, 23.68314, -52.16213],
							"lerp_mode": "catmullrom"
						},
						"7.4167": {
							"post": [7.92, 23.68, -52.16],
							"lerp_mode": "catmullrom"
						},
						"7.5417": [13.59701, 15.76165, -34.7794],
						"7.6667": [21.06, 7.73, -14.71],
						"7.8333": [21.58, 5.94, -11.65],
						"8.0417": [22.16, 3.9, -8.16],
						"8.125": [22.16, 3.9, -8.16],
						"8.25": [16.16, 3.9, -8.16],
						"8.4583": [16.16, 3.9, -8.16],
						"8.75": [4.73267, 6.39313, -23.32924],
						"9.0417": [0, 0, 0]
					},
					"position": {
						"0.2917": [0, 0, 0],
						"0.6667": [8.07, -0.63, 3.67],
						"0.9167": [12.42, -1.15, 4.34],
						"1.5417": [12.42, -1.15, 4.34],
						"1.75": [17.27, 0.2, 7.84],
						"1.9583": [17.42, 2.35, 8.74],
						"4.25": [17.42, 2.35, 8.74],
						"4.4583": [12.5, -4.77, 4.9],
						"4.7083": [2.11, -8.96, 3.13],
						"4.9167": {
							"pre": [-4.82, -1.22, 2.15],
							"post": [-4.82, -1.22, 2.15],
							"lerp_mode": "catmullrom"
						},
						"5.0833": {
							"post": [-4.02, 5.68, 0.17],
							"lerp_mode": "catmullrom"
						},
						"5.2083": [0.2, 10.6, -1.4],
						"5.2917": [0.2, 10.6, -1.4],
						"5.4167": [0.2, 11.7, -1.4],
						"5.5417": [0.2, 11.7, -1.4],
						"5.7083": [0.2, 13.4, -1.4],
						"5.8333": [-0.8, 13, -1.4],
						"5.9583": [-0.87, 12.97, -1.4],
						"6.0833": [0.51, 10.23, -0.35],
						"6.2083": {
							"pre": [2.6, 9.7, 0.7],
							"post": [2.6, 9.7, 0.7],
							"lerp_mode": "catmullrom"
						},
						"7.4167": {
							"post": [2.6, 9.7, 0.7],
							"lerp_mode": "catmullrom"
						},
						"7.5417": [0.51, 10.23, -0.35],
						"7.6667": [-0.87, 12.97, -1.4],
						"7.8333": [0.2, 13.4, -1.4],
						"8.0417": [0.2, 11.7, -1.4],
						"8.125": [0.2, 11.7, -1.4],
						"8.25": [0.2, 10.6, -1.4],
						"8.4583": [0.2, 10.6, -1.4],
						"8.75": [-4.82, -1.22, 2.15],
						"9.0417": [0, 0, 0]
					}
				},
				"camera": {
					"rotation": {
						"0.0": [0, 0, 0],
						"0.8333": [2, 3, 0],
						"1.75": [2, 3, 0],
						"2.3333": [2.00826, 5.99817, 0.10523],
						"3.25": [2.01, 6, 0.11],
						"4.0": [2.00173, 3.00184, 0.00468],
						"4.4583": [2, 3, 0],
						"5.1667": [3.00826, 5.99817, 0.10523],
						"5.5833": [3.01, 6, 0.11],
						"6.625": [1.0263, 10.99968, 0.19626],
						"7.5": [1.02667, 10.00016, 0.18175],
						"8.5833": [1.01201, 6.99984, 0.12776],
						"9.4167": [0, 0, 0]
					}
				}
			},
			"sound_effects": {
				"0.0": {
					"effect": "hawkeye_inspect"
				}
			}
		},
		"draw": {
			"animation_length": 1,
			"bones": {
				"root": {
					"rotation": {
						"0.05": [-89.46, -17.41, -10.01],
						"0.1": [-82.77, -16.02, -9.96],
						"0.15": [-73.21, -14.03, -9.98],
						"0.2": [-62.04, -11.71, -9.96],
						"0.25": [-50.51, -9.35, -9.8],
						"0.3": [-39.89, -7.22, -9.41],
						"0.35": [-31.43, -5.62, -8.69],
						"0.4": [-19.88, -3.84, -5.63],
						"0.45": [-11.94, -3.02, -1.63],
						"0.5": [-5.94, -2.47, 1.04],
						"0.55": [-0.29, -1.99, 0.46],
						"0.6": [2.08, -1.75, -1.15],
						"0.65": [1.23, -0.63, 0.25],
						"0.7": [0.46, -0.29, 0.15],
						"0.75": [-0.19, -0.08, -0.07],
						"0.8": [-0.24, -0.01, 0.15],
						"0.85": [-0.1, 0, 0.36],
						"0.9": [-0.06, 0.01, 0.28],
						"0.95": [-0.03, 0, 0.12],
						"1.0": [0, 0, 0]
					},
					"position": {
						"0.0": [0.95, -16.23, 13.84],
						"0.05": [-1.66, -12.09, 11.5],
						"0.1": [-3.8, -7.22, 8.13],
						"0.15": [-3.53, -5.77, 6.53],
						"0.2": [-2.73, -4.4, 4.67],
						"0.25": [-1.68, -3.18, 2.8],
						"0.3": [-0.67, -2.17, 1.13],
						"0.35": [0, -1.4, -0.09],
						"0.4": [0.39, -0.86, -1.2],
						"0.45": [0.27, -1, -1.04],
						"0.5": [0.14, -0.8, -0.07],
						"0.55": [-0.02, -0.58, 0.87],
						"0.6": [0, -0.12, -0.33],
						"0.65": [0, -0.07, -0.35],
						"0.7": [0, -0.06, -0.22],
						"0.75": [0, -0.05, -0.1],
						"0.8": [0, -0.03, -0.05],
						"0.85": [0, -0.01, -0.02],
						"0.9": [0, 0, 0]
					}
				},
				"lefthand": {
					"rotation": {
						"0.0": [0, 0, 0],
						"0.2": [0, 0, 0],
						"0.45": [0, 0, 0]
					},
					"position": {
						"0.0": [0.7, 7, -3.1],
						"0.2": [1.8, 2.1, 1.8],
						"0.45": [0, 0, 0]
					}
				},
				"constraint": {
					"rotation": {
						"0.0": [1, 1, 1],
						"0.35": [0.2, 0.2, 0.2],
						"0.6": [0.2, 0.2, 0.4]
					},
					"position": {
						"0.0": [1, 1, 1],
						"0.35": [0.2, 0.2, 0.2],
						"0.6": [0.1, 0.1, 0.1]
					}
				},
				"camera": {
					"rotation": {
						"0.0": [0, 0, 0],
						"0.05": [0.02, 0.02, -0.02],
						"0.1": [0.11, 0.09, -0.12],
						"0.15": [0.3, 0.2, -0.32],
						"0.2": [0.52, 0.35, -0.58],
						"0.25": [0.6, 0.43, -0.75],
						"0.3": [0.17, 0.35, -0.76],
						"0.35": [-0.28, 0.21, -0.65],
						"0.4": [-0.23, 0.15, -0.6],
						"0.45": [-0.04, 0.09, -0.53],
						"0.5": [0.15, 0.05, -0.4],
						"0.55": [0.6, 0.02, 0.34],
						"0.6": [-0.1, 0, -0.12],
						"0.65": [-0.06, 0, -0.04],
						"0.7": [0.07, 0, 0.09],
						"0.75": [0.05, 0, 0.05],
						"0.8": [0, 0, -0.01],
						"0.85": [-0.01, 0, -0.01],
						"0.9": [0, 0, -0.01],
						"0.95": [0, 0, 0]
					}
				}
			},
			"sound_effects": {
				"0.0": {
					"effect": "p23_sn_alpha50_raise_quick_rattle"
				}
			}
		},
		"put_away": {
			"animation_length": 0.55,
			"bones": {
				"root": {
					"rotation": {
						"0.0": [0, 0, 0],
						"0.05": [-0.85, -0.23, -0.27],
						"0.1": [-4.53, -1.25, -1.42],
						"0.15": [-10.68, -3.18, -3.32],
						"0.2": [-18.83, -5.67, -5.85],
						"0.25": [-27.15, -7.52, -8.53],
						"0.3": [-35.55, -9.16, -12.21],
						"0.35": [-44.11, -10.16, -16.05],
						"0.4": [-51.25, -7.99, -16.99],
						"0.5": [-76.05, 23.54, 2.53]
					},
					"position": {
						"0.0": [0, 0, 0],
						"0.05": [-0.12, -0.58, 0.03],
						"0.1": [-0.38, -1.54, 0.09],
						"0.15": [-0.66, -2.49, 0.16],
						"0.2": [-1.02, -3.6, 0.24],
						"0.25": [-1.55, -4.62, 0.28],
						"0.3": [-2.33, -5.41, 0.24],
						"0.35": [-3.26, -6.11, 0.16],
						"0.4": [-4.15, -6.85, 0.1],
						"0.5": [-10.42, -15.38, 6.39]
					}
				},
				"lefthand": {
					"rotation": {
						"0.0": [0, 0, 0],
						"0.15": [0, 0, 0],
						"0.35": [0, 0, 0]
					},
					"position": {
						"0.0": [0, 0, 0],
						"0.15": [1.8, 2.1, 1.8],
						"0.35": [0.7, 7, -3.1]
					}
				},
				"constraint": {
					"rotation": {
						"0.0": [0.2, 0.2, 0.4],
						"0.15": [0.8, 0.8, 0.8],
						"0.45": [1, 1, 1]
					},
					"position": {
						"0.0": [0.1, 0.1, 0.1],
						"0.15": [0.8, 0.8, 0.8],
						"0.45": [1, 1, 1]
					}
				},
				"camera": {
					"rotation": {
						"0.0": [0, 0, 0],
						"0.05": [-0.17, 0, -0.08],
						"0.1": [-0.22, 0, -0.12],
						"0.15": [-0.06, 0, -0.11],
						"0.2": [0.21, 0, -0.07],
						"0.25": [0.5, 0, 0.01],
						"0.3": [0.73, 0, 0.18],
						"0.35": [1.04, 0, 0.9],
						"0.4": [1.13, 0, 1.58],
						"0.45": [0.91, 0, 1.71],
						"0.5": [0.56, 0, 1.69],
						"0.55": [0, 0, 0]
					}
				}
			},
			"sound_effects": {
				"0.0": {
					"effect": "p23_sn_alpha50_drop_rattle"
				}
			}
		}
	}
}