{
	"format_version": "1.8.0",
	"animations": {
		"static_idle": {
			"animation_length": 0.0417,
			"bones": {
				"root": {
					"rotation": [0, 0, 0],
					"position": [0, 0, 0]
				},
				"lefthand": {
					"rotation": [0, 0, 0],
					"position": [0, 0, 0]
				},
				"constraint": {
					"rotation": [0.2, 0.2, 0.2],
					"position": [0.2, 0.2, 0.2]
				},
				"righthand": {
					"rotation": [0, 0, 0],
					"position": [0, 0, 0]
				},
				"done_illuminated": {
					"rotation": [0, 0, 0]
				}
			}
		},
		"reload_tactical": {
			"animation_length": 7.1,
			"bones": {
				"1": {
					"rotation": {
						"2.2083": [0, 0, 0],
						"2.375": [0, 0, 25],
						"2.5": [0, 0, -15],
						"2.625": [0, 0, -29],
						"3.0": [0, 0, -29],
						"3.0417": [0, 0, 0],
						"3.5": [0, 0, 0],
						"3.8333": [0, 0, 22],
						"4.375": [0, 0, 22],
						"4.4583": [0, 0, 0]
					},
					"position": {
						"2.2083": [0, 0, 0],
						"2.375": [0, 0, 0],
						"2.5": [0, 0, 0],
						"2.625": [0.2, -0.2, 0],
						"3.0": [0.2, -0.2, 0],
						"3.0417": [0, 0, 0],
						"3.5": [0, 0, 0],
						"3.8333": [0.1, 0.1, 0],
						"4.375": [0.1, 0.1, 0],
						"4.4583": [0, 0, 0]
					}
				},
				"2": {
					"rotation": {
						"2.2083": [0, 0, 0],
						"2.5": [0, 0, 0],
						"2.625": [0, 0, -20],
						"3.0": [0, 0, -20],
						"3.0417": [0, 0, 0],
						"3.5": [0, 0, 0],
						"3.8333": [0, 0, 14],
						"4.375": [0, 0, 14],
						"4.4583": [0, 0, 0]
					},
					"position": {
						"2.2083": [0, 0, 0],
						"2.5": [0, 0, 0],
						"2.625": [0.1, -0.1, 0],
						"3.0": [0.1, -0.1, 0],
						"3.0417": [0, 0, 0],
						"3.5": [0, 0, 0],
						"3.8333": [0.1, 0, 0],
						"4.375": [0.1, 0, 0],
						"4.4583": [0, 0, 0]
					}
				},
				"3": {
					"rotation": {
						"2.2083": [0, 0, 0],
						"3.5": [0, 0, 0],
						"3.8333": [0, 0, 0],
						"4.375": [0, 0, 0],
						"4.4583": [0, 0, 0]
					},
					"position": {
						"2.2083": [0, 0, 0],
						"3.5": [0, 0, 0],
						"3.8333": [0, 0, 0],
						"4.375": [0, 0, 0],
						"4.4583": [0, 0, 0]
					}
				},
				"7": {
					"rotation": {
						"0.0833": {
							"pre": [0, 0, 0],
							"post": [0, 0, 0],
							"lerp_mode": "catmullrom"
						},
						"0.2917": {
							"post": [0, 0, -10],
							"lerp_mode": "catmullrom"
						},
						"0.5417": {
							"post": [0, 0, 4.02],
							"lerp_mode": "catmullrom"
						},
						"0.625": {
							"post": [0, 0, 7],
							"lerp_mode": "catmullrom"
						},
						"1.0": {
							"post": [0, 0, -3],
							"lerp_mode": "catmullrom"
						},
						"1.2917": {
							"post": [0, 0, 5],
							"lerp_mode": "catmullrom"
						},
						"1.7083": [0, 0, 1],
						"3.5": {
							"pre": [0, 0, 1],
							"post": [0, 0, 1],
							"lerp_mode": "catmullrom"
						},
						"3.7917": {
							"post": [0, 0, 13],
							"lerp_mode": "catmullrom"
						},
						"4.0833": {
							"post": [0, 0, -10],
							"lerp_mode": "catmullrom"
						},
						"4.5": {
							"post": [0, 0, 7],
							"lerp_mode": "catmullrom"
						},
						"4.9583": {
							"post": [0, 0, -10],
							"lerp_mode": "catmullrom"
						},
						"5.625": {
							"post": [0, 0, 4.02],
							"lerp_mode": "catmullrom"
						},
						"6.1667": {
							"post": [0, 0, -3],
							"lerp_mode": "catmullrom"
						},
						"6.7083": [0, 0, 0]
					},
					"position": {
						"0.0833": {
							"pre": [0, 0, 0],
							"post": [0, 0, 0],
							"lerp_mode": "catmullrom"
						},
						"0.2917": {
							"post": [0.1, 0, 0],
							"lerp_mode": "catmullrom"
						},
						"0.5417": {
							"post": [0.02, 0, 0],
							"lerp_mode": "catmullrom"
						},
						"0.625": {
							"post": [0, 0, 0],
							"lerp_mode": "catmullrom"
						},
						"1.0": {
							"post": [0, 0, 0],
							"lerp_mode": "catmullrom"
						},
						"1.2917": {
							"post": [0, 0, 0],
							"lerp_mode": "catmullrom"
						},
						"1.7083": [0, 0, 0],
						"3.5": {
							"pre": [0, 0, 0],
							"post": [0, 0, 0],
							"lerp_mode": "catmullrom"
						},
						"3.7917": {
							"post": [-0.1, 0, 0],
							"lerp_mode": "catmullrom"
						},
						"4.0833": {
							"post": [0.1, 0, 0],
							"lerp_mode": "catmullrom"
						},
						"4.5": {
							"post": [0, 0, 0],
							"lerp_mode": "catmullrom"
						},
						"4.9583": {
							"post": [0.1, 0, 0],
							"lerp_mode": "catmullrom"
						},
						"5.625": {
							"post": [0.02, 0, 0],
							"lerp_mode": "catmullrom"
						},
						"6.1667": {
							"post": [0, 0, 0],
							"lerp_mode": "catmullrom"
						},
						"6.7083": [0, 0, 0]
					}
				},
				"9": {
					"rotation": {
						"0.0833": {
							"pre": [0, 0, 0],
							"post": [0, 0, 0],
							"lerp_mode": "catmullrom"
						},
						"0.2917": {
							"post": [0, 0, -17],
							"lerp_mode": "catmullrom"
						},
						"0.5417": {
							"post": [0, 0, 12.39],
							"lerp_mode": "catmullrom"
						},
						"0.625": {
							"post": [0, 0, 18],
							"lerp_mode": "catmullrom"
						},
						"1.0": [0, 0, -9],
						"1.2917": [0, 0, 3],
						"1.7083": {
							"pre": [0, 0, 0],
							"post": [0, 0, 0],
							"lerp_mode": "catmullrom"
						},
						"3.5": {
							"post": [0, 0, 0],
							"lerp_mode": "catmullrom"
						},
						"3.7917": {
							"post": [0, 0, 19],
							"lerp_mode": "catmullrom"
						},
						"4.0833": {
							"post": [0, 0, -17],
							"lerp_mode": "catmullrom"
						},
						"4.5": {
							"post": [0, 0, 18],
							"lerp_mode": "catmullrom"
						},
						"4.9583": {
							"post": [0, 0, -17],
							"lerp_mode": "catmullrom"
						},
						"5.625": {
							"post": [0, 0, 12.39],
							"lerp_mode": "catmullrom"
						},
						"6.1667": [0, 0, -9],
						"6.7083": [0, 0, 0]
					},
					"position": {
						"0.0833": {
							"pre": [0, 0, 0],
							"post": [0, 0, 0],
							"lerp_mode": "catmullrom"
						},
						"0.2917": {
							"post": [0.4, 0, 0],
							"lerp_mode": "catmullrom"
						},
						"0.5417": {
							"post": [-0.18, 0.09, 0],
							"lerp_mode": "catmullrom"
						},
						"0.625": {
							"post": [-0.3, 0.1, 0],
							"lerp_mode": "catmullrom"
						},
						"1.0": [0.2, 0, 0],
						"1.2917": [-0.1, 0, 0],
						"1.7083": {
							"pre": [0, 0, 0],
							"post": [0, 0, 0],
							"lerp_mode": "catmullrom"
						},
						"3.5": {
							"post": [0, 0, 0],
							"lerp_mode": "catmullrom"
						},
						"3.7917": {
							"post": [-0.4, 0, 0],
							"lerp_mode": "catmullrom"
						},
						"4.0833": {
							"post": [0.4, 0, 0],
							"lerp_mode": "catmullrom"
						},
						"4.5": {
							"post": [-0.3, 0.1, 0],
							"lerp_mode": "catmullrom"
						},
						"4.9583": {
							"post": [0.4, 0, 0],
							"lerp_mode": "catmullrom"
						},
						"5.625": {
							"post": [-0.18, 0.09, 0],
							"lerp_mode": "catmullrom"
						},
						"6.1667": [0.2, 0, 0],
						"6.7083": [0, 0, 0]
					}
				},
				"10": {
					"rotation": {
						"0.0833": {
							"pre": [0, 0, 0],
							"post": [0, 0, 0],
							"lerp_mode": "catmullrom"
						},
						"0.2917": {
							"post": [0, 0, -32],
							"lerp_mode": "catmullrom"
						},
						"0.5417": {
							"post": [0, 0, 13.54],
							"lerp_mode": "catmullrom"
						},
						"0.625": {
							"post": [0, 0, 23],
							"lerp_mode": "catmullrom"
						},
						"1.0": [0, 0, -12],
						"1.2917": [0, 0, 2],
						"1.7083": {
							"pre": [0, 0, 0],
							"post": [0, 0, 0],
							"lerp_mode": "catmullrom"
						},
						"3.5": {
							"post": [0, 0, 0],
							"lerp_mode": "catmullrom"
						},
						"3.7917": {
							"post": [0, 0, 27],
							"lerp_mode": "catmullrom"
						},
						"4.0833": {
							"post": [0, 0, -32],
							"lerp_mode": "catmullrom"
						},
						"4.5": {
							"post": [0, 0, 23],
							"lerp_mode": "catmullrom"
						},
						"4.9583": {
							"post": [0, 0, -32],
							"lerp_mode": "catmullrom"
						},
						"5.625": {
							"post": [0, 0, 13.54],
							"lerp_mode": "catmullrom"
						},
						"6.1667": [0, 0, -12],
						"6.7083": [0, 0, 0]
					},
					"position": {
						"0.0833": {
							"pre": [0, 0, 0],
							"post": [0, 0, 0],
							"lerp_mode": "catmullrom"
						},
						"0.2917": {
							"post": [0.9, 0, 0],
							"lerp_mode": "catmullrom"
						},
						"0.5417": {
							"post": [-0.43, 0.17, 0],
							"lerp_mode": "catmullrom"
						},
						"0.625": {
							"post": [-0.7, 0.2, 0],
							"lerp_mode": "catmullrom"
						},
						"1.0": [0.4, 0, 0],
						"1.2917": [-0.1, 0, 0],
						"1.7083": {
							"pre": [0, 0, 0],
							"post": [0, 0, 0],
							"lerp_mode": "catmullrom"
						},
						"3.5": {
							"post": [0, 0, 0],
							"lerp_mode": "catmullrom"
						},
						"3.7917": {
							"post": [-0.8, 0.1, 0],
							"lerp_mode": "catmullrom"
						},
						"4.0833": {
							"post": [0.9, 0, 0],
							"lerp_mode": "catmullrom"
						},
						"4.5": {
							"post": [-0.7, 0.2, 0],
							"lerp_mode": "catmullrom"
						},
						"4.9583": {
							"post": [0.9, 0, 0],
							"lerp_mode": "catmullrom"
						},
						"5.625": {
							"post": [-0.43, 0.17, 0],
							"lerp_mode": "catmullrom"
						},
						"6.1667": [0.4, 0, 0],
						"6.7083": [0, 0, 0]
					}
				},
				"11": {
					"rotation": {
						"0.0833": {
							"pre": [0, 0, 0],
							"post": [0, 0, 0],
							"lerp_mode": "catmullrom"
						},
						"0.2917": {
							"post": [0, 0, -44],
							"lerp_mode": "catmullrom"
						},
						"0.5417": {
							"post": [0, 0, 14.72],
							"lerp_mode": "catmullrom"
						},
						"0.625": {
							"post": [0, 0, 27.5],
							"lerp_mode": "catmullrom"
						},
						"1.0": [0, 0, -12],
						"1.2917": [0, 0, 3],
						"1.7083": {
							"pre": [0, 0, 0],
							"post": [0, 0, 0],
							"lerp_mode": "catmullrom"
						},
						"3.5": {
							"post": [0, 0, 0],
							"lerp_mode": "catmullrom"
						},
						"3.7917": {
							"post": [0, 0, 32],
							"lerp_mode": "catmullrom"
						},
						"4.0833": {
							"post": [0, 0, -44],
							"lerp_mode": "catmullrom"
						},
						"4.5": {
							"post": [0, 0, 27.5],
							"lerp_mode": "catmullrom"
						},
						"4.9583": {
							"post": [0, 0, -44],
							"lerp_mode": "catmullrom"
						},
						"5.625": {
							"post": [0, 0, 14.72],
							"lerp_mode": "catmullrom"
						},
						"6.1667": [0, 0, -12],
						"6.7083": [0, 0, 0]
					},
					"position": {
						"0.0833": {
							"pre": [0, 0, 0],
							"post": [0, 0, 0],
							"lerp_mode": "catmullrom"
						},
						"0.2917": {
							"post": [1.4, 0.1, 0],
							"lerp_mode": "catmullrom"
						},
						"0.5417": {
							"post": [-0.59, 0.28, 0],
							"lerp_mode": "catmullrom"
						},
						"0.625": {
							"post": [-1, 0.3, 0],
							"lerp_mode": "catmullrom"
						},
						"1.0": [0.6, 0, 0],
						"1.2917": [-0.1, 0, 0],
						"1.7083": {
							"pre": [0, 0, 0],
							"post": [0, 0, 0],
							"lerp_mode": "catmullrom"
						},
						"3.5": {
							"post": [0, 0, 0],
							"lerp_mode": "catmullrom"
						},
						"3.7917": {
							"post": [-1.1, 0.2, 0],
							"lerp_mode": "catmullrom"
						},
						"4.0833": {
							"post": [1.4, 0.1, 0],
							"lerp_mode": "catmullrom"
						},
						"4.5": {
							"post": [-1, 0.3, 0],
							"lerp_mode": "catmullrom"
						},
						"4.9583": {
							"post": [1.4, 0.1, 0],
							"lerp_mode": "catmullrom"
						},
						"5.625": {
							"post": [-0.59, 0.28, 0],
							"lerp_mode": "catmullrom"
						},
						"6.1667": [0.6, 0, 0],
						"6.7083": [0, 0, 0]
					}
				},
				"root": {
					"rotation": {
						"0.0": [0, 0, 0],
						"0.2917": {
							"pre": [-11.1683, -18.96208, 0.58844],
							"post": [-11.1683, -18.96208, 0.58844],
							"lerp_mode": "catmullrom"
						},
						"0.4583": {
							"post": [-11.17, -18.96, 0.59],
							"lerp_mode": "catmullrom"
						},
						"0.6667": {
							"post": [-11.08, -18.97, 0.56],
							"lerp_mode": "catmullrom"
						},
						"0.9167": {
							"post": [-13.01, -18.98, 0.54],
							"lerp_mode": "catmullrom"
						},
						"1.0417": {
							"post": [-10.49117, -18.64732, 2.57992],
							"lerp_mode": "catmullrom"
						},
						"1.4583": {
							"post": [-13.33, -18.67, 2.5],
							"lerp_mode": "catmullrom"
						},
						"1.7083": {
							"post": [-14.24402, -17.79888, 6.26423],
							"lerp_mode": "catmullrom"
						},
						"1.875": {
							"post": [-13.94203, -17.6917, 6.70008],
							"lerp_mode": "catmullrom"
						},
						"2.125": {
							"post": [-12.07781, -18.35199, 3.79099],
							"lerp_mode": "catmullrom"
						},
						"2.3333": {
							"post": [-11.62, -18.75, 2.13],
							"lerp_mode": "catmullrom"
						},
						"2.6667": {
							"post": [-11.17, -18.96, 0.59],
							"lerp_mode": "catmullrom"
						},
						"3.2083": {
							"post": [-33.17583, -15.98462, 7.21912],
							"lerp_mode": "catmullrom"
						},
						"3.5": {
							"post": [-34.16, -15.93, 7.51],
							"lerp_mode": "catmullrom"
						},
						"3.75": {
							"post": [-34.71485, -14.85746, 9.24007],
							"lerp_mode": "catmullrom"
						},
						"4.0417": {
							"post": [-32.81, -14.99, 9.21],
							"lerp_mode": "catmullrom"
						},
						"4.3333": {
							"post": [-33.36663, -14.0663, 10.83047],
							"lerp_mode": "catmullrom"
						},
						"4.5": {
							"post": [-32.80676, -15.8205, 8.11955],
							"lerp_mode": "catmullrom"
						},
						"4.75": {
							"post": [-33.03051, -14.44652, 10.0779],
							"lerp_mode": "catmullrom"
						},
						"5.0833": {
							"post": [-33.43377, -15.46263, 8.99641],
							"lerp_mode": "catmullrom"
						},
						"5.5833": {
							"post": [-35.48, -15.63, 9.43],
							"lerp_mode": "catmullrom"
						},
						"5.75": {
							"post": [-37.87, -16.05, 9.2],
							"lerp_mode": "catmullrom"
						},
						"5.9583": {
							"post": [-35.83, -16.78, 8.8],
							"lerp_mode": "catmullrom"
						},
						"6.0833": {
							"post": [-36.18, -17.26, 8.54],
							"lerp_mode": "catmullrom"
						},
						"6.2083": {
							"post": [-32.90285, -17.0887, 9.10096],
							"lerp_mode": "catmullrom"
						},
						"6.375": {
							"post": [-33.18, -15.98, 7.22],
							"lerp_mode": "catmullrom"
						},
						"6.75": {
							"post": [-1, 0, 0],
							"lerp_mode": "catmullrom"
						},
						"6.9167": [0, 0, 0],
						"7.0417": [0, 0, 0]
					},
					"position": {
						"0.0": [0, 0, 0],
						"0.2917": {
							"pre": [1.5, 0.4, -0.5],
							"post": [1.5, 0.4, -0.5],
							"lerp_mode": "catmullrom"
						},
						"0.4583": {
							"post": [1.5, 0.4, -0.5],
							"lerp_mode": "catmullrom"
						},
						"0.6667": {
							"post": [1.3, 0.4, -0.39],
							"lerp_mode": "catmullrom"
						},
						"0.9167": {
							"post": [1.4, 0.4, -0.48],
							"lerp_mode": "catmullrom"
						},
						"1.0417": {
							"post": [1.21, 0.4, -0.57],
							"lerp_mode": "catmullrom"
						},
						"1.4583": {
							"post": [1.02, 0.4, -0.55],
							"lerp_mode": "catmullrom"
						},
						"1.7083": {
							"post": [0.86, 0.1, -0.3],
							"lerp_mode": "catmullrom"
						},
						"1.875": {
							"post": [0.82, -0.08, -0.27],
							"lerp_mode": "catmullrom"
						},
						"2.125": {
							"post": [0.88, 0.13, -0.22],
							"lerp_mode": "catmullrom"
						},
						"2.3333": {
							"post": [1.08, 0.23, -0.27],
							"lerp_mode": "catmullrom"
						},
						"2.6667": {
							"post": [1.5, 0.4, -0.5],
							"lerp_mode": "catmullrom"
						},
						"3.2083": {
							"post": [2.1, 0.7, -3.7],
							"lerp_mode": "catmullrom"
						},
						"3.5": {
							"post": [2.13, 0.71, -3.83],
							"lerp_mode": "catmullrom"
						},
						"3.75": {
							"post": [2.14, 0.61, -3.94],
							"lerp_mode": "catmullrom"
						},
						"4.0417": {
							"post": [2.05, 0.61, -4.04],
							"lerp_mode": "catmullrom"
						},
						"4.3333": {
							"post": [2.16, 0.61, -4.03],
							"lerp_mode": "catmullrom"
						},
						"4.5": {
							"post": [2.17, 0.41, -3.92],
							"lerp_mode": "catmullrom"
						},
						"4.75": {
							"post": [2.15, 0.81, -4.04],
							"lerp_mode": "catmullrom"
						},
						"5.0833": {
							"post": [2.28, 0.71, -3.93],
							"lerp_mode": "catmullrom"
						},
						"5.5833": {
							"post": [2.31, 0.69, -4.23],
							"lerp_mode": "catmullrom"
						},
						"5.75": {
							"post": [2.32, 0.38, -3.9],
							"lerp_mode": "catmullrom"
						},
						"5.9583": {
							"post": [2.34, 0.76, -4.1],
							"lerp_mode": "catmullrom"
						},
						"6.0833": {
							"post": [2.35, 0.76, -4.07],
							"lerp_mode": "catmullrom"
						},
						"6.2083": {
							"post": [2.55, 0.7, -4.49],
							"lerp_mode": "catmullrom"
						},
						"6.375": {
							"post": [2.1, 0.6, -3.7],
							"lerp_mode": "catmullrom"
						},
						"6.75": {
							"post": [0, 0, -1.6],
							"lerp_mode": "catmullrom"
						},
						"6.9167": [0, 0, 0.4],
						"7.0417": [0, 0, 0]
					}
				},
				"lefthand": {
					"rotation": {
						"1.4583": [0, 0, 0],
						"1.5833": [-3.63681, -9.61002, -24.22052],
						"1.75": [-19.53139, -20.15603, -31.39223],
						"1.7917": [-19.53, -20.16, -31.39],
						"1.875": [-13.1606, -23.37718, -42.79834],
						"1.9167": [-11.15362, -24.9585, -51.25846],
						"2.0": [-7.37216, -25.67368, -55.80346],
						"2.125": [-7.37216, -25.67368, -55.80346],
						"2.25": [-13.1606, -23.37718, -42.79834],
						"2.4167": [-19.53, -20.16, -31.39],
						"2.5833": [-19.53, -20.16, -31.39],
						"3.3333": [-35.53, -20.16, -31.39],
						"3.5833": [-35.53, -20.16, -31.39],
						"3.875": [-36.82783, -2.42417, -31.53179],
						"3.9583": [-36.83, -2.42, -31.53],
						"4.0417": [-36.83, -2.42, -31.53],
						"4.0833": [-36.83, -2.42, -31.53],
						"4.2917": [-41.68545, 4.25125, -40.66918],
						"4.3333": [-41.69, 4.25, -40.67],
						"4.4167": [-41.38005, 7.13364, -43.45968],
						"4.5417": [-41.38, 7.13, -43.46],
						"4.75": {
							"pre": [-35.53, -20.16, -31.39],
							"post": [-35.53, -20.16, -31.39],
							"lerp_mode": "catmullrom"
						},
						"4.9167": {
							"post": [-3.63681, -9.61002, -24.22052],
							"lerp_mode": "catmullrom"
						},
						"5.125": [0, 0, 0]
					},
					"position": {
						"1.4583": [0, 0, 0],
						"1.5833": [1.26, 3.68, 3.88],
						"1.75": [0.5, 4.9, 9.7],
						"1.7917": [0.5, 4.9, 9.7],
						"1.875": [-1.1, 6.2, 10.5],
						"1.9167": [-2.3, 7.1, 10.5],
						"2.0": [-3.5, 7.3, 10.5],
						"2.125": [-3.5, 7.3, 10.5],
						"2.25": [-1.1, 6.2, 10.5],
						"2.4167": [1.3, 4.9, 9.7],
						"2.5833": [3.1, -0.1, 9.7],
						"2.875": [8.1, -19.1, 9.7],
						"3.0": [8.1, -19.1, 9.7],
						"3.3333": [4.2, -0.1, 8.4],
						"3.5833": [2.4, 5.2, 7.2],
						"3.7083": [2.25, 7.7, 5.75],
						"3.875": [2.1, 7.4, 4.3],
						"3.9583": [2.1, 7.4, 4.3],
						"4.0417": [3.4, 7.8, 4.5],
						"4.0833": [3.4, 7.8, 4.5],
						"4.2917": [2.5, 10.6, 2.8],
						"4.3333": [2.5, 10.6, 2.8],
						"4.4167": [1.6, 11.3, 2.8],
						"4.5417": [1.6, 11.3, 2.8],
						"4.75": {
							"pre": [3.5, 6.1, 7.2],
							"post": [3.5, 6.1, 7.2],
							"lerp_mode": "catmullrom"
						},
						"4.9167": {
							"post": [1.26, 3.68, 3.88],
							"lerp_mode": "catmullrom"
						},
						"5.125": [0, 0, 0]
					}
				},
				"lever": {
					"rotation": {
						"0.4167": [0, 0, 0],
						"0.625": [-107.5, 0, 0],
						"6.0417": [-107.5, 0, 0],
						"6.2083": [0, 0, 0]
					},
					"position": [0, 0, 0]
				},
				"cover": {
					"rotation": {
						"0.9167": [0, 0, 0],
						"1.125": {
							"pre": [107.5, 0, 0],
							"post": [107.5, 0, 0],
							"lerp_mode": "catmullrom"
						},
						"1.4583": {
							"post": [107.5, 0, 0],
							"lerp_mode": "catmullrom"
						},
						"1.8333": [107.84, 0, 0],
						"2.7083": [107.77, 0, 0],
						"3.125": {
							"pre": [90.74, 0, 0],
							"post": [90.74, 0, 0],
							"lerp_mode": "catmullrom"
						},
						"3.5833": {
							"post": [98.8, 0, 0],
							"lerp_mode": "catmullrom"
						},
						"3.8333": [99.75, 0, 0],
						"5.5833": [99.75, 0, 0],
						"5.7083": [0, 0, 0]
					}
				},
				"righthand": {
					"rotation": {
						"0.0": {
							"post": [0, 0, 0],
							"lerp_mode": "catmullrom"
						},
						"0.0833": {
							"post": [0, 0, 0],
							"lerp_mode": "catmullrom"
						},
						"0.375": [-3.54766, -13.65829, 11.55123],
						"0.4167": [-3.55, -13.66, 11.55],
						"0.7083": [-3.55, -13.66, 11.55],
						"0.875": [20.45, -13.66, 11.55],
						"0.9167": [20.45, -13.66, 11.55],
						"1.0833": [0.12884, 0.88624, 7.81638],
						"1.1667": {
							"pre": [0.13, 0.89, 7.82],
							"post": [0.13, 0.89, 7.82],
							"lerp_mode": "catmullrom"
						},
						"1.3333": {
							"post": [0.07, 0.51, 4.45],
							"lerp_mode": "catmullrom"
						},
						"1.5417": [-18.30552, 1.87086, 5.70929],
						"5.0417": [-18.31, 1.87, 5.71],
						"5.4583": [0.12884, 0.88624, 7.81638],
						"5.5833": [0.13, 0.89, 7.82],
						"5.6667": [13.68, -8.81, 10.31],
						"5.7083": [20.45, -13.66, 11.55],
						"5.7917": [20.45, -13.66, 11.55],
						"5.9583": [-3.55, -13.66, 11.55],
						"6.0417": [-3.55, -13.66, 11.55],
						"6.2083": [-3.54766, -13.65829, 11.55123],
						"6.2917": [-3.54766, -13.65829, 11.55123],
						"6.5833": [0, 0, 0]
					},
					"position": {
						"0.0": {
							"post": [0, 0, 0],
							"lerp_mode": "catmullrom"
						},
						"0.0833": {
							"post": [0, 0, 0],
							"lerp_mode": "catmullrom"
						},
						"0.2083": {
							"post": [-5.63, 5.16, -1.07],
							"lerp_mode": "catmullrom"
						},
						"0.375": [-3.8, 9.7, -4.6],
						"0.4167": {
							"pre": [-3.8, 9.7, -4.6],
							"post": [-3.8, 9.7, -4.6],
							"lerp_mode": "catmullrom"
						},
						"0.4583": {
							"post": [-3.9, 11.55, -2.23],
							"lerp_mode": "catmullrom"
						},
						"0.5": {
							"post": [-3.8, 12.2, 0.15],
							"lerp_mode": "catmullrom"
						},
						"0.5417": {
							"post": [-3.8, 12.13, 3.17],
							"lerp_mode": "catmullrom"
						},
						"0.5833": [-3.8, 10.92, 5.13],
						"0.625": [-3.8, 8.9, 6.8],
						"0.7083": [-3.8, 8.9, 6.8],
						"0.875": [-3.3, 11.4, 4],
						"0.9167": [-3.3, 11.4, 4],
						"1.0833": [-3.3, 9.9, 2.8],
						"1.1667": {
							"pre": [-3.3, 9.9, 2.8],
							"post": [-3.3, 9.9, 2.8],
							"lerp_mode": "catmullrom"
						},
						"1.3333": {
							"post": [-5.65, 2.95, 1.4],
							"lerp_mode": "catmullrom"
						},
						"1.5417": [-0.8, -1.6, -6.7],
						"5.0417": [-0.8, -1.6, -6.7],
						"5.25": [-3.48, 5.92, -1.6],
						"5.4583": [-2.6, 12.6, -6.7],
						"5.5833": [-2.6, 12.6, -6.7],
						"5.6667": [-3.17, 12.8, -0.63],
						"5.7083": [-3.3, 11.4, 2.4],
						"5.7917": [-3.3, 11.4, 2.4],
						"5.9583": [-3.8, 8.9, 6.8],
						"6.0417": [-3.8, 8.9, 6.8],
						"6.0833": [-3.8, 11.3, 4.65],
						"6.125": [-3.8, 12.27, 1.37],
						"6.1667": [-3.9, 11.99, -2.01],
						"6.2083": [-3.8, 9.7, -4.6],
						"6.2917": [-3.8, 9.7, -4.6],
						"6.375": [-4.97, 6.78, -3.28],
						"6.4583": [-4.73, 3.86, -1.97],
						"6.5833": [0, 0, 0]
					}
				},
				"magazine": {
					"rotation": [0, 0, 0],
					"position": {
						"2.125": [0, 0, 0],
						"2.375": [1, 0, 0],
						"2.4167": [1.2, 0, 0],
						"2.5833": [2.8, -6, 0],
						"2.875": [7.8, -25, 0],
						"3.0": [7.8, -25, 0],
						"3.3333": [3.3, -6, 0],
						"3.5833": [1.7, 0, 0],
						"3.7083": [0.68, 1, -0.9],
						"3.875": [0, 0, 0],
						"3.9583": [0, 0, 0]
					}
				},
				"done_illuminated": {
					"rotation": {
						"0.4167": [0, 0, 117.5],
						"0.7083": [0, 0, 300],
						"0.75": [0, 0, 315],
						"0.875": [0, 0, 330],
						"1.0417": [0, 0, 345],
						"1.3333": [0, 0, 360],
						"6.0833": [0, 0, 610],
						"6.375": [0, 0, 255],
						"7.0833": [0, 0, 0]
					}
				},
				"camera": {
					"rotation": {
						"0.0": [0, 0, 0],
						"0.5833": {
							"pre": [2.00137, 2.99954, 0.05241],
							"post": [2.00137, 2.99954, 0.05241],
							"lerp_mode": "catmullrom"
						},
						"1.1667": {
							"post": [0, 3, 0.05],
							"lerp_mode": "catmullrom"
						},
						"1.8333": {
							"post": [0, 3, 0.05],
							"lerp_mode": "catmullrom"
						},
						"2.4583": {
							"post": [2, 3, 0.05],
							"lerp_mode": "catmullrom"
						},
						"2.8333": {
							"post": [2, 3, 0.05],
							"lerp_mode": "catmullrom"
						},
						"3.5": {
							"post": [0.00824, 4.99817, 0.15508],
							"lerp_mode": "catmullrom"
						},
						"4.2083": {
							"post": [0.01, 5, 0.16],
							"lerp_mode": "catmullrom"
						},
						"5.5417": {
							"post": [-5.99, 5, 0.16],
							"lerp_mode": "catmullrom"
						},
						"6.2083": {
							"post": [-5.96712, 0.02716, 0.68112],
							"lerp_mode": "catmullrom"
						},
						"6.9583": [0, 0, 0]
					}
				}
			},
			"sound_effects": {
				"0.0": {
					"effect": "hinamg_reload_tactical"
				}
			}
		},
		"reload_empty": {
			"animation_length": 6.9583,
			"bones": {
				"1": {
					"rotation": {
						"2.0": [0, 0, -29],
						"2.0417": [0, 0, 0],
						"2.5": [0, 0, 0],
						"2.8333": [0, 0, 22],
						"3.375": [0, 0, 22],
						"3.4583": [0, 0, 0]
					},
					"position": {
						"2.0": [0.2, -0.2, 0],
						"2.0417": [0, 0, 0],
						"2.5": [0, 0, 0],
						"2.8333": [0.1, 0.1, 0],
						"3.375": [0.1, 0.1, 0],
						"3.4583": [0, 0, 0]
					}
				},
				"2": {
					"rotation": {
						"2.0": [0, 0, -20],
						"2.0417": [0, 0, 0],
						"2.5": [0, 0, 0],
						"2.8333": [0, 0, 14],
						"3.375": [0, 0, 14],
						"3.4583": [0, 0, 0]
					},
					"position": {
						"2.0": [0.1, -0.1, 0],
						"2.0417": [0, 0, 0],
						"2.5": [0, 0, 0],
						"2.8333": [0.1, 0, 0],
						"3.375": [0.1, 0, 0],
						"3.4583": [0, 0, 0]
					}
				},
				"3": {
					"rotation": {
						"2.5": [0, 0, 0],
						"2.8333": [0, 0, 0],
						"3.375": [0, 0, 0],
						"3.4583": [0, 0, 0]
					},
					"position": {
						"2.5": [0, 0, 0],
						"2.8333": [0, 0, 0],
						"3.375": [0, 0, 0],
						"3.4583": [0, 0, 0]
					}
				},
				"7": {
					"rotation": {
						"0.0833": {
							"pre": [0, 0, 0],
							"post": [0, 0, 0],
							"lerp_mode": "catmullrom"
						},
						"0.2917": {
							"post": [0, 0, -10],
							"lerp_mode": "catmullrom"
						},
						"0.5417": {
							"post": [0, 0, 4.02],
							"lerp_mode": "catmullrom"
						},
						"0.625": {
							"post": [0, 0, 7],
							"lerp_mode": "catmullrom"
						},
						"1.0": {
							"post": [0, 0, -3],
							"lerp_mode": "catmullrom"
						},
						"1.2917": {
							"post": [0, 0, 5],
							"lerp_mode": "catmullrom"
						},
						"1.7083": [0, 0, 1],
						"2.5": {
							"pre": [0, 0, 1],
							"post": [0, 0, 1],
							"lerp_mode": "catmullrom"
						},
						"2.7917": {
							"post": [0, 0, 13],
							"lerp_mode": "catmullrom"
						},
						"3.0833": {
							"post": [0, 0, -10],
							"lerp_mode": "catmullrom"
						},
						"3.5": {
							"post": [0, 0, 7],
							"lerp_mode": "catmullrom"
						},
						"3.9583": {
							"post": [0, 0, -10],
							"lerp_mode": "catmullrom"
						},
						"4.625": {
							"post": [0, 0, 4.02],
							"lerp_mode": "catmullrom"
						},
						"5.1667": {
							"post": [0, 0, -3],
							"lerp_mode": "catmullrom"
						},
						"5.7083": [0, 0, 0]
					},
					"position": {
						"0.0833": {
							"pre": [0, 0, 0],
							"post": [0, 0, 0],
							"lerp_mode": "catmullrom"
						},
						"0.2917": {
							"post": [0.1, 0, 0],
							"lerp_mode": "catmullrom"
						},
						"0.5417": {
							"post": [0.02, 0, 0],
							"lerp_mode": "catmullrom"
						},
						"0.625": {
							"post": [0, 0, 0],
							"lerp_mode": "catmullrom"
						},
						"1.0": {
							"post": [0, 0, 0],
							"lerp_mode": "catmullrom"
						},
						"1.2917": {
							"post": [0, 0, 0],
							"lerp_mode": "catmullrom"
						},
						"1.7083": [0, 0, 0],
						"2.5": {
							"pre": [0, 0, 0],
							"post": [0, 0, 0],
							"lerp_mode": "catmullrom"
						},
						"2.7917": {
							"post": [-0.1, 0, 0],
							"lerp_mode": "catmullrom"
						},
						"3.0833": {
							"post": [0.1, 0, 0],
							"lerp_mode": "catmullrom"
						},
						"3.5": {
							"post": [0, 0, 0],
							"lerp_mode": "catmullrom"
						},
						"3.9583": {
							"post": [0.1, 0, 0],
							"lerp_mode": "catmullrom"
						},
						"4.625": {
							"post": [0.02, 0, 0],
							"lerp_mode": "catmullrom"
						},
						"5.1667": {
							"post": [0, 0, 0],
							"lerp_mode": "catmullrom"
						},
						"5.7083": [0, 0, 0]
					}
				},
				"9": {
					"rotation": {
						"0.0833": {
							"pre": [0, 0, 0],
							"post": [0, 0, 0],
							"lerp_mode": "catmullrom"
						},
						"0.2917": {
							"post": [0, 0, -17],
							"lerp_mode": "catmullrom"
						},
						"0.5417": {
							"post": [0, 0, 12.39],
							"lerp_mode": "catmullrom"
						},
						"0.625": {
							"post": [0, 0, 18],
							"lerp_mode": "catmullrom"
						},
						"1.0": [0, 0, -9],
						"1.2917": [0, 0, 3],
						"1.7083": {
							"pre": [0, 0, 0],
							"post": [0, 0, 0],
							"lerp_mode": "catmullrom"
						},
						"2.5": {
							"post": [0, 0, 0],
							"lerp_mode": "catmullrom"
						},
						"2.7917": {
							"post": [0, 0, 19],
							"lerp_mode": "catmullrom"
						},
						"3.0833": {
							"post": [0, 0, -17],
							"lerp_mode": "catmullrom"
						},
						"3.5": {
							"post": [0, 0, 18],
							"lerp_mode": "catmullrom"
						},
						"3.9583": {
							"post": [0, 0, -17],
							"lerp_mode": "catmullrom"
						},
						"4.625": {
							"post": [0, 0, 12.39],
							"lerp_mode": "catmullrom"
						},
						"5.1667": [0, 0, -9],
						"5.7083": [0, 0, 0]
					},
					"position": {
						"0.0833": {
							"pre": [0, 0, 0],
							"post": [0, 0, 0],
							"lerp_mode": "catmullrom"
						},
						"0.2917": {
							"post": [0.4, 0, 0],
							"lerp_mode": "catmullrom"
						},
						"0.5417": {
							"post": [-0.18, 0.09, 0],
							"lerp_mode": "catmullrom"
						},
						"0.625": {
							"post": [-0.3, 0.1, 0],
							"lerp_mode": "catmullrom"
						},
						"1.0": [0.2, 0, 0],
						"1.2917": [-0.1, 0, 0],
						"1.7083": {
							"pre": [0, 0, 0],
							"post": [0, 0, 0],
							"lerp_mode": "catmullrom"
						},
						"2.5": {
							"post": [0, 0, 0],
							"lerp_mode": "catmullrom"
						},
						"2.7917": {
							"post": [-0.4, 0, 0],
							"lerp_mode": "catmullrom"
						},
						"3.0833": {
							"post": [0.4, 0, 0],
							"lerp_mode": "catmullrom"
						},
						"3.5": {
							"post": [-0.3, 0.1, 0],
							"lerp_mode": "catmullrom"
						},
						"3.9583": {
							"post": [0.4, 0, 0],
							"lerp_mode": "catmullrom"
						},
						"4.625": {
							"post": [-0.18, 0.09, 0],
							"lerp_mode": "catmullrom"
						},
						"5.1667": [0.2, 0, 0],
						"5.7083": [0, 0, 0]
					}
				},
				"10": {
					"rotation": {
						"0.0833": {
							"pre": [0, 0, 0],
							"post": [0, 0, 0],
							"lerp_mode": "catmullrom"
						},
						"0.2917": {
							"post": [0, 0, -32],
							"lerp_mode": "catmullrom"
						},
						"0.5417": {
							"post": [0, 0, 13.54],
							"lerp_mode": "catmullrom"
						},
						"0.625": {
							"post": [0, 0, 23],
							"lerp_mode": "catmullrom"
						},
						"1.0": [0, 0, -12],
						"1.2917": [0, 0, 2],
						"1.7083": {
							"pre": [0, 0, 0],
							"post": [0, 0, 0],
							"lerp_mode": "catmullrom"
						},
						"2.5": {
							"post": [0, 0, 0],
							"lerp_mode": "catmullrom"
						},
						"2.7917": {
							"post": [0, 0, 27],
							"lerp_mode": "catmullrom"
						},
						"3.0833": {
							"post": [0, 0, -32],
							"lerp_mode": "catmullrom"
						},
						"3.5": {
							"post": [0, 0, 23],
							"lerp_mode": "catmullrom"
						},
						"3.9583": {
							"post": [0, 0, -32],
							"lerp_mode": "catmullrom"
						},
						"4.625": {
							"post": [0, 0, 13.54],
							"lerp_mode": "catmullrom"
						},
						"5.1667": [0, 0, -12],
						"5.7083": [0, 0, 0]
					},
					"position": {
						"0.0833": {
							"pre": [0, 0, 0],
							"post": [0, 0, 0],
							"lerp_mode": "catmullrom"
						},
						"0.2917": {
							"post": [0.9, 0, 0],
							"lerp_mode": "catmullrom"
						},
						"0.5417": {
							"post": [-0.43, 0.17, 0],
							"lerp_mode": "catmullrom"
						},
						"0.625": {
							"post": [-0.7, 0.2, 0],
							"lerp_mode": "catmullrom"
						},
						"1.0": [0.4, 0, 0],
						"1.2917": [-0.1, 0, 0],
						"1.7083": {
							"pre": [0, 0, 0],
							"post": [0, 0, 0],
							"lerp_mode": "catmullrom"
						},
						"2.5": {
							"post": [0, 0, 0],
							"lerp_mode": "catmullrom"
						},
						"2.7917": {
							"post": [-0.8, 0.1, 0],
							"lerp_mode": "catmullrom"
						},
						"3.0833": {
							"post": [0.9, 0, 0],
							"lerp_mode": "catmullrom"
						},
						"3.5": {
							"post": [-0.7, 0.2, 0],
							"lerp_mode": "catmullrom"
						},
						"3.9583": {
							"post": [0.9, 0, 0],
							"lerp_mode": "catmullrom"
						},
						"4.625": {
							"post": [-0.43, 0.17, 0],
							"lerp_mode": "catmullrom"
						},
						"5.1667": [0.4, 0, 0],
						"5.7083": [0, 0, 0]
					}
				},
				"11": {
					"rotation": {
						"0.0833": {
							"pre": [0, 0, 0],
							"post": [0, 0, 0],
							"lerp_mode": "catmullrom"
						},
						"0.2917": {
							"post": [0, 0, -44],
							"lerp_mode": "catmullrom"
						},
						"0.5417": {
							"post": [0, 0, 14.72],
							"lerp_mode": "catmullrom"
						},
						"0.625": {
							"post": [0, 0, 27.5],
							"lerp_mode": "catmullrom"
						},
						"1.0": [0, 0, -12],
						"1.2917": [0, 0, 3],
						"1.7083": {
							"pre": [0, 0, 0],
							"post": [0, 0, 0],
							"lerp_mode": "catmullrom"
						},
						"2.5": {
							"post": [0, 0, 0],
							"lerp_mode": "catmullrom"
						},
						"2.7917": {
							"post": [0, 0, 32],
							"lerp_mode": "catmullrom"
						},
						"3.0833": {
							"post": [0, 0, -44],
							"lerp_mode": "catmullrom"
						},
						"3.5": {
							"post": [0, 0, 27.5],
							"lerp_mode": "catmullrom"
						},
						"3.9583": {
							"post": [0, 0, -44],
							"lerp_mode": "catmullrom"
						},
						"4.625": {
							"post": [0, 0, 14.72],
							"lerp_mode": "catmullrom"
						},
						"5.1667": [0, 0, -12],
						"5.7083": [0, 0, 0]
					},
					"position": {
						"0.0833": {
							"pre": [0, 0, 0],
							"post": [0, 0, 0],
							"lerp_mode": "catmullrom"
						},
						"0.2917": {
							"post": [1.4, 0.1, 0],
							"lerp_mode": "catmullrom"
						},
						"0.5417": {
							"post": [-0.59, 0.28, 0],
							"lerp_mode": "catmullrom"
						},
						"0.625": {
							"post": [-1, 0.3, 0],
							"lerp_mode": "catmullrom"
						},
						"1.0": [0.6, 0, 0],
						"1.2917": [-0.1, 0, 0],
						"1.7083": {
							"pre": [0, 0, 0],
							"post": [0, 0, 0],
							"lerp_mode": "catmullrom"
						},
						"2.5": {
							"post": [0, 0, 0],
							"lerp_mode": "catmullrom"
						},
						"2.7917": {
							"post": [-1.1, 0.2, 0],
							"lerp_mode": "catmullrom"
						},
						"3.0833": {
							"post": [1.4, 0.1, 0],
							"lerp_mode": "catmullrom"
						},
						"3.5": {
							"post": [-1, 0.3, 0],
							"lerp_mode": "catmullrom"
						},
						"3.9583": {
							"post": [1.4, 0.1, 0],
							"lerp_mode": "catmullrom"
						},
						"4.625": {
							"post": [-0.59, 0.28, 0],
							"lerp_mode": "catmullrom"
						},
						"5.1667": [0.6, 0, 0],
						"5.7083": [0, 0, 0]
					}
				},
				"root": {
					"rotation": {
						"0.0": [0, 0, 0],
						"0.2917": {
							"pre": [-11.1683, -18.96208, 0.58844],
							"post": [-11.1683, -18.96208, 0.58844],
							"lerp_mode": "catmullrom"
						},
						"0.4583": {
							"post": [-11.17, -18.96, 0.59],
							"lerp_mode": "catmullrom"
						},
						"0.6667": {
							"post": [-11.08, -18.97, 0.56],
							"lerp_mode": "catmullrom"
						},
						"0.9167": {
							"post": [-13.01, -18.98, 0.54],
							"lerp_mode": "catmullrom"
						},
						"1.0417": {
							"post": [-10.49117, -18.64732, 2.57992],
							"lerp_mode": "catmullrom"
						},
						"1.4583": {
							"post": [-13.33, -18.67, 2.5],
							"lerp_mode": "catmullrom"
						},
						"2.2083": {
							"post": [-33.17583, -15.98462, 7.21912],
							"lerp_mode": "catmullrom"
						},
						"2.5": {
							"post": [-34.16, -15.93, 7.51],
							"lerp_mode": "catmullrom"
						},
						"2.75": {
							"post": [-34.71485, -14.85746, 9.24007],
							"lerp_mode": "catmullrom"
						},
						"3.0417": {
							"post": [-32.81, -14.99, 9.21],
							"lerp_mode": "catmullrom"
						},
						"3.3333": {
							"post": [-33.36663, -14.0663, 10.83047],
							"lerp_mode": "catmullrom"
						},
						"3.5": {
							"post": [-32.80676, -15.8205, 8.11955],
							"lerp_mode": "catmullrom"
						},
						"3.75": {
							"post": [-33.03051, -14.44652, 10.0779],
							"lerp_mode": "catmullrom"
						},
						"4.0833": {
							"post": [-33.43377, -15.46263, 8.99641],
							"lerp_mode": "catmullrom"
						},
						"4.5833": {
							"post": [-35.48, -15.63, 9.43],
							"lerp_mode": "catmullrom"
						},
						"4.75": {
							"post": [-37.87, -16.05, 9.2],
							"lerp_mode": "catmullrom"
						},
						"4.9583": {
							"post": [-35.83, -16.78, 8.8],
							"lerp_mode": "catmullrom"
						},
						"5.0833": {
							"post": [-36.18, -17.26, 8.54],
							"lerp_mode": "catmullrom"
						},
						"5.2083": {
							"post": [-32.90285, -17.0887, 9.10096],
							"lerp_mode": "catmullrom"
						},
						"5.375": {
							"post": [-33.18, -15.98, 7.22],
							"lerp_mode": "catmullrom"
						},
						"5.75": {
							"post": [-1, 0, 0],
							"lerp_mode": "catmullrom"
						},
						"5.9167": [0, 0, 0],
						"6.0417": [0, 0, 0]
					},
					"position": {
						"0.0": [0, 0, 0],
						"0.2917": {
							"pre": [1.5, 0.4, -0.5],
							"post": [1.5, 0.4, -0.5],
							"lerp_mode": "catmullrom"
						},
						"0.4583": {
							"post": [1.5, 0.4, -0.5],
							"lerp_mode": "catmullrom"
						},
						"0.6667": {
							"post": [1.3, 0.4, -0.39],
							"lerp_mode": "catmullrom"
						},
						"0.9167": {
							"post": [1.4, 0.4, -0.48],
							"lerp_mode": "catmullrom"
						},
						"1.0417": {
							"post": [1.21, 0.4, -0.57],
							"lerp_mode": "catmullrom"
						},
						"1.4583": {
							"post": [1.02, 0.4, -0.55],
							"lerp_mode": "catmullrom"
						},
						"2.2083": {
							"post": [2.1, 0.7, -3.7],
							"lerp_mode": "catmullrom"
						},
						"2.5": {
							"post": [2.13, 0.71, -3.83],
							"lerp_mode": "catmullrom"
						},
						"2.75": {
							"post": [2.14, 0.61, -3.94],
							"lerp_mode": "catmullrom"
						},
						"3.0417": {
							"post": [2.05, 0.61, -4.04],
							"lerp_mode": "catmullrom"
						},
						"3.3333": {
							"post": [2.16, 0.61, -4.03],
							"lerp_mode": "catmullrom"
						},
						"3.5": {
							"post": [2.17, 0.41, -3.92],
							"lerp_mode": "catmullrom"
						},
						"3.75": {
							"post": [2.15, 0.81, -4.04],
							"lerp_mode": "catmullrom"
						},
						"4.0833": {
							"post": [2.28, 0.71, -3.93],
							"lerp_mode": "catmullrom"
						},
						"4.5833": {
							"post": [2.31, 0.69, -4.23],
							"lerp_mode": "catmullrom"
						},
						"4.75": {
							"post": [2.32, 0.38, -3.9],
							"lerp_mode": "catmullrom"
						},
						"4.9583": {
							"post": [2.34, 0.76, -4.1],
							"lerp_mode": "catmullrom"
						},
						"5.0833": {
							"post": [2.35, 0.76, -4.07],
							"lerp_mode": "catmullrom"
						},
						"5.2083": {
							"post": [2.55, 0.7, -4.49],
							"lerp_mode": "catmullrom"
						},
						"5.375": {
							"post": [2.1, 0.6, -3.7],
							"lerp_mode": "catmullrom"
						},
						"5.75": {
							"post": [0, 0, -1.6],
							"lerp_mode": "catmullrom"
						},
						"5.9167": [0, 0, 0.4],
						"6.0417": [0, 0, 0]
					}
				},
				"lefthand": {
					"rotation": {
						"1.4583": [0, 0, 0],
						"2.3333": [-35.53, -20.16, -31.39],
						"2.5833": [-35.53, -20.16, -31.39],
						"2.875": [-36.82783, -2.42417, -31.53179],
						"2.9583": [-36.83, -2.42, -31.53],
						"3.0417": [-36.83, -2.42, -31.53],
						"3.0833": [-36.83, -2.42, -31.53],
						"3.2917": [-41.68545, 4.25125, -40.66918],
						"3.3333": [-41.69, 4.25, -40.67],
						"3.4167": [-41.38005, 7.13364, -43.45968],
						"3.5417": [-41.38, 7.13, -43.46],
						"3.75": {
							"pre": [-35.53, -20.16, -31.39],
							"post": [-35.53, -20.16, -31.39],
							"lerp_mode": "catmullrom"
						},
						"3.9167": {
							"post": [-3.63681, -9.61002, -24.22052],
							"lerp_mode": "catmullrom"
						},
						"4.125": [0, 0, 0]
					},
					"position": {
						"1.4583": [0, 0, 0],
						"1.875": [8.1, -19.1, 9.7],
						"2.0": [8.1, -19.1, 9.7],
						"2.3333": [4.2, -0.1, 8.4],
						"2.5833": [2.4, 5.2, 7.2],
						"2.7083": [2.25, 7.7, 5.75],
						"2.875": [2.1, 7.4, 4.3],
						"2.9583": [2.1, 7.4, 4.3],
						"3.0417": [3.4, 7.8, 4.5],
						"3.0833": [3.4, 7.8, 4.5],
						"3.2917": [2.5, 10.6, 2.8],
						"3.3333": [2.5, 10.6, 2.8],
						"3.4167": [1.6, 11.3, 2.8],
						"3.5417": [1.6, 11.3, 2.8],
						"3.75": {
							"pre": [3.5, 6.1, 7.2],
							"post": [3.5, 6.1, 7.2],
							"lerp_mode": "catmullrom"
						},
						"3.9167": {
							"post": [1.26, 3.68, 3.88],
							"lerp_mode": "catmullrom"
						},
						"4.125": [0, 0, 0]
					}
				},
				"lever": {
					"rotation": {
						"0.4167": [0, 0, 0],
						"0.625": [-107.5, 0, 0],
						"5.0417": [-107.5, 0, 0],
						"5.2083": [0, 0, 0]
					},
					"position": [0, 0, 0]
				},
				"cover": {
					"rotation": {
						"0.9167": [0, 0, 0],
						"1.125": {
							"pre": [107.5, 0, 0],
							"post": [107.5, 0, 0],
							"lerp_mode": "catmullrom"
						},
						"1.4583": {
							"post": [107.5, 0, 0],
							"lerp_mode": "catmullrom"
						},
						"2.125": {
							"post": [90.74, 0, 0],
							"lerp_mode": "catmullrom"
						},
						"2.5833": {
							"post": [98.8, 0, 0],
							"lerp_mode": "catmullrom"
						},
						"2.8333": [99.75, 0, 0],
						"4.5833": [99.75, 0, 0],
						"4.7083": [0, 0, 0]
					}
				},
				"righthand": {
					"rotation": {
						"0.0": {
							"post": [0, 0, 0],
							"lerp_mode": "catmullrom"
						},
						"0.0833": {
							"post": [0, 0, 0],
							"lerp_mode": "catmullrom"
						},
						"0.375": [-3.54766, -13.65829, 11.55123],
						"0.4167": [-3.55, -13.66, 11.55],
						"0.7083": [-3.55, -13.66, 11.55],
						"0.875": [20.45, -13.66, 11.55],
						"0.9167": [20.45, -13.66, 11.55],
						"1.0833": [0.12884, 0.88624, 7.81638],
						"1.1667": {
							"pre": [0.13, 0.89, 7.82],
							"post": [0.13, 0.89, 7.82],
							"lerp_mode": "catmullrom"
						},
						"1.3333": {
							"post": [0.07, 0.51, 4.45],
							"lerp_mode": "catmullrom"
						},
						"1.5417": [-18.30552, 1.87086, 5.70929],
						"4.0417": [-18.31, 1.87, 5.71],
						"4.4583": [0.12884, 0.88624, 7.81638],
						"4.5833": [0.13, 0.89, 7.82],
						"4.6667": [13.68, -8.81, 10.31],
						"4.7083": [20.45, -13.66, 11.55],
						"4.7917": [20.45, -13.66, 11.55],
						"4.9583": [-3.55, -13.66, 11.55],
						"5.0417": [-3.55, -13.66, 11.55],
						"5.2083": [-3.54766, -13.65829, 11.55123],
						"5.2917": [-3.54766, -13.65829, 11.55123],
						"5.5833": [0, 0, 0]
					},
					"position": {
						"0.0": {
							"post": [0, 0, 0],
							"lerp_mode": "catmullrom"
						},
						"0.0833": {
							"post": [0, 0, 0],
							"lerp_mode": "catmullrom"
						},
						"0.2083": {
							"post": [-5.63, 5.16, -1.07],
							"lerp_mode": "catmullrom"
						},
						"0.375": [-3.8, 9.7, -4.6],
						"0.4167": {
							"pre": [-3.8, 9.7, -4.6],
							"post": [-3.8, 9.7, -4.6],
							"lerp_mode": "catmullrom"
						},
						"0.4583": {
							"post": [-3.9, 11.55, -2.23],
							"lerp_mode": "catmullrom"
						},
						"0.5": {
							"post": [-3.8, 12.2, 0.15],
							"lerp_mode": "catmullrom"
						},
						"0.5417": {
							"post": [-3.8, 12.13, 3.17],
							"lerp_mode": "catmullrom"
						},
						"0.5833": [-3.8, 10.92, 5.13],
						"0.625": [-3.8, 8.9, 6.8],
						"0.7083": [-3.8, 8.9, 6.8],
						"0.875": [-3.3, 11.4, 4],
						"0.9167": [-3.3, 11.4, 4],
						"1.0833": [-3.3, 9.9, 2.8],
						"1.1667": {
							"pre": [-3.3, 9.9, 2.8],
							"post": [-3.3, 9.9, 2.8],
							"lerp_mode": "catmullrom"
						},
						"1.3333": {
							"post": [-5.65, 2.95, 1.4],
							"lerp_mode": "catmullrom"
						},
						"1.5417": [-0.8, -1.6, -6.7],
						"4.0417": [-0.8, -1.6, -6.7],
						"4.25": [-3.48, 5.92, -1.6],
						"4.4583": [-2.6, 12.6, -6.7],
						"4.5833": [-2.6, 12.6, -6.7],
						"4.6667": [-3.17, 12.8, -0.63],
						"4.7083": [-3.3, 11.4, 2.4],
						"4.7917": [-3.3, 11.4, 2.4],
						"4.9583": [-3.8, 8.9, 6.8],
						"5.0417": [-3.8, 8.9, 6.8],
						"5.0833": [-3.8, 11.3, 4.65],
						"5.125": [-3.8, 12.27, 1.37],
						"5.1667": [-3.9, 11.99, -2.01],
						"5.2083": [-3.8, 9.7, -4.6],
						"5.2917": [-3.8, 9.7, -4.6],
						"5.375": [-4.97, 6.78, -3.28],
						"5.4583": [-4.73, 3.86, -1.97],
						"5.5833": [0, 0, 0]
					}
				},
				"magazine": {
					"rotation": [0, 0, 0],
					"position": {
						"2.0": [7.8, -25, 0],
						"2.3333": [3.3, -6, 0],
						"2.5833": [1.7, 0, 0],
						"2.7083": [0.68, 1, -0.9],
						"2.875": [0, 0, 0],
						"2.9583": [0, 0, 0]
					}
				},
				"done_illuminated": {
					"rotation": {
						"0.0": [0, 0, 117.5],
						"0.2917": [0, 0, 300],
						"0.3333": [0, 0, 315],
						"0.4583": [0, 0, 330],
						"0.625": [0, 0, 345],
						"0.9167": [0, 0, 360],
						"5.0833": [0, 0, 610],
						"5.375": [0, 0, 255],
						"6.0833": [0, 0, 0]
					}
				},
				"camera": {
					"rotation": {
						"0.0": [0, 0, 0],
						"0.5833": {
							"pre": [2.00137, 2.99954, 0.05241],
							"post": [2.00137, 2.99954, 0.05241],
							"lerp_mode": "catmullrom"
						},
						"1.1667": {
							"post": [0, 3, 0.05],
							"lerp_mode": "catmullrom"
						},
						"1.8333": {
							"post": [0, 3, 0.05],
							"lerp_mode": "catmullrom"
						},
						"2.4583": {
							"post": [2, 3, 0.05],
							"lerp_mode": "catmullrom"
						},
						"2.8333": {
							"post": [2, 3, 0.05],
							"lerp_mode": "catmullrom"
						},
						"3.5": {
							"post": [0.00824, 4.99817, 0.15508],
							"lerp_mode": "catmullrom"
						},
						"4.2083": {
							"post": [0.01, 5, 0.16],
							"lerp_mode": "catmullrom"
						},
						"5.5417": {
							"post": [-5.99, 5, 0.16],
							"lerp_mode": "catmullrom"
						},
						"6.2083": {
							"post": [-5.96712, 0.02716, 0.68112],
							"lerp_mode": "catmullrom"
						},
						"6.9583": [0, 0, 0]
					}
				}
			},
			"sound_effects": {
				"0.0": {
					"effect": "hinamg_reload_empty"
				}
			}
		},
		"shoot": {
			"animation_length": 0.625,
			"bones": {
				"root": {
					"rotation": {
						"0.0": [0, 0, 0],
						"0.0417": [1.23, 0, 0.73],
						"0.0833": [-1.99, 0, -1.23],
						"0.125": [-0.91, 0, -0.35],
						"0.1667": [0.18, 0, 0.53],
						"0.2083": [0.27, 0, 0.27],
						"0.25": [0.45, 0, -0.25],
						"0.2917": [0.38, -0.07, -0.08],
						"0.3333": [0.3, -0.13, 0.08],
						"0.375": [0.23, -0.2, 0.25],
						"0.4167": [0.14, -0.14, 0.09],
						"0.4583": [0.1, -0.11, 0.01],
						"0.5": [0.06, -0.07, -0.07],
						"0.5417": [0.04, -0.06, -0.06],
						"0.5833": [0.01, -0.02, -0.02],
						"0.625": [0, 0, 0]
					},
					"position": {
						"0.0": [0, 0, 0],
						"0.0417": [0, -0.02, 1.73],
						"0.0833": [0, -0.05, 0.67],
						"0.125": [0, -0.05, -0.04],
						"0.1667": [0, -0.04, -0.01],
						"0.2083": [0, -0.04, 0.03],
						"0.25": [0, -0.02, 0.1],
						"0.2917": [0, -0.02, 0.07],
						"0.3333": [0, -0.01, 0.03],
						"0.375": [0, 0, 0]
					}
				},
				"done_illuminated": {
					"rotation": {
						"0.0": [0, 0, 0],
						"0.5833": [0, 0, 1087.5],
						"0.625": [0, 0, 0]
					}
				},
				"action": {
					"position": {
						"0.0": [0, 0, 0],
						"0.0417": [0, 0, 2.4],
						"0.125": [0, 0, 0]
					}
				}
			}
		},
		"inspect": {
			"animation_length": 8.6,
			"bones": {
				"7": {
					"rotation": {
						"0.0": {
							"post": [0, 0, 0],
							"lerp_mode": "catmullrom"
						},
						"0.4583": {
							"post": [0, 0, -10],
							"lerp_mode": "catmullrom"
						},
						"0.7083": {
							"post": [0, 0, 4.02],
							"lerp_mode": "catmullrom"
						},
						"0.7917": {
							"post": [0, 0, 7],
							"lerp_mode": "catmullrom"
						},
						"1.0833": {
							"post": [0, 0, -3],
							"lerp_mode": "catmullrom"
						},
						"1.375": {
							"post": [0, 0, 5],
							"lerp_mode": "catmullrom"
						},
						"1.7917": [0, 0, 1],
						"2.5": {
							"pre": [0, 0, -10],
							"post": [0, 0, -10],
							"lerp_mode": "catmullrom"
						},
						"3.0833": {
							"post": [0, 0, 4.02],
							"lerp_mode": "catmullrom"
						},
						"3.9167": {
							"post": [0, 0, -10],
							"lerp_mode": "catmullrom"
						},
						"7.9167": {
							"post": [0, 0, -10],
							"lerp_mode": "catmullrom"
						},
						"8.4583": {
							"post": [0, 0, 0],
							"lerp_mode": "catmullrom"
						}
					},
					"position": {
						"0.0": {
							"post": [0, 0, 0],
							"lerp_mode": "catmullrom"
						},
						"0.4583": {
							"post": [0.1, 0, 0],
							"lerp_mode": "catmullrom"
						},
						"0.7083": {
							"post": [0.02, 0, 0],
							"lerp_mode": "catmullrom"
						},
						"0.7917": {
							"post": [0, 0, 0],
							"lerp_mode": "catmullrom"
						},
						"1.0833": {
							"post": [0, 0, 0],
							"lerp_mode": "catmullrom"
						},
						"1.375": {
							"post": [0, 0, 0],
							"lerp_mode": "catmullrom"
						},
						"1.7917": [0, 0, 0],
						"2.5": {
							"pre": [0.1, 0, 0],
							"post": [0.1, 0, 0],
							"lerp_mode": "catmullrom"
						},
						"3.0833": {
							"post": [0.02, 0, 0],
							"lerp_mode": "catmullrom"
						},
						"3.9167": {
							"post": [0.1, 0, 0],
							"lerp_mode": "catmullrom"
						},
						"7.9167": {
							"post": [0.1, 0, 0],
							"lerp_mode": "catmullrom"
						},
						"8.4583": {
							"post": [0, 0, 0],
							"lerp_mode": "catmullrom"
						}
					}
				},
				"9": {
					"rotation": {
						"0.0": {
							"post": [0, 0, 0],
							"lerp_mode": "catmullrom"
						},
						"0.4583": {
							"post": [0, 0, -17],
							"lerp_mode": "catmullrom"
						},
						"0.7083": {
							"post": [0, 0, 12.39],
							"lerp_mode": "catmullrom"
						},
						"0.7917": {
							"post": [0, 0, 18],
							"lerp_mode": "catmullrom"
						},
						"1.0833": [0, 0, -9],
						"1.375": [0, 0, 3],
						"1.7917": {
							"pre": [0, 0, 0],
							"post": [0, 0, 0],
							"lerp_mode": "catmullrom"
						},
						"2.5": {
							"post": [0, 0, -17],
							"lerp_mode": "catmullrom"
						},
						"3.0833": {
							"post": [0, 0, 12.39],
							"lerp_mode": "catmullrom"
						},
						"3.9167": {
							"post": [0, 0, -17],
							"lerp_mode": "catmullrom"
						},
						"7.9167": {
							"post": [0, 0, -17],
							"lerp_mode": "catmullrom"
						},
						"8.4583": {
							"post": [0, 0, 0],
							"lerp_mode": "catmullrom"
						}
					},
					"position": {
						"0.0": {
							"post": [0, 0, 0],
							"lerp_mode": "catmullrom"
						},
						"0.4583": {
							"post": [0.4, 0, 0],
							"lerp_mode": "catmullrom"
						},
						"0.7083": {
							"post": [-0.18, 0.09, 0],
							"lerp_mode": "catmullrom"
						},
						"0.7917": {
							"post": [-0.3, 0.1, 0],
							"lerp_mode": "catmullrom"
						},
						"1.0833": [0.2, 0, 0],
						"1.375": [-0.1, 0, 0],
						"1.7917": {
							"pre": [0, 0, 0],
							"post": [0, 0, 0],
							"lerp_mode": "catmullrom"
						},
						"2.5": {
							"post": [0.4, 0, 0],
							"lerp_mode": "catmullrom"
						},
						"3.0833": {
							"post": [-0.18, 0.09, 0],
							"lerp_mode": "catmullrom"
						},
						"3.9167": {
							"post": [0.4, 0, 0],
							"lerp_mode": "catmullrom"
						},
						"7.9167": {
							"post": [0.4, 0, 0],
							"lerp_mode": "catmullrom"
						},
						"8.4583": {
							"post": [0, 0, 0],
							"lerp_mode": "catmullrom"
						}
					}
				},
				"10": {
					"rotation": {
						"0.0": {
							"post": [0, 0, 0],
							"lerp_mode": "catmullrom"
						},
						"0.4583": {
							"post": [0, 0, -32],
							"lerp_mode": "catmullrom"
						},
						"0.7083": {
							"post": [0, 0, 13.54],
							"lerp_mode": "catmullrom"
						},
						"0.7917": {
							"post": [0, 0, 23],
							"lerp_mode": "catmullrom"
						},
						"1.0833": [0, 0, -12],
						"1.375": [0, 0, 2],
						"1.7917": {
							"pre": [0, 0, 0],
							"post": [0, 0, 0],
							"lerp_mode": "catmullrom"
						},
						"2.5": {
							"post": [0, 0, -32],
							"lerp_mode": "catmullrom"
						},
						"3.0833": {
							"post": [0, 0, 13.54],
							"lerp_mode": "catmullrom"
						},
						"3.9167": {
							"post": [0, 0, -32],
							"lerp_mode": "catmullrom"
						},
						"7.9167": {
							"post": [0, 0, -32],
							"lerp_mode": "catmullrom"
						},
						"8.4583": {
							"post": [0, 0, 0],
							"lerp_mode": "catmullrom"
						}
					},
					"position": {
						"0.0": {
							"post": [0, 0, 0],
							"lerp_mode": "catmullrom"
						},
						"0.4583": {
							"post": [0.9, 0, 0],
							"lerp_mode": "catmullrom"
						},
						"0.7083": {
							"post": [-0.43, 0.17, 0],
							"lerp_mode": "catmullrom"
						},
						"0.7917": {
							"post": [-0.7, 0.2, 0],
							"lerp_mode": "catmullrom"
						},
						"1.0833": [0.4, 0, 0],
						"1.375": [-0.1, 0, 0],
						"1.7917": {
							"pre": [0, 0, 0],
							"post": [0, 0, 0],
							"lerp_mode": "catmullrom"
						},
						"2.5": {
							"post": [0.9, 0, 0],
							"lerp_mode": "catmullrom"
						},
						"3.0833": {
							"post": [-0.43, 0.17, 0],
							"lerp_mode": "catmullrom"
						},
						"3.9167": {
							"post": [0.9, 0, 0],
							"lerp_mode": "catmullrom"
						},
						"7.9167": {
							"post": [0.9, 0, 0],
							"lerp_mode": "catmullrom"
						},
						"8.4583": {
							"post": [0, 0, 0],
							"lerp_mode": "catmullrom"
						}
					}
				},
				"11": {
					"rotation": {
						"0.0": {
							"post": [0, 0, 0],
							"lerp_mode": "catmullrom"
						},
						"0.4583": {
							"post": [0, 0, -44],
							"lerp_mode": "catmullrom"
						},
						"0.7083": {
							"post": [0, 0, 14.72],
							"lerp_mode": "catmullrom"
						},
						"0.7917": {
							"post": [0, 0, 27.5],
							"lerp_mode": "catmullrom"
						},
						"1.0833": [0, 0, -12],
						"1.375": [0, 0, 3],
						"1.7917": {
							"pre": [0, 0, 0],
							"post": [0, 0, 0],
							"lerp_mode": "catmullrom"
						},
						"2.5": {
							"post": [0, 0, -44],
							"lerp_mode": "catmullrom"
						},
						"3.0833": {
							"post": [0, 0, 14.72],
							"lerp_mode": "catmullrom"
						},
						"3.9167": {
							"post": [0, 0, -44],
							"lerp_mode": "catmullrom"
						},
						"7.9167": {
							"post": [0, 0, -44],
							"lerp_mode": "catmullrom"
						},
						"8.4583": {
							"post": [0, 0, 0],
							"lerp_mode": "catmullrom"
						}
					},
					"position": {
						"0.0": {
							"post": [0, 0, 0],
							"lerp_mode": "catmullrom"
						},
						"0.4583": {
							"post": [1.4, 0.1, 0],
							"lerp_mode": "catmullrom"
						},
						"0.7083": {
							"post": [-0.59, 0.28, 0],
							"lerp_mode": "catmullrom"
						},
						"0.7917": {
							"post": [-1, 0.3, 0],
							"lerp_mode": "catmullrom"
						},
						"1.0833": [0.6, 0, 0],
						"1.375": [-0.1, 0, 0],
						"1.7917": {
							"pre": [0, 0, 0],
							"post": [0, 0, 0],
							"lerp_mode": "catmullrom"
						},
						"2.5": {
							"post": [1.4, 0.1, 0],
							"lerp_mode": "catmullrom"
						},
						"3.0833": {
							"post": [-0.59, 0.28, 0],
							"lerp_mode": "catmullrom"
						},
						"3.9167": {
							"post": [1.4, 0.1, 0],
							"lerp_mode": "catmullrom"
						},
						"7.9167": {
							"post": [1.4, 0.1, 0],
							"lerp_mode": "catmullrom"
						},
						"8.4583": {
							"post": [0, 0, 0],
							"lerp_mode": "catmullrom"
						}
					}
				},
				"root": {
					"relative_to": {
						"rotation": "entity"
					},
					"rotation": {
						"0.0": [0, 0, 0.01],
						"0.2917": {
							"pre": [-1.2717, -17.84751, -4.1623],
							"post": [-1.2717, -17.84751, -4.1623],
							"lerp_mode": "catmullrom"
						},
						"0.6667": {
							"post": [-13.87154, -28.82764, -0.70902],
							"lerp_mode": "catmullrom"
						},
						"1.0": {
							"post": [-13.87, -28.83, -0.71],
							"lerp_mode": "catmullrom"
						},
						"1.2917": {
							"post": [-13.33, -28.5, -3.97],
							"lerp_mode": "catmullrom"
						},
						"1.7083": {
							"post": [-13.87, -28.83, -0.71],
							"lerp_mode": "catmullrom"
						},
						"2.25": {
							"post": [-24.76021, -35.53267, 4.56101],
							"lerp_mode": "catmullrom"
						},
						"2.7083": {
							"post": [-24.76, -35.53, 4.56],
							"lerp_mode": "catmullrom"
						},
						"3.5": {
							"post": [-24.76, -35.53, 4.56],
							"lerp_mode": "catmullrom"
						},
						"4.0833": {
							"post": [-47.38904, 40.64806, 28.68053],
							"lerp_mode": "catmullrom"
						},
						"4.5": {
							"post": [-49.85687, 44.95984, 28.89678],
							"lerp_mode": "catmullrom"
						},
						"4.6667": {
							"post": [-48.61785, 44.52668, 26.75857],
							"lerp_mode": "catmullrom"
						},
						"5.0": {
							"post": [-49.85687, 44.95984, 28.89678],
							"lerp_mode": "catmullrom"
						},
						"5.2917": {
							"post": [-51.12372, 45.24626, 27.0004],
							"lerp_mode": "catmullrom"
						},
						"5.4583": {
							"post": [-51.71, 45.35, 26.45],
							"lerp_mode": "catmullrom"
						},
						"5.6667": {
							"post": [-52.25959, 45.39606, 26.03953],
							"lerp_mode": "catmullrom"
						},
						"6.2083": {
							"post": [-51.71, 45.35, 26.45],
							"lerp_mode": "catmullrom"
						},
						"6.4583": {
							"post": [-51.31, 44.99, 26.67],
							"lerp_mode": "catmullrom"
						},
						"6.875": {
							"post": [-47.39, 40.65, 28.68],
							"lerp_mode": "catmullrom"
						},
						"7.25": {
							"post": [-24.81894, 14.75244, 40.03855],
							"lerp_mode": "catmullrom"
						},
						"7.4167": {
							"post": [-23.24, 12.89, 42.03],
							"lerp_mode": "catmullrom"
						},
						"7.5": {
							"post": [-23.68, 13.36, 43.74],
							"lerp_mode": "catmullrom"
						},
						"7.7917": {
							"post": [-22.34, 13.28, 36.04],
							"lerp_mode": "catmullrom"
						},
						"8.2083": {
							"post": [-1, 0, 0],
							"lerp_mode": "catmullrom"
						},
						"8.4167": [0, 0, 0.01],
						"8.5417": [0, 0, 0.01]
					},
					"position": {
						"0.0": [0, 0, 0],
						"0.2917": {
							"pre": [0, -1.5, -3.3],
							"post": [0, -1.5, -3.3],
							"lerp_mode": "catmullrom"
						},
						"0.5": {
							"post": [0.1, -0.73, -3.88],
							"lerp_mode": "catmullrom"
						},
						"0.6667": {
							"post": [0, 0, -4],
							"lerp_mode": "catmullrom"
						},
						"1.0": {
							"post": [0, 0, -4],
							"lerp_mode": "catmullrom"
						},
						"1.2917": {
							"post": [0.25, 0, -4.21],
							"lerp_mode": "catmullrom"
						},
						"1.7083": {
							"post": [0, 0, -4],
							"lerp_mode": "catmullrom"
						},
						"2.25": {
							"post": [1, 0, -3.8],
							"lerp_mode": "catmullrom"
						},
						"2.7083": {
							"post": [1, 0, -3.8],
							"lerp_mode": "catmullrom"
						},
						"3.5": {
							"post": [1, 0, -3.8],
							"lerp_mode": "catmullrom"
						},
						"4.0833": {
							"post": [-3.34, 0.4, -8.3],
							"lerp_mode": "catmullrom"
						},
						"4.5": {
							"post": [-3.15, -0.2, -8.84],
							"lerp_mode": "catmullrom"
						},
						"4.6667": {
							"post": [-3.15, -0.2, -9.24],
							"lerp_mode": "catmullrom"
						},
						"5.0": {
							"post": [-3.15, -0.2, -8.84],
							"lerp_mode": "catmullrom"
						},
						"5.2917": {
							"post": [-3.08, -0.18, -9],
							"lerp_mode": "catmullrom"
						},
						"5.4583": {
							"post": [-2.93, -0.72, -9.21],
							"lerp_mode": "catmullrom"
						},
						"5.6667": {
							"post": [-2.75, -1.43, -9.46],
							"lerp_mode": "catmullrom"
						},
						"6.2083": {
							"post": [-2.93, -0.72, -9.21],
							"lerp_mode": "catmullrom"
						},
						"6.4583": {
							"post": [-3.06, -1.09, -9.09],
							"lerp_mode": "catmullrom"
						},
						"6.875": {
							"post": [-3.34, 0.1, -8.3],
							"lerp_mode": "catmullrom"
						},
						"7.25": {
							"post": [-2.34, 0.1, -4.4],
							"lerp_mode": "catmullrom"
						},
						"7.4167": {
							"post": [-2.07, 0.2, -4.13],
							"lerp_mode": "catmullrom"
						},
						"7.5": {
							"post": [-1.94, -0.22, -4.21],
							"lerp_mode": "catmullrom"
						},
						"7.7917": {
							"post": [-2.11, 0.09, -3.96],
							"lerp_mode": "catmullrom"
						},
						"8.2083": {
							"post": [0, 0, -1.6],
							"lerp_mode": "catmullrom"
						},
						"8.4167": [0, 0, 0.2],
						"8.5417": [0, 0, 0]
					}
				},
				"lefthand": {
					"rotation": {
						"0.0": [0, 0, 0],
						"1.625": [0, 0, 0],
						"2.0833": [-36.59723, 2.49867, 3.18037],
						"3.7083": [-36.6, 2.5, 3.18],
						"4.0": [-20.39213, 9.23472, 1.25881],
						"7.8333": [-20.39213, 9.23472, 1.25881],
						"8.2917": [0, 0, 0]
					},
					"position": {
						"0.0": [0, 0, 0],
						"1.625": [0, 0, 0],
						"2.0833": [1.4, -2.7, -0.8],
						"3.7083": [1.4, -2.7, -0.8],
						"4.0": [3.5, 0.1, 2.8],
						"7.8333": [3.5, 0.1, 2.8],
						"8.2917": [0, 0, 0]
					}
				},
				"barrel": {
					"rotation": {
						"4.5417": [0, 0, 0],
						"4.6667": [0, -5, 0],
						"7.375": [0, -5, 0],
						"7.4583": [0, 0, 0]
					},
					"position": {
						"4.5417": [0, 0, 0],
						"4.6667": [0, 0, 0],
						"4.7083": [-0.43, -0.13, 4.85],
						"5.0833": [-4.3, -1.3, 48.5],
						"5.4167": [-4.3, -1.3, 48.5],
						"5.75": [-2.27, -0.69, 25.67],
						"6.0833": [-0.43, -0.13, 4.85],
						"6.2083": [-0.43, -0.13, 4.85],
						"6.4583": [-0.43, -0.13, 5.85],
						"6.7083": [0, 0, 0],
						"6.7917": [0, 0, 0],
						"7.375": [0, 0, 0],
						"7.4583": [0, 0, 0]
					}
				},
				"barrelcover": {
					"rotation": {
						"4.5417": [0, 0, 0],
						"4.6667": [0, -55, 0],
						"7.375": [0, -55, 0],
						"7.4583": [0, 0, 0]
					},
					"position": {
						"4.5417": [0, 0, 0],
						"7.375": [0, 0, 0],
						"7.4583": [0, 0, 0]
					}
				},
				"righthand": {
					"rotation": {
						"0.0": [0, 0, 0],
						"4.0833": [0, 0, 0],
						"4.4167": [10.69, 1.87, 5.71],
						"4.5417": [10.69, 1.87, 5.71],
						"4.6667": [11.65221, 27.39453, 10.79303],
						"4.7917": [11.65221, 27.39453, 10.79303],
						"4.9583": [11.65, 27.39, 10.79],
						"5.125": [11.65, 27.39, 10.79],
						"5.2917": [11.65, 27.39, 10.79],
						"5.75": [10.68306, 2.84797, 5.89341],
						"6.9583": [10.68, 2.85, 5.89],
						"7.25": [11.65221, 27.39453, 10.79303],
						"7.375": [11.65, 27.39, 10.79],
						"7.4583": [10.69, 1.87, 5.71],
						"7.625": [10.69, 1.87, 5.71],
						"8.0833": [0, 0, 0]
					},
					"position": {
						"0.0": [0, 0, 0],
						"4.0833": [0, 0, 0],
						"4.25": [-3.75, 1.25, -5.5],
						"4.4167": [-2.5, 4.1, -5.7],
						"4.5417": [-2.5, 4.1, -5.7],
						"4.5833": [-2.64, 4.14, -4.27],
						"4.625": [-1.97, 4.17, -3.83],
						"4.6667": [-1.1, 4.2, -3.8],
						"4.7917": [-1.1, 4.2, -3.8],
						"4.9583": [-1.1, 4.2, -3.8],
						"5.125": [-2.1, 3.2, 6.2],
						"5.2917": [-3.1, 2.2, 16.2],
						"5.75": [-5.9, 3.7, 16.1],
						"6.0833": [-4.2, 4.2, -4.8],
						"6.2083": [-4.2, 4.2, -4.8],
						"6.375": [-4.5, 4.2, -1.7],
						"6.4583": [-4.5, 4.2, -1.7],
						"6.7083": [-3.9, 4.5, -6.6],
						"6.9583": [-3.9, 4.5, -6.6],
						"7.25": [-1.1, 4.2, -3.8],
						"7.375": [-1.1, 4.2, -3.8],
						"7.4583": [-2.5, 4.1, -5.7],
						"7.625": [-2.5, 4.1, -5.7],
						"8.0833": [0, 0, 0]
					}
				},
				"camera": {
					"rotation": {
						"0.0": [0, 0, 0],
						"0.8333": {
							"pre": [2, 5, 0],
							"post": [2, 5, 0],
							"lerp_mode": "catmullrom"
						},
						"1.7083": {
							"post": [2, 5, 0],
							"lerp_mode": "catmullrom"
						},
						"2.4167": {
							"post": [4.984, 2.01137, -0.26151],
							"lerp_mode": "catmullrom"
						},
						"3.6667": {
							"post": [4.98, 2.01, -0.26],
							"lerp_mode": "catmullrom"
						},
						"4.4583": {
							"post": [6.97676, -0.98232, -0.48563],
							"lerp_mode": "catmullrom"
						},
						"4.75": {
							"post": [6.98, -0.98, -0.49],
							"lerp_mode": "catmullrom"
						},
						"5.0": {
							"post": [12.98, -0.98, -0.49],
							"lerp_mode": "catmullrom"
						},
						"5.25": {
							"post": [12.98, -0.98, -0.49],
							"lerp_mode": "catmullrom"
						},
						"5.7917": {
							"post": [6.98, -0.98, -0.49],
							"lerp_mode": "catmullrom"
						},
						"6.0417": {
							"post": [8.98, -0.98, -0.49],
							"lerp_mode": "catmullrom"
						},
						"6.2917": {
							"post": [6.98, -0.98, -0.49],
							"lerp_mode": "catmullrom"
						},
						"6.7083": {
							"post": [3.98, -0.98, -0.49],
							"lerp_mode": "catmullrom"
						},
						"6.9167": {
							"post": [3.98, -0.98, -0.49],
							"lerp_mode": "catmullrom"
						},
						"7.375": {
							"post": [2.98004, 1.01518, -0.35119],
							"lerp_mode": "catmullrom"
						},
						"8.1667": [0, 0, 0]
					}
				}
			},
			"sound_effects": {
				"0.0": {
					"effect": "hinamg_inspect"
				}
			}
		},
		"inspect_empty": {
			"animation_length": 8.6,
			"bones": {
				"7": {
					"rotation": {
						"0.0": {
							"post": [0, 0, 0],
							"lerp_mode": "catmullrom"
						},
						"0.4583": {
							"post": [0, 0, -10],
							"lerp_mode": "catmullrom"
						},
						"0.7083": {
							"post": [0, 0, 4.02],
							"lerp_mode": "catmullrom"
						},
						"0.7917": {
							"post": [0, 0, 7],
							"lerp_mode": "catmullrom"
						},
						"1.0833": {
							"post": [0, 0, -3],
							"lerp_mode": "catmullrom"
						},
						"1.375": {
							"post": [0, 0, 5],
							"lerp_mode": "catmullrom"
						},
						"1.7917": [0, 0, 1],
						"2.5": {
							"pre": [0, 0, -10],
							"post": [0, 0, -10],
							"lerp_mode": "catmullrom"
						},
						"3.0833": {
							"post": [0, 0, 4.02],
							"lerp_mode": "catmullrom"
						},
						"3.9167": {
							"post": [0, 0, -10],
							"lerp_mode": "catmullrom"
						},
						"7.9167": {
							"post": [0, 0, -10],
							"lerp_mode": "catmullrom"
						},
						"8.4583": {
							"post": [0, 0, 0],
							"lerp_mode": "catmullrom"
						}
					},
					"position": {
						"0.0": {
							"post": [0, 0, 0],
							"lerp_mode": "catmullrom"
						},
						"0.4583": {
							"post": [0.1, 0, 0],
							"lerp_mode": "catmullrom"
						},
						"0.7083": {
							"post": [0.02, 0, 0],
							"lerp_mode": "catmullrom"
						},
						"0.7917": {
							"post": [0, 0, 0],
							"lerp_mode": "catmullrom"
						},
						"1.0833": {
							"post": [0, 0, 0],
							"lerp_mode": "catmullrom"
						},
						"1.375": {
							"post": [0, 0, 0],
							"lerp_mode": "catmullrom"
						},
						"1.7917": [0, 0, 0],
						"2.5": {
							"pre": [0.1, 0, 0],
							"post": [0.1, 0, 0],
							"lerp_mode": "catmullrom"
						},
						"3.0833": {
							"post": [0.02, 0, 0],
							"lerp_mode": "catmullrom"
						},
						"3.9167": {
							"post": [0.1, 0, 0],
							"lerp_mode": "catmullrom"
						},
						"7.9167": {
							"post": [0.1, 0, 0],
							"lerp_mode": "catmullrom"
						},
						"8.4583": {
							"post": [0, 0, 0],
							"lerp_mode": "catmullrom"
						}
					}
				},
				"9": {
					"rotation": {
						"0.0": {
							"post": [0, 0, 0],
							"lerp_mode": "catmullrom"
						},
						"0.4583": {
							"post": [0, 0, -17],
							"lerp_mode": "catmullrom"
						},
						"0.7083": {
							"post": [0, 0, 12.39],
							"lerp_mode": "catmullrom"
						},
						"0.7917": {
							"post": [0, 0, 18],
							"lerp_mode": "catmullrom"
						},
						"1.0833": [0, 0, -9],
						"1.375": [0, 0, 3],
						"1.7917": {
							"pre": [0, 0, 0],
							"post": [0, 0, 0],
							"lerp_mode": "catmullrom"
						},
						"2.5": {
							"post": [0, 0, -17],
							"lerp_mode": "catmullrom"
						},
						"3.0833": {
							"post": [0, 0, 12.39],
							"lerp_mode": "catmullrom"
						},
						"3.9167": {
							"post": [0, 0, -17],
							"lerp_mode": "catmullrom"
						},
						"7.9167": {
							"post": [0, 0, -17],
							"lerp_mode": "catmullrom"
						},
						"8.4583": {
							"post": [0, 0, 0],
							"lerp_mode": "catmullrom"
						}
					},
					"position": {
						"0.0": {
							"post": [0, 0, 0],
							"lerp_mode": "catmullrom"
						},
						"0.4583": {
							"post": [0.4, 0, 0],
							"lerp_mode": "catmullrom"
						},
						"0.7083": {
							"post": [-0.18, 0.09, 0],
							"lerp_mode": "catmullrom"
						},
						"0.7917": {
							"post": [-0.3, 0.1, 0],
							"lerp_mode": "catmullrom"
						},
						"1.0833": [0.2, 0, 0],
						"1.375": [-0.1, 0, 0],
						"1.7917": {
							"pre": [0, 0, 0],
							"post": [0, 0, 0],
							"lerp_mode": "catmullrom"
						},
						"2.5": {
							"post": [0.4, 0, 0],
							"lerp_mode": "catmullrom"
						},
						"3.0833": {
							"post": [-0.18, 0.09, 0],
							"lerp_mode": "catmullrom"
						},
						"3.9167": {
							"post": [0.4, 0, 0],
							"lerp_mode": "catmullrom"
						},
						"7.9167": {
							"post": [0.4, 0, 0],
							"lerp_mode": "catmullrom"
						},
						"8.4583": {
							"post": [0, 0, 0],
							"lerp_mode": "catmullrom"
						}
					}
				},
				"10": {
					"rotation": {
						"0.0": {
							"post": [0, 0, 0],
							"lerp_mode": "catmullrom"
						},
						"0.4583": {
							"post": [0, 0, -32],
							"lerp_mode": "catmullrom"
						},
						"0.7083": {
							"post": [0, 0, 13.54],
							"lerp_mode": "catmullrom"
						},
						"0.7917": {
							"post": [0, 0, 23],
							"lerp_mode": "catmullrom"
						},
						"1.0833": [0, 0, -12],
						"1.375": [0, 0, 2],
						"1.7917": {
							"pre": [0, 0, 0],
							"post": [0, 0, 0],
							"lerp_mode": "catmullrom"
						},
						"2.5": {
							"post": [0, 0, -32],
							"lerp_mode": "catmullrom"
						},
						"3.0833": {
							"post": [0, 0, 13.54],
							"lerp_mode": "catmullrom"
						},
						"3.9167": {
							"post": [0, 0, -32],
							"lerp_mode": "catmullrom"
						},
						"7.9167": {
							"post": [0, 0, -32],
							"lerp_mode": "catmullrom"
						},
						"8.4583": {
							"post": [0, 0, 0],
							"lerp_mode": "catmullrom"
						}
					},
					"position": {
						"0.0": {
							"post": [0, 0, 0],
							"lerp_mode": "catmullrom"
						},
						"0.4583": {
							"post": [0.9, 0, 0],
							"lerp_mode": "catmullrom"
						},
						"0.7083": {
							"post": [-0.43, 0.17, 0],
							"lerp_mode": "catmullrom"
						},
						"0.7917": {
							"post": [-0.7, 0.2, 0],
							"lerp_mode": "catmullrom"
						},
						"1.0833": [0.4, 0, 0],
						"1.375": [-0.1, 0, 0],
						"1.7917": {
							"pre": [0, 0, 0],
							"post": [0, 0, 0],
							"lerp_mode": "catmullrom"
						},
						"2.5": {
							"post": [0.9, 0, 0],
							"lerp_mode": "catmullrom"
						},
						"3.0833": {
							"post": [-0.43, 0.17, 0],
							"lerp_mode": "catmullrom"
						},
						"3.9167": {
							"post": [0.9, 0, 0],
							"lerp_mode": "catmullrom"
						},
						"7.9167": {
							"post": [0.9, 0, 0],
							"lerp_mode": "catmullrom"
						},
						"8.4583": {
							"post": [0, 0, 0],
							"lerp_mode": "catmullrom"
						}
					}
				},
				"11": {
					"rotation": {
						"0.0": {
							"post": [0, 0, 0],
							"lerp_mode": "catmullrom"
						},
						"0.4583": {
							"post": [0, 0, -44],
							"lerp_mode": "catmullrom"
						},
						"0.7083": {
							"post": [0, 0, 14.72],
							"lerp_mode": "catmullrom"
						},
						"0.7917": {
							"post": [0, 0, 27.5],
							"lerp_mode": "catmullrom"
						},
						"1.0833": [0, 0, -12],
						"1.375": [0, 0, 3],
						"1.7917": {
							"pre": [0, 0, 0],
							"post": [0, 0, 0],
							"lerp_mode": "catmullrom"
						},
						"2.5": {
							"post": [0, 0, -44],
							"lerp_mode": "catmullrom"
						},
						"3.0833": {
							"post": [0, 0, 14.72],
							"lerp_mode": "catmullrom"
						},
						"3.9167": {
							"post": [0, 0, -44],
							"lerp_mode": "catmullrom"
						},
						"7.9167": {
							"post": [0, 0, -44],
							"lerp_mode": "catmullrom"
						},
						"8.4583": {
							"post": [0, 0, 0],
							"lerp_mode": "catmullrom"
						}
					},
					"position": {
						"0.0": {
							"post": [0, 0, 0],
							"lerp_mode": "catmullrom"
						},
						"0.4583": {
							"post": [1.4, 0.1, 0],
							"lerp_mode": "catmullrom"
						},
						"0.7083": {
							"post": [-0.59, 0.28, 0],
							"lerp_mode": "catmullrom"
						},
						"0.7917": {
							"post": [-1, 0.3, 0],
							"lerp_mode": "catmullrom"
						},
						"1.0833": [0.6, 0, 0],
						"1.375": [-0.1, 0, 0],
						"1.7917": {
							"pre": [0, 0, 0],
							"post": [0, 0, 0],
							"lerp_mode": "catmullrom"
						},
						"2.5": {
							"post": [1.4, 0.1, 0],
							"lerp_mode": "catmullrom"
						},
						"3.0833": {
							"post": [-0.59, 0.28, 0],
							"lerp_mode": "catmullrom"
						},
						"3.9167": {
							"post": [1.4, 0.1, 0],
							"lerp_mode": "catmullrom"
						},
						"7.9167": {
							"post": [1.4, 0.1, 0],
							"lerp_mode": "catmullrom"
						},
						"8.4583": {
							"post": [0, 0, 0],
							"lerp_mode": "catmullrom"
						}
					}
				},
				"root": {
					"relative_to": {
						"rotation": "entity"
					},
					"rotation": {
						"0.0": [0, 0, 0.01],
						"0.2917": {
							"pre": [-1.2717, -17.84751, -4.1623],
							"post": [-1.2717, -17.84751, -4.1623],
							"lerp_mode": "catmullrom"
						},
						"0.6667": {
							"post": [-13.87154, -28.82764, -0.70902],
							"lerp_mode": "catmullrom"
						},
						"1.0": {
							"post": [-13.87, -28.83, -0.71],
							"lerp_mode": "catmullrom"
						},
						"1.2917": {
							"post": [-13.33, -28.5, -3.97],
							"lerp_mode": "catmullrom"
						},
						"1.7083": {
							"post": [-13.87, -28.83, -0.71],
							"lerp_mode": "catmullrom"
						},
						"2.25": {
							"post": [-24.76021, -35.53267, 4.56101],
							"lerp_mode": "catmullrom"
						},
						"2.7083": {
							"post": [-24.76, -35.53, 4.56],
							"lerp_mode": "catmullrom"
						},
						"3.5": {
							"post": [-24.76, -35.53, 4.56],
							"lerp_mode": "catmullrom"
						},
						"4.0833": {
							"post": [-47.38904, 40.64806, 28.68053],
							"lerp_mode": "catmullrom"
						},
						"4.5": {
							"post": [-49.85687, 44.95984, 28.89678],
							"lerp_mode": "catmullrom"
						},
						"4.6667": {
							"post": [-48.61785, 44.52668, 26.75857],
							"lerp_mode": "catmullrom"
						},
						"5.0": {
							"post": [-49.85687, 44.95984, 28.89678],
							"lerp_mode": "catmullrom"
						},
						"5.2917": {
							"post": [-51.12372, 45.24626, 27.0004],
							"lerp_mode": "catmullrom"
						},
						"5.4583": {
							"post": [-51.71, 45.35, 26.45],
							"lerp_mode": "catmullrom"
						},
						"5.6667": {
							"post": [-52.25959, 45.39606, 26.03953],
							"lerp_mode": "catmullrom"
						},
						"6.2083": {
							"post": [-51.71, 45.35, 26.45],
							"lerp_mode": "catmullrom"
						},
						"6.4583": {
							"post": [-51.31, 44.99, 26.67],
							"lerp_mode": "catmullrom"
						},
						"6.875": {
							"post": [-47.39, 40.65, 28.68],
							"lerp_mode": "catmullrom"
						},
						"7.25": {
							"post": [-24.81894, 14.75244, 40.03855],
							"lerp_mode": "catmullrom"
						},
						"7.4167": {
							"post": [-23.24, 12.89, 42.03],
							"lerp_mode": "catmullrom"
						},
						"7.5": {
							"post": [-23.68, 13.36, 43.74],
							"lerp_mode": "catmullrom"
						},
						"7.7917": {
							"post": [-22.34, 13.28, 36.04],
							"lerp_mode": "catmullrom"
						},
						"8.2083": {
							"post": [-1, 0, 0],
							"lerp_mode": "catmullrom"
						},
						"8.4167": [0, 0, 0.01],
						"8.5417": [0, 0, 0.01]
					},
					"position": {
						"0.0": [0, 0, 0],
						"0.2917": {
							"pre": [0, -1.5, -3.3],
							"post": [0, -1.5, -3.3],
							"lerp_mode": "catmullrom"
						},
						"0.5": {
							"post": [0.1, -0.73, -3.88],
							"lerp_mode": "catmullrom"
						},
						"0.6667": {
							"post": [0, 0, -4],
							"lerp_mode": "catmullrom"
						},
						"1.0": {
							"post": [0, 0, -4],
							"lerp_mode": "catmullrom"
						},
						"1.2917": {
							"post": [0.25, 0, -4.21],
							"lerp_mode": "catmullrom"
						},
						"1.7083": {
							"post": [0, 0, -4],
							"lerp_mode": "catmullrom"
						},
						"2.25": {
							"post": [1, 0, -3.8],
							"lerp_mode": "catmullrom"
						},
						"2.7083": {
							"post": [1, 0, -3.8],
							"lerp_mode": "catmullrom"
						},
						"3.5": {
							"post": [1, 0, -3.8],
							"lerp_mode": "catmullrom"
						},
						"4.0833": {
							"post": [-3.34, 0.4, -8.3],
							"lerp_mode": "catmullrom"
						},
						"4.5": {
							"post": [-3.15, -0.2, -8.84],
							"lerp_mode": "catmullrom"
						},
						"4.6667": {
							"post": [-3.15, -0.2, -9.24],
							"lerp_mode": "catmullrom"
						},
						"5.0": {
							"post": [-3.15, -0.2, -8.84],
							"lerp_mode": "catmullrom"
						},
						"5.2917": {
							"post": [-3.08, -0.18, -9],
							"lerp_mode": "catmullrom"
						},
						"5.4583": {
							"post": [-2.93, -0.72, -9.21],
							"lerp_mode": "catmullrom"
						},
						"5.6667": {
							"post": [-2.75, -1.43, -9.46],
							"lerp_mode": "catmullrom"
						},
						"6.2083": {
							"post": [-2.93, -0.72, -9.21],
							"lerp_mode": "catmullrom"
						},
						"6.4583": {
							"post": [-3.06, -1.09, -9.09],
							"lerp_mode": "catmullrom"
						},
						"6.875": {
							"post": [-3.34, 0.1, -8.3],
							"lerp_mode": "catmullrom"
						},
						"7.25": {
							"post": [-2.34, 0.1, -4.4],
							"lerp_mode": "catmullrom"
						},
						"7.4167": {
							"post": [-2.07, 0.2, -4.13],
							"lerp_mode": "catmullrom"
						},
						"7.5": {
							"post": [-1.94, -0.22, -4.21],
							"lerp_mode": "catmullrom"
						},
						"7.7917": {
							"post": [-2.11, 0.09, -3.96],
							"lerp_mode": "catmullrom"
						},
						"8.2083": {
							"post": [0, 0, -1.6],
							"lerp_mode": "catmullrom"
						},
						"8.4167": [0, 0, 0.2],
						"8.5417": [0, 0, 0]
					}
				},
				"lefthand": {
					"rotation": {
						"0.0": [0, 0, 0],
						"1.625": [0, 0, 0],
						"2.0833": [-36.59723, 2.49867, 3.18037],
						"3.7083": [-36.6, 2.5, 3.18],
						"4.0": [-20.39213, 9.23472, 1.25881],
						"7.8333": [-20.39213, 9.23472, 1.25881],
						"8.2917": [0, 0, 0]
					},
					"position": {
						"0.0": [0, 0, 0],
						"1.625": [0, 0, 0],
						"2.0833": [1.4, -2.7, -0.8],
						"3.7083": [1.4, -2.7, -0.8],
						"4.0": [3.5, 0.1, 2.8],
						"7.8333": [3.5, 0.1, 2.8],
						"8.2917": [0, 0, 0]
					}
				},
				"barrel": {
					"rotation": {
						"4.5417": [0, 0, 0],
						"4.6667": [0, -5, 0],
						"7.375": [0, -5, 0],
						"7.4583": [0, 0, 0]
					},
					"position": {
						"4.5417": [0, 0, 0],
						"4.6667": [0, 0, 0],
						"4.7083": [-0.43, -0.13, 4.85],
						"5.0833": [-4.3, -1.3, 48.5],
						"5.4167": [-4.3, -1.3, 48.5],
						"5.75": [-2.27, -0.69, 25.67],
						"6.0833": [-0.43, -0.13, 4.85],
						"6.2083": [-0.43, -0.13, 4.85],
						"6.4583": [-0.43, -0.13, 5.85],
						"6.7083": [0, 0, 0],
						"6.7917": [0, 0, 0],
						"7.375": [0, 0, 0],
						"7.4583": [0, 0, 0]
					}
				},
				"barrelcover": {
					"rotation": {
						"4.5417": [0, 0, 0],
						"4.6667": [0, -55, 0],
						"7.375": [0, -55, 0],
						"7.4583": [0, 0, 0]
					},
					"position": {
						"4.5417": [0, 0, 0],
						"7.375": [0, 0, 0],
						"7.4583": [0, 0, 0]
					}
				},
				"righthand": {
					"rotation": {
						"0.0": [0, 0, 0],
						"4.0833": [0, 0, 0],
						"4.4167": [10.69, 1.87, 5.71],
						"4.5417": [10.69, 1.87, 5.71],
						"4.6667": [11.65221, 27.39453, 10.79303],
						"4.7917": [11.65221, 27.39453, 10.79303],
						"4.9583": [11.65, 27.39, 10.79],
						"5.125": [11.65, 27.39, 10.79],
						"5.2917": [11.65, 27.39, 10.79],
						"5.75": [10.68306, 2.84797, 5.89341],
						"6.9583": [10.68, 2.85, 5.89],
						"7.25": [11.65221, 27.39453, 10.79303],
						"7.375": [11.65, 27.39, 10.79],
						"7.4583": [10.69, 1.87, 5.71],
						"7.625": [10.69, 1.87, 5.71],
						"8.0833": [0, 0, 0]
					},
					"position": {
						"0.0": [0, 0, 0],
						"4.0833": [0, 0, 0],
						"4.25": [-3.75, 1.25, -5.5],
						"4.4167": [-2.5, 4.1, -5.7],
						"4.5417": [-2.5, 4.1, -5.7],
						"4.5833": [-2.64, 4.14, -4.27],
						"4.625": [-1.97, 4.17, -3.83],
						"4.6667": [-1.1, 4.2, -3.8],
						"4.7917": [-1.1, 4.2, -3.8],
						"4.9583": [-1.1, 4.2, -3.8],
						"5.125": [-2.1, 3.2, 6.2],
						"5.2917": [-3.1, 2.2, 16.2],
						"5.75": [-5.9, 3.7, 16.1],
						"6.0833": [-4.2, 4.2, -4.8],
						"6.2083": [-4.2, 4.2, -4.8],
						"6.375": [-4.5, 4.2, -1.7],
						"6.4583": [-4.5, 4.2, -1.7],
						"6.7083": [-3.9, 4.5, -6.6],
						"6.9583": [-3.9, 4.5, -6.6],
						"7.25": [-1.1, 4.2, -3.8],
						"7.375": [-1.1, 4.2, -3.8],
						"7.4583": [-2.5, 4.1, -5.7],
						"7.625": [-2.5, 4.1, -5.7],
						"8.0833": [0, 0, 0]
					}
				},
				"magazine": {
					"scale": 0
				},
				"camera": {
					"rotation": {
						"0.0": [0, 0, 0],
						"0.8333": {
							"pre": [2, 5, 0],
							"post": [2, 5, 0],
							"lerp_mode": "catmullrom"
						},
						"1.7083": {
							"post": [2, 5, 0],
							"lerp_mode": "catmullrom"
						},
						"2.4167": {
							"post": [4.984, 2.01137, -0.26151],
							"lerp_mode": "catmullrom"
						},
						"3.6667": {
							"post": [4.98, 2.01, -0.26],
							"lerp_mode": "catmullrom"
						},
						"4.4583": {
							"post": [6.97676, -0.98232, -0.48563],
							"lerp_mode": "catmullrom"
						},
						"4.75": {
							"post": [6.98, -0.98, -0.49],
							"lerp_mode": "catmullrom"
						},
						"5.0": {
							"post": [12.98, -0.98, -0.49],
							"lerp_mode": "catmullrom"
						},
						"5.25": {
							"post": [12.98, -0.98, -0.49],
							"lerp_mode": "catmullrom"
						},
						"5.7917": {
							"post": [6.98, -0.98, -0.49],
							"lerp_mode": "catmullrom"
						},
						"6.0417": {
							"post": [8.98, -0.98, -0.49],
							"lerp_mode": "catmullrom"
						},
						"6.2917": {
							"post": [6.98, -0.98, -0.49],
							"lerp_mode": "catmullrom"
						},
						"6.7083": {
							"post": [3.98, -0.98, -0.49],
							"lerp_mode": "catmullrom"
						},
						"6.9167": {
							"post": [3.98, -0.98, -0.49],
							"lerp_mode": "catmullrom"
						},
						"7.375": {
							"post": [2.98004, 1.01518, -0.35119],
							"lerp_mode": "catmullrom"
						},
						"8.1667": [0, 0, 0]
					}
				}
			},
			"sound_effects": {
				"0.0": {
					"effect": "hinamg_inspect"
				}
			}
		}
	}
}