{
	"format_version": "1.8.0",
	"animations": {
		"static_idle": {
			"animation_length": 0.0417,
			"bones": {
				"constraint": {
					"rotation": [0.2, 0.2, 0.2],
					"position": [0.2, 0.2, 0.2]
				},
				"root": {
					"rotation": [0, 0, 0],
					"position": [0, 0, 0]
				},
				"lefthand": {
					"rotation": [0, 0, 0],
					"position": [0, 0, 0]
				},
				"righthand": {
					"rotation": [0, 0, 0],
					"position": [0, 0, 0]
				}
			}
		},
		"reload_tactical": {
			"animation_length": 4.25,
			"bones": {
				"root": {
					"rotation": {
						"0.0": [0, 0, 0],
						"0.35": {
							"pre": [-23.23294, -8.46809, 22.43835],
							"post": [-23.23294, -8.46809, 22.43835],
							"lerp_mode": "catmullrom"
						},
						"0.65": {
							"post": [-21.94155, -9.22206, 20.56446],
							"lerp_mode": "catmullrom"
						},
						"0.85": {
							"post": [-23.23, -8.47, 22.44],
							"lerp_mode": "catmullrom"
						},
						"1.0": {
							"post": [-23.70042, -7.27303, 25.32709],
							"lerp_mode": "catmullrom"
						},
						"1.2": {
							"post": [-23.62454, -8.11284, 23.65471],
							"lerp_mode": "catmullrom"
						},
						"1.4": {
							"post": [-23.25451, -9.38491, 20.8255],
							"lerp_mode": "catmullrom"
						},
						"1.65": {
							"post": [-23.97196, -8.66201, 23.18268],
							"lerp_mode": "catmullrom"
						},
						"1.8": {
							"post": [-23.95695, -9.52684, 21.69103],
							"lerp_mode": "catmullrom"
						},
						"2.0": {
							"post": [-24.99304, -9.95789, 21.02357],
							"lerp_mode": "catmullrom"
						},
						"2.2": {
							"post": [-24.10492, -12.39373, 16.00203],
							"lerp_mode": "catmullrom"
						},
						"2.35": {
							"post": [-24.80173, -11.13686, 19.33583],
							"lerp_mode": "catmullrom"
						},
						"2.45": {
							"post": [-22.94793, -12.89707, 15.41373],
							"lerp_mode": "catmullrom"
						},
						"2.65": {
							"post": [-23.53, -12.25, 17.34],
							"lerp_mode": "catmullrom"
						},
						"3.0": {
							"post": [-23.23, -8.47, 22.44],
							"lerp_mode": "catmullrom"
						},
						"3.55": {
							"post": [1, 0, 0],
							"lerp_mode": "catmullrom"
						},
						"3.9": {
							"post": [0, 0, 0],
							"lerp_mode": "catmullrom"
						},
						"4.25": [0, 0, 0]
					},
					"position": {
						"0.0": [0, 0, 0],
						"0.35": {
							"pre": [-3.4, 0, 4.4],
							"post": [-3.4, 0, 4.4],
							"lerp_mode": "catmullrom"
						},
						"0.65": {
							"post": [-3.4, 0, 4.1],
							"lerp_mode": "catmullrom"
						},
						"0.85": {
							"post": [-3.4, 0, 4.4],
							"lerp_mode": "catmullrom"
						},
						"1.0": {
							"post": [-3.41, -0.3, 4.42],
							"lerp_mode": "catmullrom"
						},
						"1.2": {
							"post": [-3.43, 0.11, 4.16],
							"lerp_mode": "catmullrom"
						},
						"1.4": {
							"post": [-3.44, -0.08, 3.68],
							"lerp_mode": "catmullrom"
						},
						"1.65": {
							"post": [-3.2, -0.08, 3.67],
							"lerp_mode": "catmullrom"
						},
						"1.8": {
							"post": [-3.26, -0.07, 3.65],
							"lerp_mode": "catmullrom"
						},
						"2.0": {
							"post": [-3.12, -0.06, 3.1],
							"lerp_mode": "catmullrom"
						},
						"2.2": {
							"post": [-2.31, -0.95, 3.35],
							"lerp_mode": "catmullrom"
						},
						"2.35": {
							"post": [-2.55, -0.82, 3.71],
							"lerp_mode": "catmullrom"
						},
						"2.45": {
							"post": [-2.59, -1.32, 3.86],
							"lerp_mode": "catmullrom"
						},
						"2.65": {
							"post": [-2.87, -1.06, 4.14],
							"lerp_mode": "catmullrom"
						},
						"3.0": {
							"post": [-3.4, 0, 4.4],
							"lerp_mode": "catmullrom"
						},
						"3.55": {
							"post": [0, 0, -1.1],
							"lerp_mode": "catmullrom"
						},
						"3.9": {
							"post": [0, 0, 0.6],
							"lerp_mode": "catmullrom"
						},
						"4.25": [0, 0, 0]
					}
				},
				"magazine": {
					"rotation": {
						"0.65": [0, 0, 0],
						"1.0": [0, 0, 0],
						"2.05": [0, 0, 0],
						"2.1": [0, 0, 0],
						"2.25": [0, 0, 0],
						"2.35": [0, 0, 0],
						"2.4": [0, 0, 0],
						"2.5": [0, 0, 0]
					},
					"position": {
						"0.65": [0, 0, 0],
						"0.75": [0, 0, 0],
						"1.0": [7, 0, 0],
						"1.2": [7, 0, 10],
						"1.85": [7, 0, 10],
						"2.05": [7, 0, 0],
						"2.1": [7, 0, 0],
						"2.25": [1, 0, 0],
						"2.35": [1, 0, 0],
						"2.4": [0, 0, 0],
						"2.5": [0, 0, 0]
					}
				},
				"lefthand": {
					"rotation": {
						"0.5": [0, 0, 0],
						"0.65": [0, 0, 0],
						"0.75": [0, 0, 0],
						"1.0": [0, 0, 0],
						"2.05": [0, 0, 0],
						"2.1": [0, 0, 0],
						"2.25": [0, 0, 0],
						"2.35": [0, 0, 0],
						"2.4": [0, 0, 0],
						"2.5": [0, 0, 0],
						"2.7": {
							"pre": [0, 0, 14],
							"post": [0, 0, 14],
							"lerp_mode": "catmullrom"
						},
						"2.9": {
							"post": [0, 0, 0],
							"lerp_mode": "catmullrom"
						}
					},
					"position": {
						"0.5": [0, 0, 0],
						"0.65": [3.8, 4.6, 6.2],
						"0.75": [3.8, 4.6, 6.2],
						"1.0": [10.8, 4.6, 6.2],
						"1.2": [10.8, 4.6, 16.2],
						"1.85": [10.8, 4.6, 16.2],
						"2.05": [10.8, 4.6, 6.2],
						"2.1": [10.8, 4.6, 6.2],
						"2.25": [4.8, 4.6, 6.2],
						"2.35": [4.8, 4.6, 6.2],
						"2.4": [3.8, 4.6, 6.2],
						"2.5": [3.8, 4.6, 6.2],
						"2.7": {
							"pre": [3.9, -0.9, -0.9],
							"post": [3.9, -0.9, -0.9],
							"lerp_mode": "catmullrom"
						},
						"2.9": {
							"post": [0, 0, 0],
							"lerp_mode": "catmullrom"
						}
					}
				},
				"righthand": {
					"rotation": {
						"0.15": [0, 0, 0],
						"0.35": [0, 0, 0],
						"2.9": [0, 0, 0],
						"3.15": {
							"pre": [0, 0, -18],
							"post": [0, 0, -18],
							"lerp_mode": "catmullrom"
						},
						"3.35": {
							"post": [0, 0, 0],
							"lerp_mode": "catmullrom"
						},
						"4.15": [0, 0, 0]
					},
					"position": {
						"0.15": [0, 0, 0],
						"0.25": [-4.9, 5.4, -6.25],
						"0.35": [-2.8, 10.8, -12.5],
						"2.9": [-2.8, 10.8, -12.5],
						"3.15": {
							"pre": [-4.7, 1.83, -5.36],
							"post": [-4.7, 1.83, -5.36],
							"lerp_mode": "catmullrom"
						},
						"3.35": {
							"post": [0, 0, 0],
							"lerp_mode": "catmullrom"
						},
						"4.15": [0, 0, 0]
					}
				},
				"camera": {
					"rotation": {
						"0.0": [0, 0, 0],
						"0.25": {
							"pre": [3.00731, 3.99451, 0.20968],
							"post": [3.00731, 3.99451, 0.20968],
							"lerp_mode": "catmullrom"
						},
						"0.45": {
							"post": [1.01, 3.99, 0.21],
							"lerp_mode": "catmullrom"
						},
						"0.6": {
							"post": [3.15683, 5.87955, 2.32221],
							"lerp_mode": "catmullrom"
						},
						"0.85": {
							"post": [3.56314, 5.64536, 6.33341],
							"lerp_mode": "catmullrom"
						},
						"1.1": {
							"post": [2.7374, 6.09014, -1.70008],
							"lerp_mode": "catmullrom"
						},
						"1.3": {
							"post": [3.15912, 5.88409, 2.31662],
							"lerp_mode": "catmullrom"
						},
						"1.45": {
							"post": [4.84724, 6.03723, -0.69216],
							"lerp_mode": "catmullrom"
						},
						"1.7": {
							"post": [1.26323, 4.82679, 3.30367],
							"lerp_mode": "catmullrom"
						},
						"2.0": {
							"post": [0.90368, 6.88629, 0.3232],
							"lerp_mode": "catmullrom"
						},
						"2.15": {
							"post": [1.02067, 6.87324, 1.32712],
							"lerp_mode": "catmullrom"
						},
						"2.3": {
							"post": [0.53599, 6.92434, -2.6988],
							"lerp_mode": "catmullrom"
						},
						"2.45": {
							"post": [1.1403, 6.85115, 2.33703],
							"lerp_mode": "catmullrom"
						},
						"2.55": {
							"post": [0.65713, 6.91276, -1.68854],
							"lerp_mode": "catmullrom"
						},
						"2.8": {
							"post": [-0.86496, 3.84773, 2.2436],
							"lerp_mode": "catmullrom"
						},
						"3.25": {
							"post": [-0.71935, 0.48016, 1.89513],
							"lerp_mode": "catmullrom"
						},
						"3.6": {
							"post": [-3.45, 0.06, 1.18],
							"lerp_mode": "catmullrom"
						},
						"3.85": {
							"post": [0.89394, 0.03621, -1.39118],
							"lerp_mode": "catmullrom"
						},
						"4.15": [0, 0, 0]
					}
				}
			},
			"sound_effects": {
				"0.0": {
					"effect": "m107_reload_fast_up"
				},
				"0.6": {
					"effect": "m107_reload_magout"
				},
				"0.65": {
					"effect": "m107_reload_mvmnt"
				},
				"2.2": {
					"effect": "m95_reload_magin"
				},
				"2.85": {
					"effect": "m107_reload_fast_shake"
				},
				"3.35": {
					"effect": "m107_reload_end"
				}
			}
		},
		"reload_empty": {
			"animation_length": 5.45,
			"bones": {
				"root": {
					"rotation": {
						"0.0": [0, 0, 0],
						"0.35": {
							"pre": [-23.23294, -8.46809, 22.43835],
							"post": [-23.23294, -8.46809, 22.43835],
							"lerp_mode": "catmullrom"
						},
						"0.65": {
							"post": [-21.94155, -9.22206, 20.56446],
							"lerp_mode": "catmullrom"
						},
						"0.85": {
							"post": [-23.23, -8.47, 22.44],
							"lerp_mode": "catmullrom"
						},
						"1.0": {
							"post": [-23.70042, -7.27303, 25.32709],
							"lerp_mode": "catmullrom"
						},
						"1.2": {
							"post": [-23.62454, -8.11284, 23.65471],
							"lerp_mode": "catmullrom"
						},
						"1.4": {
							"post": [-23.25451, -9.38491, 20.8255],
							"lerp_mode": "catmullrom"
						},
						"1.65": {
							"post": [-23.97196, -8.66201, 23.18268],
							"lerp_mode": "catmullrom"
						},
						"1.8": {
							"post": [-23.95695, -9.52684, 21.69103],
							"lerp_mode": "catmullrom"
						},
						"2.0": {
							"post": [-24.99304, -9.95789, 21.02357],
							"lerp_mode": "catmullrom"
						},
						"2.2": {
							"post": [-24.10492, -12.39373, 16.00203],
							"lerp_mode": "catmullrom"
						},
						"2.35": {
							"post": [-24.80173, -11.13686, 19.33583],
							"lerp_mode": "catmullrom"
						},
						"2.45": {
							"post": [-22.94793, -12.89707, 15.41373],
							"lerp_mode": "catmullrom"
						},
						"2.65": {
							"post": [-23.53, -12.25, 17.34],
							"lerp_mode": "catmullrom"
						},
						"3.0": {
							"post": [-23.23, -8.47, 22.44],
							"lerp_mode": "catmullrom"
						},
						"3.35": {
							"post": [-15.23, -8.47, 22.44],
							"lerp_mode": "catmullrom"
						},
						"3.55": {
							"post": [-15.40866, -7.83329, 25.75514],
							"lerp_mode": "catmullrom"
						},
						"3.7": {
							"post": [-17.65, -8.02, 25.82],
							"lerp_mode": "catmullrom"
						},
						"3.9": {
							"post": [-16.7, -8.48, 25.65],
							"lerp_mode": "catmullrom"
						},
						"4.05": {
							"post": [-14.52892, -9.38704, 23.55049],
							"lerp_mode": "catmullrom"
						},
						"4.2": {
							"post": [-14.69862, -9.98311, 22.40874],
							"lerp_mode": "catmullrom"
						},
						"4.35": {
							"post": [-15.23, -8.47, 22.44],
							"lerp_mode": "catmullrom"
						},
						"4.75": {
							"post": [1, 0, 0],
							"lerp_mode": "catmullrom"
						},
						"5.1": {
							"post": [0, 0, 0],
							"lerp_mode": "catmullrom"
						},
						"5.45": [0, 0, 0]
					},
					"position": {
						"0.0": [0, 0, 0],
						"0.35": {
							"pre": [-3.4, 0, 4.4],
							"post": [-3.4, 0, 4.4],
							"lerp_mode": "catmullrom"
						},
						"0.65": {
							"post": [-3.4, 0, 4.1],
							"lerp_mode": "catmullrom"
						},
						"0.85": {
							"post": [-3.4, 0, 4.4],
							"lerp_mode": "catmullrom"
						},
						"1.0": {
							"post": [-3.41, -0.3, 4.42],
							"lerp_mode": "catmullrom"
						},
						"1.2": {
							"post": [-3.43, 0.11, 4.16],
							"lerp_mode": "catmullrom"
						},
						"1.4": {
							"post": [-3.44, -0.08, 3.68],
							"lerp_mode": "catmullrom"
						},
						"1.65": {
							"post": [-3.2, -0.08, 3.67],
							"lerp_mode": "catmullrom"
						},
						"1.8": {
							"post": [-3.26, -0.07, 3.65],
							"lerp_mode": "catmullrom"
						},
						"2.0": {
							"post": [-3.12, -0.06, 3.1],
							"lerp_mode": "catmullrom"
						},
						"2.2": {
							"post": [-2.31, -0.95, 3.35],
							"lerp_mode": "catmullrom"
						},
						"2.35": {
							"post": [-2.55, -0.82, 3.71],
							"lerp_mode": "catmullrom"
						},
						"2.45": {
							"post": [-2.59, -1.32, 3.86],
							"lerp_mode": "catmullrom"
						},
						"2.65": {
							"post": [-2.87, -1.06, 4.14],
							"lerp_mode": "catmullrom"
						},
						"3.0": {
							"post": [-3.4, 0, 4.4],
							"lerp_mode": "catmullrom"
						},
						"3.35": {
							"post": [-3.4, 0.5, 1.1],
							"lerp_mode": "catmullrom"
						},
						"3.55": {
							"post": [-3.76, 0.54, 0.92],
							"lerp_mode": "catmullrom"
						},
						"3.7": {
							"post": [-3.98, 0.54, 1.47],
							"lerp_mode": "catmullrom"
						},
						"3.9": {
							"post": [-3.95, 0.55, 1.48],
							"lerp_mode": "catmullrom"
						},
						"4.05": {
							"post": [-3.71, 0.36, 0.95],
							"lerp_mode": "catmullrom"
						},
						"4.2": {
							"post": [-3.45, 0.37, 0.78],
							"lerp_mode": "catmullrom"
						},
						"4.35": {
							"post": [-3.4, 0.5, 1.1],
							"lerp_mode": "catmullrom"
						},
						"4.75": {
							"post": [0, 0, -1.1],
							"lerp_mode": "catmullrom"
						},
						"5.1": {
							"post": [0, 0, 0.6],
							"lerp_mode": "catmullrom"
						},
						"5.45": [0, 0, 0]
					}
				},
				"magazine": {
					"rotation": {
						"0.65": [0, 0, 0],
						"1.0": [0, 0, 0],
						"2.05": [0, 0, 0],
						"2.1": [0, 0, 0],
						"2.25": [0, 0, 0],
						"2.35": [0, 0, 0],
						"2.4": [0, 0, 0],
						"2.5": [0, 0, 0]
					},
					"position": {
						"0.65": [0, 0, 0],
						"0.75": [0, 0, 0],
						"1.0": [7, 0, 0],
						"1.2": [7, 0, 10],
						"1.85": [7, 0, 10],
						"2.05": [7, 0, 0],
						"2.1": [7, 0, 0],
						"2.25": [1, 0, 0],
						"2.35": [1, 0, 0],
						"2.4": [0, 0, 0],
						"2.5": [0, 0, 0]
					}
				},
				"lefthand": {
					"rotation": {
						"0.5": [0, 0, 0],
						"0.65": [0, 0, 0],
						"0.75": [0, 0, 0],
						"1.0": [0, 0, 0],
						"2.05": [0, 0, 0],
						"2.1": [0, 0, 0],
						"2.25": [0, 0, 0],
						"2.35": [0, 0, 0],
						"2.4": [0, 0, 0],
						"2.5": [0, 0, 0],
						"2.7": {
							"pre": [0, 0, 14],
							"post": [0, 0, 14],
							"lerp_mode": "catmullrom"
						},
						"2.9": {
							"post": [0, 0, 0],
							"lerp_mode": "catmullrom"
						}
					},
					"position": {
						"0.5": [0, 0, 0],
						"0.65": [3.8, 4.6, 6.2],
						"0.75": [3.8, 4.6, 6.2],
						"1.0": [10.8, 4.6, 6.2],
						"1.2": [10.8, 4.6, 16.2],
						"1.85": [10.8, 4.6, 16.2],
						"2.05": [10.8, 4.6, 6.2],
						"2.1": [10.8, 4.6, 6.2],
						"2.25": [4.8, 4.6, 6.2],
						"2.35": [4.8, 4.6, 6.2],
						"2.4": [3.8, 4.6, 6.2],
						"2.5": [3.8, 4.6, 6.2],
						"2.7": {
							"pre": [3.9, -0.9, -0.9],
							"post": [3.9, -0.9, -0.9],
							"lerp_mode": "catmullrom"
						},
						"2.9": {
							"post": [0, 0, 0],
							"lerp_mode": "catmullrom"
						}
					}
				},
				"action": {
					"rotation": {
						"3.4": [0, 0, 0],
						"3.5": [0, 0, 31],
						"3.55": [0, 0, 31],
						"4.0": [0, 0, 31],
						"4.05": [0, 0, 31],
						"4.1": [0, 0, 0],
						"4.2": [0, 0, 0]
					},
					"position": {
						"3.4": [0, 0, 0],
						"3.5": [0, 0, 0],
						"3.55": [0, 0, 0],
						"3.7": [0, 0, 5],
						"3.9": [0, 0, 5],
						"4.0": [0, 0, 0],
						"4.05": [0, 0, 0],
						"4.1": [0, 0, 0],
						"4.2": [0, 0, 0]
					}
				},
				"righthand": {
					"rotation": {
						"0.15": [0, 0, 0],
						"0.35": [0, 0, 0],
						"2.9": [0, 0, 0],
						"3.15": [0, 0, -18],
						"3.35": [0, 0, 0],
						"3.4": [0, 0, 0],
						"3.5": [0, 0, 19],
						"3.55": [0, 0, 19],
						"4.0": [0, 0, 19],
						"4.05": [0, 0, 19],
						"4.1": [0, 0, 0],
						"4.2": [0, 0, 0],
						"4.55": {
							"pre": [0, 0, 0],
							"post": [0, 0, 0],
							"lerp_mode": "catmullrom"
						},
						"5.35": [0, 0, 0]
					},
					"position": {
						"0.15": [0, 0, 0],
						"0.25": [-4.9, 5.4, -6.25],
						"0.35": [-2.8, 10.8, -12.5],
						"2.9": [-2.8, 10.8, -12.5],
						"3.15": [-4.7, 1.83, -5.36],
						"3.35": [-3.7, 4.5, 0.3],
						"3.4": [-3.7, 4.5, 0.3],
						"3.5": [-3.7, 7.9, 0.5],
						"3.55": [-3.7, 7.9, 0.5],
						"3.7": [-3.7, 7.9, 5.5],
						"3.9": [-3.7, 7.9, 5.5],
						"4.0": [-3.7, 7.9, 0.5],
						"4.05": [-3.7, 7.9, 0.5],
						"4.1": [-3.7, 4.5, 0.3],
						"4.2": [-3.7, 4.5, 0.3],
						"4.55": {
							"pre": [0, 0, 0],
							"post": [0, 0, 0],
							"lerp_mode": "catmullrom"
						},
						"5.35": [0, 0, 0]
					}
				},
				"camera": {
					"rotation": {
						"0.0": [0, 0, 0],
						"0.25": {
							"pre": [3.00731, 3.99451, 0.20968],
							"post": [3.00731, 3.99451, 0.20968],
							"lerp_mode": "catmullrom"
						},
						"0.45": {
							"post": [1.01, 3.99, 0.21],
							"lerp_mode": "catmullrom"
						},
						"0.6": {
							"post": [3.15683, 5.87955, 2.32221],
							"lerp_mode": "catmullrom"
						},
						"0.85": {
							"post": [3.56314, 5.64536, 6.33341],
							"lerp_mode": "catmullrom"
						},
						"1.1": {
							"post": [2.7374, 6.09014, -1.70008],
							"lerp_mode": "catmullrom"
						},
						"1.3": {
							"post": [3.15912, 5.88409, 2.31662],
							"lerp_mode": "catmullrom"
						},
						"1.45": {
							"post": [4.84724, 6.03723, -0.69216],
							"lerp_mode": "catmullrom"
						},
						"1.7": {
							"post": [1.26323, 4.82679, 3.30367],
							"lerp_mode": "catmullrom"
						},
						"2.0": {
							"post": [0.90368, 6.88629, 0.3232],
							"lerp_mode": "catmullrom"
						},
						"2.15": {
							"post": [1.02067, 6.87324, 1.32712],
							"lerp_mode": "catmullrom"
						},
						"2.3": {
							"post": [0.53599, 6.92434, -2.6988],
							"lerp_mode": "catmullrom"
						},
						"2.45": {
							"post": [1.1403, 6.85115, 2.33703],
							"lerp_mode": "catmullrom"
						},
						"2.55": {
							"post": [0.65713, 6.91276, -1.68854],
							"lerp_mode": "catmullrom"
						},
						"2.85": {
							"post": [4.14009, 7.84478, 2.27072],
							"lerp_mode": "catmullrom"
						},
						"3.15": {
							"post": [5.29994, 9.16339, 4.61309],
							"lerp_mode": "catmullrom"
						},
						"3.35": {
							"post": [4.41372, 9.08976, 0.52473],
							"lerp_mode": "catmullrom"
						},
						"3.55": {
							"post": [4.84917, 5.85775, 3.29062],
							"lerp_mode": "catmullrom"
						},
						"3.75": {
							"post": [0.74725, 5.87394, 2.28483],
							"lerp_mode": "catmullrom"
						},
						"3.9": {
							"post": [2.75, 5.87, 2.28],
							"lerp_mode": "catmullrom"
						},
						"4.05": {
							"post": [-0.04427, 5.87514, 4.29055],
							"lerp_mode": "catmullrom"
						},
						"4.2": {
							"post": [-0.55411, 5.85406, -0.73628],
							"lerp_mode": "catmullrom"
						},
						"4.4": {
							"post": [-0.34479, 5.86562, 1.27044],
							"lerp_mode": "catmullrom"
						},
						"4.8": {
							"post": [-3.45, 0.06, 1.18],
							"lerp_mode": "catmullrom"
						},
						"5.05": {
							"post": [0.89394, 0.03621, -1.39118],
							"lerp_mode": "catmullrom"
						},
						"5.35": [0, 0, 0]
					}
				}
			},
			"sound_effects": {
				"0.0": {
					"effect": "m107_reload_fast_up"
				},
				"0.6": {
					"effect": "m107_reload_magout"
				},
				"0.65": {
					"effect": "m107_reload_mvmnt"
				},
				"2.2": {
					"effect": "m95_reload_magin"
				},
				"2.85": {
					"effect": "m107_reload_fast_shake"
				},
				"3.3": {
					"effect": "m95_reload_magrelease"
				},
				"3.9": {
					"effect": "m95_boltclose"
				},
				"4.55": {
					"effect": "m107_reload_end"
				}
			}
		},
		"shoot": {
			"animation_length": 1.75,
			"bones": {
				"root": {
					"rotation": {
						"0.0": {
							"post": [0, 0, 0],
							"lerp_mode": "catmullrom"
						},
						"0.05": {
							"post": [-6.82024, 1.33042, 5.79388],
							"lerp_mode": "catmullrom"
						},
						"0.15": {
							"post": [-6.38564, -0.61289, -1.91761],
							"lerp_mode": "catmullrom"
						},
						"0.2": {
							"post": [-6.0138, -0.64862, -3.1926],
							"lerp_mode": "catmullrom"
						},
						"0.3": {
							"post": [-3.22698, -0.95049, 1.89646],
							"lerp_mode": "catmullrom"
						},
						"0.45": {
							"post": [-0.42425, 0.27786, 0.43549],
							"lerp_mode": "catmullrom"
						},
						"0.55": {
							"post": [-2.2, 0.31, 0.34],
							"lerp_mode": "catmullrom"
						},
						"0.8": {
							"post": [-1.5, 0.23, 0.25],
							"lerp_mode": "catmullrom"
						},
						"0.9": {
							"post": [0.85, 0.2, 0.21],
							"lerp_mode": "catmullrom"
						},
						"1.05": {
							"post": [1.08066, 0.20684, -2.84948],
							"lerp_mode": "catmullrom"
						},
						"1.2": {
							"post": [1.12351, 0.08084, 0.10962],
							"lerp_mode": "catmullrom"
						},
						"1.4": {
							"post": [1, 0, 0],
							"lerp_mode": "catmullrom"
						},
						"1.6": {
							"post": [0, 0, 0],
							"lerp_mode": "catmullrom"
						},
						"1.75": [0, 0, 0]
					},
					"position": {
						"0.0": {
							"post": [0, 0, 0],
							"lerp_mode": "catmullrom"
						},
						"0.05": {
							"post": [0, 0.675, 2.93],
							"lerp_mode": "catmullrom"
						},
						"0.15": {
							"post": [-0.125, 1.18, 1.275],
							"lerp_mode": "catmullrom"
						},
						"0.25": {
							"post": [-0.11, 0.94, 0.41],
							"lerp_mode": "catmullrom"
						},
						"0.3": {
							"post": [-0.075, 0.51, -0.005],
							"lerp_mode": "catmullrom"
						},
						"0.45": {
							"post": [0, -0.47, -0.485],
							"lerp_mode": "catmullrom"
						},
						"0.55": {
							"post": [0, -0.58, 0.905],
							"lerp_mode": "catmullrom"
						},
						"0.8": {
							"post": [0, -0.44, 0.45],
							"lerp_mode": "catmullrom"
						},
						"0.9": {
							"post": [0, -0.48, -0.28],
							"lerp_mode": "catmullrom"
						},
						"1.05": {
							"post": [0, -0.36, -0.6],
							"lerp_mode": "catmullrom"
						},
						"1.2": {
							"post": [0, -0.2, -0.92],
							"lerp_mode": "catmullrom"
						},
						"1.4": {
							"post": [0, 0, -1.1],
							"lerp_mode": "catmullrom"
						},
						"1.6": {
							"post": [0, 0, 0.6],
							"lerp_mode": "catmullrom"
						},
						"1.75": [0, 0, 0]
					}
				},
				"action": {
					"rotation": {
						"0.25": [0, 0, 0],
						"0.35": [0, 0, 31],
						"0.4": [0, 0, 31],
						"0.9": [0, 0, 31],
						"0.95": [0, 0, 31],
						"1.0": [0, 0, 0],
						"1.1": [0, 0, 0]
					},
					"position": {
						"0.25": [0, 0, 0],
						"0.35": [0, 0, 0],
						"0.4": [0, 0, 0],
						"0.55": [0, 0, 5],
						"0.8": [0, 0, 5],
						"0.9": [0, 0, 0],
						"0.95": [0, 0, 0],
						"1.0": [0, 0, 0],
						"1.1": [0, 0, 0]
					}
				},
				"righthand": {
					"rotation": {
						"0.1": [0, 0, 0],
						"0.25": [0, 0, 0],
						"0.35": [0, 0, 19],
						"0.4": [0, 0, 19],
						"0.9": [0, 0, 19],
						"0.95": [0, 0, 19],
						"1.0": [0, 0, 0],
						"1.1": [0, 0, 0],
						"1.4": [0, 0, 0]
					},
					"position": {
						"0.1": [0, 0, 0],
						"0.25": [-3.7, 4.5, 0.3],
						"0.35": [-3.7, 7.9, 0.5],
						"0.4": [-3.7, 7.9, 0.5],
						"0.55": [-3.7, 7.9, 5.5],
						"0.8": [-3.7, 7.9, 5.5],
						"0.9": [-3.7, 7.9, 0.5],
						"0.95": [-3.7, 7.9, 0.5],
						"1.0": [-3.7, 4.5, 0.3],
						"1.1": [-3.7, 4.5, 0.3],
						"1.4": [0, 0, 0]
					}
				},
				"camera": {
					"rotation": {
						"0.0": {
							"post": [0, 0, 0],
							"lerp_mode": "catmullrom"
						},
						"0.05": {
							"post": [0, 0, -2.875],
							"lerp_mode": "catmullrom"
						},
						"0.1": {
							"post": [0, 0, 2.445],
							"lerp_mode": "catmullrom"
						},
						"0.15": {
							"post": [0, 0, -2.055],
							"lerp_mode": "catmullrom"
						},
						"0.25": {
							"post": [0, 0, 1.37],
							"lerp_mode": "catmullrom"
						},
						"0.3": {
							"post": [0, 0, -0.85],
							"lerp_mode": "catmullrom"
						},
						"0.35": {
							"post": [0, 0, 0.525],
							"lerp_mode": "catmullrom"
						},
						"0.45": {
							"post": [0, 0, -0.125],
							"lerp_mode": "catmullrom"
						},
						"0.55": {
							"post": [-3.99454, 0.20917, 2.99271],
							"lerp_mode": "catmullrom"
						},
						"0.7": {
							"post": [-3.99551, 0.00106, -0.00272],
							"lerp_mode": "catmullrom"
						},
						"0.8": {
							"post": [-1, 0, 0],
							"lerp_mode": "catmullrom"
						},
						"0.9": {
							"post": [0.00061, -0.0349, -1.9997],
							"lerp_mode": "catmullrom"
						},
						"1.0": {
							"post": [-0.00248, -0.0299, 2.75],
							"lerp_mode": "catmullrom"
						},
						"1.15": {
							"post": [0.00105, -0.02998, 0.75],
							"lerp_mode": "catmullrom"
						},
						"1.4": {
							"post": [-2, -0.03, 0.75],
							"lerp_mode": "catmullrom"
						},
						"1.6": {
							"post": [1.99569, -0.13461, 3.74818],
							"lerp_mode": "catmullrom"
						},
						"1.75": {
							"post": [0, 0, 0],
							"lerp_mode": "catmullrom"
						}
					}
				},
				"magazine": {
					"position": {
						"0.0": [0, 0, 0],
						"0.05": [0, 0, 2],
						"0.15": [0, 0, 0]
					}
				},
				"barrelassy": {
					"position": {
						"0.0": [0, 0, 0],
						"0.05": [0, 0, 2],
						"0.15": [0, 0, 0]
					}
				}
			},
			"sound_effects": {
				"0.0": {
					"effect": "m107_shoot"
				},
				"0.05": {
					"effect": "awp_shoot"
				},
				"0.25": {
					"effect": "m95_boltback"
				},
				"0.8": {
					"effect": "m95_boltclose"
				},
				"0.95": {
					"effect": "m107_reload_end"
				}
			}
		},
		"inspect": {
			"animation_length": 6.75,
			"bones": {
				"root": {
					"rotation": {
						"0.0": [0, 0, 0],
						"0.4": {
							"pre": [-36.92018, -17.53235, -9.94193],
							"post": [-36.92018, -17.53235, -9.94193],
							"lerp_mode": "catmullrom"
						},
						"0.7": {
							"post": [-34.92, -17.53, -9.94],
							"lerp_mode": "catmullrom"
						},
						"1.2": {
							"post": [-39.92, -17.53, -9.94],
							"lerp_mode": "catmullrom"
						},
						"1.6": {
							"post": [-47.47563, -31.44982, -17.03573],
							"lerp_mode": "catmullrom"
						},
						"1.85": {
							"post": [-51.50154, -33.41997, -18.86395],
							"lerp_mode": "catmullrom"
						},
						"2.1": {
							"post": [-51.5, -33.42, -18.86],
							"lerp_mode": "catmullrom"
						},
						"2.55": {
							"post": [-51.50154, -33.41997, -18.86395],
							"lerp_mode": "catmullrom"
						},
						"4.75": {
							"post": [-51.5, -33.42, -18.86],
							"lerp_mode": "catmullrom"
						},
						"5.4": {
							"post": [-39.92, -17.53, -9.94],
							"lerp_mode": "catmullrom"
						},
						"5.95": {
							"post": [1, 0, 0],
							"lerp_mode": "catmullrom"
						},
						"6.3": {
							"post": [0, 0, 0],
							"lerp_mode": "catmullrom"
						},
						"6.65": [0, 0, 0]
					},
					"position": {
						"0.0": [0, 0, 0],
						"0.4": {
							"pre": [2.2, -0.6, -2.9],
							"post": [2.2, -0.6, -2.9],
							"lerp_mode": "catmullrom"
						},
						"0.7": {
							"post": [1.3, 0.2, -2.7],
							"lerp_mode": "catmullrom"
						},
						"1.2": {
							"post": [1.9, -1, -3.6],
							"lerp_mode": "catmullrom"
						},
						"1.6": {
							"post": [2.6, 2.8, -7.8],
							"lerp_mode": "catmullrom"
						},
						"1.85": {
							"post": [3, 3.9, -7.4],
							"lerp_mode": "catmullrom"
						},
						"2.1": {
							"post": [3, 2.8, -8.7],
							"lerp_mode": "catmullrom"
						},
						"2.55": {
							"post": [3, 3.9, -8.2],
							"lerp_mode": "catmullrom"
						},
						"4.75": {
							"post": [3, 3.9, -8.2],
							"lerp_mode": "catmullrom"
						},
						"5.4": {
							"post": [1.9, -1, -3.6],
							"lerp_mode": "catmullrom"
						},
						"5.95": {
							"post": [0, 0, -1.1],
							"lerp_mode": "catmullrom"
						},
						"6.3": {
							"post": [0, 0, 0.6],
							"lerp_mode": "catmullrom"
						},
						"6.65": [0, 0, 0]
					}
				},
				"lefthand": {
					"rotation": {
						"0.8": [0, 0, 0],
						"1.0": {
							"pre": [0, 0, 14],
							"post": [0, 0, 14],
							"lerp_mode": "catmullrom"
						},
						"1.2": {
							"post": [0, 0, 0],
							"lerp_mode": "catmullrom"
						},
						"4.75": {
							"post": [0, 0, 0],
							"lerp_mode": "catmullrom"
						},
						"4.95": {
							"post": [0, 0, 14],
							"lerp_mode": "catmullrom"
						},
						"5.25": [0, 0, 0]
					},
					"position": {
						"0.8": [0, 0, 0],
						"1.0": {
							"pre": [3.11, -2, 3.93],
							"post": [3.11, -2, 3.93],
							"lerp_mode": "catmullrom"
						},
						"1.2": {
							"post": [0.9, 0, 5],
							"lerp_mode": "catmullrom"
						},
						"4.75": {
							"post": [0.9, 0, 5],
							"lerp_mode": "catmullrom"
						},
						"4.95": {
							"post": [3.11, -2, 3.93],
							"lerp_mode": "catmullrom"
						},
						"5.25": [0, 0, 0]
					}
				},
				"righthand": {
					"rotation": {
						"0.2": [0, 0, 0],
						"0.4": [20.06, 1.84, 2.19],
						"0.55": [35.10753, 3.21154, 3.83424],
						"5.25": [35.11, 3.21, 3.83],
						"5.45": [20.06, 1.84, 2.19],
						"5.75": [0, 0, 0]
					},
					"position": {
						"0.2": [0, 0, 0],
						"0.4": [-4.63, 6.97, 0.8],
						"0.55": [-1.1, 12.2, 2.4],
						"5.25": [-1.1, 12.2, 2.4],
						"5.45": [-4.63, 6.97, 0.8],
						"5.75": [0, 0, 0]
					}
				},
				"camera": {
					"rotation": {
						"0.0": {
							"post": [0, 0, 0],
							"lerp_mode": "catmullrom"
						},
						"0.3": {
							"post": [5.00076, 0.99619, 0.08716],
							"lerp_mode": "catmullrom"
						},
						"0.5": {
							"post": [4.94104, 1.25999, -2.8993],
							"lerp_mode": "catmullrom"
						},
						"0.65": {
							"post": [5.0156, 0.91278, 1.08562],
							"lerp_mode": "catmullrom"
						},
						"0.85": {
							"post": [5.02, 0.91, 1.09],
							"lerp_mode": "catmullrom"
						},
						"1.05": {
							"post": [8.02319, 1.90569, 1.19511],
							"lerp_mode": "catmullrom"
						},
						"1.4": {
							"post": [-8.98001, 5.89962, 1.27118],
							"lerp_mode": "catmullrom"
						},
						"1.7": {
							"post": [-2.98, 5.9, 1.27],
							"lerp_mode": "catmullrom"
						},
						"2.0": {
							"post": [3.05916, 10.89297, 1.53792],
							"lerp_mode": "catmullrom"
						},
						"2.4": {
							"post": [10.11921, 12.8701, 1.82759],
							"lerp_mode": "catmullrom"
						},
						"3.4": {
							"post": [-16.92293, 10.90013, 2.18349],
							"lerp_mode": "catmullrom"
						},
						"3.95": {
							"post": [-18.92293, 10.90013, 2.18349],
							"lerp_mode": "catmullrom"
						},
						"4.6": {
							"post": [-2.9538, 13.89606, 2.02264],
							"lerp_mode": "catmullrom"
						},
						"4.95": {
							"post": [-0.92, 10.9, 2.18],
							"lerp_mode": "catmullrom"
						},
						"5.25": {
							"post": [-5.4881, 10.62783, -0.86115],
							"lerp_mode": "catmullrom"
						},
						"5.55": {
							"post": [-1.53477, 11.01487, 4.21439],
							"lerp_mode": "catmullrom"
						},
						"5.85": {
							"post": [-7.92401, 5.49436, 0.9784],
							"lerp_mode": "catmullrom"
						},
						"6.1": {
							"post": [-7.56, 3.13, 0.39],
							"lerp_mode": "catmullrom"
						},
						"6.35": {
							"post": [2.29082, 1.33811, 2.15724],
							"lerp_mode": "catmullrom"
						},
						"6.7": {
							"post": [0, 0, 0],
							"lerp_mode": "catmullrom"
						}
					}
				}
			},
			"sound_effects": {
				"0.0": {
					"effect": "m95_inspect_raise"
				},
				"0.8": {
					"effect": "m95_inspect_shoulder"
				},
				"1.45": {
					"effect": "m95_raise_arm"
				},
				"5.0": {
					"effect": "m95_inspect_rotate"
				},
				"5.9": {
					"effect": "m95_inspect_end"
				}
			}
		},
		"inspect_empty": {
			"animation_length": 6.75,
			"bones": {
				"root": {
					"rotation": {
						"0.0": [0, 0, 0],
						"0.4": {
							"pre": [-36.92018, -17.53235, -9.94193],
							"post": [-36.92018, -17.53235, -9.94193],
							"lerp_mode": "catmullrom"
						},
						"0.7": {
							"post": [-34.92, -17.53, -9.94],
							"lerp_mode": "catmullrom"
						},
						"1.2": {
							"post": [-39.92, -17.53, -9.94],
							"lerp_mode": "catmullrom"
						},
						"1.6": {
							"post": [-47.47563, -31.44982, -17.03573],
							"lerp_mode": "catmullrom"
						},
						"1.85": {
							"post": [-51.50154, -33.41997, -18.86395],
							"lerp_mode": "catmullrom"
						},
						"2.1": {
							"post": [-51.5, -33.42, -18.86],
							"lerp_mode": "catmullrom"
						},
						"2.55": {
							"post": [-51.50154, -33.41997, -18.86395],
							"lerp_mode": "catmullrom"
						},
						"4.75": {
							"post": [-51.5, -33.42, -18.86],
							"lerp_mode": "catmullrom"
						},
						"5.4": {
							"post": [-39.92, -17.53, -9.94],
							"lerp_mode": "catmullrom"
						},
						"5.95": {
							"post": [1, 0, 0],
							"lerp_mode": "catmullrom"
						},
						"6.3": {
							"post": [0, 0, 0],
							"lerp_mode": "catmullrom"
						},
						"6.65": [0, 0, 0]
					},
					"position": {
						"0.0": [0, 0, 0],
						"0.4": {
							"pre": [2.2, -0.6, -2.9],
							"post": [2.2, -0.6, -2.9],
							"lerp_mode": "catmullrom"
						},
						"0.7": {
							"post": [1.3, 0.2, -2.7],
							"lerp_mode": "catmullrom"
						},
						"1.2": {
							"post": [1.9, -1, -3.6],
							"lerp_mode": "catmullrom"
						},
						"1.6": {
							"post": [2.6, 2.8, -7.8],
							"lerp_mode": "catmullrom"
						},
						"1.85": {
							"post": [3, 3.9, -7.4],
							"lerp_mode": "catmullrom"
						},
						"2.1": {
							"post": [3, 2.8, -8.7],
							"lerp_mode": "catmullrom"
						},
						"2.55": {
							"post": [3, 3.9, -8.2],
							"lerp_mode": "catmullrom"
						},
						"4.75": {
							"post": [3, 3.9, -8.2],
							"lerp_mode": "catmullrom"
						},
						"5.4": {
							"post": [1.9, -1, -3.6],
							"lerp_mode": "catmullrom"
						},
						"5.95": {
							"post": [0, 0, -1.1],
							"lerp_mode": "catmullrom"
						},
						"6.3": {
							"post": [0, 0, 0.6],
							"lerp_mode": "catmullrom"
						},
						"6.65": [0, 0, 0]
					}
				},
				"lefthand": {
					"rotation": {
						"0.8": [0, 0, 0],
						"1.0": {
							"pre": [0, 0, 14],
							"post": [0, 0, 14],
							"lerp_mode": "catmullrom"
						},
						"1.2": {
							"post": [0, 0, 0],
							"lerp_mode": "catmullrom"
						},
						"4.75": {
							"post": [0, 0, 0],
							"lerp_mode": "catmullrom"
						},
						"4.95": {
							"post": [0, 0, 14],
							"lerp_mode": "catmullrom"
						},
						"5.25": [0, 0, 0]
					},
					"position": {
						"0.8": [0, 0, 0],
						"1.0": {
							"pre": [3.11, -2, 3.93],
							"post": [3.11, -2, 3.93],
							"lerp_mode": "catmullrom"
						},
						"1.2": {
							"post": [0.9, 0, 5],
							"lerp_mode": "catmullrom"
						},
						"4.75": {
							"post": [0.9, 0, 5],
							"lerp_mode": "catmullrom"
						},
						"4.95": {
							"post": [3.11, -2, 3.93],
							"lerp_mode": "catmullrom"
						},
						"5.25": [0, 0, 0]
					}
				},
				"righthand": {
					"rotation": {
						"0.2": [0, 0, 0],
						"0.4": [20.06, 1.84, 2.19],
						"0.55": [35.10753, 3.21154, 3.83424],
						"5.25": [35.11, 3.21, 3.83],
						"5.45": [20.06, 1.84, 2.19],
						"5.75": [0, 0, 0]
					},
					"position": {
						"0.2": [0, 0, 0],
						"0.4": [-4.63, 6.97, 0.8],
						"0.55": [-1.1, 12.2, 2.4],
						"5.25": [-1.1, 12.2, 2.4],
						"5.45": [-4.63, 6.97, 0.8],
						"5.75": [0, 0, 0]
					}
				},
				"camera": {
					"rotation": {
						"0.0": {
							"post": [0, 0, 0],
							"lerp_mode": "catmullrom"
						},
						"0.3": {
							"post": [5.00076, 0.99619, 0.08716],
							"lerp_mode": "catmullrom"
						},
						"0.5": {
							"post": [4.94104, 1.25999, -2.8993],
							"lerp_mode": "catmullrom"
						},
						"0.65": {
							"post": [5.0156, 0.91278, 1.08562],
							"lerp_mode": "catmullrom"
						},
						"0.85": {
							"post": [5.02, 0.91, 1.09],
							"lerp_mode": "catmullrom"
						},
						"1.05": {
							"post": [8.02319, 1.90569, 1.19511],
							"lerp_mode": "catmullrom"
						},
						"1.4": {
							"post": [-8.98001, 5.89962, 1.27118],
							"lerp_mode": "catmullrom"
						},
						"1.7": {
							"post": [-2.98, 5.9, 1.27],
							"lerp_mode": "catmullrom"
						},
						"2.0": {
							"post": [3.05916, 10.89297, 1.53792],
							"lerp_mode": "catmullrom"
						},
						"2.4": {
							"post": [10.11921, 12.8701, 1.82759],
							"lerp_mode": "catmullrom"
						},
						"3.4": {
							"post": [-16.92293, 10.90013, 2.18349],
							"lerp_mode": "catmullrom"
						},
						"3.95": {
							"post": [-18.92293, 10.90013, 2.18349],
							"lerp_mode": "catmullrom"
						},
						"4.6": {
							"post": [-2.9538, 13.89606, 2.02264],
							"lerp_mode": "catmullrom"
						},
						"4.95": {
							"post": [-0.92, 10.9, 2.18],
							"lerp_mode": "catmullrom"
						},
						"5.25": {
							"post": [-5.4881, 10.62783, -0.86115],
							"lerp_mode": "catmullrom"
						},
						"5.55": {
							"post": [-1.53477, 11.01487, 4.21439],
							"lerp_mode": "catmullrom"
						},
						"5.85": {
							"post": [-7.92401, 5.49436, 0.9784],
							"lerp_mode": "catmullrom"
						},
						"6.1": {
							"post": [-7.56, 3.13, 0.39],
							"lerp_mode": "catmullrom"
						},
						"6.35": {
							"post": [2.29082, 1.33811, 2.15724],
							"lerp_mode": "catmullrom"
						},
						"6.7": {
							"post": [0, 0, 0],
							"lerp_mode": "catmullrom"
						}
					}
				}
			}
		},
		"draw": {
			"loop": "hold_on_last_frame",
			"animation_length": 1.3,
			"bones": {
				"root": {
					"rotation": {
						"0.0": {
							"post": [-78.31051, -36.76392, -14.04902],
							"lerp_mode": "catmullrom"
						},
						"0.25": {
							"post": [-68.67601, -18.09846, -17.02779],
							"lerp_mode": "catmullrom"
						},
						"0.45": {
							"post": [-40.05236, 2.83355, -1.12837],
							"lerp_mode": "catmullrom"
						},
						"0.7": {
							"post": [0, 0, 1.75],
							"lerp_mode": "catmullrom"
						},
						"0.85": {
							"post": [0, 0, -0.11],
							"lerp_mode": "catmullrom"
						},
						"0.95": {
							"post": [0, 0, -1],
							"lerp_mode": "catmullrom"
						},
						"1.05": {
							"post": [0, 0, 0.75],
							"lerp_mode": "catmullrom"
						},
						"1.2": {
							"post": [0, 0, 0],
							"lerp_mode": "catmullrom"
						}
					},
					"position": {
						"0.0": {
							"post": [-6.5, -0.1, 10.4],
							"lerp_mode": "catmullrom"
						},
						"0.25": {
							"post": [-3.94, -3.4, 3.93],
							"lerp_mode": "catmullrom"
						},
						"0.5": {
							"post": [-0.9, 0.3, -0.8],
							"lerp_mode": "catmullrom"
						},
						"0.7": {
							"post": [0, -0.7, -1.9],
							"lerp_mode": "catmullrom"
						},
						"0.85": {
							"post": [0, -0.3, 0.5],
							"lerp_mode": "catmullrom"
						},
						"1.0": {
							"post": [0, -0.1, -0.05],
							"lerp_mode": "catmullrom"
						},
						"1.1": {
							"post": [0, -0.025, 0],
							"lerp_mode": "catmullrom"
						},
						"1.25": {
							"post": [0, 0, 0],
							"lerp_mode": "catmullrom"
						}
					}
				},
				"camera": {
					"rotation": {
						"0.0": {
							"post": [0, 0, 0],
							"lerp_mode": "catmullrom"
						},
						"0.3": {
							"post": [-1.175, 0.325, -0.7],
							"lerp_mode": "catmullrom"
						},
						"0.55": {
							"post": [0.88, -0.025, -0.925],
							"lerp_mode": "catmullrom"
						},
						"0.85": {
							"post": [-0.245, 0.025, 0.175],
							"lerp_mode": "catmullrom"
						},
						"0.95": {
							"post": [0.15, 0, -0.2],
							"lerp_mode": "catmullrom"
						},
						"1.0": {
							"post": [0.02, 0, -0.08],
							"lerp_mode": "catmullrom"
						},
						"1.05": {
							"post": [-0.15, 0, 0.3],
							"lerp_mode": "catmullrom"
						},
						"1.15": {
							"post": [-0.06, 0, -0.205],
							"lerp_mode": "catmullrom"
						},
						"1.25": {
							"post": [0, 0, 0],
							"lerp_mode": "catmullrom"
						}
					}
				}
			}
		},
		"put_away": {
			"loop": "hold_on_last_frame",
			"animation_length": 0.8667,
			"bones": {
				"root": {
					"rotation": {
						"0.0": {
							"post": [0, 0, 0],
							"lerp_mode": "catmullrom"
						},
						"0.1667": {
							"post": [-4.53, -1.25, -1.42],
							"lerp_mode": "catmullrom"
						},
						"0.3333": {
							"post": [-27.15, -7.52, -14.53],
							"lerp_mode": "catmullrom"
						},
						"0.4333": {
							"post": [-40.73045, -11.28181, -23.80042],
							"lerp_mode": "catmullrom"
						},
						"0.5333": {
							"post": [-51.25268, -7.98916, -27.98839],
							"lerp_mode": "catmullrom"
						},
						"0.6667": {
							"post": [-59.1046, 20.10068, -27.392],
							"lerp_mode": "catmullrom"
						},
						"0.7667": {
							"post": [-67.12, 33.68, -19.23],
							"lerp_mode": "catmullrom"
						},
						"0.8667": {
							"post": [-74.38, 35.33, -17.98],
							"lerp_mode": "catmullrom"
						}
					},
					"position": {
						"0.0": {
							"post": [0, 0, 0],
							"lerp_mode": "catmullrom"
						},
						"0.1667": {
							"post": [-0.38, -0.89, 0.09],
							"lerp_mode": "catmullrom"
						},
						"0.3333": {
							"post": [-1.325, -1.5, 0.28],
							"lerp_mode": "catmullrom"
						},
						"0.4333": {
							"post": [-1.95, -2.9, 1.95],
							"lerp_mode": "catmullrom"
						},
						"0.5333": {
							"post": [-2.2, -4.555, 4.37],
							"lerp_mode": "catmullrom"
						},
						"0.7": {
							"post": [-4.7, -8.48, 7.94],
							"lerp_mode": "catmullrom"
						},
						"0.8667": {
							"post": [-7.59, -13.82, 14.07],
							"lerp_mode": "catmullrom"
						}
					}
				},
				"camera": {
					"rotation": {
						"0.0": {
							"post": [0, 0, 0],
							"lerp_mode": "catmullrom"
						},
						"0.1333": {
							"post": [-0.225, 0, -0.125],
							"lerp_mode": "catmullrom"
						},
						"0.3667": {
							"post": [0.725, 0, 0.175],
							"lerp_mode": "catmullrom"
						},
						"0.5": {
							"post": [1.125, 0, 1.575],
							"lerp_mode": "catmullrom"
						},
						"0.7333": {
							"post": [0.275, 0, 1.5],
							"lerp_mode": "catmullrom"
						},
						"0.8667": {
							"post": [0, 0, 0],
							"lerp_mode": "catmullrom"
						}
					}
				}
			}
		}
	}
}