{
	"format_version": "1.8.0",
	"animations": {
		"static_idle": {
			"loop": true,
			"bones": {
				"constraint": {
					"rotation": [0.2, 0.2, 0.2],
					"position": [0.2, 0.2, 0.2]
				},
				"root": {
					"rotation": [0, 0, 0],
					"position": [0, 0, 0]
				},
				"lefthand": {
					"rotation": [0, 0, 0],
					"position": [0, 0, 0]
				},
				"righthand": {
					"rotation": [0, 0, 0],
					"position": [0, 0, 0]
				},
				"camera": {
					"rotation": [0, 0, 0],
					"position": [0, 0, 0]
				}
			}
		},
		"reload_tactical": {
			"animation_length": 2.5,
			"bones": {
				"root": {
					"rotation": {
						"0.0": [0, 0, 0],
						"0.25": {
							"pre": [-32.35865, -14.78078, -16.77941],
							"post": [-32.35865, -14.78078, -16.77941],
							"lerp_mode": "catmullrom"
						},
						"0.4": {
							"post": [-32.36, -14.78, -16.78],
							"lerp_mode": "catmullrom"
						},
						"0.5": {
							"post": [-32.98836, -13.16013, -14.17784],
							"lerp_mode": "catmullrom"
						},
						"0.7": {
							"post": [-34.14716, -9.28613, -8.23253],
							"lerp_mode": "catmullrom"
						},
						"1.0": {
							"post": [-34.97235, -9.70017, -9.16631],
							"lerp_mode": "catmullrom"
						},
						"1.2": {
							"post": [-33.85939, -10.40469, -9.9153],
							"lerp_mode": "catmullrom"
						},
						"1.4": {
							"post": [-28.97673, -17.44054, -21.79492],
							"lerp_mode": "catmullrom"
						},
						"1.5": {
							"post": [-32.30884, -21.37189, -26.84531],
							"lerp_mode": "catmullrom"
						},
						"1.75": {
							"post": [-31.13225, -17.41214, -21.20512],
							"lerp_mode": "catmullrom"
						},
						"2.1": {
							"post": [-1, 0, 0],
							"lerp_mode": "catmullrom"
						},
						"2.3": [0, 0, 0],
						"2.5": [0, 0, 0]
					},
					"position": {
						"0.0": [0, 0, 0],
						"0.25": {
							"pre": [3.5, 5, -9],
							"post": [3.5, 5, -9],
							"lerp_mode": "catmullrom"
						},
						"0.4": {
							"post": [3.5, 5, -9],
							"lerp_mode": "catmullrom"
						},
						"0.5": {
							"post": [3.5, 4.2, -9],
							"lerp_mode": "catmullrom"
						},
						"0.7": {
							"post": [3.5, 5, -9],
							"lerp_mode": "catmullrom"
						},
						"1.0": {
							"post": [3.9, 5.18, -9.5],
							"lerp_mode": "catmullrom"
						},
						"1.2": {
							"post": [3.5, 5.3, -9],
							"lerp_mode": "catmullrom"
						},
						"1.4": {
							"post": [3.6, 5, -9],
							"lerp_mode": "catmullrom"
						},
						"1.5": {
							"post": [3.23, 6.49, -9.76],
							"lerp_mode": "catmullrom"
						},
						"1.75": {
							"post": [3.6, 5, -9],
							"lerp_mode": "catmullrom"
						},
						"2.1": {
							"post": [0, 0, -1.6],
							"lerp_mode": "catmullrom"
						},
						"2.3": [0, 0, 0.4],
						"2.5": [0, 0, 0]
					}
				},
				"magazine": {
					"rotation": {
						"0.4": [0, 0, 0],
						"0.55": [0, 0, 0],
						"0.7": {
							"pre": [0, 0, 0],
							"post": [0, 0, 0],
							"lerp_mode": "catmullrom"
						},
						"1.0": {
							"post": [0, 0, 0],
							"lerp_mode": "catmullrom"
						},
						"1.15": {
							"post": [0, 0, 0],
							"lerp_mode": "catmullrom"
						},
						"1.35": [0, 0, 0],
						"1.4": [0, 0, 0],
						"1.5": [0, 0, 0],
						"1.7": [0, 0, 0]
					},
					"position": {
						"0.4": [0, 0, 0],
						"0.55": [0, -13, 0],
						"0.7": {
							"pre": [0, -13, 10],
							"post": [0, -13, 10],
							"lerp_mode": "catmullrom"
						},
						"1.0": {
							"post": [0, -13, 10],
							"lerp_mode": "catmullrom"
						},
						"1.15": {
							"post": [0, -13, 0],
							"lerp_mode": "catmullrom"
						},
						"1.35": [0, -3, 0],
						"1.4": [0, -3, 0],
						"1.5": [0, 0, 0],
						"1.7": [0, 0, 0]
					}
				},
				"lefthand": {
					"rotation": {
						"0.0": [0, 0, 0],
						"0.35": [0, 0, 0],
						"0.4": [0, 0, 0],
						"0.55": [0, 0, 0],
						"0.7": {
							"pre": [0, 0, 0],
							"post": [0, 0, 0],
							"lerp_mode": "catmullrom"
						},
						"1.0": {
							"post": [0, 0, 0],
							"lerp_mode": "catmullrom"
						},
						"1.15": {
							"post": [0, 0, 0],
							"lerp_mode": "catmullrom"
						},
						"1.35": [0, 0, 0],
						"1.4": [0, 0, 0],
						"1.5": [0, 0, 0],
						"1.7": [0, 0, 0],
						"2.1": [0, 0, 0]
					},
					"position": {
						"0.0": [0, 0, 0],
						"0.35": [-0.5, -2.7, 15.4],
						"0.4": [-0.5, -2.7, 15.4],
						"0.55": [-0.5, -15.7, 15.4],
						"0.7": {
							"pre": [-0.5, -15.7, 25.4],
							"post": [-0.5, -15.7, 25.4],
							"lerp_mode": "catmullrom"
						},
						"1.0": {
							"post": [-0.5, -15.7, 25.4],
							"lerp_mode": "catmullrom"
						},
						"1.15": {
							"post": [-0.5, -15.7, 15.4],
							"lerp_mode": "catmullrom"
						},
						"1.35": [-0.5, -5.7, 15.4],
						"1.4": [-0.5, -5.7, 15.4],
						"1.5": [-0.5, -2.7, 15.4],
						"1.7": [-0.5, -2.7, 15.4],
						"2.1": [0, 0, 0]
					}
				},
				"camera": {
					"rotation": {
						"0.0": [0, 0, 0],
						"0.15": {
							"pre": [1.00061, 1.9997, 0.03492],
							"post": [1.00061, 1.9997, 0.03492],
							"lerp_mode": "catmullrom"
						},
						"0.3": {
							"post": [3, 3, 0.03],
							"lerp_mode": "catmullrom"
						},
						"0.4": {
							"post": [4, 3, 0.03],
							"lerp_mode": "catmullrom"
						},
						"0.55": {
							"post": [7.1021, 2.8587, 2.02761],
							"lerp_mode": "catmullrom"
						},
						"0.65": {
							"post": [8.94166, 3.22677, -0.95171],
							"lerp_mode": "catmullrom"
						},
						"0.8": {
							"post": [9.09505, 2.75969, 2.01697],
							"lerp_mode": "catmullrom"
						},
						"1.1": {
							"post": [7.1, 2.76, 2.02],
							"lerp_mode": "catmullrom"
						},
						"1.25": {
							"post": [11.11094, 3.74128, 2.21292],
							"lerp_mode": "catmullrom"
						},
						"1.4": {
							"post": [11.14188, 5.70242, 2.59723],
							"lerp_mode": "catmullrom"
						},
						"1.5": {
							"post": [7.33365, 5.44803, 4.59349],
							"lerp_mode": "catmullrom"
						},
						"1.65": {
							"post": [5.03612, 5.82521, 1.59908],
							"lerp_mode": "catmullrom"
						},
						"1.85": {
							"post": [2.19, 3.92, 0.85],
							"lerp_mode": "catmullrom"
						},
						"2.05": [0, 0, 0],
						"2.2": [0, 0, -1],
						"2.3": [0, 0, 1],
						"2.45": [0, 0, 0]
					}
				}
			},
			"sound_effects": {
				"0.0": {
					"effect": "makoto2000_reload_tactical"
				}
			}
		},
		"reload_empty": {
			"animation_length": 3.4,
			"bones": {
				"root": {
					"rotation": {
						"0.0": [0, 0, 0],
						"0.25": {
							"pre": [-32.35865, -14.78078, -16.77941],
							"post": [-32.35865, -14.78078, -16.77941],
							"lerp_mode": "catmullrom"
						},
						"0.4": {
							"post": [-32.36, -14.78, -16.78],
							"lerp_mode": "catmullrom"
						},
						"0.5": {
							"post": [-32.98836, -13.16013, -14.17784],
							"lerp_mode": "catmullrom"
						},
						"0.7": {
							"post": [-34.14716, -9.28613, -8.23253],
							"lerp_mode": "catmullrom"
						},
						"1.0": {
							"post": [-34.97235, -9.70017, -9.16631],
							"lerp_mode": "catmullrom"
						},
						"1.2": {
							"post": [-33.85939, -10.40469, -9.9153],
							"lerp_mode": "catmullrom"
						},
						"1.4": {
							"post": [-28.97673, -17.44054, -21.79492],
							"lerp_mode": "catmullrom"
						},
						"1.5": {
							"post": [-32.30884, -21.37189, -26.84531],
							"lerp_mode": "catmullrom"
						},
						"1.75": {
							"post": [-31.13225, -17.41214, -21.20512],
							"lerp_mode": "catmullrom"
						},
						"2.05": {
							"post": [-11.17854, -12.6316, -11.04913],
							"lerp_mode": "catmullrom"
						},
						"2.25": {
							"post": [-10.22, -12.4, -10.56],
							"lerp_mode": "catmullrom"
						},
						"2.35": {
							"post": [-11.18, -12.63, -11.05],
							"lerp_mode": "catmullrom"
						},
						"2.6": {
							"post": [-11.18, -12.63, -11.05],
							"lerp_mode": "catmullrom"
						},
						"2.9": {
							"post": [-1, 0, 0],
							"lerp_mode": "catmullrom"
						},
						"3.1": [0, 0, 0],
						"3.3": [0, 0, 0]
					},
					"position": {
						"0.0": [0, 0, 0],
						"0.25": {
							"pre": [3.5, 5, -9],
							"post": [3.5, 5, -9],
							"lerp_mode": "catmullrom"
						},
						"0.4": {
							"post": [3.5, 5, -9],
							"lerp_mode": "catmullrom"
						},
						"0.5": {
							"post": [3.5, 4.2, -9],
							"lerp_mode": "catmullrom"
						},
						"0.7": {
							"post": [3.5, 5, -9],
							"lerp_mode": "catmullrom"
						},
						"1.0": {
							"post": [3.9, 5.18, -9.5],
							"lerp_mode": "catmullrom"
						},
						"1.2": {
							"post": [3.5, 5.3, -9],
							"lerp_mode": "catmullrom"
						},
						"1.4": {
							"post": [3.6, 5, -9],
							"lerp_mode": "catmullrom"
						},
						"1.5": {
							"post": [3.23, 6.49, -9.76],
							"lerp_mode": "catmullrom"
						},
						"1.75": {
							"post": [3.6, 5, -9],
							"lerp_mode": "catmullrom"
						},
						"2.05": {
							"post": [1.7, -0.7, 1.7],
							"lerp_mode": "catmullrom"
						},
						"2.25": {
							"post": [1.61, -0.97, 4.01],
							"lerp_mode": "catmullrom"
						},
						"2.35": {
							"post": [1.7, -0.7, 1.7],
							"lerp_mode": "catmullrom"
						},
						"2.6": {
							"post": [1.7, -0.7, 1.7],
							"lerp_mode": "catmullrom"
						},
						"2.9": {
							"post": [0, 0, -1.6],
							"lerp_mode": "catmullrom"
						},
						"3.1": [0, 0, 0.4],
						"3.3": [0, 0, 0]
					}
				},
				"magazine": {
					"rotation": {
						"0.4": [0, 0, 0],
						"0.55": [0, 0, 0],
						"0.7": {
							"pre": [0, 0, 0],
							"post": [0, 0, 0],
							"lerp_mode": "catmullrom"
						},
						"1.0": {
							"post": [0, 0, 0],
							"lerp_mode": "catmullrom"
						},
						"1.15": {
							"post": [0, 0, 0],
							"lerp_mode": "catmullrom"
						},
						"1.35": [0, 0, 0],
						"1.4": [0, 0, 0],
						"1.5": [0, 0, 0],
						"1.7": [0, 0, 0]
					},
					"position": {
						"0.4": [0, 0, 0],
						"0.55": [0, -13, 0],
						"0.7": {
							"pre": [0, -13, 10],
							"post": [0, -13, 10],
							"lerp_mode": "catmullrom"
						},
						"1.0": {
							"post": [0, -13, 10],
							"lerp_mode": "catmullrom"
						},
						"1.15": {
							"post": [0, -13, 0],
							"lerp_mode": "catmullrom"
						},
						"1.35": [0, -3, 0],
						"1.4": [0, -3, 0],
						"1.5": [0, 0, 0],
						"1.7": [0, 0, 0]
					}
				},
				"lefthand": {
					"rotation": {
						"0.0": [0, 0, 0],
						"0.35": [0, 0, 0],
						"0.4": [0, 0, 0],
						"0.55": [0, 0, 0],
						"0.7": {
							"pre": [0, 0, 0],
							"post": [0, 0, 0],
							"lerp_mode": "catmullrom"
						},
						"1.0": {
							"post": [0, 0, 0],
							"lerp_mode": "catmullrom"
						},
						"1.15": {
							"post": [0, 0, 0],
							"lerp_mode": "catmullrom"
						},
						"1.35": [0, 0, 0],
						"1.4": [0, 0, 0],
						"1.5": [0, 0, 0],
						"1.7": [0, 0, 0],
						"2.05": [-17.5, 0, 0],
						"2.1": [-17.5, 0, 0],
						"2.2": [-17.64, -4.13, 1.32],
						"2.35": [-17.64, -4.13, 1.32],
						"2.4": [-17.93119, -12.38852, 3.9713],
						"2.5": [-17.93119, -12.38852, 3.9713],
						"2.9": [0, 0, 0]
					},
					"position": {
						"0.0": [0, 0, 0],
						"0.35": [-0.5, -2.7, 15.4],
						"0.4": [-0.5, -2.7, 15.4],
						"0.55": [-0.5, -15.7, 15.4],
						"0.7": {
							"pre": [-0.5, -15.7, 25.4],
							"post": [-0.5, -15.7, 25.4],
							"lerp_mode": "catmullrom"
						},
						"1.0": {
							"post": [-0.5, -15.7, 25.4],
							"lerp_mode": "catmullrom"
						},
						"1.15": {
							"post": [-0.5, -15.7, 15.4],
							"lerp_mode": "catmullrom"
						},
						"1.35": [-0.5, -5.7, 15.4],
						"1.4": [-0.5, -5.7, 15.4],
						"1.5": [-0.5, -2.7, 15.4],
						"1.7": [-0.5, -2.7, 15.4],
						"2.05": [2, -0.1, 0.9],
						"2.1": [2, -0.1, 0.9],
						"2.2": [2, -0.1, 6.9],
						"2.35": [2, -0.1, 6.9],
						"2.4": [3.4, -0.1, 8.9],
						"2.5": [3.4, -0.1, 8.9],
						"2.9": [0, 0, 0]
					}
				},
				"bolt": {
					"position": {
						"2.1": [0, 0, 0],
						"2.2": [0, 0, 6],
						"2.35": [0, 0, 6],
						"2.4": [0, 0, 0]
					}
				},
				"camera": {
					"rotation": {
						"0.0": [0, 0, 0],
						"0.15": {
							"pre": [1.00061, 1.9997, 0.03492],
							"post": [1.00061, 1.9997, 0.03492],
							"lerp_mode": "catmullrom"
						},
						"0.3": {
							"post": [3, 3, 0.03],
							"lerp_mode": "catmullrom"
						},
						"0.4": {
							"post": [4, 3, 0.03],
							"lerp_mode": "catmullrom"
						},
						"0.55": {
							"post": [7.1021, 2.8587, 2.02761],
							"lerp_mode": "catmullrom"
						},
						"0.65": {
							"post": [8.94166, 3.22677, -0.95171],
							"lerp_mode": "catmullrom"
						},
						"0.8": {
							"post": [9.09505, 2.75969, 2.01697],
							"lerp_mode": "catmullrom"
						},
						"1.1": {
							"post": [7.1, 2.76, 2.02],
							"lerp_mode": "catmullrom"
						},
						"1.25": {
							"post": [11.11094, 3.74128, 2.21292],
							"lerp_mode": "catmullrom"
						},
						"1.4": {
							"post": [11.14188, 5.70242, 2.59723],
							"lerp_mode": "catmullrom"
						},
						"1.5": {
							"post": [7.33365, 5.44803, 4.59349],
							"lerp_mode": "catmullrom"
						},
						"1.65": {
							"post": [5.03612, 5.82521, 1.59908],
							"lerp_mode": "catmullrom"
						},
						"1.85": {
							"post": [2.19, 3.92, 0.85],
							"lerp_mode": "catmullrom"
						},
						"2.05": {
							"post": [0, 0, 0],
							"lerp_mode": "catmullrom"
						},
						"2.2": {
							"post": [1.96423, 1.06858, -2.14423],
							"lerp_mode": "catmullrom"
						},
						"2.35": {
							"post": [0.58184, 0.75826, 1.09918],
							"lerp_mode": "catmullrom"
						},
						"2.55": {
							"post": [0.27307, 0.48983, -1.44005],
							"lerp_mode": "catmullrom"
						},
						"2.9": [0, 0, -1],
						"3.0": [0, 0, 1],
						"3.15": [0, 0, 0]
					}
				}
			},
			"sound_effects": {
				"0.0": {
					"effect": "makoto2000_reload_empty"
				}
			}
		},
		"shoot": {
			"animation_length": 0.75,
			"bones": {
				"root": {
					"rotation": {
						"0.0": [0, 0, 0],
						"0.05": [1.23, 0, 0.73],
						"0.1": [-1.99, 0, -1.23],
						"0.2": [0.18, 0, 0.53],
						"0.25": [0.27, 0, 0.27],
						"0.3": [0.45, 0, -0.25],
						"0.35": [0.38, -0.07, -0.08],
						"0.4": [0.3, -0.13, 0.08],
						"0.45": [0.14, -0.14, 0.09],
						"0.5": [0.1, -0.11, 0.01],
						"0.55": [0.06, -0.07, -0.07],
						"0.6": [0.04, -0.06, -0.06],
						"0.65": [0.01, -0.02, -0.02],
						"0.7": [0, 0, 0]
					},
					"position": {
						"0.0": [0, 0, 0],
						"0.05": [0, -0.02, 1.73],
						"0.1": [0, -0.05, 0.67],
						"0.2": [0, -0.04, -0.01],
						"0.25": [0, -0.04, 0.03],
						"0.3": [0, -0.02, 0.1],
						"0.35": [0, -0.02, 0.07],
						"0.4": [0, -0.01, 0.03],
						"0.45": [0, 0, 0]
					}
				},
				"camera": {
					"rotation": {
						"0.0": {
							"post": [0, 0, 0],
							"lerp_mode": "catmullrom"
						},
						"0.05": {
							"post": [0, 0, -2.875],
							"lerp_mode": "catmullrom"
						},
						"0.1": {
							"post": [0, 0, 2.445],
							"lerp_mode": "catmullrom"
						},
						"0.2": {
							"post": [0, 0, -2.055],
							"lerp_mode": "catmullrom"
						},
						"0.35": {
							"post": [0, 0, -0.85],
							"lerp_mode": "catmullrom"
						},
						"0.5": {
							"post": [0, 0, -0.125],
							"lerp_mode": "catmullrom"
						},
						"0.6": {
							"post": [0, 0, 0],
							"lerp_mode": "catmullrom"
						}
					}
				}
			},
			"sound_effects": {
				"0.0": {
					"effect": "m700_shoot"
				}
			}
		},
		"inspect": {
			"animation_length": 7.6,
			"bones": {
				"root": {
					"rotation": {
						"0.0": [0, 0, 0],
						"0.45": {
							"pre": [-37.5678, -27.28824, -7.87853],
							"post": [-37.5678, -27.28824, -7.87853],
							"lerp_mode": "catmullrom"
						},
						"0.95": {
							"post": [-37.57, -27.29, -7.88],
							"lerp_mode": "catmullrom"
						},
						"2.5": {
							"post": [-37.57, -27.29, -7.88],
							"lerp_mode": "catmullrom"
						},
						"2.8": {
							"post": [-38.07, -10.44, 18],
							"lerp_mode": "catmullrom"
						},
						"3.15": {
							"post": [-38.55973, 11.71986, 49.98457],
							"lerp_mode": "catmullrom"
						},
						"3.85": {
							"post": [-37.60293, 25.4107, 54.71483],
							"lerp_mode": "catmullrom"
						},
						"4.6": {
							"post": [-37.6, 25.41, 54.71],
							"lerp_mode": "catmullrom"
						},
						"5.05": {
							"post": [-41.02692, 28.44384, 53.70982],
							"lerp_mode": "catmullrom"
						},
						"5.7": {
							"post": [-41.02692, 28.44384, 53.70982],
							"lerp_mode": "catmullrom"
						},
						"6.35": {
							"post": [-35.03, 28.44, 53.71],
							"lerp_mode": "catmullrom"
						},
						"6.8": {
							"post": [-27.07, -10.44, 18],
							"lerp_mode": "catmullrom"
						},
						"7.2": {
							"post": [-1, 0, 0],
							"lerp_mode": "catmullrom"
						},
						"7.4": [0, 0, 0],
						"7.6": [0, 0, 0]
					},
					"position": {
						"0.0": [0, 0, 0],
						"0.45": {
							"pre": [4, 4.7, -10.1],
							"post": [4, 4.7, -10.1],
							"lerp_mode": "catmullrom"
						},
						"0.95": {
							"post": [4, 4.7, -10.1],
							"lerp_mode": "catmullrom"
						},
						"2.5": {
							"post": [4, 4.7, -10.1],
							"lerp_mode": "catmullrom"
						},
						"2.8": {
							"post": [0.81, 3.62, -7.82],
							"lerp_mode": "catmullrom"
						},
						"3.15": {
							"post": [-3.3, 2.3, -5.3],
							"lerp_mode": "catmullrom"
						},
						"3.85": {
							"post": [-5.2, 2.3, -7.2],
							"lerp_mode": "catmullrom"
						},
						"4.6": {
							"post": [-5.2, 2.3, -7.2],
							"lerp_mode": "catmullrom"
						},
						"5.05": {
							"post": [-3.2, 2.4, -9.1],
							"lerp_mode": "catmullrom"
						},
						"5.7": {
							"post": [-3.2, 2.4, -9.1],
							"lerp_mode": "catmullrom"
						},
						"6.35": {
							"post": [-4.3, 2.9, -9.1],
							"lerp_mode": "catmullrom"
						},
						"6.8": {
							"post": [0.81, 2.42, -7.82],
							"lerp_mode": "catmullrom"
						},
						"7.2": {
							"post": [0, 0, -1.6],
							"lerp_mode": "catmullrom"
						},
						"7.4": [0, 0, 0.4],
						"7.6": [0, 0, 0]
					}
				},
				"lefthand": {
					"rotation": {
						"0.0": [0, 0, 0],
						"0.35": [0, 0, 0],
						"2.5": [0, 0, 0],
						"3.15": [-11.66045, 1.86312, -61.90397],
						"6.35": [-11.66045, 1.86312, -61.90397],
						"7.15": [0, 0, 0]
					},
					"position": {
						"0.0": [0, 0, 0],
						"0.35": [6, -5, 17],
						"2.5": [6, -5, 17],
						"3.15": [-1.3, 14.2, 5.9],
						"6.35": [-1.3, 14.2, 5.9],
						"6.65": [3.28, 3.92, 6.5],
						"6.9": [1.64, 1.96, 7.35],
						"7.15": [0, 0, 0]
					}
				},
				"camera": {
					"rotation": {
						"0.0": [0, 0, 0],
						"0.55": {
							"pre": [-7.00745, 3.99254, -0.12216],
							"post": [-7.00745, 3.99254, -0.12216],
							"lerp_mode": "catmullrom"
						},
						"0.8": {
							"post": [-7.01, 3.99, -0.12],
							"lerp_mode": "catmullrom"
						},
						"1.1": {
							"post": [-7.01, 3.99, -0.12],
							"lerp_mode": "catmullrom"
						},
						"1.6": {
							"post": [-2.02478, 7.98752, -0.26156],
							"lerp_mode": "catmullrom"
						},
						"2.1": {
							"post": [-2.02, 7.99, -0.26],
							"lerp_mode": "catmullrom"
						},
						"2.5": {
							"post": [-7.01, 3.99, -0.12],
							"lerp_mode": "catmullrom"
						},
						"2.8": {
							"post": [-7.79279, 4.35056, 2.86617],
							"lerp_mode": "catmullrom"
						},
						"3.05": {
							"post": [-6.07228, 3.79785, -1.10176],
							"lerp_mode": "catmullrom"
						},
						"3.25": {
							"post": [-6.07, 3.8, -1.1],
							"lerp_mode": "catmullrom"
						},
						"3.55": {
							"post": [-9.04472, 0.88531, -0.36995],
							"lerp_mode": "catmullrom"
						},
						"3.9": {
							"post": [-12.05, -1.09, -0.06],
							"lerp_mode": "catmullrom"
						},
						"4.2": {
							"post": [-12.05, -1.09, -0.06],
							"lerp_mode": "catmullrom"
						},
						"4.6": {
							"post": [-5.04971, 0.90224, -0.23604],
							"lerp_mode": "catmullrom"
						},
						"4.85": {
							"post": [-5.05, 0.9, -0.24],
							"lerp_mode": "catmullrom"
						},
						"5.4": {
							"post": [-4.06106, 3.88833, -0.50456],
							"lerp_mode": "catmullrom"
						},
						"5.9": {
							"post": [-5.05, 0.9, -0.24],
							"lerp_mode": "catmullrom"
						},
						"6.7": {
							"post": [0.27307, 0.48983, -1.44005],
							"lerp_mode": "catmullrom"
						},
						"7.15": [0, 0, -1],
						"7.35": [0, 0, 1],
						"7.6": [0, 0, 0]
					}
				}
			},
			"sound_effects": {
				"0.0": {
					"effect": "makoto2000_inspect"
				}
			}
		},
		"inspect_empty": {
			"animation_length": 7.6,
			"bones": {
				"root": {
					"rotation": {
						"0.0": [0, 0, 0],
						"0.45": {
							"pre": [-37.5678, -27.28824, -7.87853],
							"post": [-37.5678, -27.28824, -7.87853],
							"lerp_mode": "catmullrom"
						},
						"0.95": {
							"post": [-37.57, -27.29, -7.88],
							"lerp_mode": "catmullrom"
						},
						"2.5": {
							"post": [-37.57, -27.29, -7.88],
							"lerp_mode": "catmullrom"
						},
						"2.8": {
							"post": [-38.07, -10.44, 18],
							"lerp_mode": "catmullrom"
						},
						"3.15": {
							"post": [-38.55973, 11.71986, 49.98457],
							"lerp_mode": "catmullrom"
						},
						"3.85": {
							"post": [-37.60293, 25.4107, 54.71483],
							"lerp_mode": "catmullrom"
						},
						"4.6": {
							"post": [-37.6, 25.41, 54.71],
							"lerp_mode": "catmullrom"
						},
						"5.05": {
							"post": [-41.02692, 28.44384, 53.70982],
							"lerp_mode": "catmullrom"
						},
						"5.7": {
							"post": [-41.02692, 28.44384, 53.70982],
							"lerp_mode": "catmullrom"
						},
						"6.35": {
							"post": [-35.03, 28.44, 53.71],
							"lerp_mode": "catmullrom"
						},
						"6.8": {
							"post": [-27.07, -10.44, 18],
							"lerp_mode": "catmullrom"
						},
						"7.2": {
							"post": [-1, 0, 0],
							"lerp_mode": "catmullrom"
						},
						"7.4": [0, 0, 0],
						"7.6": [0, 0, 0]
					},
					"position": {
						"0.0": [0, 0, 0],
						"0.45": {
							"pre": [4, 4.7, -10.1],
							"post": [4, 4.7, -10.1],
							"lerp_mode": "catmullrom"
						},
						"0.95": {
							"post": [4, 4.7, -10.1],
							"lerp_mode": "catmullrom"
						},
						"2.5": {
							"post": [4, 4.7, -10.1],
							"lerp_mode": "catmullrom"
						},
						"2.8": {
							"post": [0.81, 3.62, -7.82],
							"lerp_mode": "catmullrom"
						},
						"3.15": {
							"post": [-3.3, 2.3, -5.3],
							"lerp_mode": "catmullrom"
						},
						"3.85": {
							"post": [-5.2, 2.3, -7.2],
							"lerp_mode": "catmullrom"
						},
						"4.6": {
							"post": [-5.2, 2.3, -7.2],
							"lerp_mode": "catmullrom"
						},
						"5.05": {
							"post": [-3.2, 2.4, -9.1],
							"lerp_mode": "catmullrom"
						},
						"5.7": {
							"post": [-3.2, 2.4, -9.1],
							"lerp_mode": "catmullrom"
						},
						"6.35": {
							"post": [-4.3, 2.9, -9.1],
							"lerp_mode": "catmullrom"
						},
						"6.8": {
							"post": [0.81, 2.42, -7.82],
							"lerp_mode": "catmullrom"
						},
						"7.2": {
							"post": [0, 0, -1.6],
							"lerp_mode": "catmullrom"
						},
						"7.4": [0, 0, 0.4],
						"7.6": [0, 0, 0]
					}
				},
				"lefthand": {
					"rotation": {
						"0.0": [0, 0, 0],
						"0.35": [0, 0, 0],
						"2.5": [0, 0, 0],
						"3.15": [-11.66045, 1.86312, -61.90397],
						"6.35": [-11.66045, 1.86312, -61.90397],
						"7.15": [0, 0, 0]
					},
					"position": {
						"0.0": [0, 0, 0],
						"0.35": [6, -5, 17],
						"2.5": [6, -5, 17],
						"3.15": [-1.3, 14.2, 5.9],
						"6.35": [-1.3, 14.2, 5.9],
						"6.65": [3.28, 3.92, 6.5],
						"6.9": [1.64, 1.96, 7.35],
						"7.15": [0, 0, 0]
					}
				},
				"camera": {
					"rotation": {
						"0.0": [0, 0, 0],
						"0.55": {
							"pre": [-7.00745, 3.99254, -0.12216],
							"post": [-7.00745, 3.99254, -0.12216],
							"lerp_mode": "catmullrom"
						},
						"0.8": {
							"post": [-7.01, 3.99, -0.12],
							"lerp_mode": "catmullrom"
						},
						"1.1": {
							"post": [-7.01, 3.99, -0.12],
							"lerp_mode": "catmullrom"
						},
						"1.6": {
							"post": [-2.02478, 7.98752, -0.26156],
							"lerp_mode": "catmullrom"
						},
						"2.1": {
							"post": [-2.02, 7.99, -0.26],
							"lerp_mode": "catmullrom"
						},
						"2.5": {
							"post": [-7.01, 3.99, -0.12],
							"lerp_mode": "catmullrom"
						},
						"2.8": {
							"post": [-7.79279, 4.35056, 2.86617],
							"lerp_mode": "catmullrom"
						},
						"3.05": {
							"post": [-6.07228, 3.79785, -1.10176],
							"lerp_mode": "catmullrom"
						},
						"3.25": {
							"post": [-6.07, 3.8, -1.1],
							"lerp_mode": "catmullrom"
						},
						"3.55": {
							"post": [-9.04472, 0.88531, -0.36995],
							"lerp_mode": "catmullrom"
						},
						"3.9": {
							"post": [-12.05, -1.09, -0.06],
							"lerp_mode": "catmullrom"
						},
						"4.2": {
							"post": [-12.05, -1.09, -0.06],
							"lerp_mode": "catmullrom"
						},
						"4.6": {
							"post": [-5.04971, 0.90224, -0.23604],
							"lerp_mode": "catmullrom"
						},
						"4.85": {
							"post": [-5.05, 0.9, -0.24],
							"lerp_mode": "catmullrom"
						},
						"5.4": {
							"post": [-4.06106, 3.88833, -0.50456],
							"lerp_mode": "catmullrom"
						},
						"5.9": {
							"post": [-5.05, 0.9, -0.24],
							"lerp_mode": "catmullrom"
						},
						"6.7": {
							"post": [0.27307, 0.48983, -1.44005],
							"lerp_mode": "catmullrom"
						},
						"7.15": [0, 0, -1],
						"7.35": [0, 0, 1],
						"7.6": [0, 0, 0]
					}
				}
			}
		}
	}
}