{
	"format_version": "1.8.0",
	"animations": {
		"static_idle": {
			"animation_length": 0.0417,
			"bones": {
				"root": {
					"rotation": [0, 0, 0],
					"position": [0, 0, 0]
				},
				"righthand": {
					"rotation": [0, 0, 0],
					"position": [0, 0, 0]
				}
			}
		},
		"reload_tactical": {
			"animation_length": 1.5,
			"bones": {
				"root": {
					"relative_to": {
						"rotation": "entity"
					},
					"rotation": {
						"0.0": [0, 0, 0.01],
						"1.45": [0, 0, 0.01]
					},
					"position": {
						"0.0": [0, 0, 0],
						"1.45": [0, 0, 0]
					}
				}
			}
		},
		"reload_empty": {
			"animation_length": 1.5,
			"bones": {
				"root": {
					"rotation": {
						"0.0": [0, 0, 0],
						"1.45": [0, 0, 0]
					},
					"position": {
						"0.0": [0, 0, 0],
						"1.45": [0, 0, 0]
					}
				}
			}
		},
		"shoot": {
			"animation_length": 3.75,
			"bones": {
				"root": {
					"rotation": {
						"0.0": [0, 0, 0],
						"0.1": {
							"pre": [-32.5, 0, 0],
							"post": [-32.5, 0, 0],
							"lerp_mode": "catmullrom"
						},
						"0.15": {
							"post": [-45, 0, 0],
							"lerp_mode": "catmullrom"
						},
						"0.2": {
							"post": [-45, 0, 0],
							"lerp_mode": "catmullrom"
						},
						"0.25": {
							"post": [-45, 0, 0],
							"lerp_mode": "catmullrom"
						},
						"0.35": {
							"post": [-45, 0, 0],
							"lerp_mode": "catmullrom"
						},
						"0.7": {
							"post": [-45, 0, 0],
							"lerp_mode": "catmullrom"
						},
						"2.5": {
							"post": [1, 0, 0],
							"lerp_mode": "catmullrom"
						},
						"3.0": [-3, 0, 0],
						"3.5": [0, 0, 0]
					},
					"position": {
						"0.0": [0, 0, 0],
						"0.1": {
							"pre": [0, 5, 10],
							"post": [0, 5, 10],
							"lerp_mode": "catmullrom"
						},
						"0.15": {
							"post": [0, 5, 12],
							"lerp_mode": "catmullrom"
						},
						"0.2": {
							"post": [0, 5, 12],
							"lerp_mode": "catmullrom"
						},
						"0.25": {
							"post": [0, 5, 12],
							"lerp_mode": "catmullrom"
						},
						"0.35": {
							"post": [0, 5, 12],
							"lerp_mode": "catmullrom"
						},
						"0.7": {
							"post": [0, 5, 12],
							"lerp_mode": "catmullrom"
						},
						"2.5": {
							"post": [0, 0, -1.6],
							"lerp_mode": "catmullrom"
						},
						"3.0": [0, 0, 0.7],
						"3.5": [0, 0, 0]
					}
				},
				"lefthand": {
					"rotation": {
						"0.2": [0, 0, 0],
						"0.3": {
							"pre": [60, 0, 0],
							"post": [60, 0, 0],
							"lerp_mode": "catmullrom"
						},
						"0.45": {
							"post": [82.5, 0, 0],
							"lerp_mode": "catmullrom"
						},
						"0.65": [0, 0, 0],
						"2.1": [0, 0, 0]
					},
					"position": {
						"0.2": [0, 0, 0],
						"0.3": {
							"pre": [7, -1, -11],
							"post": [7, -1, -11],
							"lerp_mode": "catmullrom"
						},
						"0.45": {
							"post": [7, -5, -10],
							"lerp_mode": "catmullrom"
						},
						"0.65": [8, -11, 7],
						"2.1": [0, 0, 0]
					}
				},
				"Drone": {
					"rotation": {
						"0.0": [0, 0, 0],
						"0.2": [0, 0, 0],
						"0.4": [-20, 0, 0],
						"0.55": [0, 0, 0],
						"2.0": [0, 0, 0],
						"2.3": [0, 0, 0],
						"2.5": [0, 0, 0]
					},
					"position": {
						"0.0": [0, 0, 0],
						"0.2": [0, 0, 0],
						"0.25": [0, -3.2, -23.25],
						"0.3": [0, -2, -46.5],
						"0.35": [0, 3.5, -69.75],
						"0.4": [0, 12, -93],
						"0.5": [0, 86, -9],
						"0.55": [0, 0, 0],
						"2.0": [0, 0, 20],
						"2.3": [0, 0, 0],
						"2.5": [0, 0, 0]
					},
					"scale": {
						"0.4": [1, 1, 1],
						"0.45": [0, 0, 0],
						"0.6": [0, 0, 0],
						"1.9": [0, 0, 0],
						"2.0": [1, 1, 1]
					}
				},
				"propeller": {
					"rotation": {
						"0.05": [0, 0, 0],
						"0.55": [-6050, 0, 0],
						"0.75": [0, 0, 0]
					}
				},
				"righthand": {
					"rotation": {
						"0.2": [0, 0, 0],
						"0.3": {
							"pre": [32.5, 0, 0],
							"post": [32.5, 0, 0],
							"lerp_mode": "catmullrom"
						},
						"0.45": {
							"post": [62.5, 0, 0],
							"lerp_mode": "catmullrom"
						},
						"0.65": [0, 0, 0],
						"0.7": [0, 0, 0]
					},
					"position": {
						"0.2": [0, 0, 0],
						"0.3": {
							"pre": [3, -1.8, -14],
							"post": [3, -1.8, -14],
							"lerp_mode": "catmullrom"
						},
						"0.45": {
							"post": [5, -3.8, -18],
							"lerp_mode": "catmullrom"
						},
						"0.65": [0, 0, 0],
						"0.7": [0, 0, 0]
					}
				},
				"camera": {
					"rotation": {
						"0.0": [0, 0, 0],
						"0.15": {
							"pre": [-37.5, 0, 0],
							"post": [-37.5, 0, 0],
							"lerp_mode": "catmullrom"
						},
						"0.3": {
							"post": [-33.5, 0, 0],
							"lerp_mode": "catmullrom"
						},
						"0.4": {
							"post": [-11.29549, 7.59806, 10.57959],
							"lerp_mode": "catmullrom"
						},
						"0.5": {
							"post": [-8.04986, 0.55597, -1.90092],
							"lerp_mode": "catmullrom"
						},
						"0.85": {
							"post": [-8.15907, 5.05602, 7.44684],
							"lerp_mode": "catmullrom"
						},
						"1.2": {
							"post": [-4.66, 5.06, 7.45],
							"lerp_mode": "catmullrom"
						},
						"1.8": {
							"post": [-13.0827, 5.13035, 2.58265],
							"lerp_mode": "catmullrom"
						},
						"2.05": {
							"post": [-13.39642, 5.26478, -2.72388],
							"lerp_mode": "catmullrom"
						},
						"2.35": {
							"post": [-6.63, 5.94, 2.5],
							"lerp_mode": "catmullrom"
						},
						"2.8": {
							"post": [3.00285, 2.49657, 0.13092],
							"lerp_mode": "catmullrom"
						},
						"3.2": {
							"post": [2, 0, 0],
							"lerp_mode": "catmullrom"
						},
						"3.5": [0, 0, 0]
					}
				}
			},
			"sound_effects": {
				"0.0": {
					"effect": "miyako_d_shoot1"
				}
			}
		},
		"inspect": {
			"animation_length": 0.15,
			"bones": {
				"root": {
					"rotation": {
						"0.0": [0, 0, 0],
						"0.1": [0, 0, 0]
					},
					"position": {
						"0.0": [0, 0, 0],
						"0.1": [0, 0, 0]
					}
				}
			}
		},
		"put_away": {
			"animation_length": 0.7,
			"bones": {
				"root": {
					"rotation": {
						"0.0": [0, 0, 0],
						"0.15": [10.36567, -24.92137, -0.95622],
						"0.35": [13.4595, -29.78882, -2.24174]
					},
					"position": {
						"0.0": [0, 0, 0],
						"0.15": [6, -10, 0],
						"0.35": [6, -20, 3]
					}
				}
			}
		}
	}
}