{
	"format_version": "1.8.0",
	"animations": {
		"static_idle": {
			"animation_length": 0.0417,
			"bones": {
				"root": {
					"rotation": [0, 0, 0],
					"position": [0, 0, 0]
				},
				"righthand": {
					"rotation": [0, 0, 0],
					"position": [0, 0, 0]
				},
				"slide": {
					"position": [0, 0, 0]
				},
				"constraint": {
					"rotation": [0.2, 0.2, 0.2],
					"position": [0.2, 0.2, 0.2]
				}
			}
		},
		"static_bolt_caught": {
			"animation_length": 0.0417,
			"bones": {
				"root": {
					"rotation": [0, 0, 0],
					"position": [0, 0, 0]
				},
				"bullet_in_mag": {
					"scale": 0
				},
				"slide": {
					"position": [0, 0, 2.5]
				}
			}
		},
		"reload_tactical": {
			"animation_length": 1.5,
			"bones": {
				"root": {
					"rotation": {
						"0.0": [0, 0, 0],
						"0.2083": {
							"pre": [-22.65681, -25.47827, -3.74257],
							"post": [-22.65681, -25.47827, -3.74257],
							"lerp_mode": "catmullrom"
						},
						"0.4167": {
							"post": [-22.66, -25.48, -3.74],
							"lerp_mode": "catmullrom"
						},
						"0.5833": {
							"post": [-22.66, -25.48, -3.74],
							"lerp_mode": "catmullrom"
						},
						"0.75": {
							"post": [-24.2358, -28.83734, -6.93746],
							"lerp_mode": "catmullrom"
						},
						"0.875": {
							"post": [-24.24, -28.84, -6.94],
							"lerp_mode": "catmullrom"
						},
						"0.9583": {
							"post": [-21.82361, -31.71782, -11.81529],
							"lerp_mode": "catmullrom"
						},
						"1.0833": {
							"post": [-24.24, -28.84, -6.94],
							"lerp_mode": "catmullrom"
						},
						"1.2917": {
							"post": [-1, 0, 0],
							"lerp_mode": "catmullrom"
						},
						"1.4167": [0, 0, 0],
						"1.5": [0, 0, 0]
					},
					"position": {
						"0.0": [0, 0, 0],
						"0.2083": {
							"pre": [3.47722, 3.60767, -4.32865],
							"post": [3.47722, 3.60767, -4.32865],
							"lerp_mode": "catmullrom"
						},
						"0.4167": {
							"post": [3.14, 3.24, -3.58],
							"lerp_mode": "catmullrom"
						},
						"0.5833": {
							"post": [3.14, 3.24, -3.58],
							"lerp_mode": "catmullrom"
						},
						"0.75": {
							"post": [3.14, 3.24, -3.58],
							"lerp_mode": "catmullrom"
						},
						"0.875": {
							"post": [3.14, 3.24, -3.58],
							"lerp_mode": "catmullrom"
						},
						"0.9583": {
							"post": [2.93605, 3.70832, -3.53606],
							"lerp_mode": "catmullrom"
						},
						"1.0833": {
							"post": [3.14, 3.24, -3.58],
							"lerp_mode": "catmullrom"
						},
						"1.2917": {
							"post": [0, 0, -1.6],
							"lerp_mode": "catmullrom"
						},
						"1.4167": [0, 0, 0.4],
						"1.5": [0, 0, 0]
					}
				},
				"mag_and_lefthand": {
					"rotation": {
						"0.0": {
							"post": [0, 0, 0],
							"lerp_mode": "catmullrom"
						},
						"0.1667": {
							"post": [0, 0, 0],
							"lerp_mode": "catmullrom"
						},
						"0.75": {
							"post": [0, 0, 0],
							"lerp_mode": "catmullrom"
						},
						"0.8333": {
							"post": [0, 0, 0],
							"lerp_mode": "catmullrom"
						},
						"0.9583": [0, 0, 0],
						"1.0833": [0, 0, 0],
						"1.2917": [0, 0, 0]
					},
					"position": {
						"0.0": {
							"post": [0, 0, 0],
							"lerp_mode": "catmullrom"
						},
						"0.1667": {
							"post": [0, 0, 0],
							"lerp_mode": "catmullrom"
						},
						"0.75": {
							"post": [0, 0, 0],
							"lerp_mode": "catmullrom"
						},
						"0.8333": {
							"post": [0, 5.76, -1.44],
							"lerp_mode": "catmullrom"
						},
						"0.9583": [0, 14.4, -3.6],
						"1.0833": [0, 14.4, -3.6],
						"1.2917": [0, 0, 0]
					}
				},
				"magazine": {
					"rotation": {
						"0.0": [0, 0, 0],
						"0.1667": [0, 0, 0],
						"0.2917": [0, 0, 0],
						"0.75": [0, 0, 0],
						"0.9583": [0, 0, 0],
						"1.0833": [0, 0, 0],
						"1.2917": [0, 0, 0]
					},
					"position": {
						"0.0": [0, 0, 0],
						"0.1667": [0, 0, 0],
						"0.2083": [0, -4.78955, 1.27945],
						"0.2917": [0, -14.41041, 3.52561],
						"0.4167": [0, -14.41, 3.53],
						"0.75": [0, -14.41, 3.53],
						"0.9583": [0, -14.41, 3.53],
						"1.0833": [0, -14.41, 3.53],
						"1.2917": [0, 0, 0]
					}
				},
				"lefthand": {
					"rotation": {
						"0.0": [0, 0, 0],
						"0.75": [0, 0, 0],
						"0.9167": [0, 0, 0],
						"1.2083": [0, 0, 0],
						"1.2917": [0, 0, 0]
					},
					"position": {
						"0.0": [0, 0, 0],
						"0.75": [-10.5, -13, -3],
						"0.9167": [-10.5, -13, -3],
						"1.2083": [-10.5, -13, -3],
						"1.2917": [0, 0, 0]
					}
				},
				"camera": {
					"rotation": {
						"0.0": [0, 0, 0],
						"0.125": {
							"pre": [0, 1, 0],
							"post": [0, 1, 0],
							"lerp_mode": "catmullrom"
						},
						"0.375": {
							"post": [1.0173, 0.9824, 0.99999],
							"lerp_mode": "catmullrom"
						},
						"0.5": {
							"post": [0.98518, 1.015, -1],
							"lerp_mode": "catmullrom"
						},
						"0.7083": {
							"post": [2.99, 1.01, -1],
							"lerp_mode": "catmullrom"
						},
						"0.9167": {
							"post": [1.97208, 1.04457, -1.99956],
							"lerp_mode": "catmullrom"
						},
						"1.0417": {
							"post": [1.98784, 1.00547, -1.00044],
							"lerp_mode": "catmullrom"
						},
						"1.3333": [0, 0, 0]
					}
				}
			},
			"sound_effects": {
				"0.0": {
					"effect": "rb224_moe_reload_tactical"
				}
			}
		},
		"reload_empty": {
			"animation_length": 1.9167,
			"bones": {
				"root": {
					"rotation": {
						"0.0": [0, 0, 0],
						"0.2083": {
							"pre": [-22.65681, -25.47827, -3.74257],
							"post": [-22.65681, -25.47827, -3.74257],
							"lerp_mode": "catmullrom"
						},
						"0.4167": {
							"post": [-22.66, -25.48, -3.74],
							"lerp_mode": "catmullrom"
						},
						"0.5833": {
							"post": [-22.66, -25.48, -3.74],
							"lerp_mode": "catmullrom"
						},
						"0.75": {
							"post": [-24.2358, -28.83734, -6.93746],
							"lerp_mode": "catmullrom"
						},
						"0.875": {
							"post": [-24.24, -28.84, -6.94],
							"lerp_mode": "catmullrom"
						},
						"0.9583": {
							"post": [-21.82361, -31.71782, -11.81529],
							"lerp_mode": "catmullrom"
						},
						"1.0417": {
							"post": [-24.24, -28.84, -6.94],
							"lerp_mode": "catmullrom"
						},
						"1.2083": {
							"post": [-35.8099, 9.96058, 53.51356],
							"lerp_mode": "catmullrom"
						},
						"1.5": {
							"post": [-35.8099, 9.96058, 53.51356],
							"lerp_mode": "catmullrom"
						},
						"1.7083": {
							"post": [-1, 0, 0],
							"lerp_mode": "catmullrom"
						},
						"1.8333": [0, 0, 0],
						"1.9167": [0, 0, 0]
					},
					"position": {
						"0.0": [0, 0, 0],
						"0.2083": {
							"pre": [3.47722, 3.60767, -4.32865],
							"post": [3.47722, 3.60767, -4.32865],
							"lerp_mode": "catmullrom"
						},
						"0.4167": {
							"post": [3.14, 3.24, -3.58],
							"lerp_mode": "catmullrom"
						},
						"0.5833": {
							"post": [3.14, 3.24, -3.58],
							"lerp_mode": "catmullrom"
						},
						"0.75": {
							"post": [3.14, 3.24, -3.58],
							"lerp_mode": "catmullrom"
						},
						"0.875": {
							"post": [3.14, 3.24, -3.58],
							"lerp_mode": "catmullrom"
						},
						"0.9583": {
							"post": [2.93605, 3.70832, -3.53606],
							"lerp_mode": "catmullrom"
						},
						"1.0417": {
							"post": [3.14, 3.24, -3.58],
							"lerp_mode": "catmullrom"
						},
						"1.2083": {
							"post": [-1.86, 3.24, -4.28],
							"lerp_mode": "catmullrom"
						},
						"1.5": {
							"post": [-1.86, 3.24, -4.28],
							"lerp_mode": "catmullrom"
						},
						"1.7083": {
							"post": [0, 0, -1.6],
							"lerp_mode": "catmullrom"
						},
						"1.8333": [0, 0, 0.4],
						"1.9167": [0, 0, 0]
					}
				},
				"mag_and_lefthand": {
					"rotation": {
						"0.0": {
							"post": [0, 0, 0],
							"lerp_mode": "catmullrom"
						},
						"0.1667": {
							"post": [0, 0, 0],
							"lerp_mode": "catmullrom"
						},
						"0.7083": {
							"post": [0, 0, 0],
							"lerp_mode": "catmullrom"
						},
						"0.7917": {
							"post": [0, 0, 0],
							"lerp_mode": "catmullrom"
						},
						"0.9167": [0, 0, 0],
						"0.9583": [0, 0, 0]
					},
					"position": {
						"0.0": {
							"post": [0, 0, 0],
							"lerp_mode": "catmullrom"
						},
						"0.1667": {
							"post": [0, 0, 0],
							"lerp_mode": "catmullrom"
						},
						"0.7083": {
							"post": [0, 0, 0],
							"lerp_mode": "catmullrom"
						},
						"0.7917": {
							"post": [0, 5.76, -1.44],
							"lerp_mode": "catmullrom"
						},
						"0.9167": [0, 14.4, -3.6],
						"0.9583": [0, 14.4, -3.6]
					}
				},
				"magazine": {
					"rotation": {
						"0.0": [0, 0, 0],
						"0.1667": [0, 0, 0],
						"0.2917": [0, 0, 0],
						"0.7083": [0, 0, 0],
						"0.9167": [0, 0, 0],
						"1.0417": [0, 0, 0]
					},
					"position": {
						"0.0": [0, 0, 0],
						"0.1667": [0, 0, 0],
						"0.2083": [0, -4.78955, 1.27945],
						"0.2917": [0, -14.41041, 3.52561],
						"0.4167": [0, -14.41, 3.53],
						"0.7083": [0, -14.41, 3.53],
						"0.9167": [0, -14.41, 3.53],
						"1.0417": [0, -14.41, 3.53]
					}
				},
				"righthand": {
					"rotation": {
						"0.0": [0, 0, 0],
						"0.0833": [0, 0, 0],
						"0.2083": {
							"pre": [1.99818, 0.10465, -1.99726],
							"post": [1.99818, 0.10465, -1.99726],
							"lerp_mode": "catmullrom"
						},
						"0.4583": {
							"post": [1, 0, 0],
							"lerp_mode": "catmullrom"
						},
						"0.8333": {
							"post": [3, 0, 0],
							"lerp_mode": "catmullrom"
						},
						"0.9167": [0, 0, 0]
					},
					"position": [0, 0, 0]
				},
				"slide": {
					"position": {
						"0.0": [0, 0, 2.5],
						"1.25": [0, 0, 2.5],
						"1.2917": [0, 0, 2.7],
						"1.3333": [0, 0, 0]
					}
				},
				"lefthand": {
					"rotation": {
						"0.0": [0, 0, 0],
						"0.7083": [0, 0, 0],
						"0.875": [0, 0, 0],
						"0.9583": [0, 0, 0],
						"1.25": [11, 50, 0],
						"1.2917": [11, 50, 0],
						"1.375": [11, 50, 0],
						"1.625": [0, 0, 0]
					},
					"position": {
						"0.0": [0, 0, 0],
						"0.7083": [-10.5, -13, -3],
						"0.875": [-10.5, -13, -3],
						"0.9583": [-10.5, -13, -3],
						"1.0833": [-5.25, -7.2, -3.45],
						"1.25": [-8, -4, -10.4],
						"1.2917": [-9, -4.4, -8.9],
						"1.375": [-8, -4.4, -9.9],
						"1.625": [3, -16, 5]
					}
				},
				"camera": {
					"rotation": {
						"0.0": [0, 0, 0],
						"0.125": {
							"pre": [0, 1, 0],
							"post": [0, 1, 0],
							"lerp_mode": "catmullrom"
						},
						"0.375": {
							"post": [1.0173, 0.9824, 0.99999],
							"lerp_mode": "catmullrom"
						},
						"0.5": {
							"post": [0.98518, 1.015, -1],
							"lerp_mode": "catmullrom"
						},
						"0.7083": {
							"post": [2.99, 1.01, -1],
							"lerp_mode": "catmullrom"
						},
						"0.9167": {
							"post": [1.97208, 1.04457, -1.99956],
							"lerp_mode": "catmullrom"
						},
						"1.0417": {
							"post": [1.98784, 1.00547, -1.00044],
							"lerp_mode": "catmullrom"
						},
						"1.25": {
							"post": [-0.62623, -3.25133, -2.58589],
							"lerp_mode": "catmullrom"
						},
						"1.375": {
							"post": [-3.00035, -2.55158, 3.10641],
							"lerp_mode": "catmullrom"
						},
						"1.5": {
							"post": [-4.45258, -3.60315, -3.66919],
							"lerp_mode": "catmullrom"
						},
						"1.5833": {
							"post": [-3.48125, -1.70798, -1.72852],
							"lerp_mode": "catmullrom"
						},
						"1.7917": [0, 0, 0]
					}
				}
			}
		},
		"inspect": {
			"animation_length": 8.7917,
			"bones": {
				"root": {
					"rotation": {
						"0.0": [0, 0, 0],
						"0.2917": {
							"pre": [-14.50672, -48.54123, -8.65376],
							"post": [-14.50672, -48.54123, -8.65376],
							"lerp_mode": "catmullrom"
						},
						"0.6667": {
							"post": [-14.51, -48.54, -8.65],
							"lerp_mode": "catmullrom"
						},
						"1.125": {
							"post": [-15.34, -47.75, -7.55],
							"lerp_mode": "catmullrom"
						},
						"1.5": {
							"post": [-14.51, -48.54, -8.65],
							"lerp_mode": "catmullrom"
						},
						"1.9167": {
							"post": [-2.2819, -60.1061, -24.77356],
							"lerp_mode": "catmullrom"
						},
						"2.2083": {
							"post": [-2.28, -60.11, -24.77],
							"lerp_mode": "catmullrom"
						},
						"2.625": {
							"post": [-2.28, -60.11, -24.77],
							"lerp_mode": "catmullrom"
						},
						"3.0": {
							"post": [-2.28, -60.11, -24.77],
							"lerp_mode": "catmullrom"
						},
						"3.375": {
							"post": [-22.65681, -25.47827, -3.74257],
							"lerp_mode": "catmullrom"
						},
						"3.5417": {
							"post": [-20.10473, -25.1399, -2.69975],
							"lerp_mode": "catmullrom"
						},
						"3.6667": {
							"post": [-22.65681, -25.47827, -3.74257],
							"lerp_mode": "catmullrom"
						},
						"4.0417": {
							"post": [-22.34613, -25.86379, -4.79456],
							"lerp_mode": "catmullrom"
						},
						"4.5": {
							"post": [-22.80118, -25.34601, -3.40668],
							"lerp_mode": "catmullrom"
						},
						"4.9583": {
							"post": [-22.76, -25.31, -3.3],
							"lerp_mode": "catmullrom"
						},
						"5.3333": {
							"post": [-21.64, -25.32, -3.31],
							"lerp_mode": "catmullrom"
						},
						"5.875": {
							"post": [-22.66, -25.48, -3.74],
							"lerp_mode": "catmullrom"
						},
						"6.0": {
							"post": [-24.30031, -26.60316, -6.83631],
							"lerp_mode": "catmullrom"
						},
						"6.2917": {
							"post": [-22.66, -25.48, -3.74],
							"lerp_mode": "catmullrom"
						},
						"6.625": {
							"post": [-50.50654, 26.2369, 52.33846],
							"lerp_mode": "catmullrom"
						},
						"7.4167": {
							"post": [-50.51, 26.24, 52.34],
							"lerp_mode": "catmullrom"
						},
						"8.0417": {
							"post": [-50.51, 26.24, 52.34],
							"lerp_mode": "catmullrom"
						},
						"8.4167": {
							"post": [-1, 0, 0],
							"lerp_mode": "catmullrom"
						},
						"8.625": [0, 0, 0],
						"8.7917": [0, 0, 0]
					},
					"position": {
						"0.0": [0, 0, 0],
						"0.2917": {
							"pre": [3.79244, 4.12883, 0.80736],
							"post": [3.79244, 4.12883, 0.80736],
							"lerp_mode": "catmullrom"
						},
						"0.6667": {
							"post": [3.79, 4.13, 0.81],
							"lerp_mode": "catmullrom"
						},
						"1.125": {
							"post": [3.79521, 4.31863, 0.76295],
							"lerp_mode": "catmullrom"
						},
						"1.5": {
							"post": [3.79, 4.13, 0.81],
							"lerp_mode": "catmullrom"
						},
						"1.9167": {
							"post": [4.24004, 3.23721, 0.79016],
							"lerp_mode": "catmullrom"
						},
						"2.2083": {
							"post": [4.24, 3.24, 0.79],
							"lerp_mode": "catmullrom"
						},
						"2.625": {
							"post": [4.24, 3.24, 0.79],
							"lerp_mode": "catmullrom"
						},
						"3.0": {
							"post": [4.24, 3.24, 0.99],
							"lerp_mode": "catmullrom"
						},
						"3.375": {
							"post": [2.47722, 3.60767, -4.32865],
							"lerp_mode": "catmullrom"
						},
						"3.5417": {
							"post": [2.62726, 2.96664, -4.56247],
							"lerp_mode": "catmullrom"
						},
						"3.6667": {
							"post": [2.47722, 3.60767, -4.32865],
							"lerp_mode": "catmullrom"
						},
						"4.0417": {
							"post": [2.49269, 3.5491, -4.34497],
							"lerp_mode": "catmullrom"
						},
						"4.5": {
							"post": [2.46291, 3.50897, -4.24669],
							"lerp_mode": "catmullrom"
						},
						"4.9583": {
							"post": [2.2895, 3.50959, -4.3355],
							"lerp_mode": "catmullrom"
						},
						"5.3333": {
							"post": [2.6156, 3.61866, -4.41251],
							"lerp_mode": "catmullrom"
						},
						"5.875": {
							"post": [2.48, 3.61, -4.33],
							"lerp_mode": "catmullrom"
						},
						"6.0": {
							"post": [2.20396, 4.06842, -4.56164],
							"lerp_mode": "catmullrom"
						},
						"6.2917": {
							"post": [2.48, 3.61, -4.33],
							"lerp_mode": "catmullrom"
						},
						"6.625": {
							"post": [-2.0476, 4.07665, -3.45706],
							"lerp_mode": "catmullrom"
						},
						"7.4167": {
							"post": [-2.0503, 4.07173, -3.46131],
							"lerp_mode": "catmullrom"
						},
						"8.0417": {
							"post": [-1.189, 4.70187, -4.31048],
							"lerp_mode": "catmullrom"
						},
						"8.4167": {
							"post": [0, 0, -1.6],
							"lerp_mode": "catmullrom"
						},
						"8.625": [0, 0, 0.4],
						"8.7917": [0, 0, 0]
					}
				},
				"mag_and_lefthand": {
					"rotation": {
						"3.3333": [0, 0, 0],
						"3.375": {
							"pre": [0, 0, 0],
							"post": [0, 0, 0],
							"lerp_mode": "catmullrom"
						},
						"3.5417": {
							"post": [0, 0, 0],
							"lerp_mode": "catmullrom"
						},
						"3.5833": {
							"post": [0, 0, 0],
							"lerp_mode": "catmullrom"
						},
						"3.7917": {
							"post": [0, 0, 11],
							"lerp_mode": "catmullrom"
						},
						"4.25": {
							"post": [0, 0, 11],
							"lerp_mode": "catmullrom"
						},
						"4.5": {
							"post": [-16, 0, 11],
							"lerp_mode": "catmullrom"
						},
						"4.8333": {
							"post": [-16, 0, 11],
							"lerp_mode": "catmullrom"
						},
						"5.2917": {
							"post": [-16, 0, 11],
							"lerp_mode": "catmullrom"
						},
						"5.5417": {
							"post": [0, 0, 11],
							"lerp_mode": "catmullrom"
						},
						"5.7917": [0, 0, 0],
						"5.8333": [0, 0, 0],
						"5.9583": [0, 0, 0],
						"6.0": [0, 0, 0]
					},
					"position": {
						"3.3333": [0, 0, 0],
						"3.375": {
							"pre": [0, 0, 0],
							"post": [0, 0, 0],
							"lerp_mode": "catmullrom"
						},
						"3.5417": {
							"post": [0, -9.1, 2.3],
							"lerp_mode": "catmullrom"
						},
						"3.5833": {
							"post": [0, -9.1, 2.3],
							"lerp_mode": "catmullrom"
						},
						"3.7917": {
							"post": [3.25469, -0.85491, -0.7],
							"lerp_mode": "catmullrom"
						},
						"4.25": {
							"post": [3.7, -0.13, -0.7],
							"lerp_mode": "catmullrom"
						},
						"4.5": {
							"post": [4.37693, 0.73207, -0.83643],
							"lerp_mode": "catmullrom"
						},
						"4.8333": {
							"post": [4.38, 0.73, -0.84],
							"lerp_mode": "catmullrom"
						},
						"5.2917": {
							"post": [4.38, 0.73, -0.84],
							"lerp_mode": "catmullrom"
						},
						"5.5417": {
							"post": [3.25469, -0.85491, -0.7],
							"lerp_mode": "catmullrom"
						},
						"5.7917": [0, -9.1, 2.3],
						"5.8333": [0, -9.1, 2.3],
						"5.9583": [0, 0, 0],
						"6.0": [0, 0, 0]
					}
				},
				"magazine": {
					"rotation": {
						"0.0": [0, 0, 0],
						"3.3333": [0, 0, 0],
						"6.0": [0, 0, 0]
					},
					"position": {
						"0.0": [0, 0.00041, 0.00439],
						"3.3333": [0, 0.00041, 0.00439],
						"6.0": [0, 0.00041, 0.00439]
					}
				},
				"lefthand": {
					"rotation": {
						"0.0": [0, 0, 0],
						"3.125": [0, 0, 0],
						"3.3333": [0, 0, 0],
						"6.0": [0, 0, 0],
						"6.75": [0, 0, 0]
					},
					"position": {
						"0.0": [0, 0, 0],
						"3.125": [0, 0, 0],
						"3.3333": [-10, 0, -7.3],
						"6.0": [-10, 0, -7.3],
						"6.75": [0, 0, 0]
					}
				},
				"camera": {
					"rotation": {
						"0.0": [0, 0, 0],
						"0.375": {
							"pre": [-4.00061, -0.99756, 0.06976],
							"post": [-4.00061, -0.99756, 0.06976],
							"lerp_mode": "catmullrom"
						},
						"1.7083": {
							"post": [-4, -1, 0.07],
							"lerp_mode": "catmullrom"
						},
						"2.9583": [0, 0, 0]
					}
				}
			}
		},
		"inspect_empty": {
			"animation_length": 8.7917,
			"bones": {
				"root": {
					"rotation": {
						"0.0": [0, 0, 0],
						"0.2917": {
							"pre": [-14.50672, -48.54123, -8.65376],
							"post": [-14.50672, -48.54123, -8.65376],
							"lerp_mode": "catmullrom"
						},
						"0.6667": {
							"post": [-14.51, -48.54, -8.65],
							"lerp_mode": "catmullrom"
						},
						"1.125": {
							"post": [-15.34, -47.75, -7.55],
							"lerp_mode": "catmullrom"
						},
						"1.5": {
							"post": [-14.51, -48.54, -8.65],
							"lerp_mode": "catmullrom"
						},
						"1.9167": {
							"post": [-2.2819, -60.1061, -24.77356],
							"lerp_mode": "catmullrom"
						},
						"2.2083": {
							"post": [-2.28, -60.11, -24.77],
							"lerp_mode": "catmullrom"
						},
						"2.625": {
							"post": [-2.28, -60.11, -24.77],
							"lerp_mode": "catmullrom"
						},
						"3.0": {
							"post": [-2.28, -60.11, -24.77],
							"lerp_mode": "catmullrom"
						},
						"3.375": {
							"post": [-22.65681, -25.47827, -3.74257],
							"lerp_mode": "catmullrom"
						},
						"3.5417": {
							"post": [-20.10473, -25.1399, -2.69975],
							"lerp_mode": "catmullrom"
						},
						"3.6667": {
							"post": [-22.65681, -25.47827, -3.74257],
							"lerp_mode": "catmullrom"
						},
						"4.0417": {
							"post": [-22.34613, -25.86379, -4.79456],
							"lerp_mode": "catmullrom"
						},
						"4.5": {
							"post": [-22.80118, -25.34601, -3.40668],
							"lerp_mode": "catmullrom"
						},
						"4.9583": {
							"post": [-22.76, -25.31, -3.3],
							"lerp_mode": "catmullrom"
						},
						"5.3333": {
							"post": [-21.64, -25.32, -3.31],
							"lerp_mode": "catmullrom"
						},
						"5.875": {
							"post": [-22.66, -25.48, -3.74],
							"lerp_mode": "catmullrom"
						},
						"6.0": {
							"post": [-24.30031, -26.60316, -6.83631],
							"lerp_mode": "catmullrom"
						},
						"6.2917": {
							"post": [-22.66, -25.48, -3.74],
							"lerp_mode": "catmullrom"
						},
						"6.625": {
							"post": [-50.50654, 26.2369, 52.33846],
							"lerp_mode": "catmullrom"
						},
						"7.4167": {
							"post": [-50.51, 26.24, 52.34],
							"lerp_mode": "catmullrom"
						},
						"8.0417": {
							"post": [-50.51, 26.24, 52.34],
							"lerp_mode": "catmullrom"
						},
						"8.4167": {
							"post": [-1, 0, 0],
							"lerp_mode": "catmullrom"
						},
						"8.625": [0, 0, 0],
						"8.7917": [0, 0, 0]
					},
					"position": {
						"0.0": [0, 0, 0],
						"0.2917": {
							"pre": [3.79244, 4.12883, 0.80736],
							"post": [3.79244, 4.12883, 0.80736],
							"lerp_mode": "catmullrom"
						},
						"0.6667": {
							"post": [3.79, 4.13, 0.81],
							"lerp_mode": "catmullrom"
						},
						"1.125": {
							"post": [3.79521, 4.31863, 0.76295],
							"lerp_mode": "catmullrom"
						},
						"1.5": {
							"post": [3.79, 4.13, 0.81],
							"lerp_mode": "catmullrom"
						},
						"1.9167": {
							"post": [4.24004, 3.23721, 0.79016],
							"lerp_mode": "catmullrom"
						},
						"2.2083": {
							"post": [4.24, 3.24, 0.79],
							"lerp_mode": "catmullrom"
						},
						"2.625": {
							"post": [4.24, 3.24, 0.79],
							"lerp_mode": "catmullrom"
						},
						"3.0": {
							"post": [4.24, 3.24, 0.99],
							"lerp_mode": "catmullrom"
						},
						"3.375": {
							"post": [2.47722, 3.60767, -4.32865],
							"lerp_mode": "catmullrom"
						},
						"3.5417": {
							"post": [2.62726, 2.96664, -4.56247],
							"lerp_mode": "catmullrom"
						},
						"3.6667": {
							"post": [2.47722, 3.60767, -4.32865],
							"lerp_mode": "catmullrom"
						},
						"4.0417": {
							"post": [2.49269, 3.5491, -4.34497],
							"lerp_mode": "catmullrom"
						},
						"4.5": {
							"post": [2.46291, 3.50897, -4.24669],
							"lerp_mode": "catmullrom"
						},
						"4.9583": {
							"post": [2.2895, 3.50959, -4.3355],
							"lerp_mode": "catmullrom"
						},
						"5.3333": {
							"post": [2.6156, 3.61866, -4.41251],
							"lerp_mode": "catmullrom"
						},
						"5.875": {
							"post": [2.48, 3.61, -4.33],
							"lerp_mode": "catmullrom"
						},
						"6.0": {
							"post": [2.20396, 4.06842, -4.56164],
							"lerp_mode": "catmullrom"
						},
						"6.2917": {
							"post": [2.48, 3.61, -4.33],
							"lerp_mode": "catmullrom"
						},
						"6.625": {
							"post": [-2.0476, 4.07665, -3.45706],
							"lerp_mode": "catmullrom"
						},
						"7.4167": {
							"post": [-2.0503, 4.07173, -3.46131],
							"lerp_mode": "catmullrom"
						},
						"8.0417": {
							"post": [-1.189, 4.70187, -4.31048],
							"lerp_mode": "catmullrom"
						},
						"8.4167": {
							"post": [0, 0, -1.6],
							"lerp_mode": "catmullrom"
						},
						"8.625": [0, 0, 0.4],
						"8.7917": [0, 0, 0]
					}
				},
				"mag_and_lefthand": {
					"rotation": {
						"3.3333": [0, 0, 0],
						"3.375": {
							"pre": [0, 0, 0],
							"post": [0, 0, 0],
							"lerp_mode": "catmullrom"
						},
						"3.5417": {
							"post": [0, 0, 0],
							"lerp_mode": "catmullrom"
						},
						"3.5833": {
							"post": [0, 0, 0],
							"lerp_mode": "catmullrom"
						},
						"3.7917": {
							"post": [0, 0, 11],
							"lerp_mode": "catmullrom"
						},
						"4.25": {
							"post": [0, 0, 11],
							"lerp_mode": "catmullrom"
						},
						"4.5": {
							"post": [-16, 0, 11],
							"lerp_mode": "catmullrom"
						},
						"4.8333": {
							"post": [-16, 0, 11],
							"lerp_mode": "catmullrom"
						},
						"5.2917": {
							"post": [-16, 0, 11],
							"lerp_mode": "catmullrom"
						},
						"5.5417": {
							"post": [0, 0, 11],
							"lerp_mode": "catmullrom"
						},
						"5.7917": [0, 0, 0],
						"5.8333": [0, 0, 0],
						"5.9583": [0, 0, 0],
						"6.0": [0, 0, 0]
					},
					"position": {
						"3.3333": [0, 0, 0],
						"3.375": {
							"pre": [0, 0, 0],
							"post": [0, 0, 0],
							"lerp_mode": "catmullrom"
						},
						"3.5417": {
							"post": [0, -9.1, 2.3],
							"lerp_mode": "catmullrom"
						},
						"3.5833": {
							"post": [0, -9.1, 2.3],
							"lerp_mode": "catmullrom"
						},
						"3.7917": {
							"post": [3.25469, -0.85491, -0.7],
							"lerp_mode": "catmullrom"
						},
						"4.25": {
							"post": [3.7, -0.13, -0.7],
							"lerp_mode": "catmullrom"
						},
						"4.5": {
							"post": [4.37693, 0.73207, -0.83643],
							"lerp_mode": "catmullrom"
						},
						"4.8333": {
							"post": [4.38, 0.73, -0.84],
							"lerp_mode": "catmullrom"
						},
						"5.2917": {
							"post": [4.38, 0.73, -0.84],
							"lerp_mode": "catmullrom"
						},
						"5.5417": {
							"post": [3.25469, -0.85491, -0.7],
							"lerp_mode": "catmullrom"
						},
						"5.7917": [0, -9.1, 2.3],
						"5.8333": [0, -9.1, 2.3],
						"5.9583": [0, 0, 0],
						"6.0": [0, 0, 0]
					}
				},
				"magazine": {
					"rotation": {
						"0.0": [0, 0, 0],
						"3.3333": [0, 0, 0],
						"6.0": [0, 0, 0]
					},
					"position": {
						"0.0": [0, 0.00041, 0.00439],
						"3.3333": [0, 0.00041, 0.00439],
						"6.0": [0, 0.00041, 0.00439]
					}
				},
				"bullet_in_mag": {
					"scale": 0
				},
				"slide": {
					"position": [0, 0, 2.5]
				},
				"lefthand": {
					"rotation": {
						"0.0": [0, 0, 0],
						"3.125": [0, 0, 0],
						"3.3333": [0, 0, 0],
						"6.0": [0, 0, 0],
						"6.75": [0, 0, 0]
					},
					"position": {
						"0.0": [0, 0, 0],
						"3.125": [0, 0, 0],
						"3.3333": [-10, 0, -7.3],
						"6.0": [-10, 0, -7.3],
						"6.75": [0, 0, 0]
					}
				},
				"camera": {
					"rotation": {
						"0.0": [0, 0, 0],
						"0.375": {
							"pre": [-4.00061, -0.99756, 0.06976],
							"post": [-4.00061, -0.99756, 0.06976],
							"lerp_mode": "catmullrom"
						},
						"1.7083": {
							"post": [-4, -1, 0.07],
							"lerp_mode": "catmullrom"
						},
						"2.9583": [0, 0, 0]
					}
				}
			}
		},
		"shoot": {
			"animation_length": 0.5833,
			"bones": {
				"root": {
					"rotation": {
						"0.0": [-2.6, 0.15, 1.74],
						"0.0417": [-20.96, -1.31, -2.73],
						"0.0833": [-6.13, -0.48, -0.4],
						"0.125": [1.78, -0.86, -0.94],
						"0.1667": [1, 0.02, -0.19],
						"0.2083": [0.48, 0.23, 0.09],
						"0.25": [-0.31, 0.03, 0.22],
						"0.2917": [-0.7, -0.1, 0.25],
						"0.3333": [-0.51, -0.03, 0.21],
						"0.375": [-0.19, 0.07, 0.16],
						"0.4167": [0.07, 0.13, 0.09],
						"0.4583": [0.09, 0.11, 0.06],
						"0.5": [0.05, 0.06, 0.03],
						"0.5417": [0.02, 0.02, 0.01],
						"0.5833": [0, 0, 0]
					},
					"position": {
						"0.0": [0, 0, 0.98],
						"0.0417": [0, -0.12, 1.17],
						"0.0833": [0, 0.15, 0.39],
						"0.125": [0, 0.03, -0.23],
						"0.1667": [0, -0.08, 0.01],
						"0.2083": [0, -0.1, 0.1],
						"0.25": [0.01, -0.05, 0.13],
						"0.2917": [0.01, -0.02, 0.13],
						"0.3333": [0.01, -0.01, 0.07],
						"0.375": [0, -0.01, 0.02],
						"0.4167": [0, 0, -0.02],
						"0.4583": [0, 0, -0.02],
						"0.5": [0, 0, -0.01],
						"0.5417": [0, 0, 0],
						"0.5833": [0, 0, 0]
					}
				},
				"camera": {
					"rotation": {
						"0.0": [0, 0, 0],
						"0.0417": [0, 0, -0.7],
						"0.0833": [0, 0, 0.41],
						"0.125": [0, 0, -0.3],
						"0.1667": [0, 0, 0.23],
						"0.2083": [0, 0, 0.31],
						"0.25": [0, 0, -0.07],
						"0.2917": [0, 0, -0.16],
						"0.3333": [0, 0, -0.06],
						"0.375": [0, 0, 0]
					}
				},
				"hammer": {
					"rotation": {
						"0.0": [0, 0, 0],
						"0.0417": [50, 0, 0],
						"0.0833": [0, 0, 0]
					}
				},
				"slide": {
					"position": {
						"0.0": [0, 0, 0],
						"0.0417": [0, 0, 2.5],
						"0.0833": [0, 0, 0]
					}
				},
				"constraint": {
					"rotation": [0, 0, 0],
					"position": [0, 0, 0]
				}
			}
		},
		"draw": {
			"animation_length": 0.7667,
			"bones": {
				"R": {
					"rotation": {
						"0.0": [0, 37, 0],
						"0.1": [-19.45085, 20.77712, -1.39186],
						"0.1667": [-2.5737, 2.50138, 0.65251],
						"0.2": [0, 0, 0]
					},
					"position": [0, 0, 0]
				},
				"root": {
					"rotation": {
						"0.0": {
							"post": [-47.5317, -67.12769, 100.20259],
							"lerp_mode": "catmullrom"
						},
						"0.1": {
							"post": [-64.5317, -67.12769, 100.20259],
							"lerp_mode": "catmullrom"
						},
						"0.1667": {
							"post": [-32.84001, -50.0156, 53.41225],
							"lerp_mode": "catmullrom"
						},
						"0.2333": {
							"post": [-22.73056, -16.27704, -12.21613],
							"lerp_mode": "catmullrom"
						},
						"0.3333": {
							"post": [-17.22623, -3.67933, -9.98936],
							"lerp_mode": "catmullrom"
						},
						"0.4": {
							"post": [0.00872, -0.49992, -3.00004],
							"lerp_mode": "catmullrom"
						},
						"0.5": {
							"post": [1.50006, -0.49983, 2.23691],
							"lerp_mode": "catmullrom"
						},
						"0.6333": {
							"post": [0, 0, 0.25],
							"lerp_mode": "catmullrom"
						},
						"0.7667": [0, 0, 0]
					},
					"position": {
						"0.0": {
							"post": [9.58, -11.05, 5.955],
							"lerp_mode": "catmullrom"
						},
						"0.1": {
							"post": [7.225, -4.5, 5.225],
							"lerp_mode": "catmullrom"
						},
						"0.2333": {
							"post": [0.375, 1.55, 3.625],
							"lerp_mode": "catmullrom"
						},
						"0.3333": {
							"post": [-0.19, 1.165, 1.6],
							"lerp_mode": "catmullrom"
						},
						"0.4": {
							"post": [0, -0.35, -0.675],
							"lerp_mode": "catmullrom"
						},
						"0.5": {
							"post": [0, -0.49375, -0.2125],
							"lerp_mode": "catmullrom"
						},
						"0.6333": {
							"post": [0, -0.0625, 0.0875],
							"lerp_mode": "catmullrom"
						},
						"0.7667": [0, 0, 0]
					}
				},
				"righthand": {
					"rotation": [0, 0, 0],
					"position": [0, 0, 0]
				},
				"camera": {
					"rotation": {
						"0.0": {
							"post": [0, 0, 0],
							"lerp_mode": "catmullrom"
						},
						"0.1333": {
							"post": [0.525, -0.225, 0.425],
							"lerp_mode": "catmullrom"
						},
						"0.3": {
							"post": [-0.82, -0.25, -0.25],
							"lerp_mode": "catmullrom"
						},
						"0.4667": {
							"post": [0.175, -0.05, -0.375],
							"lerp_mode": "catmullrom"
						},
						"0.6": {
							"post": [-0.1, 0.025, 0.075],
							"lerp_mode": "catmullrom"
						},
						"0.7667": {
							"post": [0, 0, 0],
							"lerp_mode": "catmullrom"
						}
					}
				},
				"constraint": {
					"rotation": [0.2, 0.2, 0.2],
					"position": [0.2, 0.2, 0.35]
				}
			}
		},
		"put_away": {
			"animation_length": 0.4333,
			"bones": {
				"L": {
					"rotation": {
						"0.0": [0, 0, 0],
						"0.1333": [0, 0, 0]
					},
					"position": {
						"0.0": [0, 0, 0],
						"0.1333": [0, 0, 0]
					}
				},
				"R": {
					"rotation": {
						"0.0": [0, 0, 0],
						"0.1333": [0, 0, 0],
						"0.2667": [-5.49556, 15.06624, -3.81354],
						"0.3667": [0, 0, 0]
					},
					"position": {
						"0.0": [0, 0, 0],
						"0.1333": [0, 0, 0]
					}
				},
				"root": {
					"rotation": {
						"0.0": {
							"post": [0, 0, 0],
							"lerp_mode": "catmullrom"
						},
						"0.1": {
							"post": [-9.59422, -38.3453, 0.00944],
							"lerp_mode": "catmullrom"
						},
						"0.2333": {
							"post": [-16.39395, -61.25293, 53.07545],
							"lerp_mode": "catmullrom"
						},
						"0.3": {
							"post": [-14.15, -69.24, 56.81],
							"lerp_mode": "catmullrom"
						},
						"0.4": {
							"post": [3.60605, -67.62793, 53.07545],
							"lerp_mode": "catmullrom"
						}
					},
					"position": {
						"0.0": {
							"post": [0, 0, 0],
							"lerp_mode": "catmullrom"
						},
						"0.1": {
							"post": [1.015, -2.235, 2.11],
							"lerp_mode": "catmullrom"
						},
						"0.2333": {
							"post": [5.875, -5.1, 9.35],
							"lerp_mode": "catmullrom"
						},
						"0.3": {
							"post": [7.3, -11.07, 9.49],
							"lerp_mode": "catmullrom"
						},
						"0.4333": {
							"post": [13.2, -28.655, 6.35],
							"lerp_mode": "catmullrom"
						}
					}
				},
				"camera": {
					"rotation": {
						"0.0": {
							"post": [0, 0, 0],
							"lerp_mode": "catmullrom"
						},
						"0.2": {
							"post": [0.49, -0.38, -0.38],
							"lerp_mode": "catmullrom"
						},
						"0.3667": {
							"post": [0, 0, 0],
							"lerp_mode": "catmullrom"
						}
					}
				},
				"constraint": {
					"rotation": [0.2, 0.2, 0.2],
					"position": [0.2, 0.2, 0.35]
				}
			}
		}
	}
}