{
	"format_version": "1.8.0",
	"animations": {
		"static_idle": {
			"animation_length": 0.0417,
			"bones": {
				"constraint": {
					"rotation": [0.2, 0.2, 0.2],
					"position": [0.2, 0.2, 0.2]
				},
				"root": {
					"rotation": [0, 0, 0],
					"position": [0, 0, 0]
				},
				"lefthand": {
					"rotation": [0, 0, 0],
					"position": [0, 0, 0]
				},
				"righthand": {
					"rotation": [0, 0, 0],
					"position": [0, 0, 0]
				},
				"slidestop": {
					"rotation": [0, 0, 0],
					"position": [0, 0, 0]
				}
			}
		},
		"static_bolt_caught": {
			"animation_length": 0.0417,
			"bones": {
				"root": {
					"rotation": [0, 0, 0],
					"position": [0, 0, 0]
				},
				"bullet_in_mag": {
					"scale": 0
				},
				"slidestop": {
					"rotation": [6, 0, 0],
					"position": [0, 0, 0]
				},
				"slide": {
					"position": [0, 0, 2.5]
				}
			}
		},
		"reload_tactical": {
			"animation_length": 1.5,
			"bones": {
				"root": {
					"rotation": {
						"0.0": [0, 0, 0],
						"0.2083": {
							"pre": [-22.65681, -25.47827, -3.74257],
							"post": [-22.65681, -25.47827, -3.74257],
							"lerp_mode": "catmullrom"
						},
						"0.4167": {
							"post": [-22.66, -25.48, -3.74],
							"lerp_mode": "catmullrom"
						},
						"0.5833": {
							"post": [-22.66, -25.48, -3.74],
							"lerp_mode": "catmullrom"
						},
						"0.75": {
							"post": [-24.2358, -28.83734, -6.93746],
							"lerp_mode": "catmullrom"
						},
						"0.875": {
							"post": [-24.24, -28.84, -6.94],
							"lerp_mode": "catmullrom"
						},
						"0.9583": {
							"post": [-21.82361, -31.71782, -11.81529],
							"lerp_mode": "catmullrom"
						},
						"1.0833": {
							"post": [-24.24, -28.84, -6.94],
							"lerp_mode": "catmullrom"
						},
						"1.2917": {
							"post": [-1, 0, 0],
							"lerp_mode": "catmullrom"
						},
						"1.4167": [0, 0, 0],
						"1.5": [0, 0, 0]
					},
					"position": {
						"0.0": [0, 0, 0],
						"0.2083": {
							"pre": [3.47722, 3.60767, -4.32865],
							"post": [3.47722, 3.60767, -4.32865],
							"lerp_mode": "catmullrom"
						},
						"0.4167": {
							"post": [3.14, 3.24, -3.58],
							"lerp_mode": "catmullrom"
						},
						"0.5833": {
							"post": [3.14, 3.24, -3.58],
							"lerp_mode": "catmullrom"
						},
						"0.75": {
							"post": [3.14, 3.24, -3.58],
							"lerp_mode": "catmullrom"
						},
						"0.875": {
							"post": [3.14, 3.24, -3.58],
							"lerp_mode": "catmullrom"
						},
						"0.9583": {
							"post": [2.93605, 3.70832, -3.53606],
							"lerp_mode": "catmullrom"
						},
						"1.0833": {
							"post": [3.14, 3.24, -3.58],
							"lerp_mode": "catmullrom"
						},
						"1.2917": {
							"post": [0, 0, -1.6],
							"lerp_mode": "catmullrom"
						},
						"1.4167": [0, 0, 0.4],
						"1.5": [0, 0, 0]
					}
				},
				"mag_and_lefthand": {
					"rotation": {
						"0.0": {
							"post": [0, 0, 0],
							"lerp_mode": "catmullrom"
						},
						"0.1667": {
							"post": [0, 0, 0],
							"lerp_mode": "catmullrom"
						},
						"0.75": {
							"post": [0, 0, 0],
							"lerp_mode": "catmullrom"
						},
						"0.8333": {
							"post": [0, 0, 0],
							"lerp_mode": "catmullrom"
						},
						"0.9583": [0, 0, 0],
						"1.0833": [0, 0, 0],
						"1.2917": [0, 0, 0]
					},
					"position": {
						"0.0": {
							"post": [0, 0, 0],
							"lerp_mode": "catmullrom"
						},
						"0.1667": {
							"post": [0, 0, 0],
							"lerp_mode": "catmullrom"
						},
						"0.75": {
							"post": [0, 0, 0],
							"lerp_mode": "catmullrom"
						},
						"0.8333": {
							"post": [0, 5.76, -1.44],
							"lerp_mode": "catmullrom"
						},
						"0.9583": [0, 14.4, -3.6],
						"1.0833": [0, 14.4, -3.6],
						"1.2917": [0, 0, 0]
					}
				},
				"magazine": {
					"rotation": {
						"0.0": [0, 0, 0],
						"0.1667": [0, 0, 0],
						"0.2917": [0, 0, 0],
						"0.75": [0, 0, 0],
						"0.9583": [0, 0, 0],
						"1.0833": [0, 0, 0],
						"1.2917": [0, 0, 0]
					},
					"position": {
						"0.0": [0, 0, 0],
						"0.1667": [0, 0, 0],
						"0.2083": [0, -4.78955, 1.27945],
						"0.2917": [0, -14.41041, 3.52561],
						"0.4167": [0, -14.41, 3.53],
						"0.75": [0, -14.41, 3.53],
						"0.9583": [0, -14.41, 3.53],
						"1.0833": [0, -14.41, 3.53],
						"1.2917": [0, 0, 0]
					}
				},
				"lefthand": {
					"rotation": {
						"0.0": [0, 0, 0],
						"0.0833": [0, 0, 0],
						"0.1667": [0, 0, 0],
						"0.2083": {
							"pre": [1.99818, 0.10465, -1.99726],
							"post": [1.99818, 0.10465, -1.99726],
							"lerp_mode": "catmullrom"
						},
						"0.4167": [0, 0, 0],
						"0.4583": {
							"pre": [1, 0, 0],
							"post": [1, 0, 0],
							"lerp_mode": "catmullrom"
						},
						"0.8333": {
							"post": [3, 0, 0],
							"lerp_mode": "catmullrom"
						},
						"0.9583": {
							"post": [-0.99939, -0.0349, -1.9997],
							"lerp_mode": "catmullrom"
						},
						"1.0833": [0, 0, 0],
						"1.125": {
							"pre": [3, 0, 0],
							"post": [3, 0, 0],
							"lerp_mode": "catmullrom"
						},
						"1.2917": [0, 0, 0],
						"1.375": [0, 0, 0]
					},
					"position": {
						"0.0": [0, 0, 0],
						"0.1667": [3, -15, 6],
						"0.4167": [0.6, -19.3, 4.3],
						"0.9583": [0.6, -19.3, 4.3],
						"1.0833": [0.6, -19.3, 4.3],
						"1.2917": [0, 0, 0]
					}
				}
			},
			"sound_effects": {
				"0.0": {
					"effect": "rb224_moe_reload_tactical"
				}
			}
		},
		"reload_empty": {
			"animation_length": 1.625,
			"bones": {
				"root": {
					"rotation": {
						"0.0": [0, 0, 0],
						"0.2083": {
							"pre": [-22.65681, -25.47827, -3.74257],
							"post": [-22.65681, -25.47827, -3.74257],
							"lerp_mode": "catmullrom"
						},
						"0.4167": {
							"post": [-22.66, -25.48, -3.74],
							"lerp_mode": "catmullrom"
						},
						"0.5833": {
							"post": [-22.66, -25.48, -3.74],
							"lerp_mode": "catmullrom"
						},
						"0.75": {
							"post": [-24.2358, -28.83734, -6.93746],
							"lerp_mode": "catmullrom"
						},
						"0.875": {
							"post": [-24.24, -28.84, -6.94],
							"lerp_mode": "catmullrom"
						},
						"0.9583": {
							"post": [-21.82361, -31.71782, -11.81529],
							"lerp_mode": "catmullrom"
						},
						"1.0833": {
							"post": [-24.24, -28.84, -6.94],
							"lerp_mode": "catmullrom"
						},
						"1.2083": {
							"post": [-24.24, -28.84, -6.94],
							"lerp_mode": "catmullrom"
						},
						"1.4167": {
							"post": [-1, 0, 0],
							"lerp_mode": "catmullrom"
						},
						"1.5417": [0, 0, 0],
						"1.625": [0, 0, 0]
					},
					"position": {
						"0.0": [0, 0, 0],
						"0.2083": {
							"pre": [3.47722, 3.60767, -4.32865],
							"post": [3.47722, 3.60767, -4.32865],
							"lerp_mode": "catmullrom"
						},
						"0.4167": {
							"post": [3.14, 3.24, -3.58],
							"lerp_mode": "catmullrom"
						},
						"0.5833": {
							"post": [3.14, 3.24, -3.58],
							"lerp_mode": "catmullrom"
						},
						"0.75": {
							"post": [3.14, 3.24, -3.58],
							"lerp_mode": "catmullrom"
						},
						"0.875": {
							"post": [3.14, 3.24, -3.58],
							"lerp_mode": "catmullrom"
						},
						"0.9583": {
							"post": [2.93605, 3.70832, -3.53606],
							"lerp_mode": "catmullrom"
						},
						"1.0833": {
							"post": [3.14, 3.24, -3.58],
							"lerp_mode": "catmullrom"
						},
						"1.2083": {
							"post": [3.14, 3.24, -3.58],
							"lerp_mode": "catmullrom"
						},
						"1.4167": {
							"post": [0, 0, -1.6],
							"lerp_mode": "catmullrom"
						},
						"1.5417": [0, 0, 0.4],
						"1.625": [0, 0, 0]
					}
				},
				"mag_and_lefthand": {
					"rotation": {
						"0.0": {
							"post": [0, 0, 0],
							"lerp_mode": "catmullrom"
						},
						"0.1667": {
							"post": [0, 0, 0],
							"lerp_mode": "catmullrom"
						},
						"0.75": {
							"post": [0, 0, 0],
							"lerp_mode": "catmullrom"
						},
						"0.8333": {
							"post": [0, 0, 0],
							"lerp_mode": "catmullrom"
						},
						"0.9583": [0, 0, 0],
						"1.0833": [0, 0, 0],
						"1.2917": [0, 0, 0]
					},
					"position": {
						"0.0": {
							"post": [0, 0, 0],
							"lerp_mode": "catmullrom"
						},
						"0.1667": {
							"post": [0, 0, 0],
							"lerp_mode": "catmullrom"
						},
						"0.75": {
							"post": [0, 0, 0],
							"lerp_mode": "catmullrom"
						},
						"0.8333": {
							"post": [0, 5.76, -1.44],
							"lerp_mode": "catmullrom"
						},
						"0.9583": [0, 14.4, -3.6],
						"1.0833": [0, 14.4, -3.6],
						"1.2917": [0, 0, 0]
					}
				},
				"magazine": {
					"rotation": {
						"0.0": [0, 0, 0],
						"0.1667": [0, 0, 0],
						"0.2917": [0, 0, 0],
						"0.75": [0, 0, 0],
						"0.9583": [0, 0, 0],
						"1.0833": [0, 0, 0],
						"1.2917": [0, 0, 0]
					},
					"position": {
						"0.0": [0, 0, 0],
						"0.1667": [0, 0, 0],
						"0.2083": [0, -4.78955, 1.27945],
						"0.2917": [0, -14.41041, 3.52561],
						"0.4167": [0, -14.41, 3.53],
						"0.75": [0, -14.41, 3.53],
						"0.9583": [0, -14.41, 3.53],
						"1.0833": [0, -14.41, 3.53],
						"1.2917": [0, 0, 0]
					}
				},
				"lefthand": {
					"rotation": {
						"0.0": [0, 0, 0],
						"0.1667": [0, 0, 0],
						"0.4167": [0, 0, 0],
						"0.9583": [0, 0, 0],
						"1.0833": [0, 0, 0],
						"1.2917": [0, 0, 0]
					},
					"position": {
						"0.0": [0, 0, 0],
						"0.1667": [3, -15, 6],
						"0.4167": [0.6, -19.3, 4.3],
						"0.9583": [0.6, -19.3, 4.3],
						"1.0833": [0.6, -19.3, 4.3],
						"1.2917": [0, 0, 0]
					}
				},
				"slidestop": {
					"rotation": {
						"0.0": [6, 0, 0],
						"1.0417": [6, 0, 0],
						"1.125": [0, 0, 0]
					},
					"position": {
						"0.0": [0, 0, 0],
						"1.0417": [0, 0, 0],
						"1.125": [0, 0, 0]
					}
				},
				"slide": {
					"position": {
						"0.0": [0, 0, 2.5],
						"1.0417": [0, 0, 2.5],
						"1.0833": [0, 0, 0],
						"1.625": [0, 0, 0]
					}
				},
				"righthand": {
					"rotation": {
						"0.0": [0, 0, 0],
						"0.0833": [0, 0, 0],
						"0.2083": {
							"pre": [1.99818, 0.10465, -1.99726],
							"post": [1.99818, 0.10465, -1.99726],
							"lerp_mode": "catmullrom"
						},
						"0.4583": {
							"post": [1, 0, 0],
							"lerp_mode": "catmullrom"
						},
						"0.8333": {
							"post": [3, 0, 0],
							"lerp_mode": "catmullrom"
						},
						"0.9167": [0, 0, 0],
						"0.9583": {
							"pre": [-0.99939, -0.0349, -1.9997],
							"post": [-0.99939, -0.0349, -1.9997],
							"lerp_mode": "catmullrom"
						},
						"1.0": [-4, 0, 0],
						"1.125": {
							"pre": [3, 0, 0],
							"post": [3, 0, 0],
							"lerp_mode": "catmullrom"
						},
						"1.2083": [0, 0, 0],
						"1.375": [0, 0, 0]
					},
					"position": {
						"0.9167": [0, 0, 0],
						"1.0": [0, 0.05581, -0.79805],
						"1.125": [0, 0.05581, -0.79805],
						"1.2083": [0, 0, 0]
					}
				}
			},
			"sound_effects": {
				"0.0": {
					"effect": "rb224_moe_reload_empty"
				}
			}
		},
		"inspect": {
			"animation_length": 8.7917,
			"bones": {
				"root": {
					"rotation": {
						"0.0": [0, 0, 0],
						"0.2917": {
							"pre": [-14.50672, -48.54123, -8.65376],
							"post": [-14.50672, -48.54123, -8.65376],
							"lerp_mode": "catmullrom"
						},
						"0.6667": {
							"post": [-14.51, -48.54, -8.65],
							"lerp_mode": "catmullrom"
						},
						"1.125": {
							"post": [-15.34, -47.75, -7.55],
							"lerp_mode": "catmullrom"
						},
						"1.5": {
							"post": [-14.51, -48.54, -8.65],
							"lerp_mode": "catmullrom"
						},
						"1.9167": {
							"post": [-2.2819, -60.1061, -24.77356],
							"lerp_mode": "catmullrom"
						},
						"2.2083": {
							"post": [-2.28, -60.11, -24.77],
							"lerp_mode": "catmullrom"
						},
						"2.625": {
							"post": [-2.28, -60.11, -24.77],
							"lerp_mode": "catmullrom"
						},
						"3.0": {
							"post": [-2.28, -60.11, -24.77],
							"lerp_mode": "catmullrom"
						},
						"3.375": {
							"post": [-22.65681, -25.47827, -3.74257],
							"lerp_mode": "catmullrom"
						},
						"3.5417": {
							"post": [-20.10473, -25.1399, -2.69975],
							"lerp_mode": "catmullrom"
						},
						"3.6667": {
							"post": [-22.65681, -25.47827, -3.74257],
							"lerp_mode": "catmullrom"
						},
						"4.0417": {
							"post": [-22.34613, -25.86379, -4.79456],
							"lerp_mode": "catmullrom"
						},
						"4.5": {
							"post": [-22.80118, -25.34601, -3.40668],
							"lerp_mode": "catmullrom"
						},
						"4.9583": {
							"post": [-22.76, -25.31, -3.3],
							"lerp_mode": "catmullrom"
						},
						"5.3333": {
							"post": [-21.64, -25.32, -3.31],
							"lerp_mode": "catmullrom"
						},
						"5.875": {
							"post": [-22.66, -25.48, -3.74],
							"lerp_mode": "catmullrom"
						},
						"6.0": {
							"post": [-24.30031, -26.60316, -6.83631],
							"lerp_mode": "catmullrom"
						},
						"6.2917": {
							"post": [-22.66, -25.48, -3.74],
							"lerp_mode": "catmullrom"
						},
						"6.625": {
							"post": [-50.50654, 26.2369, 52.33846],
							"lerp_mode": "catmullrom"
						},
						"7.4167": {
							"post": [-50.51, 26.24, 52.34],
							"lerp_mode": "catmullrom"
						},
						"8.0417": {
							"post": [-50.51, 26.24, 52.34],
							"lerp_mode": "catmullrom"
						},
						"8.4167": {
							"post": [-1, 0, 0],
							"lerp_mode": "catmullrom"
						},
						"8.625": [0, 0, 0],
						"8.7917": [0, 0, 0]
					},
					"position": {
						"0.0": [0, 0, 0],
						"0.2917": {
							"pre": [4.79244, 4.12883, -0.99264],
							"post": [4.79244, 4.12883, -0.99264],
							"lerp_mode": "catmullrom"
						},
						"0.6667": {
							"post": [4.79, 4.13, -0.99],
							"lerp_mode": "catmullrom"
						},
						"1.125": {
							"post": [4.79521, 4.31863, -1.03705],
							"lerp_mode": "catmullrom"
						},
						"1.5": {
							"post": [4.79, 4.13, -0.99],
							"lerp_mode": "catmullrom"
						},
						"1.9167": {
							"post": [5.24004, 3.23721, -1.00984],
							"lerp_mode": "catmullrom"
						},
						"2.2083": {
							"post": [5.24, 3.24, -1.01],
							"lerp_mode": "catmullrom"
						},
						"2.625": {
							"post": [5.24, 3.24, -1.01],
							"lerp_mode": "catmullrom"
						},
						"3.0": {
							"post": [5.24, 3.24, -1.01],
							"lerp_mode": "catmullrom"
						},
						"3.375": {
							"post": [3.47722, 3.60767, -4.32865],
							"lerp_mode": "catmullrom"
						},
						"3.5417": {
							"post": [3.62726, 2.96664, -4.56247],
							"lerp_mode": "catmullrom"
						},
						"3.6667": {
							"post": [3.47722, 3.60767, -4.32865],
							"lerp_mode": "catmullrom"
						},
						"4.0417": {
							"post": [3.49269, 3.5491, -4.34497],
							"lerp_mode": "catmullrom"
						},
						"4.5": {
							"post": [3.46291, 3.50897, -4.24669],
							"lerp_mode": "catmullrom"
						},
						"4.9583": {
							"post": [3.2895, 3.50959, -4.3355],
							"lerp_mode": "catmullrom"
						},
						"5.3333": {
							"post": [3.6156, 3.61866, -4.41251],
							"lerp_mode": "catmullrom"
						},
						"5.875": {
							"post": [3.48, 3.61, -4.33],
							"lerp_mode": "catmullrom"
						},
						"6.0": {
							"post": [3.20396, 4.06842, -4.56164],
							"lerp_mode": "catmullrom"
						},
						"6.2917": {
							"post": [3.48, 3.61, -4.33],
							"lerp_mode": "catmullrom"
						},
						"6.625": {
							"post": [-1.0476, 3.07665, -4.45706],
							"lerp_mode": "catmullrom"
						},
						"7.4167": {
							"post": [-1.0503, 3.07173, -4.46131],
							"lerp_mode": "catmullrom"
						},
						"8.0417": {
							"post": [-0.189, 3.70187, -5.31048],
							"lerp_mode": "catmullrom"
						},
						"8.4167": {
							"post": [0, 0, -1.6],
							"lerp_mode": "catmullrom"
						},
						"8.625": [0, 0, 0.4],
						"8.7917": [0, 0, 0]
					}
				},
				"mag_and_lefthand": {
					"rotation": {
						"3.3333": [0, 0, 0],
						"3.375": {
							"pre": [0, 0, 0],
							"post": [0, 0, 0],
							"lerp_mode": "catmullrom"
						},
						"3.5417": {
							"post": [0, 0, 0],
							"lerp_mode": "catmullrom"
						},
						"3.5833": {
							"post": [0, 0, 0],
							"lerp_mode": "catmullrom"
						},
						"3.7917": {
							"post": [0, 0, 11],
							"lerp_mode": "catmullrom"
						},
						"4.25": {
							"post": [0, 0, 11],
							"lerp_mode": "catmullrom"
						},
						"4.5": {
							"post": [-16, 0, 11],
							"lerp_mode": "catmullrom"
						},
						"4.8333": {
							"post": [-16, 0, 11],
							"lerp_mode": "catmullrom"
						},
						"5.2917": {
							"post": [-16, 0, 11],
							"lerp_mode": "catmullrom"
						},
						"5.5417": {
							"post": [0, 0, 11],
							"lerp_mode": "catmullrom"
						},
						"5.7917": [0, 0, 0],
						"5.8333": [0, 0, 0],
						"5.9583": [0, 0, 0],
						"6.0": [0, 0, 0]
					},
					"position": {
						"3.3333": [0, 0, 0],
						"3.375": {
							"pre": [0, 0, 0],
							"post": [0, 0, 0],
							"lerp_mode": "catmullrom"
						},
						"3.5417": {
							"post": [0, -9.1, 2.3],
							"lerp_mode": "catmullrom"
						},
						"3.5833": {
							"post": [0, -9.1, 2.3],
							"lerp_mode": "catmullrom"
						},
						"3.7917": {
							"post": [3.25469, -0.85491, -0.7],
							"lerp_mode": "catmullrom"
						},
						"4.25": {
							"post": [3.7, -0.13, -0.7],
							"lerp_mode": "catmullrom"
						},
						"4.5": {
							"post": [4.37693, 0.73207, -0.83643],
							"lerp_mode": "catmullrom"
						},
						"4.8333": {
							"post": [4.38, 0.73, -0.84],
							"lerp_mode": "catmullrom"
						},
						"5.2917": {
							"post": [4.38, 0.73, -0.84],
							"lerp_mode": "catmullrom"
						},
						"5.5417": {
							"post": [3.25469, -0.85491, -0.7],
							"lerp_mode": "catmullrom"
						},
						"5.7917": [0, -9.1, 2.3],
						"5.8333": [0, -9.1, 2.3],
						"5.9583": [0, 0, 0],
						"6.0": [0, 0, 0]
					}
				},
				"magazine": {
					"rotation": {
						"0.0": [0, 0, 0],
						"3.3333": [0, 0, 0],
						"6.0": [0, 0, 0]
					},
					"position": {
						"0.0": [0, 0.00041, 0.00439],
						"3.3333": [0, 0.00041, 0.00439],
						"6.0": [0, 0.00041, 0.00439]
					}
				},
				"lefthand": {
					"rotation": {
						"0.0": [0, 0, 0],
						"0.2917": [0, 0, 0],
						"0.4583": {
							"pre": [1, 2, 0],
							"post": [1, 2, 0],
							"lerp_mode": "catmullrom"
						},
						"1.5833": {
							"post": [1, 2, 0],
							"lerp_mode": "catmullrom"
						},
						"1.9583": {
							"post": [-2.98721, 2.00363, 0.2094],
							"lerp_mode": "catmullrom"
						},
						"3.0": {
							"post": [-2.99, 2, 0.21],
							"lerp_mode": "catmullrom"
						},
						"3.1667": [0, 0, 0],
						"3.3333": [0, 0, 0],
						"3.375": {
							"pre": [1.01, 2, 0.21],
							"post": [1.01, 2, 0.21],
							"lerp_mode": "catmullrom"
						},
						"3.5417": {
							"post": [2.07856, 1.92865, 2.2099],
							"lerp_mode": "catmullrom"
						},
						"3.8333": {
							"post": [0.01, -1.99938, 0.13951],
							"lerp_mode": "catmullrom"
						},
						"4.375": {
							"post": [0.01, -2, 0.14],
							"lerp_mode": "catmullrom"
						},
						"4.5417": {
							"post": [1.01, -2, 0.14],
							"lerp_mode": "catmullrom"
						},
						"5.3333": {
							"post": [1.01, -2, 0.14],
							"lerp_mode": "catmullrom"
						},
						"5.625": {
							"post": [0.01, -2, 0.14],
							"lerp_mode": "catmullrom"
						},
						"5.875": {
							"post": [0.01, -2, 0.14],
							"lerp_mode": "catmullrom"
						},
						"6.0": {
							"post": [-0.92018, -1.99843, -1.86122],
							"lerp_mode": "catmullrom"
						},
						"6.25": {
							"pre": [0.01, -2, 0.14],
							"post": [0.01, -2, 0.14],
							"lerp_mode": "catmullrom"
						},
						"6.2917": [0, 0, 0],
						"6.5": [0, 0, 0],
						"6.6667": {
							"pre": [6.01223, 1.98336, 0.47176],
							"post": [6.01223, 1.98336, 0.47176],
							"lerp_mode": "catmullrom"
						},
						"6.875": {
							"post": [6.01, 1.98, 0.47],
							"lerp_mode": "catmullrom"
						},
						"7.9167": {
							"post": [2.00867, -1.01586, 0.31252],
							"lerp_mode": "catmullrom"
						},
						"8.0833": [0, 0, 0],
						"8.3333": [-2.74, -0.22, 0.05],
						"8.4167": [0, 0, 0],
						"8.5": [2.48, -0.12, 0.03],
						"8.7083": [0, 0, 0]
					},
					"position": {
						"0.0": [0, 0, 0],
						"0.2917": [9.2, -9.6, 0.1],
						"3.1667": [9.2, -9.6, 0.1],
						"3.3333": [0.1, -4.8, 0.4],
						"6.0": [0.1, -4.8, 0.4],
						"6.2917": [0.1, -4.8, 0.4],
						"6.5": [7.2, 1.4, 14.1],
						"8.0833": [7.2, 1.4, 14.1],
						"8.4167": [0, 0, 0]
					}
				}
			},
			"sound_effects": {
				"0.0": {
					"effect": "rb224_moe_inspect"
				},
				"8.0833": {
					"effect": "cz75_inspect_empty_end"
				}
			}
		},
		"inspect_empty": {
			"animation_length": 8.7917,
			"bones": {
				"root": {
					"rotation": {
						"0.0": [0, 0, 0],
						"0.2917": {
							"pre": [-14.50672, -48.54123, -8.65376],
							"post": [-14.50672, -48.54123, -8.65376],
							"lerp_mode": "catmullrom"
						},
						"0.6667": {
							"post": [-14.51, -48.54, -8.65],
							"lerp_mode": "catmullrom"
						},
						"1.125": {
							"post": [-15.34, -47.75, -7.55],
							"lerp_mode": "catmullrom"
						},
						"1.5": {
							"post": [-14.51, -48.54, -8.65],
							"lerp_mode": "catmullrom"
						},
						"1.9167": {
							"post": [-2.2819, -60.1061, -24.77356],
							"lerp_mode": "catmullrom"
						},
						"2.2083": {
							"post": [-2.28, -60.11, -24.77],
							"lerp_mode": "catmullrom"
						},
						"2.625": {
							"post": [-2.28, -60.11, -24.77],
							"lerp_mode": "catmullrom"
						},
						"3.0": {
							"post": [-2.28, -60.11, -24.77],
							"lerp_mode": "catmullrom"
						},
						"3.375": {
							"post": [-22.65681, -25.47827, -3.74257],
							"lerp_mode": "catmullrom"
						},
						"3.5417": {
							"post": [-20.10473, -25.1399, -2.69975],
							"lerp_mode": "catmullrom"
						},
						"3.6667": {
							"post": [-22.65681, -25.47827, -3.74257],
							"lerp_mode": "catmullrom"
						},
						"4.0417": {
							"post": [-22.34613, -25.86379, -4.79456],
							"lerp_mode": "catmullrom"
						},
						"4.5": {
							"post": [-22.80118, -25.34601, -3.40668],
							"lerp_mode": "catmullrom"
						},
						"4.9583": {
							"post": [-22.76, -25.31, -3.3],
							"lerp_mode": "catmullrom"
						},
						"5.3333": {
							"post": [-21.64, -25.32, -3.31],
							"lerp_mode": "catmullrom"
						},
						"5.875": {
							"post": [-22.66, -25.48, -3.74],
							"lerp_mode": "catmullrom"
						},
						"6.0": {
							"post": [-24.30031, -26.60316, -6.83631],
							"lerp_mode": "catmullrom"
						},
						"6.2917": {
							"post": [-22.66, -25.48, -3.74],
							"lerp_mode": "catmullrom"
						},
						"6.625": {
							"post": [-50.50654, 26.2369, 52.33846],
							"lerp_mode": "catmullrom"
						},
						"7.4167": {
							"post": [-50.51, 26.24, 52.34],
							"lerp_mode": "catmullrom"
						},
						"8.0417": {
							"post": [-50.51, 26.24, 52.34],
							"lerp_mode": "catmullrom"
						},
						"8.4167": {
							"post": [-1, 0, 0],
							"lerp_mode": "catmullrom"
						},
						"8.625": [0, 0, 0],
						"8.7917": [0, 0, 0]
					},
					"position": {
						"0.0": [0, 0, 0],
						"0.2917": {
							"pre": [4.79244, 4.12883, -0.99264],
							"post": [4.79244, 4.12883, -0.99264],
							"lerp_mode": "catmullrom"
						},
						"0.6667": {
							"post": [4.79, 4.13, -0.99],
							"lerp_mode": "catmullrom"
						},
						"1.125": {
							"post": [4.79521, 4.31863, -1.03705],
							"lerp_mode": "catmullrom"
						},
						"1.5": {
							"post": [4.79, 4.13, -0.99],
							"lerp_mode": "catmullrom"
						},
						"1.9167": {
							"post": [5.24004, 3.23721, -1.00984],
							"lerp_mode": "catmullrom"
						},
						"2.2083": {
							"post": [5.24, 3.24, -1.01],
							"lerp_mode": "catmullrom"
						},
						"2.625": {
							"post": [5.24, 3.24, -1.01],
							"lerp_mode": "catmullrom"
						},
						"3.0": {
							"post": [5.24, 3.24, -1.01],
							"lerp_mode": "catmullrom"
						},
						"3.375": {
							"post": [3.47722, 3.60767, -4.32865],
							"lerp_mode": "catmullrom"
						},
						"3.5417": {
							"post": [3.62726, 2.96664, -4.56247],
							"lerp_mode": "catmullrom"
						},
						"3.6667": {
							"post": [3.47722, 3.60767, -4.32865],
							"lerp_mode": "catmullrom"
						},
						"4.0417": {
							"post": [3.49269, 3.5491, -4.34497],
							"lerp_mode": "catmullrom"
						},
						"4.5": {
							"post": [3.46291, 3.50897, -4.24669],
							"lerp_mode": "catmullrom"
						},
						"4.9583": {
							"post": [3.2895, 3.50959, -4.3355],
							"lerp_mode": "catmullrom"
						},
						"5.3333": {
							"post": [3.6156, 3.61866, -4.41251],
							"lerp_mode": "catmullrom"
						},
						"5.875": {
							"post": [3.48, 3.61, -4.33],
							"lerp_mode": "catmullrom"
						},
						"6.0": {
							"post": [3.20396, 4.06842, -4.56164],
							"lerp_mode": "catmullrom"
						},
						"6.2917": {
							"post": [3.48, 3.61, -4.33],
							"lerp_mode": "catmullrom"
						},
						"6.625": {
							"post": [-1.0476, 3.07665, -4.45706],
							"lerp_mode": "catmullrom"
						},
						"7.4167": {
							"post": [-1.0503, 3.07173, -4.46131],
							"lerp_mode": "catmullrom"
						},
						"8.0417": {
							"post": [-0.189, 3.70187, -5.31048],
							"lerp_mode": "catmullrom"
						},
						"8.4167": {
							"post": [0, 0, -1.6],
							"lerp_mode": "catmullrom"
						},
						"8.625": [0, 0, 0.4],
						"8.7917": [0, 0, 0]
					}
				},
				"mag_and_lefthand": {
					"rotation": {
						"3.3333": [0, 0, 0],
						"3.375": [0, 0, 0],
						"3.5417": [0, 0, 0],
						"3.5833": [0, 0, 0],
						"3.7917": {
							"pre": [0, 0, 11],
							"post": [0, 0, 11],
							"lerp_mode": "catmullrom"
						},
						"4.25": {
							"post": [0, 0, 11],
							"lerp_mode": "catmullrom"
						},
						"4.5": {
							"post": [-16, 0, 11],
							"lerp_mode": "catmullrom"
						},
						"4.8333": {
							"post": [-16, 0, 11],
							"lerp_mode": "catmullrom"
						},
						"5.2917": {
							"post": [-16, 0, 11],
							"lerp_mode": "catmullrom"
						},
						"5.5417": {
							"post": [0, 0, 11],
							"lerp_mode": "catmullrom"
						},
						"5.7917": [0, 0, 0],
						"5.8333": [0, 0, 0],
						"5.9583": [0, 0, 0],
						"6.0": [0, 0, 0]
					},
					"position": {
						"3.3333": [0, 0, 0],
						"3.375": [0, 0, 0],
						"3.5417": [0, -9.1, 2.3],
						"3.5833": [0, -9.1, 2.3],
						"3.7917": {
							"pre": [3.25469, -0.85491, -0.7],
							"post": [3.25469, -0.85491, -0.7],
							"lerp_mode": "catmullrom"
						},
						"4.25": {
							"post": [3.7, -0.13, -0.7],
							"lerp_mode": "catmullrom"
						},
						"4.5": {
							"post": [4.37693, 0.73207, -0.83643],
							"lerp_mode": "catmullrom"
						},
						"4.8333": {
							"post": [4.38, 0.73, -0.84],
							"lerp_mode": "catmullrom"
						},
						"5.2917": {
							"post": [4.38, 0.73, -0.84],
							"lerp_mode": "catmullrom"
						},
						"5.5417": {
							"post": [3.25469, -0.85491, -0.7],
							"lerp_mode": "catmullrom"
						},
						"5.7917": [0, -9.1, 2.3],
						"5.8333": [0, -9.1, 2.3],
						"5.9583": [0, 0, 0],
						"6.0": [0, 0, 0]
					}
				},
				"magazine": {
					"rotation": {
						"0.0": [0, 0, 0],
						"3.375": [0, 0, 0],
						"6.0": [0, 0, 0]
					},
					"position": {
						"0.0": [0, 0.00041, 0.00439],
						"3.375": [0, 0.00041, 0.00439],
						"6.0": [0, 0.00041, 0.00439]
					}
				},
				"bullet_in_mag": {
					"scale": 0
				},
				"lefthand": {
					"rotation": {
						"0.0": [0, 0, 0],
						"0.2917": [0, 0, 0],
						"3.1667": [0, 0, 0],
						"3.3333": [0, 0, 0],
						"6.0": [0, 0, 0],
						"6.2917": [0, 0, 0],
						"6.5": [0, 0, 0],
						"8.0833": [0, 0, 0],
						"8.4167": [0, 0, 0]
					},
					"position": {
						"0.0": [0, 0, 0],
						"0.2917": [9.2, -9.6, 0.1],
						"3.1667": [9.2, -9.6, 0.1],
						"3.3333": [0.1, -4.8, 0.4],
						"6.0": [0.1, -4.8, 0.4],
						"6.2917": [0.1, -4.8, 0.4],
						"6.5": [7.2, 1.4, 14.1],
						"8.0833": [7.2, 1.4, 14.1],
						"8.4167": [0, 0, 0]
					}
				},
				"slidestop": {
					"rotation": [6, 0, 0],
					"position": [0, 0, 0]
				},
				"slide": {
					"position": [0, 0, 2.5]
				}
			},
			"sound_effects": {
				"0.0": {
					"effect": "rb224_moe_inspect"
				}
			}
		},
		"shoot": {
			"animation_length": 0.5833,
			"bones": {
				"root": {
					"rotation": {
						"0.0": [-2.6, 0.15, 1.74],
						"0.0417": [-20.96, -1.31, -2.73],
						"0.0833": [-6.13, -0.48, -0.4],
						"0.125": [1.78, -0.86, -0.94],
						"0.1667": [1, 0.02, -0.19],
						"0.2083": [0.48, 0.23, 0.09],
						"0.25": [-0.31, 0.03, 0.22],
						"0.2917": [-0.7, -0.1, 0.25],
						"0.3333": [-0.51, -0.03, 0.21],
						"0.375": [-0.19, 0.07, 0.16],
						"0.4167": [0.07, 0.13, 0.09],
						"0.4583": [0.09, 0.11, 0.06],
						"0.5": [0.05, 0.06, 0.03],
						"0.5417": [0.02, 0.02, 0.01],
						"0.5833": [0, 0, 0]
					},
					"position": {
						"0.0": [0, 0, 0.98],
						"0.0417": [0, -0.12, 1.17],
						"0.0833": [0, 0.15, 0.39],
						"0.125": [0, 0.03, -0.23],
						"0.1667": [0, -0.08, 0.01],
						"0.2083": [0, -0.1, 0.1],
						"0.25": [0.01, -0.05, 0.13],
						"0.2917": [0.01, -0.02, 0.13],
						"0.3333": [0.01, -0.01, 0.07],
						"0.375": [0, -0.01, 0.02],
						"0.4167": [0, 0, -0.02],
						"0.4583": [0, 0, -0.02],
						"0.5": [0, 0, -0.01],
						"0.5417": [0, 0, 0],
						"0.5833": [0, 0, 0]
					}
				},
				"slide": {
					"position": {
						"0.0": [0, 0, 0],
						"0.0417": [0, 0, 2.5],
						"0.125": [0, 0, 0]
					}
				},
				"camera": {
					"rotation": {
						"0.0": [0, 0, 0],
						"0.0417": [0, 0, -0.7],
						"0.0833": [0, 0, 0.41],
						"0.125": [0, 0, -0.3],
						"0.1667": [0, 0, 0.23],
						"0.2083": [0, 0, 0.31],
						"0.25": [0, 0, -0.07],
						"0.2917": [0, 0, -0.16],
						"0.3333": [0, 0, -0.06],
						"0.375": [0, 0, 0]
					}
				}
			}
		},
		"draw": {
			"animation_length": 0.7083,
			"bones": {
				"root": {
					"rotation": {
						"0.0": [47.5, 0, 0],
						"0.0333": [40.9, -0.67, 0.98],
						"0.0667": [31.19, -1.67, 2.45],
						"0.1": [19.98, -2.83, 4.13],
						"0.1333": [8.86, -3.92, 5.74],
						"0.1667": [-0.57, -4.78, 7],
						"0.2": [-6.71, -5.19, 7.62],
						"0.2333": [-9.2, -4.82, 7.14],
						"0.2667": [-6.83, -3.71, 5.61],
						"0.3": [-2.75, -2.42, 3.8],
						"0.3333": [-0.07, -1.5, 2.5],
						"0.3667": [0.83, -0.76, 1.38],
						"0.4": [1.11, -0.29, 0.62],
						"0.4333": [1.08, 0, 0],
						"0.4667": [0.59, -0.16, -0.1],
						"0.5": [-0.1, -0.49, -0.05],
						"0.5333": [-0.55, -0.66, 0],
						"0.5667": [-0.57, -0.6, 0],
						"0.6": [-0.46, -0.46, 0],
						"0.6333": [-0.28, -0.28, 0],
						"0.6667": [-0.11, -0.11, 0],
						"0.7": [0, 0, 0]
					},
					"position": {
						"0.0": [-4.5, -6.45, 4.05],
						"0.0333": [-4.8, -4.57, 3.06],
						"0.0667": [-4.58, -2.43, 1.8],
						"0.1": [-4.24, -2.07, 1.51],
						"0.1333": [-3.76, -1.75, 1.21],
						"0.1667": [-3.18, -1.45, 0.9],
						"0.2": [-2.55, -1.19, 0.59],
						"0.2333": [-1.92, -0.95, 0.31],
						"0.2667": [-1.33, -0.75, 0.05],
						"0.3": [-0.82, -0.57, -0.15],
						"0.3333": [-0.45, -0.41, -0.3],
						"0.3667": [-0.11, -0.25, -0.39],
						"0.4": [0.03, -0.18, -0.34],
						"0.4333": [0.06, -0.17, -0.21],
						"0.4667": [0.03, -0.18, -0.08],
						"0.5": [0.04, -0.16, 0],
						"0.5333": [0.06, -0.13, 0.02],
						"0.5667": [0.06, -0.1, 0.02],
						"0.6": [0.05, -0.07, 0.02],
						"0.6333": [0.03, -0.04, 0.01],
						"0.6667": [0.01, -0.02, 0],
						"0.7": [0, 0, 0]
					}
				},
				"camera": {
					"rotation": {
						"0.0": {
							"post": [0, 0, 0],
							"lerp_mode": "catmullrom"
						},
						"0.0333": {
							"post": [0.1388, -0.03628, 0.05516],
							"lerp_mode": "catmullrom"
						},
						"0.0667": {
							"post": [0.34861, -0.09167, 0.13819],
							"lerp_mode": "catmullrom"
						},
						"0.1": {
							"post": [0.58828, -0.15469, 0.2332],
							"lerp_mode": "catmullrom"
						},
						"0.1333": {
							"post": [0.81667, -0.21389, 0.32431],
							"lerp_mode": "catmullrom"
						},
						"0.1667": {
							"post": [0.99262, -0.25781, 0.39562],
							"lerp_mode": "catmullrom"
						},
						"0.2": {
							"post": [1.075, -0.275, 0.43125],
							"lerp_mode": "catmullrom"
						},
						"0.2333": {
							"post": [1.0256, -0.2508, 0.4198],
							"lerp_mode": "catmullrom"
						},
						"0.2667": {
							"post": [0.8628, -0.1914, 0.36765],
							"lerp_mode": "catmullrom"
						},
						"0.3": {
							"post": [0.64345, -0.1166, 0.2931],
							"lerp_mode": "catmullrom"
						},
						"0.3333": {
							"post": [0.4244, -0.0462, 0.21445],
							"lerp_mode": "catmullrom"
						},
						"0.3667": {
							"post": [0.2625, 0, 0.15],
							"lerp_mode": "catmullrom"
						},
						"0.4": {
							"post": [0.04063, 0.01719, 0.00781],
							"lerp_mode": "catmullrom"
						},
						"0.4333": {
							"post": [-0.06875, 0, -0.08125],
							"lerp_mode": "catmullrom"
						},
						"0.4667": {
							"post": [-0.07383, 0, -0.06685],
							"lerp_mode": "catmullrom"
						},
						"0.5": {
							"post": [-0.04453, 0, -0.01992],
							"lerp_mode": "catmullrom"
						},
						"0.5333": {
							"post": [-0.00547, 0, 0.03228],
							"lerp_mode": "catmullrom"
						},
						"0.5667": {
							"post": [0.01875, 0, 0.0625],
							"lerp_mode": "catmullrom"
						},
						"0.6": {
							"post": [0.02109, 0, 0.05991],
							"lerp_mode": "catmullrom"
						},
						"0.6333": {
							"post": [0.01484, 0, 0.04023],
							"lerp_mode": "catmullrom"
						},
						"0.6667": {
							"post": [0.00586, 0, 0.01606],
							"lerp_mode": "catmullrom"
						},
						"0.7": {
							"post": [0, 0, 0],
							"lerp_mode": "catmullrom"
						}
					}
				}
			},
			"sound_effects": {
				"0.0": {
					"effect": "p24_pi_golf17_stockskel_raise"
				}
			}
		},
		"put_away": {
			"loop": "hold_on_last_frame",
			"animation_length": 0.4,
			"bones": {
				"root": {
					"rotation": {
						"0.0": [0, 0, 0],
						"0.0333": [0.94, -2.19, 3.47],
						"0.0667": [2.19, -5.68, 8.26],
						"0.1": [3.49, -10.71, 13.72],
						"0.1333": [4.6, -16.14, 18.77],
						"0.1667": [5.06, -20.55, 21.58],
						"0.2": [5.29, -25.06, 23.73],
						"0.2333": [5.56, -30.57, 26.35],
						"0.2667": [5.79, -36.3, 28.92],
						"0.3": [5.99, -41.91, 31.34],
						"0.3333": [6.15, -47.04, 33.52],
						"0.3667": [6.3, -51.41, 35.41],
						"0.4": [6.4, -54.44, 36.73]
					},
					"position": {
						"0.0": [0, 0, 0],
						"0.0333": [-0.34, 0.02, 0.04],
						"0.0667": [-0.85, -0.05, 0.14],
						"0.1": [-1.52, -0.38, 0.33],
						"0.1333": [-2.24, -0.85, 0.65],
						"0.1667": [-2.82, -1.4, 1.24],
						"0.2": [-3.41, -2.08, 1.81],
						"0.2333": [-4.13, -2.96, 2.02],
						"0.2667": [-4.88, -3.9, 2.2],
						"0.3": [-5.61, -4.81, 2.62],
						"0.3333": [-6.27, -5.65, 3.08],
						"0.3667": [-6.84, -6.36, 3.43],
						"0.4": [-7.24, -6.85, 3.68]
					}
				},
				"camera": {
					"rotation": {
						"0.0": [0, 0, 0],
						"0.0333": [0.07, 0, 0.03],
						"0.0667": [0.18, 0, 0.08],
						"0.1": [0.29, 0, 0.13],
						"0.1333": [0.35, 0, 0.18],
						"0.1667": [0.34, 0, 0.26],
						"0.2": [0.28, 0, 0.35],
						"0.2333": [0.22, 0, 0.38],
						"0.2667": [0.16, 0, 0.31],
						"0.3": [0.1, 0, 0.2],
						"0.3333": [0.04, 0, 0.08],
						"0.3667": [0, 0, 0]
					}
				}
			}
		}
	}
}