{
	"format_version": "1.8.0",
	"animations": {
		"static_idle": {
			"animation_length": 0.0417,
			"bones": {
				"constraint": {
					"rotation": [0.2, 0.2, 0.2],
					"position": [0.2, 0.2, 0.2]
				},
				"root": {
					"rotation": [0, 0, 0],
					"position": [0, 0, 0]
				},
				"lefthand": {
					"rotation": [0, 0, 0],
					"position": [0, 0, 0]
				},
				"righthand": {
					"rotation": [0, 0, 0],
					"position": [0, 0, 0]
				}
			}
		},
		"reload_empty": {
			"animation_length": 6.375,
			"bones": {
				"root": {
					"rotation": {
						"0.0": [0, 0, 0],
						"0.1667": {
							"pre": [0, 0, 0],
							"post": [0, 0, 0],
							"lerp_mode": "catmullrom"
						},
						"0.375": {
							"post": [0, 0, 0],
							"lerp_mode": "catmullrom"
						},
						"0.5": {
							"post": [-1.37, 0, 0.75],
							"lerp_mode": "catmullrom"
						},
						"0.625": {
							"post": [-6, 0, 2],
							"lerp_mode": "catmullrom"
						},
						"0.8333": {
							"post": [-5, 0, 2],
							"lerp_mode": "catmullrom"
						},
						"0.9583": {
							"post": [-5, 0, 2],
							"lerp_mode": "catmullrom"
						},
						"1.25": {
							"post": [-4.41721, -2.34503, -25.90955],
							"lerp_mode": "catmullrom"
						},
						"1.5417": {
							"post": [-4.48193, -2.27512, -24.95432],
							"lerp_mode": "catmullrom"
						},
						"1.75": {
							"post": [-4.48, -2.28, -25.04],
							"lerp_mode": "catmullrom"
						},
						"1.875": {
							"post": [-2.48, -2.28, -25.08],
							"lerp_mode": "catmullrom"
						},
						"2.125": {
							"post": [-4.48, -2.28, -25.04],
							"lerp_mode": "catmullrom"
						},
						"2.375": {
							"post": [-4.48, -2.28, -25.04],
							"lerp_mode": "catmullrom"
						},
						"2.5": {
							"post": [-2.48, -2.28, -25.08],
							"lerp_mode": "catmullrom"
						},
						"2.75": {
							"post": [-4.48, -2.28, -25.04],
							"lerp_mode": "catmullrom"
						},
						"3.0417": {
							"post": [-4.48, -2.28, -25.04],
							"lerp_mode": "catmullrom"
						},
						"3.1667": {
							"post": [-2.48, -2.28, -25.08],
							"lerp_mode": "catmullrom"
						},
						"3.4167": {
							"post": [-4.48, -2.28, -25.04],
							"lerp_mode": "catmullrom"
						},
						"3.875": {
							"post": [-4.48, -2.28, -25.04],
							"lerp_mode": "catmullrom"
						},
						"4.0": {
							"post": [-2.48, -2.28, -25.08],
							"lerp_mode": "catmullrom"
						},
						"4.25": {
							"post": [-4.48, -2.28, -25.04],
							"lerp_mode": "catmullrom"
						},
						"4.5833": {
							"post": [-4.48, -2.28, -25.04],
							"lerp_mode": "catmullrom"
						},
						"4.7083": {
							"post": [-2.48, -2.28, -25.08],
							"lerp_mode": "catmullrom"
						},
						"4.875": {
							"post": [-4.48, -2.28, -25.04],
							"lerp_mode": "catmullrom"
						},
						"5.1667": {
							"post": [-5, 0, 2],
							"lerp_mode": "catmullrom"
						},
						"5.375": {
							"post": [-5, 0, 2],
							"lerp_mode": "catmullrom"
						},
						"5.4167": {
							"post": [-5, 0, 2],
							"lerp_mode": "catmullrom"
						},
						"5.5417": {
							"post": [-3, 0, 2],
							"lerp_mode": "catmullrom"
						},
						"5.7083": {
							"post": [3, 0, 2],
							"lerp_mode": "catmullrom"
						},
						"5.875": {
							"post": [3, 0, 2],
							"lerp_mode": "catmullrom"
						},
						"6.0833": {
							"post": [-1, 0, 0],
							"lerp_mode": "catmullrom"
						},
						"6.25": [0, 0, 0],
						"6.375": [0, 0, 0]
					},
					"position": {
						"0.0": [0, 0, 0],
						"0.1667": {
							"pre": [-0.5, -0.5, -0.3],
							"post": [-0.5, -0.5, -0.3],
							"lerp_mode": "catmullrom"
						},
						"0.375": {
							"post": [-0.5, -0.5, -0.3],
							"lerp_mode": "catmullrom"
						},
						"0.5": {
							"post": [-0.51, -0.63, -0.17],
							"lerp_mode": "catmullrom"
						},
						"0.625": {
							"post": [-0.5, -0.9, 0.6],
							"lerp_mode": "catmullrom"
						},
						"0.8333": {
							"post": [-0.4, -1.1, 0.4],
							"lerp_mode": "catmullrom"
						},
						"0.9583": {
							"post": [-0.4, -1.1, 0.4],
							"lerp_mode": "catmullrom"
						},
						"1.25": {
							"post": [1.7, -1.6, 0.4],
							"lerp_mode": "catmullrom"
						},
						"1.5417": {
							"post": [1.78, -1.62, 0.4],
							"lerp_mode": "catmullrom"
						},
						"1.75": {
							"post": [1.78, -1.62, 0.4],
							"lerp_mode": "catmullrom"
						},
						"1.875": {
							"post": [1.98, -1.82, 0.4],
							"lerp_mode": "catmullrom"
						},
						"2.125": {
							"post": [1.78, -1.62, 0.4],
							"lerp_mode": "catmullrom"
						},
						"2.375": {
							"post": [1.78, -1.62, 0.4],
							"lerp_mode": "catmullrom"
						},
						"2.5": {
							"post": [1.98, -1.82, 0.4],
							"lerp_mode": "catmullrom"
						},
						"2.75": {
							"post": [1.78, -1.62, 0.4],
							"lerp_mode": "catmullrom"
						},
						"3.0417": {
							"post": [1.78, -1.62, 0.4],
							"lerp_mode": "catmullrom"
						},
						"3.1667": {
							"post": [1.98, -1.82, 0.4],
							"lerp_mode": "catmullrom"
						},
						"3.4167": {
							"post": [1.78, -1.62, 0.4],
							"lerp_mode": "catmullrom"
						},
						"3.875": {
							"post": [1.78, -1.62, 0.4],
							"lerp_mode": "catmullrom"
						},
						"4.0": {
							"post": [1.98, -1.82, 0.4],
							"lerp_mode": "catmullrom"
						},
						"4.25": {
							"post": [1.78, -1.62, 0.4],
							"lerp_mode": "catmullrom"
						},
						"4.5833": {
							"post": [1.78, -1.62, 0.4],
							"lerp_mode": "catmullrom"
						},
						"4.7083": {
							"post": [1.98, -1.82, 0.4],
							"lerp_mode": "catmullrom"
						},
						"4.875": {
							"post": [1.78, -1.62, 0.4],
							"lerp_mode": "catmullrom"
						},
						"5.1667": {
							"post": [-0.4, -1.1, 0.4],
							"lerp_mode": "catmullrom"
						},
						"5.375": {
							"post": [-0.4, -1.1, 0.4],
							"lerp_mode": "catmullrom"
						},
						"5.4167": {
							"post": [-0.4, -1.1, 0.4],
							"lerp_mode": "catmullrom"
						},
						"5.5417": {
							"post": [-0.5, -0.8, 0],
							"lerp_mode": "catmullrom"
						},
						"5.7083": {
							"post": [-0.5, -1.7, -0.8],
							"lerp_mode": "catmullrom"
						},
						"5.875": {
							"post": [-0.5, -1.7, -0.8],
							"lerp_mode": "catmullrom"
						},
						"6.0833": {
							"post": [0, 0, -1.6],
							"lerp_mode": "catmullrom"
						},
						"6.25": [0, 0, 0.4],
						"6.375": [0, 0, 0]
					}
				},
				"bullet1": {
					"rotation": {
						"0.8333": [0, 0, 0],
						"1.8333": [0, 0, 0]
					},
					"position": {
						"0.8333": [0, 0, 0],
						"1.125": [-3.2, -6.3, 6.4],
						"1.625": [-0.4, 1.5, -0.2],
						"1.7083": [-0.2, 0.9, -0.3],
						"1.75": [-0.2, 0.9, -0.3],
						"1.8333": [0, 0, 0]
					}
				},
				"bullet2": {
					"rotation": {
						"0.8333": [0, 0, 0],
						"2.5833": [0, 0, 0]
					},
					"position": {
						"0.8333": [0, 0, 0],
						"1.125": [-3.2, -6.3, 6.4],
						"1.5833": [-1.6, 0.8, -0.2],
						"2.2917": [-1.5, 0.9, -0.2],
						"2.375": [-0.4, 1.5, -0.2],
						"2.4583": [-0.2, 0.9, -0.3],
						"2.5": [-0.2, 0.9, -0.3],
						"2.5833": [0, 0, 0]
					}
				},
				"bullet3": {
					"rotation": {
						"0.8333": [0, 0, 0],
						"3.3333": [0, 0, 0]
					},
					"position": {
						"0.8333": [0, 0, 0],
						"1.125": [-3.2, -6.3, 6.4],
						"1.5833": [-1.6, 1.6, -0.2],
						"2.8333": [-1.6, 1.6, -0.2],
						"2.9583": [-0.8, 2.3, -0.2],
						"3.0417": [-0.8, 2.3, -0.2],
						"3.125": [-0.4, 1.3, -0.2],
						"3.2083": [-0.2, 0.9, -0.3],
						"3.25": [-0.2, 0.9, -0.3],
						"3.3333": [0, 0, 0]
					}
				},
				"bullet4": {
					"rotation": {
						"0.8333": [0, 0, 0],
						"4.125": [0, 0, 0]
					},
					"position": {
						"0.8333": [0, 0, 0],
						"1.125": [-3.2, -6.3, 6.4],
						"1.5833": [-2.1, 2.1, -0.7],
						"3.4583": [-2.1, 2.1, -0.7],
						"3.625": [-0.5, 3.25, 0],
						"3.75": [-0.5, 3.25, 0],
						"3.9167": [-0.4, 1.5, -0.2],
						"4.0": [-0.2, 0.9, -0.3],
						"4.0417": [-0.2, 0.9, -0.3],
						"4.125": [0, 0, 0]
					}
				},
				"bullet5": {
					"rotation": {
						"0.8333": [0, 0, 0],
						"4.9167": [0, 0, 0]
					},
					"position": {
						"0.8333": [0, 0, 0],
						"1.125": [-3.2, -6.3, 6.4],
						"1.5833": [-2.6, 2.5, -0.9],
						"4.2083": [-2.6, 2.5, -0.9],
						"4.375": [-0.59, 4.07, -0.04],
						"4.4583": [-0.59, 4.07, -0.04],
						"4.625": [-0.2, 3.3, -0.4],
						"4.7083": [-0.4, 1.5, -0.2],
						"4.7917": [-0.2, 0.9, -0.3],
						"4.8333": [-0.2, 0.9, -0.3],
						"4.9167": [0, 0, 0]
					}
				},
				"lefthand": {
					"rotation": {
						"1.0417": [0, 0, 0],
						"1.25": [0, 0, 15],
						"5.75": [0, 0, 15],
						"6.1667": [0, 0, 0]
					},
					"position": {
						"1.0417": [0, 0, 0],
						"1.25": [-0.7, -2, 3.3],
						"5.75": [-0.7, -2, 3.3],
						"6.1667": [0, 0, 0]
					}
				},
				"action": {
					"rotation": [0, 0, 0],
					"position": {
						"0.4583": [0, 0, 0],
						"0.5": [0, 0, 0],
						"0.6667": [0, 0, 3],
						"5.375": [0, 0, 3],
						"5.5": [0, 0, 0]
					}
				},
				"action_a": {
					"rotation": {
						"0.3333": [0, 0, 0],
						"0.4583": [0, 0, 55],
						"0.5": [0, 0, 55],
						"5.375": [0, 0, 55],
						"5.5": [0, 0, 55],
						"5.5833": [0, 0, 55],
						"5.7083": [0, 0, 0]
					},
					"position": [0, 0, 0]
				},
				"righthand": {
					"rotation": {
						"0.0": [0, 0, 0],
						"0.0833": [0, 0, 0],
						"0.3333": [0, 0, -34],
						"0.4583": [0.19626, -6.53354, -36.52156],
						"0.5": [0.19626, -6.53354, -36.52156],
						"0.8333": [0.2, -6.53, -36.52],
						"1.625": [0.2, -6.53, -36.52],
						"1.7083": {
							"pre": [-0.50797, -8.30711, -31.793],
							"post": [-0.50797, -8.30711, -31.793],
							"lerp_mode": "catmullrom"
						},
						"1.75": {
							"post": [-0.51, -8.31, -31.79],
							"lerp_mode": "catmullrom"
						},
						"1.8333": {
							"post": [2.24647, -13.89578, -16.45391],
							"lerp_mode": "catmullrom"
						},
						"1.9167": {
							"post": [2.24647, -13.89578, -16.45391],
							"lerp_mode": "catmullrom"
						},
						"2.125": {
							"post": [0.2, -6.53, -36.52],
							"lerp_mode": "catmullrom"
						},
						"2.2083": {
							"post": [0.2, -6.53, -36.52],
							"lerp_mode": "catmullrom"
						},
						"2.3333": {
							"post": [0.2, -6.53, -36.52],
							"lerp_mode": "catmullrom"
						},
						"2.4167": {
							"post": [-0.50797, -8.30711, -31.793],
							"lerp_mode": "catmullrom"
						},
						"2.4583": {
							"post": [-0.51, -8.31, -31.79],
							"lerp_mode": "catmullrom"
						},
						"2.5417": {
							"post": [2.24647, -13.89578, -16.45391],
							"lerp_mode": "catmullrom"
						},
						"2.625": {
							"post": [2.24647, -13.89578, -16.45391],
							"lerp_mode": "catmullrom"
						},
						"2.8333": {
							"post": [0.2, -6.53, -36.52],
							"lerp_mode": "catmullrom"
						},
						"2.9167": {
							"post": [0.2, -6.53, -36.52],
							"lerp_mode": "catmullrom"
						},
						"3.0417": {
							"post": [0.2, -6.53, -36.52],
							"lerp_mode": "catmullrom"
						},
						"3.125": {
							"post": [-0.50797, -8.30711, -31.793],
							"lerp_mode": "catmullrom"
						},
						"3.1667": {
							"post": [-0.51, -8.31, -31.79],
							"lerp_mode": "catmullrom"
						},
						"3.25": {
							"post": [2.24647, -13.89578, -16.45391],
							"lerp_mode": "catmullrom"
						},
						"3.3333": {
							"post": [2.24647, -13.89578, -16.45391],
							"lerp_mode": "catmullrom"
						},
						"3.5417": {
							"post": [0.2, -6.53, -36.52],
							"lerp_mode": "catmullrom"
						},
						"3.625": {
							"post": [0.2, -6.53, -36.52],
							"lerp_mode": "catmullrom"
						},
						"3.75": {
							"post": [0.2, -6.53, -36.52],
							"lerp_mode": "catmullrom"
						},
						"3.8333": {
							"post": [-0.50797, -8.30711, -31.793],
							"lerp_mode": "catmullrom"
						},
						"3.875": {
							"post": [-0.51, -8.31, -31.79],
							"lerp_mode": "catmullrom"
						},
						"3.9583": {
							"post": [2.24647, -13.89578, -16.45391],
							"lerp_mode": "catmullrom"
						},
						"4.0417": {
							"post": [2.24647, -13.89578, -16.45391],
							"lerp_mode": "catmullrom"
						},
						"4.25": {
							"post": [0.2, -6.53, -36.52],
							"lerp_mode": "catmullrom"
						},
						"4.3333": {
							"post": [0.2, -6.53, -36.52],
							"lerp_mode": "catmullrom"
						},
						"4.4583": {
							"post": [0.2, -6.53, -36.52],
							"lerp_mode": "catmullrom"
						},
						"4.5417": {
							"post": [-0.50797, -8.30711, -31.793],
							"lerp_mode": "catmullrom"
						},
						"4.5833": {
							"post": [-0.51, -8.31, -31.79],
							"lerp_mode": "catmullrom"
						},
						"4.6667": {
							"post": [2.24647, -13.89578, -16.45391],
							"lerp_mode": "catmullrom"
						},
						"4.75": {
							"post": [2.24647, -13.89578, -16.45391],
							"lerp_mode": "catmullrom"
						},
						"4.875": [0.2, -6.53, -36.52],
						"4.9167": [0.2, -6.53, -36.52],
						"5.125": [0.2, -6.53, -36.52],
						"5.375": [0.2, -6.53, -36.52],
						"5.5": [0.19626, -6.53354, -36.52156],
						"5.5833": [0.19626, -6.53354, -36.52156],
						"5.7083": [0, 0, -34],
						"5.7917": [0, 0, -34],
						"6.1667": [0, 0, 0]
					},
					"position": {
						"0.0": [0, 0, 0],
						"0.0833": [0, 0, 0],
						"0.2083": [-4.17, -1.7, -1.85],
						"0.3333": [-1.8, -1.9, -4.2],
						"0.4583": [-1.7, -1.4, -5.4],
						"0.5": [-1.7, -1.4, -5.4],
						"0.6667": [-1.7, -1.4, -2.4],
						"0.8333": [-1.7, -1.4, -2.4],
						"1.125": [-3.2, -12.4, 1.6],
						"1.5833": [-2.1, -2.4, -5.1],
						"1.625": [-2.1, -2.4, -5.1],
						"1.7083": {
							"pre": [-2.1, -2.3, -6.3],
							"post": [-2.1, -2.3, -6.3],
							"lerp_mode": "catmullrom"
						},
						"1.75": {
							"post": [-2.1, -2.3, -6.3],
							"lerp_mode": "catmullrom"
						},
						"1.8333": {
							"post": [-3.6, 0.3, -7.6],
							"lerp_mode": "catmullrom"
						},
						"1.9167": {
							"post": [-3.6, 0.3, -7.6],
							"lerp_mode": "catmullrom"
						},
						"2.125": {
							"post": [-2.1, -2.4, -5.1],
							"lerp_mode": "catmullrom"
						},
						"2.2083": {
							"post": [-2.1, -2.4, -5.1],
							"lerp_mode": "catmullrom"
						},
						"2.3333": {
							"post": [-2.1, -2.4, -5.1],
							"lerp_mode": "catmullrom"
						},
						"2.4167": {
							"post": [-2.1, -2.3, -6.3],
							"lerp_mode": "catmullrom"
						},
						"2.4583": {
							"post": [-2.1, -2.3, -6.3],
							"lerp_mode": "catmullrom"
						},
						"2.5417": {
							"post": [-3.6, 0.3, -7.6],
							"lerp_mode": "catmullrom"
						},
						"2.625": {
							"post": [-3.6, 0.3, -7.6],
							"lerp_mode": "catmullrom"
						},
						"2.8333": {
							"post": [-2.1, -2.4, -5.1],
							"lerp_mode": "catmullrom"
						},
						"2.9167": {
							"post": [-2.1, -2.4, -5.1],
							"lerp_mode": "catmullrom"
						},
						"3.0417": {
							"post": [-2.1, -2.4, -5.1],
							"lerp_mode": "catmullrom"
						},
						"3.125": {
							"post": [-2.1, -2.3, -6.3],
							"lerp_mode": "catmullrom"
						},
						"3.1667": {
							"post": [-2.1, -2.3, -6.3],
							"lerp_mode": "catmullrom"
						},
						"3.25": {
							"post": [-3.6, 0.3, -7.6],
							"lerp_mode": "catmullrom"
						},
						"3.3333": {
							"post": [-3.6, 0.3, -7.6],
							"lerp_mode": "catmullrom"
						},
						"3.5417": {
							"post": [-2.1, -2.4, -5.1],
							"lerp_mode": "catmullrom"
						},
						"3.625": {
							"post": [-2.1, -2.4, -5.1],
							"lerp_mode": "catmullrom"
						},
						"3.75": {
							"post": [-2.1, -2.4, -5.1],
							"lerp_mode": "catmullrom"
						},
						"3.8333": {
							"post": [-2.1, -2.3, -6.3],
							"lerp_mode": "catmullrom"
						},
						"3.875": {
							"post": [-2.1, -2.3, -6.3],
							"lerp_mode": "catmullrom"
						},
						"3.9583": {
							"post": [-3.6, 0.3, -7.6],
							"lerp_mode": "catmullrom"
						},
						"4.0417": {
							"post": [-3.6, 0.3, -7.6],
							"lerp_mode": "catmullrom"
						},
						"4.25": {
							"post": [-2.1, -2.4, -5.1],
							"lerp_mode": "catmullrom"
						},
						"4.3333": {
							"post": [-2.1, -2.4, -5.1],
							"lerp_mode": "catmullrom"
						},
						"4.4583": {
							"post": [-2.1, -2.4, -5.1],
							"lerp_mode": "catmullrom"
						},
						"4.5417": {
							"post": [-2.1, -2.3, -6.3],
							"lerp_mode": "catmullrom"
						},
						"4.5833": {
							"post": [-2.1, -2.3, -6.3],
							"lerp_mode": "catmullrom"
						},
						"4.6667": {
							"post": [-3.6, 0.3, -7.6],
							"lerp_mode": "catmullrom"
						},
						"4.75": {
							"post": [-3.6, 0.3, -7.6],
							"lerp_mode": "catmullrom"
						},
						"4.875": [-2.1, -2.4, -5.1],
						"4.9167": [-2.1, -2.4, -5.1],
						"5.125": [-1.7, -1.4, -2.4],
						"5.375": [-1.7, -1.4, -2.4],
						"5.5": [-1.7, -1.4, -5.4],
						"5.5833": [-1.7, -1.4, -5.4],
						"5.7083": [-1.7, -1.9, -4.2],
						"5.7917": [-1.7, -1.9, -4.2],
						"5.9583": [-2.8, -1.75, -1.6],
						"6.1667": [0, 0, 0]
					}
				},
				"bullet_shell": {
					"rotation": {
						"0.625": [0, 0, 0],
						"0.875": [0, 390, 0],
						"1.2083": [0, 0, 0]
					},
					"position": {
						"0.4167": [0, 0, 0],
						"0.625": [0, 0, 2.6],
						"0.875": [-13, 7, 14.6],
						"1.0417": [-7.19, -18.67, 6.95],
						"1.2083": [0, 0, 0]
					}
				},
				"camera": {
					"rotation": {
						"0.0": [0, 0, 0],
						"0.625": {
							"pre": [0, 4, 0],
							"post": [0, 4, 0],
							"lerp_mode": "catmullrom"
						},
						"1.1667": {
							"post": [1, 6, 0],
							"lerp_mode": "catmullrom"
						},
						"1.625": {
							"post": [1, 6, 0],
							"lerp_mode": "catmullrom"
						},
						"1.8333": {
							"post": [1.20951, 5.96144, 2.01057],
							"lerp_mode": "catmullrom"
						},
						"1.9167": {
							"post": [1.00217, 6.00458, -0.00087],
							"lerp_mode": "catmullrom"
						},
						"2.0833": {
							"post": [1.20951, 5.96144, 2.01057],
							"lerp_mode": "catmullrom"
						},
						"2.5": {
							"post": [1.20951, 5.96144, 2.01057],
							"lerp_mode": "catmullrom"
						},
						"2.5833": {
							"post": [1.00217, 6.00458, -0.00087],
							"lerp_mode": "catmullrom"
						},
						"2.75": {
							"post": [1.20951, 5.96144, 2.01057],
							"lerp_mode": "catmullrom"
						},
						"3.0417": {
							"post": [1.20951, 5.96144, 2.01057],
							"lerp_mode": "catmullrom"
						},
						"3.125": {
							"post": [1.00217, 6.00458, -0.00087],
							"lerp_mode": "catmullrom"
						},
						"3.2917": {
							"post": [1.20951, 5.96144, 2.01057],
							"lerp_mode": "catmullrom"
						},
						"3.9167": {
							"post": [1.20951, 5.96144, 2.01057],
							"lerp_mode": "catmullrom"
						},
						"4.0": {
							"post": [1.00217, 6.00458, -0.00087],
							"lerp_mode": "catmullrom"
						},
						"4.1667": {
							"post": [1.20951, 5.96144, 2.01057],
							"lerp_mode": "catmullrom"
						},
						"4.5833": {
							"post": [1.20951, 5.96144, 2.01057],
							"lerp_mode": "catmullrom"
						},
						"4.6667": {
							"post": [1.00217, 6.00458, -0.00087],
							"lerp_mode": "catmullrom"
						},
						"4.8333": {
							"post": [1.20951, 5.96144, 2.01057],
							"lerp_mode": "catmullrom"
						},
						"5.3333": {
							"post": [1.20634, 3.96044, 1.96767],
							"lerp_mode": "catmullrom"
						},
						"5.5833": {
							"post": [3.21, 3.96, 1.97],
							"lerp_mode": "catmullrom"
						},
						"5.8333": {
							"post": [1.21, 3.96, 1.97],
							"lerp_mode": "catmullrom"
						},
						"6.25": [0, 0, 0]
					}
				}
			},
			"sound_effects": {
				"0.0": {
					"effect": "rb39_reload_empty"
				}
			}
		},
		"reload_tactical": {
			"animation_length": 4.8333,
			"bones": {
				"root": {
					"rotation": {
						"0.0": [0, 0, 0],
						"0.1667": {
							"pre": [0, 0, 0],
							"post": [0, 0, 0],
							"lerp_mode": "catmullrom"
						},
						"0.375": {
							"post": [0, 0, 0],
							"lerp_mode": "catmullrom"
						},
						"0.5": {
							"post": [-1.37, 0, 0.75],
							"lerp_mode": "catmullrom"
						},
						"0.625": {
							"post": [-6, 0, 2],
							"lerp_mode": "catmullrom"
						},
						"0.8333": {
							"post": [-5, 0, 2],
							"lerp_mode": "catmullrom"
						},
						"0.9583": {
							"post": [-5, 0, 2],
							"lerp_mode": "catmullrom"
						},
						"1.25": {
							"post": [-4.41721, -2.34503, -25.90955],
							"lerp_mode": "catmullrom"
						},
						"1.5417": {
							"post": [-4.48193, -2.27512, -24.95432],
							"lerp_mode": "catmullrom"
						},
						"1.75": {
							"post": [-4.48, -2.28, -25.04],
							"lerp_mode": "catmullrom"
						},
						"1.875": {
							"post": [-2.48, -2.28, -25.08],
							"lerp_mode": "catmullrom"
						},
						"2.125": {
							"post": [-4.48, -2.28, -25.04],
							"lerp_mode": "catmullrom"
						},
						"2.375": {
							"post": [-4.48, -2.28, -25.04],
							"lerp_mode": "catmullrom"
						},
						"2.5": {
							"post": [-2.48, -2.28, -25.08],
							"lerp_mode": "catmullrom"
						},
						"2.75": {
							"post": [-4.48, -2.28, -25.04],
							"lerp_mode": "catmullrom"
						},
						"3.0417": {
							"post": [-4.48, -2.28, -25.04],
							"lerp_mode": "catmullrom"
						},
						"3.1667": {
							"post": [-2.48, -2.28, -25.08],
							"lerp_mode": "catmullrom"
						},
						"3.4167": {
							"post": [-4.48, -2.28, -25.04],
							"lerp_mode": "catmullrom"
						},
						"3.625": {
							"post": [-5, 0, 2],
							"lerp_mode": "catmullrom"
						},
						"3.8333": {
							"post": [-5, 0, 2],
							"lerp_mode": "catmullrom"
						},
						"3.875": {
							"post": [-5, 0, 2],
							"lerp_mode": "catmullrom"
						},
						"4.0": {
							"post": [-3, 0, 2],
							"lerp_mode": "catmullrom"
						},
						"4.1667": {
							"post": [3, 0, 2],
							"lerp_mode": "catmullrom"
						},
						"4.3333": {
							"post": [3, 0, 2],
							"lerp_mode": "catmullrom"
						},
						"4.5417": {
							"post": [-1, 0, 0],
							"lerp_mode": "catmullrom"
						},
						"4.7083": [0, 0, 0],
						"4.8333": [0, 0, 0]
					},
					"position": {
						"0.0": [0, 0, 0],
						"0.1667": {
							"pre": [-0.5, -0.5, -0.3],
							"post": [-0.5, -0.5, -0.3],
							"lerp_mode": "catmullrom"
						},
						"0.375": {
							"post": [-0.5, -0.5, -0.3],
							"lerp_mode": "catmullrom"
						},
						"0.5": {
							"post": [-0.51, -0.63, -0.17],
							"lerp_mode": "catmullrom"
						},
						"0.625": {
							"post": [-0.5, -0.9, 0.6],
							"lerp_mode": "catmullrom"
						},
						"0.8333": {
							"post": [-0.4, -1.1, 0.4],
							"lerp_mode": "catmullrom"
						},
						"0.9583": {
							"post": [-0.4, -1.1, 0.4],
							"lerp_mode": "catmullrom"
						},
						"1.25": {
							"post": [1.7, -1.6, 0.4],
							"lerp_mode": "catmullrom"
						},
						"1.5417": {
							"post": [1.78, -1.62, 0.4],
							"lerp_mode": "catmullrom"
						},
						"1.75": {
							"post": [1.78, -1.62, 0.4],
							"lerp_mode": "catmullrom"
						},
						"1.875": {
							"post": [1.98, -1.82, 0.4],
							"lerp_mode": "catmullrom"
						},
						"2.125": {
							"post": [1.78, -1.62, 0.4],
							"lerp_mode": "catmullrom"
						},
						"2.375": {
							"post": [1.78, -1.62, 0.4],
							"lerp_mode": "catmullrom"
						},
						"2.5": {
							"post": [1.98, -1.82, 0.4],
							"lerp_mode": "catmullrom"
						},
						"2.75": {
							"post": [1.78, -1.62, 0.4],
							"lerp_mode": "catmullrom"
						},
						"3.0417": {
							"post": [1.78, -1.62, 0.4],
							"lerp_mode": "catmullrom"
						},
						"3.1667": {
							"post": [1.98, -1.82, 0.4],
							"lerp_mode": "catmullrom"
						},
						"3.4167": {
							"post": [1.78, -1.62, 0.4],
							"lerp_mode": "catmullrom"
						},
						"3.625": {
							"post": [-0.4, -1.1, 0.4],
							"lerp_mode": "catmullrom"
						},
						"3.8333": {
							"post": [-0.4, -1.1, 0.4],
							"lerp_mode": "catmullrom"
						},
						"3.875": {
							"post": [-0.4, -1.1, 0.4],
							"lerp_mode": "catmullrom"
						},
						"4.0": {
							"post": [-0.5, -0.8, 0],
							"lerp_mode": "catmullrom"
						},
						"4.1667": {
							"post": [-0.5, -1.7, -0.8],
							"lerp_mode": "catmullrom"
						},
						"4.3333": {
							"post": [-0.5, -1.7, -0.8],
							"lerp_mode": "catmullrom"
						},
						"4.5417": {
							"post": [0, 0, -1.6],
							"lerp_mode": "catmullrom"
						},
						"4.7083": [0, 0, 0.4],
						"4.8333": [0, 0, 0]
					}
				},
				"bullet1": {
					"rotation": {
						"0.8333": [0, 0, 0],
						"1.8333": [0, 0, 0]
					},
					"position": {
						"0.8333": [0, 0, 0],
						"1.125": [-3.2, -6.3, 6.4],
						"1.625": [-0.4, 1.5, -0.2],
						"1.7083": [-0.2, 0.9, -0.3],
						"1.75": [-0.2, 0.9, -0.3],
						"1.8333": [0, 0, 0]
					}
				},
				"bullet2": {
					"rotation": {
						"0.8333": [0, 0, 0],
						"2.5833": [0, 0, 0]
					},
					"position": {
						"0.8333": [0, 0, 0],
						"1.125": [-3.2, -6.3, 6.4],
						"1.5833": [-1.2, 1.5, -0.2],
						"2.2917": [-1.2, 1.5, -0.2],
						"2.375": [-0.4, 1.5, -0.2],
						"2.4583": [-0.2, 0.9, -0.3],
						"2.5": [-0.2, 0.9, -0.3],
						"2.5833": [0, 0, 0]
					}
				},
				"bullet3": {
					"rotation": {
						"0.8333": [0, 0, 0],
						"3.3333": [0, 0, 0]
					},
					"position": {
						"0.8333": [0, 0, 0],
						"1.125": [-3.2, -6.3, 6.4],
						"1.5833": [-1.6, 1.6, -0.2],
						"2.8333": [-1.6, 1.6, -0.2],
						"2.9583": [-0.8, 2.3, -0.2],
						"3.0417": [-0.8, 2.3, -0.2],
						"3.125": [-0.4, 1.3, -0.2],
						"3.2083": [-0.2, 0.9, -0.3],
						"3.25": [-0.2, 0.9, -0.3],
						"3.3333": [0, 0, 0]
					}
				},
				"lefthand": {
					"rotation": {
						"1.0417": [0, 0, 0],
						"1.25": [0, 0, 15],
						"4.2083": [0, 0, 15],
						"4.625": [0, 0, 0]
					},
					"position": {
						"1.0417": [0, 0, 0],
						"1.25": [-0.7, -2, 3.3],
						"4.2083": [-0.7, -2, 3.3],
						"4.625": [0, 0, 0]
					}
				},
				"action": {
					"rotation": [0, 0, 0],
					"position": {
						"0.4583": [0, 0, 0],
						"0.5": [0, 0, 0],
						"0.6667": [0, 0, 3],
						"3.8333": [0, 0, 3],
						"3.9583": [0, 0, 0]
					}
				},
				"action_a": {
					"rotation": {
						"0.3333": [0, 0, 0],
						"0.4583": [0, 0, 55],
						"0.5": [0, 0, 55],
						"3.8333": [0, 0, 55],
						"3.9583": [0, 0, 55],
						"4.0417": [0, 0, 55],
						"4.1667": [0, 0, 0]
					},
					"position": [0, 0, 0]
				},
				"righthand": {
					"rotation": {
						"0.0": [0, 0, 0],
						"0.0833": [0, 0, 0],
						"0.3333": [0, 0, -34],
						"0.4583": [0.19626, -6.53354, -36.52156],
						"0.5": [0.19626, -6.53354, -36.52156],
						"0.8333": [0.2, -6.53, -36.52],
						"1.625": [0.2, -6.53, -36.52],
						"1.7083": {
							"pre": [-0.50797, -8.30711, -31.793],
							"post": [-0.50797, -8.30711, -31.793],
							"lerp_mode": "catmullrom"
						},
						"1.75": {
							"post": [-0.51, -8.31, -31.79],
							"lerp_mode": "catmullrom"
						},
						"1.8333": {
							"post": [2.24647, -13.89578, -16.45391],
							"lerp_mode": "catmullrom"
						},
						"1.9167": {
							"post": [2.24647, -13.89578, -16.45391],
							"lerp_mode": "catmullrom"
						},
						"2.125": {
							"post": [0.2, -6.53, -36.52],
							"lerp_mode": "catmullrom"
						},
						"2.2083": {
							"post": [0.2, -6.53, -36.52],
							"lerp_mode": "catmullrom"
						},
						"2.3333": {
							"post": [0.2, -6.53, -36.52],
							"lerp_mode": "catmullrom"
						},
						"2.4167": {
							"post": [-0.50797, -8.30711, -31.793],
							"lerp_mode": "catmullrom"
						},
						"2.4583": {
							"post": [-0.51, -8.31, -31.79],
							"lerp_mode": "catmullrom"
						},
						"2.5417": {
							"post": [2.24647, -13.89578, -16.45391],
							"lerp_mode": "catmullrom"
						},
						"2.625": {
							"post": [2.24647, -13.89578, -16.45391],
							"lerp_mode": "catmullrom"
						},
						"2.8333": {
							"post": [0.2, -6.53, -36.52],
							"lerp_mode": "catmullrom"
						},
						"2.9167": {
							"post": [0.2, -6.53, -36.52],
							"lerp_mode": "catmullrom"
						},
						"3.0417": {
							"post": [0.2, -6.53, -36.52],
							"lerp_mode": "catmullrom"
						},
						"3.125": {
							"post": [-0.50797, -8.30711, -31.793],
							"lerp_mode": "catmullrom"
						},
						"3.1667": {
							"post": [-0.51, -8.31, -31.79],
							"lerp_mode": "catmullrom"
						},
						"3.25": {
							"post": [2.24647, -13.89578, -16.45391],
							"lerp_mode": "catmullrom"
						},
						"3.3333": {
							"post": [2.24647, -13.89578, -16.45391],
							"lerp_mode": "catmullrom"
						},
						"3.5833": [0.2, -6.53, -36.52],
						"3.8333": [0.2, -6.53, -36.52],
						"3.9583": [0.19626, -6.53354, -36.52156],
						"4.0417": [0.19626, -6.53354, -36.52156],
						"4.1667": [0, 0, -34],
						"4.25": [0, 0, -34],
						"4.625": [0, 0, 0]
					},
					"position": {
						"0.0": [0, 0, 0],
						"0.0833": [0, 0, 0],
						"0.2083": [-4.17, -1.7, -1.85],
						"0.3333": [-1.8, -1.9, -4.2],
						"0.4583": [-1.7, -1.4, -5.4],
						"0.5": [-1.7, -1.4, -5.4],
						"0.6667": [-1.7, -1.4, -2.4],
						"0.8333": [-1.7, -1.4, -2.4],
						"1.125": [-3.2, -12.4, 1.6],
						"1.5833": [-2.1, -2.4, -5.1],
						"1.625": [-2.1, -2.4, -5.1],
						"1.7083": {
							"pre": [-2.1, -2.3, -6.3],
							"post": [-2.1, -2.3, -6.3],
							"lerp_mode": "catmullrom"
						},
						"1.75": {
							"post": [-2.1, -2.3, -6.3],
							"lerp_mode": "catmullrom"
						},
						"1.8333": {
							"post": [-3.6, 0.3, -7.6],
							"lerp_mode": "catmullrom"
						},
						"1.9167": {
							"post": [-3.6, 0.3, -7.6],
							"lerp_mode": "catmullrom"
						},
						"2.125": {
							"post": [-2.1, -2.4, -5.1],
							"lerp_mode": "catmullrom"
						},
						"2.2083": {
							"post": [-2.1, -2.4, -5.1],
							"lerp_mode": "catmullrom"
						},
						"2.3333": {
							"post": [-2.1, -2.4, -5.1],
							"lerp_mode": "catmullrom"
						},
						"2.4167": {
							"post": [-2.1, -2.3, -6.3],
							"lerp_mode": "catmullrom"
						},
						"2.4583": {
							"post": [-2.1, -2.3, -6.3],
							"lerp_mode": "catmullrom"
						},
						"2.5417": {
							"post": [-3.6, 0.3, -7.6],
							"lerp_mode": "catmullrom"
						},
						"2.625": {
							"post": [-3.6, 0.3, -7.6],
							"lerp_mode": "catmullrom"
						},
						"2.8333": {
							"post": [-2.1, -2.4, -5.1],
							"lerp_mode": "catmullrom"
						},
						"2.9167": {
							"post": [-2.1, -2.4, -5.1],
							"lerp_mode": "catmullrom"
						},
						"3.0417": {
							"post": [-2.1, -2.4, -5.1],
							"lerp_mode": "catmullrom"
						},
						"3.125": {
							"post": [-2.1, -2.3, -6.3],
							"lerp_mode": "catmullrom"
						},
						"3.1667": {
							"post": [-2.1, -2.3, -6.3],
							"lerp_mode": "catmullrom"
						},
						"3.25": {
							"post": [-3.6, 0.3, -7.6],
							"lerp_mode": "catmullrom"
						},
						"3.3333": {
							"post": [-3.6, 0.3, -7.6],
							"lerp_mode": "catmullrom"
						},
						"3.5833": [-1.7, -1.4, -2.4],
						"3.8333": [-1.7, -1.4, -2.4],
						"3.9583": [-1.7, -1.4, -5.4],
						"4.0417": [-1.7, -1.4, -5.4],
						"4.1667": [-1.7, -1.9, -4.2],
						"4.25": [-1.7, -1.9, -4.2],
						"4.4167": [-2.8, -1.75, -1.6],
						"4.625": [0, 0, 0]
					}
				},
				"bullet_shell": {
					"rotation": {
						"0.625": [0, 0, 0],
						"0.875": [0, 390, 0],
						"1.2083": [0, 0, 0]
					},
					"position": {
						"0.4167": [0, 0, 0],
						"0.625": [0, 0, 2.6],
						"0.875": [-13, 7, 14.6],
						"1.0417": [-7.19, -18.67, 6.95],
						"1.2083": [0, 0, 0]
					}
				},
				"camera": {
					"rotation": {
						"0.0": [0, 0, 0],
						"0.625": {
							"pre": [0, 4, 0],
							"post": [0, 4, 0],
							"lerp_mode": "catmullrom"
						},
						"1.1667": {
							"post": [1, 6, 0],
							"lerp_mode": "catmullrom"
						},
						"1.625": {
							"post": [1, 6, 0],
							"lerp_mode": "catmullrom"
						},
						"1.8333": {
							"post": [1.20951, 5.96144, 2.01057],
							"lerp_mode": "catmullrom"
						},
						"1.9167": {
							"post": [1.00217, 6.00458, -0.00087],
							"lerp_mode": "catmullrom"
						},
						"2.0833": {
							"post": [1.20951, 5.96144, 2.01057],
							"lerp_mode": "catmullrom"
						},
						"2.5": {
							"post": [1.20951, 5.96144, 2.01057],
							"lerp_mode": "catmullrom"
						},
						"2.5833": {
							"post": [1.00217, 6.00458, -0.00087],
							"lerp_mode": "catmullrom"
						},
						"2.75": {
							"post": [1.20951, 5.96144, 2.01057],
							"lerp_mode": "catmullrom"
						},
						"3.0417": {
							"post": [1.20951, 5.96144, 2.01057],
							"lerp_mode": "catmullrom"
						},
						"3.125": {
							"post": [1.00217, 6.00458, -0.00087],
							"lerp_mode": "catmullrom"
						},
						"3.2917": {
							"post": [1.20951, 5.96144, 2.01057],
							"lerp_mode": "catmullrom"
						},
						"3.625": {
							"post": [1.20634, 3.96044, 1.96767],
							"lerp_mode": "catmullrom"
						},
						"3.875": {
							"post": [3.21, 3.96, 1.97],
							"lerp_mode": "catmullrom"
						},
						"4.125": {
							"post": [1.21, 3.96, 1.97],
							"lerp_mode": "catmullrom"
						},
						"4.5417": [0, 0, 0]
					}
				}
			},
			"sound_effects": {
				"0.0": {
					"effect": "rb39_reload_tactical"
				}
			}
		},
		"shoot": {
			"animation_length": 2.0167,
			"bones": {
				"root": {
					"rotation": {
						"0.0": {
							"post": [0, 0, 0],
							"lerp_mode": "catmullrom"
						},
						"0.0167": {
							"post": [2.16077, 4.2903, 2.29524],
							"lerp_mode": "catmullrom"
						},
						"0.0333": {
							"post": [-1.35744, 5.48823, 7.73963],
							"lerp_mode": "catmullrom"
						},
						"0.05": {
							"post": [-3.751, 4.8655, -1.44036],
							"lerp_mode": "catmullrom"
						},
						"0.0667": {
							"post": [-4.95597, 4.73357, -4.55445],
							"lerp_mode": "catmullrom"
						},
						"0.0833": {
							"post": [-5.1225, 4.66, -3.99],
							"lerp_mode": "catmullrom"
						},
						"0.1": {
							"post": [-5.16688, 4.10196, 2.33202],
							"lerp_mode": "catmullrom"
						},
						"0.15": {
							"post": [-4.455, 2.8, 4.215],
							"lerp_mode": "catmullrom"
						},
						"0.2": {
							"post": [-5.07251, 0.8207, 0.55078],
							"lerp_mode": "catmullrom"
						},
						"0.25": {
							"post": [-4.3375, -0.05, -1.045],
							"lerp_mode": "catmullrom"
						},
						"0.3167": {
							"post": [-2.68502, -0.04686, 0.64501],
							"lerp_mode": "catmullrom"
						},
						"0.4167": {
							"post": [-0.775, 0.1, -0.925],
							"lerp_mode": "catmullrom"
						},
						"0.5667": {
							"post": [0, 0, 0],
							"lerp_mode": "catmullrom"
						},
						"0.7": {
							"post": [-1.37, 0, 0.75],
							"lerp_mode": "catmullrom"
						},
						"0.8333": {
							"post": [-6, 0, 2],
							"lerp_mode": "catmullrom"
						},
						"1.0333": {
							"post": [-5, 0, 2],
							"lerp_mode": "catmullrom"
						},
						"1.1667": {
							"post": [-3, 0, 2],
							"lerp_mode": "catmullrom"
						},
						"1.3333": {
							"post": [3, 0, 2],
							"lerp_mode": "catmullrom"
						},
						"1.5": {
							"post": [3, 0, 2],
							"lerp_mode": "catmullrom"
						},
						"1.7167": {
							"post": [-1, 0, 0],
							"lerp_mode": "catmullrom"
						},
						"1.8833": [0, 0, 0],
						"2.0167": [0, 0, 0]
					},
					"position": {
						"0.0": {
							"post": [0, 0, 0],
							"lerp_mode": "catmullrom"
						},
						"0.0167": {
							"post": [-0.1, -0.45, 1.95],
							"lerp_mode": "catmullrom"
						},
						"0.0333": [0.1, -1.375, 2.2375],
						"0.05": [0.12, -1.45, 2.2275],
						"0.0833": [0.09, -1.02, 2.205],
						"0.1333": [0.05, -0.59, 1.98],
						"0.2": {
							"pre": [0, -0.05, 1.49],
							"post": [0, -0.05, 1.49],
							"lerp_mode": "catmullrom"
						},
						"0.3": {
							"post": [0, -0.1, 0.675],
							"lerp_mode": "catmullrom"
						},
						"0.4167": {
							"post": [0, -0.025, 0.05],
							"lerp_mode": "catmullrom"
						},
						"0.5667": {
							"post": [-0.5, -0.5, -0.3],
							"lerp_mode": "catmullrom"
						},
						"0.7": {
							"post": [-0.51, -0.63, -0.17],
							"lerp_mode": "catmullrom"
						},
						"0.8333": {
							"post": [-0.5, -0.9, 0.6],
							"lerp_mode": "catmullrom"
						},
						"1.0333": {
							"post": [-0.4, -1.1, 0.4],
							"lerp_mode": "catmullrom"
						},
						"1.1667": {
							"post": [-0.5, -0.8, 0],
							"lerp_mode": "catmullrom"
						},
						"1.3333": {
							"post": [-0.5, -1.7, -0.8],
							"lerp_mode": "catmullrom"
						},
						"1.5": {
							"post": [-0.5, -1.7, -0.8],
							"lerp_mode": "catmullrom"
						},
						"1.7167": {
							"post": [0, 0, -1.6],
							"lerp_mode": "catmullrom"
						},
						"1.8833": [0, 0, 0.4],
						"2.0167": [0, 0, 0]
					}
				},
				"action": {
					"rotation": {
						"1.2333": [0, 0, 0],
						"1.45": [0, 0, 0]
					},
					"position": {
						"0.65": [0, 0, 0],
						"0.7167": [0, 0, 0],
						"0.8667": [0, 0, 3],
						"1.0167": [0, 0, 3],
						"1.1667": [0, 0, 0],
						"1.2333": [0, 0, 0],
						"1.45": [0, 0, 0]
					}
				},
				"action_a": {
					"rotation": {
						"0.5333": [0, 0, 0],
						"0.65": [0, 0, 55],
						"0.7167": [0, 0, 55],
						"1.1667": [0, 0, 55],
						"1.2333": [0, 0, 55],
						"1.35": [0, 0, 0],
						"1.45": [0, 0, 0]
					},
					"position": [0, 0, 0]
				},
				"righthand": {
					"rotation": {
						"0.0": [0, 0, 0],
						"0.2167": [0, 0, 0],
						"0.5333": [0, 0, -34],
						"0.65": [0.19626, -6.53354, -36.52156],
						"0.7167": [0.19626, -6.53354, -36.52156],
						"1.1667": [0.19626, -6.53354, -36.52156],
						"1.2333": [0.2, -6.53, -36.52],
						"1.35": [0, 0, -34],
						"1.45": [0, 0, -34],
						"1.7833": [0, 0, 0]
					},
					"position": {
						"0.0": [0, 0, 0],
						"0.2167": [0, 0, 0],
						"0.4": [-4.17, -1.7, -1.85],
						"0.5333": [-2.2, -1.4, -4.2],
						"0.65": [-1.9, -0.9, -5],
						"0.7167": [-1.7, -1, -5],
						"0.8667": [-1.64, -1.06, -2.03],
						"1.0333": [-1.64, -1.06, -2.03],
						"1.1667": [-1.8, -1, -5.2],
						"1.2333": [-1.7, -1.4, -5.1],
						"1.35": [-1.9, -1.9, -4.2],
						"1.45": [-1.75, -1.7, -4.2],
						"1.6167": [-2.9, -1.85, -2.1],
						"1.7": [-0.95, -2.22, -1.05],
						"1.7833": [0, 0, 0]
					}
				},
				"bullet_shell": {
					"rotation": {
						"0.0": [0, 0, 0],
						"0.8167": [0, 0, 0],
						"1.05": [0, 390, 0],
						"1.4": [0, 0, 0]
					},
					"position": {
						"0.0": [0, 0, 0],
						"0.6": [0, 0, 0],
						"0.8167": [0, 0, 2.6],
						"1.05": [-13, 7, 14.6],
						"1.2333": [-7.19, -18.67, 6.95],
						"1.4": [0, 0, 0]
					}
				},
				"camera": {
					"rotation": {
						"0.0": {
							"post": [0, 0, 0],
							"lerp_mode": "catmullrom"
						},
						"0.05": {
							"post": [-1, 0, 4.4],
							"lerp_mode": "catmullrom"
						},
						"0.0833": {
							"post": [-1, 0, 2.445],
							"lerp_mode": "catmullrom"
						},
						"0.1667": {
							"post": [-1, 0, -4.055],
							"lerp_mode": "catmullrom"
						},
						"0.25": {
							"post": [0, 0, 1.37],
							"lerp_mode": "catmullrom"
						},
						"0.3": {
							"post": [0, 0, -0.85],
							"lerp_mode": "catmullrom"
						},
						"0.3833": {
							"post": [0, 0, 0.525],
							"lerp_mode": "catmullrom"
						},
						"0.4167": {
							"post": [0, 0, -0.125],
							"lerp_mode": "catmullrom"
						},
						"0.45": {
							"post": [0, 0, 0],
							"lerp_mode": "catmullrom"
						},
						"0.55": {
							"post": [0, 0, 0],
							"lerp_mode": "catmullrom"
						},
						"0.6333": {
							"post": [0.45, -0.1, 0.275],
							"lerp_mode": "catmullrom"
						},
						"0.7": {
							"post": [0.4, -0.15, 0.275],
							"lerp_mode": "catmullrom"
						},
						"0.75": {
							"post": [0.825, -0.15, 0.775],
							"lerp_mode": "catmullrom"
						},
						"0.8333": {
							"post": [0.215, -0.15, 0.1],
							"lerp_mode": "catmullrom"
						},
						"0.8833": {
							"post": [0.525, -0.15, 0.275],
							"lerp_mode": "catmullrom"
						},
						"0.95": {
							"post": [0.615, -0.1, 0.8],
							"lerp_mode": "catmullrom"
						},
						"1.0": {
							"post": [1.53, 0, -0.125],
							"lerp_mode": "catmullrom"
						},
						"1.05": {
							"post": [0.77, 0.075, 0.425],
							"lerp_mode": "catmullrom"
						},
						"1.2": {
							"post": [1.085, 0.075, 0.2],
							"lerp_mode": "catmullrom"
						},
						"1.3": {
							"post": [0.78, 0, 0.275],
							"lerp_mode": "catmullrom"
						},
						"1.4167": {
							"post": [0.55, 0, 0.275],
							"lerp_mode": "catmullrom"
						},
						"1.5": {
							"post": [1.29, -0.1, 0.75],
							"lerp_mode": "catmullrom"
						},
						"1.55": {
							"post": [0.645, -0.175, 0],
							"lerp_mode": "catmullrom"
						},
						"1.6333": {
							"post": [0.89, -0.175, 0.6],
							"lerp_mode": "catmullrom"
						},
						"1.7": {
							"post": [0.465, -0.1, 0.05],
							"lerp_mode": "catmullrom"
						},
						"1.8": {
							"post": [0.295, 0.05, 0.275],
							"lerp_mode": "catmullrom"
						},
						"1.8833": {
							"post": [-0.1, 0, -0.025],
							"lerp_mode": "catmullrom"
						},
						"1.95": {
							"post": [0.25, 0, 0.275],
							"lerp_mode": "catmullrom"
						},
						"2.0": {
							"post": [0, 0, 0],
							"lerp_mode": "catmullrom"
						}
					}
				}
			},
			"sound_effects": {
				"0.0": {
					"effect": "rb39_shoot"
				}
			}
		},
		"inspect": {
			"animation_length": 8.1667,
			"bones": {
				"root": {
					"rotation": {
						"0.0": [0, 0, 0],
						"0.5417": {
							"pre": [-24.3924, -45.45018, 1.38887],
							"post": [-24.3924, -45.45018, 1.38887],
							"lerp_mode": "catmullrom"
						},
						"1.0": {
							"post": [-24.39, -45.45, 1.39],
							"lerp_mode": "catmullrom"
						},
						"2.0": {
							"post": [-24.39, -45.45, 1.39],
							"lerp_mode": "catmullrom"
						},
						"2.8333": {
							"post": [-18.89047, -59.88155, 8.25014],
							"lerp_mode": "catmullrom"
						},
						"3.4583": {
							"post": [-18.89, -59.88, 8.25],
							"lerp_mode": "catmullrom"
						},
						"4.5417": {
							"post": [-18.89, -59.88, 8.25],
							"lerp_mode": "catmullrom"
						},
						"5.0417": {
							"post": [-44.96642, -0.98632, 48.70662],
							"lerp_mode": "catmullrom"
						},
						"5.25": {
							"post": [-40.05768, 9.32947, 49.16881],
							"lerp_mode": "catmullrom"
						},
						"5.375": {
							"post": [-41.28487, 8.7204, 47.85357],
							"lerp_mode": "catmullrom"
						},
						"5.5833": {
							"post": [-41.28, 8.72, 47.85],
							"lerp_mode": "catmullrom"
						},
						"5.9583": {
							"post": [-53.1606, 18.03575, 43.73604],
							"lerp_mode": "catmullrom"
						},
						"6.4167": {
							"post": [-52.16, 18.04, 43.74],
							"lerp_mode": "catmullrom"
						},
						"6.9167": {
							"post": [-53.16, 18.04, 43.74],
							"lerp_mode": "catmullrom"
						},
						"7.25": {
							"post": [-53.16, 18.04, 43.74],
							"lerp_mode": "catmullrom"
						},
						"7.75": {
							"post": [-1, 0, 0],
							"lerp_mode": "catmullrom"
						},
						"7.9167": [0, 0, 0],
						"8.0417": [0, 0, 0]
					},
					"position": {
						"0.0": [0, 0, 0],
						"0.5417": {
							"pre": [-0.8, 0, -3.1],
							"post": [-0.8, 0, -3.1],
							"lerp_mode": "catmullrom"
						},
						"1.0": {
							"post": [-0.8, 0, -3.1],
							"lerp_mode": "catmullrom"
						},
						"2.0": {
							"post": [-0.8, 0, -3.1],
							"lerp_mode": "catmullrom"
						},
						"2.8333": {
							"post": [4.3, 0, -5.8],
							"lerp_mode": "catmullrom"
						},
						"3.4583": {
							"post": [4.3, 0, -5.8],
							"lerp_mode": "catmullrom"
						},
						"4.5417": {
							"post": [4.3, 0, -5.8],
							"lerp_mode": "catmullrom"
						},
						"5.0417": {
							"post": [-3, 1.5, -9.8],
							"lerp_mode": "catmullrom"
						},
						"5.25": {
							"post": [-3, 1.5, -9.8],
							"lerp_mode": "catmullrom"
						},
						"5.375": {
							"post": [-3.01, 1.37, -9.67],
							"lerp_mode": "catmullrom"
						},
						"5.5833": {
							"post": [-3.01, 1.37, -9.67],
							"lerp_mode": "catmullrom"
						},
						"5.9583": {
							"post": [-3.71, 1.97, -11.07],
							"lerp_mode": "catmullrom"
						},
						"6.4167": {
							"post": [-3.51, 1.97, -11.07],
							"lerp_mode": "catmullrom"
						},
						"6.9167": {
							"post": [-3.71, 1.97, -11.07],
							"lerp_mode": "catmullrom"
						},
						"7.25": {
							"post": [-3.71, 1.97, -11.07],
							"lerp_mode": "catmullrom"
						},
						"7.75": {
							"post": [0, 0, -1.6],
							"lerp_mode": "catmullrom"
						},
						"7.9167": [0, 0, 0.4],
						"8.0417": [0, 0, 0]
					}
				},
				"lefthand": {
					"rotation": {
						"0.0417": [0, 0, 0],
						"0.375": [0, 40, 0],
						"4.5": [0, 40, 0],
						"5.0833": [51.78393, -4.44065, 1.46026],
						"7.2083": [51.78393, -4.44065, 1.46026],
						"7.5833": [0, 0, 0]
					},
					"position": {
						"0.0417": [0, 0, 0],
						"0.375": [2.3, 0, -6.2],
						"4.5": [2.3, 0, -6.2],
						"5.0833": [0.9, 6.5, 4.8],
						"7.2083": [0.9, 6.5, 4.8],
						"7.5833": [0, 0, 0]
					}
				},
				"action": {
					"position": {
						"5.3333": [0, 0, 0],
						"5.4167": [0, 0, 0],
						"5.5833": [0, 0, 1.56],
						"6.7917": [0, 0, 1.56],
						"6.9167": [0, 0, 0]
					}
				},
				"action_a": {
					"rotation": {
						"5.0833": [0, 0, 0],
						"5.1667": [0, 0, 0],
						"5.3333": [0, 0, 55],
						"5.4167": [0, 0, 55],
						"6.9167": [0, 0, 55],
						"7.0": [0, 0, 55],
						"7.125": [0, 0, 0]
					}
				},
				"righthand": {
					"rotation": {
						"0.0417": [0, 0, 0],
						"0.375": [-8, 67.5, 0],
						"1.8333": [-8, 67.5, 0],
						"2.5": [-8, 67.5, 0],
						"4.5": [-8, 67.5, 0],
						"4.8333": [-4.57, 38.57, -14.57],
						"5.0833": [2.5, 0, -94],
						"5.1667": [0, 0, -94],
						"5.3333": [4.15821, 13.16066, -59.72042],
						"5.4167": [4.15821, 13.16066, -59.72042],
						"5.5833": [4.15821, 13.16066, -59.72042],
						"6.7917": [4.15821, 13.16066, -59.72042],
						"6.9167": [4.15821, 13.16066, -59.72042],
						"7.0": [4.15821, 13.16066, -59.72042],
						"7.125": [0, 0, -94],
						"7.2083": [0, 0, -94],
						"7.5833": [0, 0, 0]
					},
					"position": {
						"0.0417": [0, 0, 0],
						"0.375": [13.7, -1.2, 6.3],
						"1.8333": [13.7, -1.2, 6.3],
						"2.5": [14.2, -1.4, 9.2],
						"4.5": [14.2, -1.4, 9.2],
						"4.8333": [1.4, -1.61, 5.39],
						"5.0833": [6.3, -7.4, -4],
						"5.1667": [6.8, -7.4, -4],
						"5.3333": [2.2, -1.2, -1.7],
						"5.4167": [2.2, -1.2, -1.7],
						"5.5833": [2.2, -1.2, -0.4],
						"6.7917": [2.2, -1.2, -0.4],
						"6.9167": [2.3, -1.4, -1.5],
						"7.0": [2.3, -1.4, -1.5],
						"7.0833": [4.7, -5.4, -2.8],
						"7.125": [6.8, -7.4, -4],
						"7.2083": [6.3, -7.9, -3.2],
						"7.2917": [0.1, -7.66, -1.82],
						"7.375": [-2.34, -5.12, -0.71],
						"7.4583": [-2.97, -2.96, 0.54],
						"7.5833": [0, 0, 0]
					}
				},
				"bullet_shell": {
					"position": {
						"5.5": [0.15, 0.075, 0.425],
						"5.5833": [0.15, 0.08, 1.23]
					}
				},
				"camera": {
					"rotation": {
						"0.0": [0, 0, 0],
						"0.625": {
							"pre": [1, 4, 0],
							"post": [1, 4, 0],
							"lerp_mode": "catmullrom"
						},
						"1.5": {
							"post": [-2.00228, 1.00046, -0.05234],
							"lerp_mode": "catmullrom"
						},
						"2.0833": {
							"post": [-2, 1, -0.05],
							"lerp_mode": "catmullrom"
						},
						"3.3333": {
							"post": [6.00446, 15.99083, -0.22579],
							"lerp_mode": "catmullrom"
						},
						"4.0": {
							"post": [5.8966, 12.01152, -0.65713],
							"lerp_mode": "catmullrom"
						},
						"4.625": {
							"post": [4.83963, 9.02723, -0.96905],
							"lerp_mode": "catmullrom"
						},
						"5.0417": {
							"post": [4.84, 9.03, -0.97],
							"lerp_mode": "catmullrom"
						},
						"5.7083": {
							"post": [7.78136, 5.0582, -1.44787],
							"lerp_mode": "catmullrom"
						},
						"6.25": {
							"post": [7.78, 5.06, -1.45],
							"lerp_mode": "catmullrom"
						},
						"6.9583": {
							"post": [5.78, 5.06, -1.45],
							"lerp_mode": "catmullrom"
						},
						"7.9583": [0, 0, 0]
					}
				},
				"bullet1": {
					"scale": 0
				}
			},
			"sound_effects": {
				"0.0": {
					"effect": "rb39_inspect"
				}
			}
		},
		"inspect_empty": {
			"animation_length": 7.9583,
			"bones": {
				"root": {
					"rotation": {
						"0.0": [0, 0, 0],
						"0.5417": {
							"pre": [-24.3924, -45.45018, 1.38887],
							"post": [-24.3924, -45.45018, 1.38887],
							"lerp_mode": "catmullrom"
						},
						"1.0": {
							"post": [-24.39, -45.45, 1.39],
							"lerp_mode": "catmullrom"
						},
						"2.0": {
							"post": [-24.39, -45.45, 1.39],
							"lerp_mode": "catmullrom"
						},
						"2.8333": {
							"post": [-18.89047, -59.88155, 8.25014],
							"lerp_mode": "catmullrom"
						},
						"3.4583": {
							"post": [-18.89, -59.88, 8.25],
							"lerp_mode": "catmullrom"
						},
						"4.5417": {
							"post": [-18.89, -59.88, 8.25],
							"lerp_mode": "catmullrom"
						},
						"5.0417": {
							"post": [-44.96642, -0.98632, 48.70662],
							"lerp_mode": "catmullrom"
						},
						"5.25": {
							"post": [-40.05768, 9.32947, 49.16881],
							"lerp_mode": "catmullrom"
						},
						"5.375": {
							"post": [-41.28487, 8.7204, 47.85357],
							"lerp_mode": "catmullrom"
						},
						"5.6667": {
							"post": [-53.1606, 18.03575, 43.73604],
							"lerp_mode": "catmullrom"
						},
						"6.2917": {
							"post": [-52.16, 18.04, 43.74],
							"lerp_mode": "catmullrom"
						},
						"6.6667": {
							"post": [-53.16, 18.04, 43.74],
							"lerp_mode": "catmullrom"
						},
						"7.0": {
							"post": [-53.16, 18.04, 43.74],
							"lerp_mode": "catmullrom"
						},
						"7.5": {
							"post": [-1, 0, 0],
							"lerp_mode": "catmullrom"
						},
						"7.6667": [0, 0, 0],
						"7.7917": [0, 0, 0]
					},
					"position": {
						"0.0": [0, 0, 0],
						"0.5417": {
							"pre": [-0.8, 0, -3.1],
							"post": [-0.8, 0, -3.1],
							"lerp_mode": "catmullrom"
						},
						"1.0": {
							"post": [-0.8, 0, -3.1],
							"lerp_mode": "catmullrom"
						},
						"2.0": {
							"post": [-0.8, 0, -3.1],
							"lerp_mode": "catmullrom"
						},
						"2.8333": {
							"post": [4.3, 0, -5.8],
							"lerp_mode": "catmullrom"
						},
						"3.4583": {
							"post": [4.3, 0, -5.8],
							"lerp_mode": "catmullrom"
						},
						"4.5417": {
							"post": [4.3, 0, -5.8],
							"lerp_mode": "catmullrom"
						},
						"5.0417": {
							"post": [-3, 1.5, -9.8],
							"lerp_mode": "catmullrom"
						},
						"5.25": {
							"post": [-3, 1.5, -9.8],
							"lerp_mode": "catmullrom"
						},
						"5.375": {
							"post": [-3.01, 1.37, -9.67],
							"lerp_mode": "catmullrom"
						},
						"5.6667": {
							"post": [-3.71, 1.97, -11.07],
							"lerp_mode": "catmullrom"
						},
						"6.2917": {
							"post": [-3.51, 1.97, -11.07],
							"lerp_mode": "catmullrom"
						},
						"6.6667": {
							"post": [-3.71, 1.97, -11.07],
							"lerp_mode": "catmullrom"
						},
						"7.0": {
							"post": [-3.71, 1.97, -11.07],
							"lerp_mode": "catmullrom"
						},
						"7.5": {
							"post": [0, 0, -1.6],
							"lerp_mode": "catmullrom"
						},
						"7.6667": [0, 0, 0.4],
						"7.7917": [0, 0, 0]
					}
				},
				"lefthand": {
					"rotation": {
						"0.0417": [0, 0, 0],
						"0.375": [0, 40, 0],
						"4.5": [0, 40, 0],
						"5.0833": [51.78393, -4.44065, 1.46026],
						"7.0833": [51.78393, -4.44065, 1.46026],
						"7.4583": [0, 0, 0]
					},
					"position": {
						"0.0417": [0, 0, 0],
						"0.375": [2.3, 0, -6.2],
						"4.5": [2.3, 0, -6.2],
						"5.0833": [0.9, 6.5, 4.8],
						"7.0833": [0.9, 6.5, 4.8],
						"7.4583": [0, 0, 0]
					}
				},
				"action": {
					"rotation": [0, 0, 0],
					"position": {
						"5.1667": [0, 0, 0],
						"5.3333": [0, 0, 0],
						"5.4167": [0, 0, 0],
						"5.5": [0, 0, 1.28],
						"5.5833": [0, 0, 2.56],
						"5.625": [0, 0, 2.54],
						"6.2917": [0, 0, 2.54],
						"6.375": [0, 0, 2.54],
						"6.5": [0, 0, 0]
					}
				},
				"action_a": {
					"rotation": {
						"5.0833": [0, 0, 0],
						"5.1667": [0, 0, 0],
						"5.3333": [0, 0, 55],
						"5.4167": [0, 0, 55],
						"6.5": [0, 0, 55],
						"6.5833": [0, 0, 55],
						"6.7083": [0, 0, 0]
					}
				},
				"righthand": {
					"rotation": {
						"0.0417": [0, 0, 0],
						"0.375": [-8, 67.5, 0],
						"1.8333": [-8, 67.5, 0],
						"2.5": [-8, 67.5, 0],
						"4.5": [-8, 67.5, 0],
						"4.8333": [-4.57, 38.57, -14.57],
						"5.0833": [2.5, 0, -94],
						"5.1667": [0, 0, -94],
						"5.3333": [4.15821, 13.16066, -59.72042],
						"5.4167": [4.15821, 13.16066, -59.72042],
						"5.5833": [4.15821, 13.16066, -59.72042],
						"6.375": [4.15821, 13.16066, -59.72042],
						"6.5": [4.15821, 13.16066, -59.72042],
						"6.5833": [4.15821, 13.16066, -59.72042],
						"6.7083": [0, 0, -94],
						"6.8333": [0, 0, -94],
						"7.3333": [0, 0, 0]
					},
					"position": {
						"0.0417": [0, 0, 0],
						"0.375": [13.7, -1.2, 6.3],
						"1.8333": [13.7, -1.2, 6.3],
						"2.5": [14.2, -1.4, 9.2],
						"4.5": [14.2, -1.4, 9.2],
						"4.8333": [1.4, -1.61, 5.39],
						"5.0833": [6.3, -7.4, -4],
						"5.1667": [6.8, -7.4, -4],
						"5.3333": [2.2, -1.2, -1.7],
						"5.4167": [2.2, -1.2, -1.7],
						"5.5833": [2.2, -1.2, -0.4],
						"6.375": [2.2, -1.2, -0.4],
						"6.5": [2.3, -1.4, -1.5],
						"6.5833": [2.3, -1.4, -1.5],
						"6.6667": [4.7, -5.4, -2.8],
						"6.7083": [6.8, -7.4, -4],
						"6.8333": [6.3, -7.9, -3.2],
						"6.9583": [0.1, -7.66, -1.82],
						"7.0833": [-2.34, -5.12, -0.71],
						"7.2083": [-2.97, -2.96, 0.54],
						"7.3333": [0, 0, 0]
					}
				},
				"bullet1": {
					"scale": 0
				},
				"bullet2": {
					"scale": 0
				},
				"bullet3": {
					"scale": 0
				},
				"bullet4": {
					"scale": 0
				},
				"bullet5": {
					"scale": 0
				},
				"camera": {
					"rotation": {
						"0.0": [0, 0, 0],
						"0.625": {
							"pre": [1, 4, 0],
							"post": [1, 4, 0],
							"lerp_mode": "catmullrom"
						},
						"1.5": {
							"post": [-2.00228, 1.00046, -0.05234],
							"lerp_mode": "catmullrom"
						},
						"2.0833": {
							"post": [-2, 1, -0.05],
							"lerp_mode": "catmullrom"
						},
						"3.3333": {
							"post": [6.00446, 15.99083, -0.22579],
							"lerp_mode": "catmullrom"
						},
						"4.0": {
							"post": [5.8966, 12.01152, -0.65713],
							"lerp_mode": "catmullrom"
						},
						"4.625": {
							"post": [4.83963, 9.02723, -0.96905],
							"lerp_mode": "catmullrom"
						},
						"5.0417": {
							"post": [4.84, 9.03, -0.97],
							"lerp_mode": "catmullrom"
						},
						"5.7083": {
							"post": [7.78136, 5.0582, -1.44787],
							"lerp_mode": "catmullrom"
						},
						"6.25": {
							"post": [7.78, 5.06, -1.45],
							"lerp_mode": "catmullrom"
						},
						"6.8333": {
							"post": [5.78, 5.06, -1.45],
							"lerp_mode": "catmullrom"
						},
						"7.875": [0, 0, 0]
					}
				}
			},
			"sound_effects": {
				"0.0": {
					"effect": "rb39_inspect_empty"
				}
			}
		},
		"draw": {
			"animation_length": 1,
			"bones": {
				"root": {
					"rotation": {
						"0.05": [-89.46, -17.41, -10.01],
						"0.1": [-82.77, -16.02, -9.96],
						"0.15": [-73.21, -14.03, -9.98],
						"0.2": [-62.04, -11.71, -9.96],
						"0.25": [-50.51, -9.35, -9.8],
						"0.3": [-39.89, -7.22, -9.41],
						"0.35": [-31.43, -5.62, -8.69],
						"0.4": [-19.88, -3.84, -5.63],
						"0.45": [-11.94, -3.02, -1.63],
						"0.5": [-5.94, -2.47, 1.04],
						"0.55": [-0.29, -1.99, 0.46],
						"0.6": [2.08, -1.75, -1.15],
						"0.65": [1.23, -0.63, 0.25],
						"0.7": [0.46, -0.29, 0.15],
						"0.75": [-0.19, -0.08, -0.07],
						"0.8": [-0.24, -0.01, 0.15],
						"0.85": [-0.1, 0, 0.36],
						"0.9": [-0.06, 0.01, 0.28],
						"0.95": [-0.03, 0, 0.12],
						"1.0": [0, 0, 0]
					},
					"position": {
						"0.0": [0.95, -16.23, 13.84],
						"0.05": [-1.66, -12.09, 11.5],
						"0.1": [-3.8, -7.22, 8.13],
						"0.15": [-3.53, -5.77, 6.53],
						"0.2": [-2.73, -4.4, 4.67],
						"0.25": [-1.68, -3.18, 2.8],
						"0.3": [-0.67, -2.17, 1.13],
						"0.35": [0, -1.4, -0.09],
						"0.4": [0.39, -0.86, -1.2],
						"0.45": [0.27, -1, -1.04],
						"0.5": [0.14, -0.8, -0.07],
						"0.55": [-0.02, -0.58, 0.87],
						"0.6": [0, -0.12, -0.33],
						"0.65": [0, -0.07, -0.35],
						"0.7": [0, -0.06, -0.22],
						"0.75": [0, -0.05, -0.1],
						"0.8": [0, -0.03, -0.05],
						"0.85": [0, -0.01, -0.02],
						"0.9": [0, 0, 0]
					}
				},
				"lefthand": {
					"rotation": {
						"0.0": [0, 0, 0],
						"0.2": [0, 0, 0],
						"0.45": [0, 0, 0]
					},
					"position": {
						"0.0": [0.7, 7, -3.1],
						"0.2": [1.8, 2.1, 1.8],
						"0.45": [0, 0, 0]
					}
				},
				"camera": {
					"rotation": {
						"0.0": [0, 0, 0],
						"0.05": [0.02, 0.02, -0.02],
						"0.1": [0.11, 0.09, -0.12],
						"0.15": [0.3, 0.2, -0.32],
						"0.2": [0.52, 0.35, -0.58],
						"0.25": [0.6, 0.43, -0.75],
						"0.3": [0.17, 0.35, -0.76],
						"0.35": [-0.28, 0.21, -0.65],
						"0.4": [-0.23, 0.15, -0.6],
						"0.45": [-0.04, 0.09, -0.53],
						"0.5": [0.15, 0.05, -0.4],
						"0.55": [0.6, 0.02, 0.34],
						"0.6": [-0.1, 0, -0.12],
						"0.65": [-0.06, 0, -0.04],
						"0.7": [0.07, 0, 0.09],
						"0.75": [0.05, 0, 0.05],
						"0.8": [0, 0, -0.01],
						"0.85": [-0.01, 0, -0.01],
						"0.9": [0, 0, -0.01],
						"0.95": [0, 0, 0]
					}
				},
				"constraint": {
					"rotation": {
						"0.0": [1, 1, 1],
						"0.35": [0.2, 0.2, 0.2],
						"0.6": [0.2, 0.2, 0.4]
					},
					"position": {
						"0.0": [1, 1, 1],
						"0.35": [0.2, 0.2, 0.2],
						"0.6": [0.1, 0.1, 0.1]
					}
				}
			},
			"sound_effects": {
				"0.0": {
					"effect": "p23_sn_alpha50_raise_quick_rattle"
				}
			}
		},
		"put_away": {
			"animation_length": 0.55,
			"bones": {
				"root": {
					"rotation": {
						"0.0": [0, 0, 0],
						"0.05": [-0.85, -0.23, -0.27],
						"0.1": [-4.53, -1.25, -1.42],
						"0.15": [-10.68, -3.18, -3.32],
						"0.2": [-18.83, -5.67, -5.85],
						"0.25": [-27.15, -7.52, -8.53],
						"0.3": [-35.55, -9.16, -12.21],
						"0.35": [-44.11, -10.16, -16.05],
						"0.4": [-51.25, -7.99, -16.99],
						"0.5": [-76.05, 23.54, 2.53]
					},
					"position": {
						"0.0": [0, 0, 0],
						"0.05": [-0.12, -0.58, 0.03],
						"0.1": [-0.38, -1.54, 0.09],
						"0.15": [-0.66, -2.49, 0.16],
						"0.2": [-1.02, -3.6, 0.24],
						"0.25": [-1.55, -4.62, 0.28],
						"0.3": [-2.33, -5.41, 0.24],
						"0.35": [-3.26, -6.11, 0.16],
						"0.4": [-4.15, -6.85, 0.1],
						"0.5": [-10.42, -15.38, 6.39]
					}
				},
				"lefthand": {
					"rotation": {
						"0.0": [0, 0, 0],
						"0.15": [0, 0, 0],
						"0.35": [0, 0, 0]
					},
					"position": {
						"0.0": [0, 0, 0],
						"0.15": [1.8, 2.1, 1.8],
						"0.35": [0.7, 7, -3.1]
					}
				},
				"camera": {
					"rotation": {
						"0.0": [0, 0, 0],
						"0.05": [-0.17, 0, -0.08],
						"0.1": [-0.22, 0, -0.12],
						"0.15": [-0.06, 0, -0.11],
						"0.2": [0.21, 0, -0.07],
						"0.25": [0.5, 0, 0.01],
						"0.3": [0.73, 0, 0.18],
						"0.35": [1.04, 0, 0.9],
						"0.4": [1.13, 0, 1.58],
						"0.45": [0.91, 0, 1.71],
						"0.5": [0.56, 0, 1.69],
						"0.55": [0, 0, 0]
					}
				},
				"constraint": {
					"rotation": {
						"0.0": [0.2, 0.2, 0.4],
						"0.15": [0.8, 0.8, 0.8],
						"0.45": [1, 1, 1]
					},
					"position": {
						"0.0": [0.1, 0.1, 0.1],
						"0.15": [0.8, 0.8, 0.8],
						"0.45": [1, 1, 1]
					}
				}
			},
			"sound_effects": {
				"0.0": {
					"effect": "p23_sn_alpha50_drop_rattle"
				}
			}
		}
	}
}