{
	"format_version": "1.8.0",
	"animations": {
		"static_idle": {
			"animation_length": 0.0417,
			"bones": {
				"constraint": {
					"rotation": [0.2, 0.2, 0.2],
					"position": [0.2, 0.2, 0.2]
				},
				"root": {
					"rotation": [0, 0, 0],
					"position": [0, 0, 0]
				},
				"lefthand": {
					"rotation": [0, 0, 0],
					"position": [0, 0, 0]
				},
				"righthand": {
					"rotation": [0, 0, 0],
					"position": [0, 0, 0]
				}
			}
		},
		"reload_tactical": {
			"animation_length": 1.8,
			"bones": {
				"root": {
					"rotation": {
						"0.0": [0, 0, 0],
						"0.15": {
							"pre": [-22.32282, -10.50279, -3.76734],
							"post": [-22.32282, -10.50279, -3.76734],
							"lerp_mode": "catmullrom"
						},
						"0.25": {
							"post": [-22.32, -10.5, -3.77],
							"lerp_mode": "catmullrom"
						},
						"0.35": {
							"post": [-16.25823, -8.52002, 1.96116],
							"lerp_mode": "catmullrom"
						},
						"0.7": {
							"post": [-17.11436, -8.8155, 0.99362],
							"lerp_mode": "catmullrom"
						},
						"0.85": {
							"post": [-19.17527, -25.57017, -14.10799],
							"lerp_mode": "catmullrom"
						},
						"1.05": {
							"post": [-20.29194, -28.32902, -18.70709],
							"lerp_mode": "catmullrom"
						},
						"1.1": {
							"post": [-19.23743, -28.13538, -18.60815],
							"lerp_mode": "catmullrom"
						},
						"1.25": {
							"post": [-19.18, -25.57, -14.11],
							"lerp_mode": "catmullrom"
						},
						"1.35": {
							"post": [-11.21, -15.62, -8.22],
							"lerp_mode": "catmullrom"
						},
						"1.5": {
							"post": [1, 0, 0],
							"lerp_mode": "catmullrom"
						},
						"1.65": {
							"post": [0, 0, 0],
							"lerp_mode": "catmullrom"
						},
						"1.8": [0, 0, 0]
					},
					"position": {
						"0.0": [0, 0, 0],
						"0.15": {
							"pre": [-0.3, 2.9, -3.4],
							"post": [-0.3, 2.9, -3.4],
							"lerp_mode": "catmullrom"
						},
						"0.25": {
							"post": [-0.3, 2.9, -3.4],
							"lerp_mode": "catmullrom"
						},
						"0.35": {
							"post": [-0.9, 1.7, -2.7],
							"lerp_mode": "catmullrom"
						},
						"0.7": {
							"post": [-1, 1.7, -2.7],
							"lerp_mode": "catmullrom"
						},
						"0.85": {
							"post": [1.3, 1.8, -2.7],
							"lerp_mode": "catmullrom"
						},
						"1.05": {
							"post": [1.69, 1.85, -2.64],
							"lerp_mode": "catmullrom"
						},
						"1.1": {
							"post": [1.1, 2.07, -2.71],
							"lerp_mode": "catmullrom"
						},
						"1.25": {
							"post": [1.3, 1.8, -2.7],
							"lerp_mode": "catmullrom"
						},
						"1.35": {
							"post": [0.84, 1.11, -2.18],
							"lerp_mode": "catmullrom"
						},
						"1.5": {
							"post": [0, 0, -1.1],
							"lerp_mode": "catmullrom"
						},
						"1.65": {
							"post": [0, 0, 0.6],
							"lerp_mode": "catmullrom"
						},
						"1.8": [0, 0, 0]
					}
				},
				"mag_and_lefthand": {
					"rotation": [0, 0, 0],
					"position": [0, 0, 0]
				},
				"magazine": {
					"rotation": {
						"0.2": [0, 0, 0],
						"0.3": [0, 0, 0],
						"0.8": [0, 0, 0],
						"0.95": [0, 0, 0],
						"1.05": [0, 0, 0],
						"1.1": [0, 0, 0],
						"1.2": [0, 0, 0]
					},
					"position": {
						"0.2": [0, 0, 0],
						"0.3": [0, -17, 0],
						"0.8": [0, -17, 0],
						"0.95": [0, -2, 0],
						"1.05": [0, -2, 0],
						"1.1": [0, 0, 0],
						"1.2": [0, 0, 0]
					}
				},
				"lefthand": {
					"rotation": {
						"0.0": [0, 0, 0],
						"0.15": [0, 0, 0],
						"0.2": [0, 0, 0],
						"0.3": [0, 0, 0],
						"0.8": [0, 0, 0],
						"0.95": [0, 0, 0],
						"1.05": [0, 0, 0],
						"1.1": [0, 0, 0],
						"1.2": [0, 0, 0],
						"1.35": [0, 0, 0]
					},
					"position": {
						"0.0": [0, 0, 0],
						"0.15": [0, -3.4, 6],
						"0.2": [0, -3.4, 6],
						"0.3": [0, -20.4, 6],
						"0.8": [0, -20.4, 6],
						"0.95": [0, -5.4, 6],
						"1.05": [0, -5.4, 6],
						"1.1": [0, -3.4, 6],
						"1.2": [0, -3.4, 4],
						"1.35": [0, 0, 0]
					}
				},
				"camera": {
					"rotation": {
						"0.0": [0, 0, 0],
						"0.1": {
							"pre": [1, 3, 0],
							"post": [1, 3, 0],
							"lerp_mode": "catmullrom"
						},
						"0.2": {
							"post": [1.10417, 2.96327, 2.00237],
							"lerp_mode": "catmullrom"
						},
						"0.35": {
							"post": [0.78432, 3.05875, -4.00748],
							"lerp_mode": "catmullrom"
						},
						"0.5": {
							"post": [0.88641, 3.03091, -2.00738],
							"lerp_mode": "catmullrom"
						},
						"0.8": {
							"post": [0.89219, 5.02976, -1.97882],
							"lerp_mode": "catmullrom"
						},
						"0.95": {
							"post": [-0.10671, 7.02976, -1.94871],
							"lerp_mode": "catmullrom"
						},
						"1.05": {
							"post": [-0.11, 7.03, -1.95],
							"lerp_mode": "catmullrom"
						},
						"1.15": {
							"post": [0.13665, 7.02953, 0.06515],
							"lerp_mode": "catmullrom"
						},
						"1.25": {
							"post": [-0.23329, 7.027, -2.95757],
							"lerp_mode": "catmullrom"
						},
						"1.45": {
							"post": [-0.22841, 2.03004, -2.93994],
							"lerp_mode": "catmullrom"
						},
						"1.55": {
							"post": [-2.16, 1.06, -2.07],
							"lerp_mode": "catmullrom"
						},
						"1.65": [1.79928, 0.46937, -0.98063],
						"1.75": [0, 0, 0]
					}
				}
			},
			"sound_effects": {
				"0.0": {
					"effect": "saori_400_reload_tactical"
				}
			}
		},
		"reload_empty": {
			"animation_length": 2.15,
			"bones": {
				"root": {
					"rotation": {
						"0.0": [0, 0, 0],
						"0.15": {
							"pre": [-22.32282, -10.50279, -3.76734],
							"post": [-22.32282, -10.50279, -3.76734],
							"lerp_mode": "catmullrom"
						},
						"0.25": {
							"post": [-22.32, -10.5, -3.77],
							"lerp_mode": "catmullrom"
						},
						"0.35": {
							"post": [-16.25823, -8.52002, 1.96116],
							"lerp_mode": "catmullrom"
						},
						"0.7": {
							"post": [-17.11436, -8.8155, 0.99362],
							"lerp_mode": "catmullrom"
						},
						"0.85": {
							"post": [-19.17527, -25.57017, -14.10799],
							"lerp_mode": "catmullrom"
						},
						"1.05": {
							"post": [-20.29194, -28.32902, -18.70709],
							"lerp_mode": "catmullrom"
						},
						"1.1": {
							"post": [-19.23743, -28.13538, -18.60815],
							"lerp_mode": "catmullrom"
						},
						"1.25": {
							"post": [-19.18, -25.57, -14.11],
							"lerp_mode": "catmullrom"
						},
						"1.45": {
							"post": [-14.64139, -12.47208, 5.84614],
							"lerp_mode": "catmullrom"
						},
						"1.5": {
							"post": [-12.53056, -14.58851, -3.14787],
							"lerp_mode": "catmullrom"
						},
						"1.65": {
							"post": [-14.64139, -12.47208, 5.84614],
							"lerp_mode": "catmullrom"
						},
						"1.85": {
							"post": [1, 0, 0],
							"lerp_mode": "catmullrom"
						},
						"2.0": {
							"post": [0, 0, 0],
							"lerp_mode": "catmullrom"
						},
						"2.15": [0, 0, 0]
					},
					"position": {
						"0.0": [0, 0, 0],
						"0.15": {
							"pre": [-0.3, 2.9, -3.4],
							"post": [-0.3, 2.9, -3.4],
							"lerp_mode": "catmullrom"
						},
						"0.25": {
							"post": [-0.3, 2.9, -3.4],
							"lerp_mode": "catmullrom"
						},
						"0.35": {
							"post": [-0.9, 1.7, -2.7],
							"lerp_mode": "catmullrom"
						},
						"0.7": {
							"post": [-1, 1.7, -2.7],
							"lerp_mode": "catmullrom"
						},
						"0.85": {
							"post": [1.3, 1.8, -2.7],
							"lerp_mode": "catmullrom"
						},
						"1.05": {
							"post": [1.69, 1.85, -2.64],
							"lerp_mode": "catmullrom"
						},
						"1.1": {
							"post": [1.1, 2.07, -2.71],
							"lerp_mode": "catmullrom"
						},
						"1.25": {
							"post": [1.3, 1.8, -2.7],
							"lerp_mode": "catmullrom"
						},
						"1.45": {
							"post": [-0.71043, 1.16711, -2.12607],
							"lerp_mode": "catmullrom"
						},
						"1.5": {
							"post": [-0.47059, 0.48938, -2.2366],
							"lerp_mode": "catmullrom"
						},
						"1.65": {
							"post": [-0.71043, 1.16711, -2.12607],
							"lerp_mode": "catmullrom"
						},
						"1.85": {
							"post": [0, 0, -1.1],
							"lerp_mode": "catmullrom"
						},
						"2.0": {
							"post": [0, 0, 0.6],
							"lerp_mode": "catmullrom"
						},
						"2.15": [0, 0, 0]
					}
				},
				"mag_and_lefthand": {
					"rotation": [0, 0, 0],
					"position": [0, 0, 0]
				},
				"magazine": {
					"rotation": {
						"0.2": [0, 0, 0],
						"0.3": [0, 0, 0],
						"0.8": [0, 0, 0],
						"0.95": [0, 0, 0],
						"1.05": [0, 0, 0],
						"1.1": [0, 0, 0],
						"1.2": [0, 0, 0]
					},
					"position": {
						"0.2": [0, 0, 0],
						"0.3": [0, -17, 0],
						"0.8": [0, -17, 0],
						"0.95": [0, -2, 0],
						"1.05": [0, -2, 0],
						"1.1": [0, 0, 0],
						"1.2": [0, 0, 0]
					}
				},
				"lefthand": {
					"rotation": {
						"0.0": [0, 0, 0],
						"0.15": [0, 0, 0],
						"0.2": [0, 0, 0],
						"0.3": [0, 0, 0],
						"0.8": [0, 0, 0],
						"0.95": [0, 0, 0],
						"1.05": [0, 0, 0],
						"1.1": [0, 0, 0],
						"1.2": [0, 0, 0],
						"1.35": [-34.76905, 4.29357, 6.15518],
						"1.4": [-34.77, 4.29, 6.16],
						"1.45": [-34.77, 4.29, 6.16],
						"1.55": [-34.77, 4.29, 6.16],
						"1.65": [-34.77, 4.29, 6.16],
						"1.8": [0, 0, 0],
						"1.9": [0, 0, 0]
					},
					"position": {
						"0.0": [0, 0, 0],
						"0.15": [0, -3.4, 6],
						"0.2": [0, -3.4, 6],
						"0.3": [0, -20.4, 6],
						"0.8": [0, -20.4, 6],
						"0.95": [0, -5.4, 6],
						"1.05": [0, -5.4, 6],
						"1.1": [0, -3.4, 6],
						"1.2": [0, -3.4, 6.4],
						"1.35": [3.7961, -3.90839, 3.9687],
						"1.4": [3.8, -3.91, 3.97],
						"1.45": [1.22225, -3.63179, 4.16449],
						"1.55": [3.8, -3.91, 3.97],
						"1.65": [3.8, -3.91, 3.97],
						"1.8": [0, -5.4, -0.6],
						"1.9": [0, 0, 0]
					}
				},
				"camera": {
					"rotation": {
						"0.0": [0, 0, 0],
						"0.1": {
							"pre": [1, 3, 0],
							"post": [1, 3, 0],
							"lerp_mode": "catmullrom"
						},
						"0.2": {
							"post": [1.10417, 2.96327, 2.00237],
							"lerp_mode": "catmullrom"
						},
						"0.35": {
							"post": [0.78432, 3.05875, -4.00748],
							"lerp_mode": "catmullrom"
						},
						"0.5": {
							"post": [0.88641, 3.03091, -2.00738],
							"lerp_mode": "catmullrom"
						},
						"0.8": {
							"post": [0.89219, 5.02976, -1.97882],
							"lerp_mode": "catmullrom"
						},
						"0.95": {
							"post": [-0.10671, 7.02976, -1.94871],
							"lerp_mode": "catmullrom"
						},
						"1.05": {
							"post": [-0.11, 7.03, -1.95],
							"lerp_mode": "catmullrom"
						},
						"1.15": {
							"post": [0.13665, 7.02953, 0.06515],
							"lerp_mode": "catmullrom"
						},
						"1.25": {
							"post": [-0.23329, 7.027, -2.95757],
							"lerp_mode": "catmullrom"
						},
						"1.4": {
							"post": [2.78548, 9.03453, -3.1982],
							"lerp_mode": "catmullrom"
						},
						"1.5": {
							"post": [1.79229, 8.15522, -8.23248],
							"lerp_mode": "catmullrom"
						},
						"1.6": {
							"post": [2.20195, 6.39327, 0.70428],
							"lerp_mode": "catmullrom"
						},
						"1.7": {
							"post": [1.00413, 4.78227, -4.47391],
							"lerp_mode": "catmullrom"
						},
						"1.85": {
							"post": [-0.22841, 2.03004, -2.93994],
							"lerp_mode": "catmullrom"
						},
						"1.95": {
							"post": [-2.16, 1.06, -2.07],
							"lerp_mode": "catmullrom"
						},
						"2.05": [1.79928, 0.46937, -0.98063],
						"2.15": [0, 0, 0]
					}
				}
			},
			"sound_effects": {
				"0.0": {
					"effect": "saori_400_reload_empty"
				}
			}
		},
		"shoot": {
			"animation_length": 0.6333,
			"bones": {
				"root": {
					"rotation": {
						"0.0": [0, 0, 0],
						"0.0333": [1.23, 0, 0.73],
						"0.0667": [-1.87, 0, -1.17],
						"0.1": [-1.99, 0, -1.23],
						"0.1333": [-0.91, 0, -0.35],
						"0.1667": [0.18, 0, 0.53],
						"0.2": [0.27, 0, 0.27],
						"0.2333": [0.36, 0, 0.01],
						"0.2667": [0.45, 0, -0.25],
						"0.3": [0.38, -0.07, -0.08],
						"0.3333": [0.3, -0.13, 0.08],
						"0.3667": [0.23, -0.2, 0.25],
						"0.4": [0.18, -0.17, 0.17],
						"0.4333": [0.14, -0.14, 0.09],
						"0.4667": [0.1, -0.11, 0.01],
						"0.5": [0.06, -0.07, -0.07],
						"0.5333": [0.04, -0.06, -0.06],
						"0.5667": [0.03, -0.04, -0.04],
						"0.6": [0.01, -0.02, -0.02],
						"0.6333": [0, 0, 0]
					},
					"position": {
						"0.0": [0, 0, 0],
						"0.0333": [0, -0.02, 1.73],
						"0.0667": [0, -0.05, 1.38],
						"0.1": [0, -0.05, 0.67],
						"0.1333": [0, -0.05, -0.04],
						"0.1667": [0, -0.04, -0.01],
						"0.2": [0, -0.04, 0.03],
						"0.2333": [0, -0.03, 0.06],
						"0.2667": [0, -0.02, 0.1],
						"0.3": [0, -0.02, 0.07],
						"0.3333": [0, -0.01, 0.03],
						"0.3667": [0, 0, 0]
					}
				},
				"constraint": {
					"rotation": {
						"0.0": [0.35, 0.45, 1],
						"0.1667": [0.2, 0.2, 0.2],
						"0.2333": [0.1, 0.1, 0.1],
						"0.3333": [0, 0, 0]
					},
					"position": {
						"0.0": [0.2, 0.1, 0.5],
						"0.1667": [0.15, 0.05, 0.25],
						"0.2333": [0.1, 0, 0.1],
						"0.3333": [0, 0, 0]
					}
				},
				"bolt": {
					"position": {
						"0.0": [0, 0, 0],
						"0.0333": [0, 0, 3.4],
						"0.0667": [0, 0, 0]
					}
				},
				"camera": {
					"rotation": {
						"0.0": [0, 0, 0],
						"0.0333": [0, 0, 0.6],
						"0.0667": [0, 0, -0.4],
						"0.1": [0, 0, -0.07],
						"0.1333": [0, 0, 0.33],
						"0.1667": [0, 0, 0.08],
						"0.2": [0, 0, -0.22],
						"0.2333": [0, 0, -0.15],
						"0.2667": [0, 0, 0],
						"0.3": [0, 0, 0.02],
						"0.3333": [0, 0, 0.01],
						"0.3667": [0, 0, 0]
					}
				}
			},
			"sound_effects": {
				"0.0": {
					"effect": "spr15hb_shoot"
				}
			}
		},
		"inspect": {
			"animation_length": 10.9,
			"bones": {
				"root": {
					"rotation": {
						"0.0": [0, 0, 0],
						"0.3": {
							"pre": [-18.12081, -31.12177, -23.17441],
							"post": [-18.12081, -31.12177, -23.17441],
							"lerp_mode": "catmullrom"
						},
						"0.65": {
							"post": [-18.12072, -31.11682, -23.17035],
							"lerp_mode": "catmullrom"
						},
						"1.2": {
							"post": [-18.12081, -31.12177, -23.17441],
							"lerp_mode": "catmullrom"
						},
						"1.55": {
							"post": [-30.82654, -58.69558, -5.75896],
							"lerp_mode": "catmullrom"
						},
						"1.9": {
							"post": [-30.83, -58.7, -5.76],
							"lerp_mode": "catmullrom"
						},
						"2.55": {
							"post": [-30.83, -58.7, -5.76],
							"lerp_mode": "catmullrom"
						},
						"3.1": {
							"post": [-21.40437, -63.40445, -2.2499],
							"lerp_mode": "catmullrom"
						},
						"4.45": {
							"post": [-21.40437, -63.40445, -2.2499],
							"lerp_mode": "catmullrom"
						},
						"4.8": {
							"post": [-22.32, -10.5, -3.77],
							"lerp_mode": "catmullrom"
						},
						"5.0": {
							"post": [-22.32, -10.5, -3.77],
							"lerp_mode": "catmullrom"
						},
						"5.15": {
							"post": [-19.65813, -9.83268, -1.85452],
							"lerp_mode": "catmullrom"
						},
						"5.45": {
							"post": [-22.32, -10.5, -3.77],
							"lerp_mode": "catmullrom"
						},
						"5.9": {
							"post": [-23.29427, -10.95079, -4.90121],
							"lerp_mode": "catmullrom"
						},
						"6.35": {
							"post": [-21.34709, -10.57741, -3.92137],
							"lerp_mode": "catmullrom"
						},
						"6.85": {
							"post": [-21.28265, -10.96442, -4.92797],
							"lerp_mode": "catmullrom"
						},
						"7.35": {
							"post": [-22.56825, -11.24909, -5.647],
							"lerp_mode": "catmullrom"
						},
						"7.65": {
							"post": [-26.47339, -7.92713, 1.56037],
							"lerp_mode": "catmullrom"
						},
						"7.75": {
							"post": [-23.14208, -10.84617, -4.72568],
							"lerp_mode": "catmullrom"
						},
						"8.05": {
							"post": [-26.47339, -7.92713, 1.56037],
							"lerp_mode": "catmullrom"
						},
						"8.35": {
							"post": [-32.72967, 15.48439, 53.52194],
							"lerp_mode": "catmullrom"
						},
						"8.5": {
							"post": [-33.68, 18.23, 58.99],
							"lerp_mode": "catmullrom"
						},
						"8.6": {
							"post": [-35.67926, 18.72278, 58.7996],
							"lerp_mode": "catmullrom"
						},
						"8.85": {
							"post": [-34.11831, 19.36, 60.73317],
							"lerp_mode": "catmullrom"
						},
						"9.15": {
							"post": [-37.48, 18.93, 59.76],
							"lerp_mode": "catmullrom"
						},
						"9.25": {
							"post": [-33.35651, 18.20764, 58.5081],
							"lerp_mode": "catmullrom"
						},
						"9.35": {
							"post": [-33.9495, 18.13761, 57.94484],
							"lerp_mode": "catmullrom"
						},
						"9.55": {
							"post": [-26.44556, 13.88931, 48.57831],
							"lerp_mode": "catmullrom"
						},
						"9.65": {
							"post": [-26.45, 13.89, 48.58],
							"lerp_mode": "catmullrom"
						},
						"9.8": {
							"post": [-32.12326, 12.22616, 46.61426],
							"lerp_mode": "catmullrom"
						},
						"9.85": {
							"post": [-25.028, 14.74495, 51.68986],
							"lerp_mode": "catmullrom"
						},
						"10.05": {
							"post": [-32.12326, 12.22616, 46.61426],
							"lerp_mode": "catmullrom"
						},
						"10.2": {
							"post": [-26.45, 13.89, 48.58],
							"lerp_mode": "catmullrom"
						},
						"10.5": {
							"post": [1, 0, 0],
							"lerp_mode": "catmullrom"
						},
						"10.7": {
							"post": [0, 0, 0],
							"lerp_mode": "catmullrom"
						},
						"10.9": [0, 0, 0]
					},
					"position": {
						"0.0": [0, 0, 0],
						"0.3": {
							"pre": [1.6, 2.3, -6.2],
							"post": [1.6, 2.3, -6.2],
							"lerp_mode": "catmullrom"
						},
						"0.65": {
							"post": [1.6, 1.9, -5.8],
							"lerp_mode": "catmullrom"
						},
						"1.2": {
							"post": [1.6, 1.9, -5.8],
							"lerp_mode": "catmullrom"
						},
						"1.55": {
							"post": [1.6, 1.9, -5.8],
							"lerp_mode": "catmullrom"
						},
						"1.9": {
							"post": [1.6, 1.9, -5.8],
							"lerp_mode": "catmullrom"
						},
						"2.55": {
							"post": [1.6, 1.9, -5.8],
							"lerp_mode": "catmullrom"
						},
						"3.1": {
							"post": [3.6, -0.1, -6.7],
							"lerp_mode": "catmullrom"
						},
						"4.45": {
							"post": [3.6, -0.1, -6.7],
							"lerp_mode": "catmullrom"
						},
						"4.8": {
							"post": [-0.3, 1.9, -3.4],
							"lerp_mode": "catmullrom"
						},
						"5.0": {
							"post": [-0.3, 2.5, -2.9],
							"lerp_mode": "catmullrom"
						},
						"5.15": {
							"post": [-0.3, 2.3, -3.4],
							"lerp_mode": "catmullrom"
						},
						"5.45": {
							"post": [-0.3, 2.5, -2.9],
							"lerp_mode": "catmullrom"
						},
						"5.9": {
							"post": [-0.3, 2.57, -2.94],
							"lerp_mode": "catmullrom"
						},
						"6.35": {
							"post": [-0.3, 2.64, -3.03],
							"lerp_mode": "catmullrom"
						},
						"6.85": {
							"post": [-0.4, 2.72, -3.16],
							"lerp_mode": "catmullrom"
						},
						"7.35": {
							"post": [-0.36, 2.82, -3.31],
							"lerp_mode": "catmullrom"
						},
						"7.65": {
							"post": [-0.72, 2.67, -3.39],
							"lerp_mode": "catmullrom"
						},
						"7.75": {
							"post": [-0.5, 2.8, -3],
							"lerp_mode": "catmullrom"
						},
						"8.05": {
							"post": [-0.72, 2.67, -3.39],
							"lerp_mode": "catmullrom"
						},
						"8.35": {
							"post": [-5.7, 5, -6.5],
							"lerp_mode": "catmullrom"
						},
						"8.5": {
							"post": [-6.04, 5.23, -6.85],
							"lerp_mode": "catmullrom"
						},
						"8.6": {
							"post": [-5.7, 5, -6.5],
							"lerp_mode": "catmullrom"
						},
						"8.85": {
							"post": [-6.04, 5.23, -6.85],
							"lerp_mode": "catmullrom"
						},
						"9.15": {
							"post": [-5.77, 5.21, -6.54],
							"lerp_mode": "catmullrom"
						},
						"9.25": {
							"post": [-5.66, 5.2, -6.41],
							"lerp_mode": "catmullrom"
						},
						"9.35": {
							"post": [-5.7, 5, -6.5],
							"lerp_mode": "catmullrom"
						},
						"9.55": {
							"post": [-6.7, 3.4, -8],
							"lerp_mode": "catmullrom"
						},
						"9.65": {
							"post": [-6.7, 3.4, -8],
							"lerp_mode": "catmullrom"
						},
						"9.8": {
							"post": [-6.91, 3.54, -8.28],
							"lerp_mode": "catmullrom"
						},
						"9.85": {
							"post": [-6.96, 3.57, -8.34],
							"lerp_mode": "catmullrom"
						},
						"10.05": {
							"post": [-6.91, 3.54, -8.28],
							"lerp_mode": "catmullrom"
						},
						"10.2": {
							"post": [-6.7, 3.4, -8],
							"lerp_mode": "catmullrom"
						},
						"10.5": {
							"post": [0, 0, -1.1],
							"lerp_mode": "catmullrom"
						},
						"10.7": {
							"post": [0, 0, 0.6],
							"lerp_mode": "catmullrom"
						},
						"10.9": [0, 0, 0]
					}
				},
				"mag_and_lefthand": {
					"rotation": {
						"5.1": {
							"pre": [0, 0, 0],
							"post": [0, 0, 0],
							"lerp_mode": "catmullrom"
						},
						"5.2": {
							"post": [0, 0, 8],
							"lerp_mode": "catmullrom"
						},
						"5.3": {
							"post": [-6, 0, 21],
							"lerp_mode": "catmullrom"
						},
						"5.45": {
							"post": [-18, 0, 21],
							"lerp_mode": "catmullrom"
						},
						"5.85": {
							"post": [-18, 0, 21],
							"lerp_mode": "catmullrom"
						},
						"6.25": {
							"post": [-24.83597, 2.46487, 28.61316],
							"lerp_mode": "catmullrom"
						},
						"6.65": {
							"post": [-24.84, 2.46, 28.61],
							"lerp_mode": "catmullrom"
						},
						"6.95": {
							"post": [-24.84, 2.46, 28.61],
							"lerp_mode": "catmullrom"
						},
						"7.2": {
							"post": [-18, 0, 21],
							"lerp_mode": "catmullrom"
						},
						"7.35": {
							"post": [-6, 0, 21],
							"lerp_mode": "catmullrom"
						},
						"7.5": {
							"post": [0, 0, 8],
							"lerp_mode": "catmullrom"
						},
						"7.6": {
							"post": [0, 0, 0],
							"lerp_mode": "catmullrom"
						},
						"7.65": {
							"post": [0, 0, 0],
							"lerp_mode": "catmullrom"
						}
					},
					"position": {
						"5.1": {
							"pre": [0, 0, 0],
							"post": [0, 0, 0],
							"lerp_mode": "catmullrom"
						},
						"5.2": {
							"post": [0, -1, 0],
							"lerp_mode": "catmullrom"
						},
						"5.3": {
							"post": [1.2, -1.5, 0],
							"lerp_mode": "catmullrom"
						},
						"5.45": {
							"post": [1.2, -1.5, 0],
							"lerp_mode": "catmullrom"
						},
						"5.85": {
							"post": [1.2, -1.5, 0],
							"lerp_mode": "catmullrom"
						},
						"6.25": {
							"post": [1.2, -1.5, 0],
							"lerp_mode": "catmullrom"
						},
						"6.65": {
							"post": [1.2, -1.5, 0],
							"lerp_mode": "catmullrom"
						},
						"6.95": {
							"post": [1.2, -1.5, 0],
							"lerp_mode": "catmullrom"
						},
						"7.2": {
							"post": [1.2, -1.5, 0],
							"lerp_mode": "catmullrom"
						},
						"7.35": {
							"post": [1.2, -1.5, 0],
							"lerp_mode": "catmullrom"
						},
						"7.5": {
							"post": [0, -1, 0],
							"lerp_mode": "catmullrom"
						},
						"7.6": {
							"post": [0, 0, 0],
							"lerp_mode": "catmullrom"
						},
						"7.65": {
							"post": [0, 0, 0],
							"lerp_mode": "catmullrom"
						}
					}
				},
				"magazine": {
					"rotation": {
						"4.95": [0, 0, 0],
						"5.1": [0, 0, 0],
						"7.6": [0, 0, 0],
						"7.65": [0, 0, 0],
						"7.75": [0, 0, 0],
						"7.9": [0, 0, 0]
					},
					"position": {
						"4.95": [0, 0, 0],
						"5.0": [0, 0, 0],
						"5.05": [0, -5, 0],
						"5.1": [0, -5, 0],
						"7.6": [0, -5, 0],
						"7.65": [0, -5, 0],
						"7.75": [0, 0, 0],
						"7.9": [0, 0, 0]
					}
				},
				"lefthand": {
					"rotation": {
						"0.05": [0, 0, 0],
						"0.35": [0, 0, 0],
						"1.2": [0, 0, 0],
						"1.55": [-14.73837, 10.67835, -18.2947],
						"4.35": [-14.73837, 10.67835, -18.2947],
						"4.7": [0, 0, 0],
						"4.95": [0, 0, 0],
						"5.1": [0, 0, 0],
						"7.6": [0, 0, 0],
						"7.65": [0, 0, 0],
						"7.75": [0, 0, 0],
						"7.9": [0, 0, 0],
						"8.05": [0, 0, 0],
						"8.2": [-3.97816, 0.41778, 5.98549],
						"8.35": [-8, 0, 0],
						"8.45": [-8, 0, 0],
						"9.1": [-8, 0, 0],
						"9.25": [-13, 0, 0],
						"9.45": [0, 15, 0],
						"10.3": [0, 15, 0],
						"10.6": [0, 0, 0]
					},
					"position": {
						"0.05": [0, 0, 0],
						"0.35": [7, -12, 12],
						"1.2": [7, -12, 12],
						"1.55": [2.1, 2.1, -0.5],
						"4.35": [2.1, 2.1, -0.5],
						"4.7": [0, -3.4, 6],
						"4.95": [0, -3.4, 6],
						"5.0": [0, -3.4, 6],
						"5.05": [0, -8.4, 6],
						"5.1": [0, -8.4, 6],
						"7.6": [0, -8.4, 6],
						"7.65": [0, -8.4, 6],
						"7.75": [0, -3.4, 6],
						"7.9": [0, -3.4, 6],
						"8.05": [0, -3.4, 6],
						"8.2": [3.7, -1.6, 10.9],
						"8.35": [1.4, 2.8, 13.4],
						"8.45": [1.4, 2.8, 13.4],
						"8.55": [1.4, 2.8, 14.8],
						"8.8": [1.4, 2.8, 14.4],
						"9.1": [1.4, 2.8, 14.4],
						"9.25": [1.4, 2.8, 16.4],
						"9.45": [3, 0.1, 0],
						"10.3": [3, 0.1, 0],
						"10.6": [0, 0, 0]
					}
				},
				"action": {
					"position": {
						"8.45": [0, 0, 0],
						"8.55": [0, 0, 1.5],
						"8.8": [0, 0, 1.1],
						"9.1": [0, 0, 1.1],
						"9.15": [0, 0, 1.3],
						"9.2": [0, 0, 0]
					}
				},
				"bolt": {
					"position": {
						"8.45": [0, 0, 0],
						"8.55": [0, 0, 1.5],
						"8.8": [0, 0, 1.1],
						"9.1": [0, 0, 1.1],
						"9.15": [0, 0, 1.3],
						"9.2": [0, 0, 0]
					}
				},
				"righthand": {
					"rotation": {
						"1.25": [0, 0, 0],
						"1.45": [0, 0, 0],
						"7.9": [0, 0, 0],
						"8.05": [0, 0, 0],
						"9.5": [0, 0, 0],
						"9.6": {
							"pre": [-1.24315, -0.13065, -5.99858],
							"post": [-1.24315, -0.13065, -5.99858],
							"lerp_mode": "catmullrom"
						},
						"9.7": {
							"post": [-2.44081, 0.54094, 12.48848],
							"lerp_mode": "catmullrom"
						},
						"9.8": {
							"post": [-2.44, 0.54, 12.49],
							"lerp_mode": "catmullrom"
						},
						"9.85": {
							"post": [-18.97508, 35.04163, 1.47121],
							"lerp_mode": "catmullrom"
						},
						"10.0": {
							"post": [-17.53911, 27.91609, 4.2237],
							"lerp_mode": "catmullrom"
						},
						"10.3": [0, 0, 0]
					},
					"position": {
						"1.25": [0, 0, 0],
						"1.45": [-1.9, 0, 0],
						"7.9": [-1.9, 0, 0],
						"8.05": [0, 0, 0],
						"9.5": [0, 0, 0],
						"9.6": {
							"pre": [-4.1, -0.15, 3.1],
							"post": [-4.1, -0.15, 3.1],
							"lerp_mode": "catmullrom"
						},
						"9.7": {
							"post": [-5, 5.5, 5.7],
							"lerp_mode": "catmullrom"
						},
						"9.8": {
							"post": [-5, 5.5, 5.7],
							"lerp_mode": "catmullrom"
						},
						"9.85": {
							"post": [2.7, 0.4, 6.7],
							"lerp_mode": "catmullrom"
						},
						"10.0": {
							"post": [-0.9, 0.4, 9.3],
							"lerp_mode": "catmullrom"
						},
						"10.3": [0, 0, 0]
					}
				},
				"camera": {
					"rotation": {
						"0.0": {
							"post": [0, 0, 0],
							"lerp_mode": "catmullrom"
						},
						"0.35": {
							"post": [3.17285, 4.8923, 2.00456],
							"lerp_mode": "catmullrom"
						},
						"0.5": {
							"post": [2.91217, 5.05157, -1.00252],
							"lerp_mode": "catmullrom"
						},
						"0.7": {
							"post": [3, 5, 0],
							"lerp_mode": "catmullrom"
						},
						"1.05": {
							"post": [3.01102, 6.99725, 0.10544],
							"lerp_mode": "catmullrom"
						},
						"1.6": {
							"post": [-0.99159, 2.9994, 0.07428],
							"lerp_mode": "catmullrom"
						},
						"2.2": {
							"post": [-0.99, 3, 0.07],
							"lerp_mode": "catmullrom"
						},
						"3.5": {
							"post": [4.93462, 3.01094, -0.52176],
							"lerp_mode": "catmullrom"
						},
						"4.35": {
							"post": [4.94174, -4.96043, -1.20787],
							"lerp_mode": "catmullrom"
						},
						"5.0": {
							"post": [6.92326, -2.97462, -0.96806],
							"lerp_mode": "catmullrom"
						},
						"5.3": {
							"post": [8.75611, -3.32727, 2.01316],
							"lerp_mode": "catmullrom"
						},
						"5.6": {
							"post": [12.87899, -3.03707, 0.05098],
							"lerp_mode": "catmullrom"
						},
						"5.85": {
							"post": [13.87007, -2.06514, 0.27304],
							"lerp_mode": "catmullrom"
						},
						"6.2": {
							"post": [15.81292, -1.23813, 4.66522],
							"lerp_mode": "catmullrom"
						},
						"6.7": {
							"post": [15.82854, -0.96739, 3.7077],
							"lerp_mode": "catmullrom"
						},
						"7.25": {
							"post": [13.83, -0.97, 3.71],
							"lerp_mode": "catmullrom"
						},
						"7.65": {
							"post": [10.83479, -1.95218, 3.522],
							"lerp_mode": "catmullrom"
						},
						"7.75": {
							"post": [10.76139, -2.32692, 5.48796],
							"lerp_mode": "catmullrom"
						},
						"7.9": {
							"post": [10.89528, -1.57515, 1.55693],
							"lerp_mode": "catmullrom"
						},
						"8.45": {
							"post": [13.91446, 3.32979, 2.50592],
							"lerp_mode": "catmullrom"
						},
						"8.65": {
							"post": [8.15904, 2.90285, 4.97251],
							"lerp_mode": "catmullrom"
						},
						"8.9": {
							"post": [5.84232, 1.49478, 1.31632],
							"lerp_mode": "catmullrom"
						},
						"9.15": {
							"post": [5.90911, 3.30826, 2.50811],
							"lerp_mode": "catmullrom"
						},
						"9.35": {
							"post": [4.79178, 3.47914, 0.51366],
							"lerp_mode": "catmullrom"
						},
						"9.8": {
							"post": [1.91, 3.31, 2.51],
							"lerp_mode": "catmullrom"
						},
						"9.9": {
							"post": [4.73047, 3.56215, -0.48477],
							"lerp_mode": "catmullrom"
						},
						"10.0": {
							"post": [2.12833, 2.9599, 6.50063],
							"lerp_mode": "catmullrom"
						},
						"10.15": {
							"post": [1.97046, 3.06721, 3.4984],
							"lerp_mode": "catmullrom"
						},
						"10.5": {
							"post": [0, 0, 0],
							"lerp_mode": "catmullrom"
						},
						"10.65": {
							"post": [3, 0, 0],
							"lerp_mode": "catmullrom"
						},
						"10.9": {
							"post": [0, 0, 0],
							"lerp_mode": "catmullrom"
						}
					}
				}
			},
			"sound_effects": {
				"0.0": {
					"effect": "saori_400_inspect"
				}
			}
		},
		"inspect_empty": {
			"animation_length": 10.35,
			"bones": {
				"root": {
					"rotation": {
						"0.0": [0, 0, 0],
						"0.3": {
							"pre": [-18.12081, -31.12177, -23.17441],
							"post": [-18.12081, -31.12177, -23.17441],
							"lerp_mode": "catmullrom"
						},
						"0.65": {
							"post": [-18.12072, -31.11682, -23.17035],
							"lerp_mode": "catmullrom"
						},
						"1.2": {
							"post": [-18.12081, -31.12177, -23.17441],
							"lerp_mode": "catmullrom"
						},
						"1.55": {
							"post": [-30.82654, -58.69558, -5.75896],
							"lerp_mode": "catmullrom"
						},
						"1.9": {
							"post": [-30.83, -58.7, -5.76],
							"lerp_mode": "catmullrom"
						},
						"2.55": {
							"post": [-30.83, -58.7, -5.76],
							"lerp_mode": "catmullrom"
						},
						"3.1": {
							"post": [-21.40437, -63.40445, -2.2499],
							"lerp_mode": "catmullrom"
						},
						"4.45": {
							"post": [-21.40437, -63.40445, -2.2499],
							"lerp_mode": "catmullrom"
						},
						"4.9": {
							"post": [-22.32, -10.5, -3.77],
							"lerp_mode": "catmullrom"
						},
						"5.1": {
							"post": [-22.32, -10.5, -3.77],
							"lerp_mode": "catmullrom"
						},
						"5.25": {
							"post": [-19.65813, -9.83268, -1.85452],
							"lerp_mode": "catmullrom"
						},
						"5.55": {
							"post": [-22.32, -10.5, -3.77],
							"lerp_mode": "catmullrom"
						},
						"6.0": {
							"post": [-23.29427, -10.95079, -4.90121],
							"lerp_mode": "catmullrom"
						},
						"6.45": {
							"post": [-21.34709, -10.57741, -3.92137],
							"lerp_mode": "catmullrom"
						},
						"6.95": {
							"post": [-21.28265, -10.96442, -4.92797],
							"lerp_mode": "catmullrom"
						},
						"7.45": {
							"post": [-22.56825, -11.24909, -5.647],
							"lerp_mode": "catmullrom"
						},
						"7.75": {
							"post": [-26.47339, -7.92713, 1.56037],
							"lerp_mode": "catmullrom"
						},
						"7.85": {
							"post": [-23.14208, -10.84617, -4.72568],
							"lerp_mode": "catmullrom"
						},
						"8.15": {
							"post": [-26.47339, -7.92713, 1.56037],
							"lerp_mode": "catmullrom"
						},
						"8.45": {
							"post": [-32.72967, 15.48439, 53.52194],
							"lerp_mode": "catmullrom"
						},
						"8.55": {
							"post": [-33.68, 18.23, 58.99],
							"lerp_mode": "catmullrom"
						},
						"8.65": {
							"post": [-35.67926, 18.72278, 58.7996],
							"lerp_mode": "catmullrom"
						},
						"8.8": {
							"post": [-33.68, 18.23, 58.99],
							"lerp_mode": "catmullrom"
						},
						"8.95": {
							"post": [-35.67926, 18.72278, 58.7996],
							"lerp_mode": "catmullrom"
						},
						"9.15": {
							"post": [-33.68, 18.23, 58.99],
							"lerp_mode": "catmullrom"
						},
						"9.4": {
							"post": [-34.11831, 19.36, 60.73317],
							"lerp_mode": "catmullrom"
						},
						"9.85": {
							"post": [1, 0, 0],
							"lerp_mode": "catmullrom"
						},
						"10.1": {
							"post": [0, 0, 0],
							"lerp_mode": "catmullrom"
						},
						"10.35": [0, 0, 0]
					},
					"position": {
						"0.0": [0, 0, 0],
						"0.3": {
							"pre": [1.6, 2.3, -6.2],
							"post": [1.6, 2.3, -6.2],
							"lerp_mode": "catmullrom"
						},
						"0.65": {
							"post": [1.6, 1.9, -5.8],
							"lerp_mode": "catmullrom"
						},
						"1.2": {
							"post": [1.6, 1.9, -5.8],
							"lerp_mode": "catmullrom"
						},
						"1.55": {
							"post": [1.6, 1.9, -5.8],
							"lerp_mode": "catmullrom"
						},
						"1.9": {
							"post": [1.6, 1.9, -5.8],
							"lerp_mode": "catmullrom"
						},
						"2.55": {
							"post": [1.6, 1.9, -5.8],
							"lerp_mode": "catmullrom"
						},
						"3.1": {
							"post": [3.6, -0.1, -6.7],
							"lerp_mode": "catmullrom"
						},
						"4.45": {
							"post": [3.6, -0.1, -6.7],
							"lerp_mode": "catmullrom"
						},
						"4.9": {
							"post": [-0.3, 1.9, -3.4],
							"lerp_mode": "catmullrom"
						},
						"5.1": {
							"post": [-0.3, 2.5, -2.9],
							"lerp_mode": "catmullrom"
						},
						"5.25": {
							"post": [-0.3, 2.3, -3.4],
							"lerp_mode": "catmullrom"
						},
						"5.55": {
							"post": [-0.3, 2.5, -2.9],
							"lerp_mode": "catmullrom"
						},
						"6.0": {
							"post": [-0.3, 2.57, -2.94],
							"lerp_mode": "catmullrom"
						},
						"6.45": {
							"post": [-0.3, 2.64, -3.03],
							"lerp_mode": "catmullrom"
						},
						"6.95": {
							"post": [-0.4, 2.72, -3.16],
							"lerp_mode": "catmullrom"
						},
						"7.45": {
							"post": [-0.36, 2.82, -3.31],
							"lerp_mode": "catmullrom"
						},
						"7.75": {
							"post": [-0.72, 2.67, -3.39],
							"lerp_mode": "catmullrom"
						},
						"7.85": {
							"post": [-0.5, 2.8, -3],
							"lerp_mode": "catmullrom"
						},
						"8.15": {
							"post": [-0.72, 2.67, -3.39],
							"lerp_mode": "catmullrom"
						},
						"8.45": {
							"post": [-5.7, 5, -6.5],
							"lerp_mode": "catmullrom"
						},
						"8.55": {
							"post": [-6.04, 5.23, -6.85],
							"lerp_mode": "catmullrom"
						},
						"8.65": {
							"post": [-5.7, 5, -6.5],
							"lerp_mode": "catmullrom"
						},
						"8.8": {
							"post": [-6.04, 5.23, -6.85],
							"lerp_mode": "catmullrom"
						},
						"8.95": {
							"post": [-5.7, 5, -6.5],
							"lerp_mode": "catmullrom"
						},
						"9.15": {
							"post": [-6.04, 5.23, -6.85],
							"lerp_mode": "catmullrom"
						},
						"9.4": {
							"post": [-6.04, 5.23, -6.85],
							"lerp_mode": "catmullrom"
						},
						"9.85": {
							"post": [0, 0, -1.1],
							"lerp_mode": "catmullrom"
						},
						"10.1": {
							"post": [0, 0, 0.6],
							"lerp_mode": "catmullrom"
						},
						"10.35": [0, 0, 0]
					}
				},
				"mag_and_lefthand": {
					"rotation": {
						"5.2": {
							"pre": [0, 0, 0],
							"post": [0, 0, 0],
							"lerp_mode": "catmullrom"
						},
						"5.3": {
							"post": [0, 0, 8],
							"lerp_mode": "catmullrom"
						},
						"5.4": {
							"post": [-6, 0, 21],
							"lerp_mode": "catmullrom"
						},
						"5.55": {
							"post": [-18, 0, 21],
							"lerp_mode": "catmullrom"
						},
						"5.95": {
							"post": [-18, 0, 21],
							"lerp_mode": "catmullrom"
						},
						"6.35": {
							"post": [-24.83597, 2.46487, 28.61316],
							"lerp_mode": "catmullrom"
						},
						"6.75": {
							"post": [-24.84, 2.46, 28.61],
							"lerp_mode": "catmullrom"
						},
						"7.05": {
							"post": [-24.84, 2.46, 28.61],
							"lerp_mode": "catmullrom"
						},
						"7.3": {
							"post": [-18, 0, 21],
							"lerp_mode": "catmullrom"
						},
						"7.45": {
							"post": [-6, 0, 21],
							"lerp_mode": "catmullrom"
						},
						"7.6": {
							"post": [0, 0, 8],
							"lerp_mode": "catmullrom"
						},
						"7.7": {
							"post": [0, 0, 0],
							"lerp_mode": "catmullrom"
						},
						"7.75": {
							"post": [0, 0, 0],
							"lerp_mode": "catmullrom"
						}
					},
					"position": {
						"5.2": {
							"pre": [0, 0, 0],
							"post": [0, 0, 0],
							"lerp_mode": "catmullrom"
						},
						"5.3": {
							"post": [0, -1, 0],
							"lerp_mode": "catmullrom"
						},
						"5.4": {
							"post": [1.2, -1.5, 0],
							"lerp_mode": "catmullrom"
						},
						"5.55": {
							"post": [1.2, -1.5, 0],
							"lerp_mode": "catmullrom"
						},
						"5.95": {
							"post": [1.2, -1.5, 0],
							"lerp_mode": "catmullrom"
						},
						"6.35": {
							"post": [1.2, -1.5, 0],
							"lerp_mode": "catmullrom"
						},
						"6.75": {
							"post": [1.2, -1.5, 0],
							"lerp_mode": "catmullrom"
						},
						"7.05": {
							"post": [1.2, -1.5, 0],
							"lerp_mode": "catmullrom"
						},
						"7.3": {
							"post": [1.2, -1.5, 0],
							"lerp_mode": "catmullrom"
						},
						"7.45": {
							"post": [1.2, -1.5, 0],
							"lerp_mode": "catmullrom"
						},
						"7.6": {
							"post": [0, -1, 0],
							"lerp_mode": "catmullrom"
						},
						"7.7": {
							"post": [0, 0, 0],
							"lerp_mode": "catmullrom"
						},
						"7.75": {
							"post": [0, 0, 0],
							"lerp_mode": "catmullrom"
						}
					}
				},
				"magazine": {
					"rotation": {
						"5.05": [0, 0, 0],
						"5.2": [0, 0, 0],
						"7.7": [0, 0, 0],
						"7.75": [0, 0, 0],
						"7.85": [0, 0, 0],
						"8.0": [0, 0, 0]
					},
					"position": {
						"5.05": [0, 0, 0],
						"5.1": [0, 0, 0],
						"5.15": [0, -5, 0],
						"5.2": [0, -5, 0],
						"7.7": [0, -5, 0],
						"7.75": [0, -5, 0],
						"7.85": [0, 0, 0],
						"8.0": [0, 0, 0]
					}
				},
				"bullet": {
					"scale": 1
				},
				"556x5": {
					"scale": 0
				},
				"bullet3": {
					"scale": 0
				},
				"bullet4": {
					"scale": 0
				},
				"lefthand": {
					"rotation": {
						"0.05": [0, 0, 0],
						"0.35": [0, 0, 0],
						"1.2": [0, 0, 0],
						"1.55": [-14.73837, 10.67835, -18.2947],
						"4.45": [-14.73837, 10.67835, -18.2947],
						"4.8": [0, 0, 0],
						"5.05": [0, 0, 0],
						"5.2": [0, 0, 0],
						"7.7": [0, 0, 0],
						"7.75": [0, 0, 0],
						"7.85": [0, 0, 0],
						"8.0": [0, 0, 0],
						"8.15": [0, 0, 0],
						"8.3": [-3.97816, 0.41778, 5.98549],
						"8.45": [-8, 0, 0],
						"8.55": [-8, 0, 0],
						"8.65": {
							"pre": [-8, 0, 0],
							"post": [-8, 0, 0],
							"lerp_mode": "catmullrom"
						},
						"8.8": {
							"post": [-8, 0, 0],
							"lerp_mode": "catmullrom"
						},
						"8.9": {
							"post": [-8, 0, 0],
							"lerp_mode": "catmullrom"
						},
						"9.05": [-8, 0, 0],
						"9.15": [-8, 0, 0],
						"9.7": [0, 0, 0]
					},
					"position": {
						"0.05": [0, 0, 0],
						"0.35": [7, -12, 12],
						"1.2": [7, -12, 12],
						"1.55": [2.1, 2.1, -0.5],
						"4.45": [2.1, 2.1, -0.5],
						"4.8": [0, -3.4, 6],
						"5.05": [0, -3.4, 6],
						"5.1": [0, -3.4, 6],
						"5.15": [0, -8.4, 6],
						"5.2": [0, -8.4, 6],
						"7.7": [0, -8.4, 6],
						"7.75": [0, -8.4, 6],
						"7.85": [0, -3.4, 6],
						"8.0": [0, -3.4, 6],
						"8.15": [0, -3.4, 6],
						"8.3": [3.7, -1.6, 10.9],
						"8.45": [1.4, 2.8, 13.4],
						"8.55": [1.4, 2.8, 13.4],
						"8.65": {
							"pre": [1.4, 2.8, 15.8],
							"post": [1.4, 2.8, 15.8],
							"lerp_mode": "catmullrom"
						},
						"8.8": {
							"post": [1.4, 2.8, 13.4],
							"lerp_mode": "catmullrom"
						},
						"8.9": {
							"post": [1.4, 2.8, 15.8],
							"lerp_mode": "catmullrom"
						},
						"9.05": [1.4, 2.8, 13.4],
						"9.15": [1.4, 2.8, 13.4],
						"9.4": [3.47, 1.54, 7.36],
						"9.7": [0, 0, 0]
					}
				},
				"action": {
					"position": {
						"8.55": [0, 0, 0],
						"8.65": {
							"pre": [0, 0, 2.5],
							"post": [0, 0, 2.5],
							"lerp_mode": "catmullrom"
						},
						"8.8": {
							"post": [0, 0, 0],
							"lerp_mode": "catmullrom"
						},
						"8.9": {
							"post": [0, 0, 2.5],
							"lerp_mode": "catmullrom"
						},
						"9.05": {
							"post": [0, 0, 0],
							"lerp_mode": "catmullrom"
						}
					}
				},
				"bolt": {
					"position": {
						"8.55": [0, 0, 0],
						"8.65": {
							"pre": [0, 0, 2.5],
							"post": [0, 0, 2.5],
							"lerp_mode": "catmullrom"
						},
						"8.8": {
							"post": [0, 0, 0],
							"lerp_mode": "catmullrom"
						},
						"8.9": {
							"post": [0, 0, 2.5],
							"lerp_mode": "catmullrom"
						},
						"9.05": {
							"post": [0, 0, 0],
							"lerp_mode": "catmullrom"
						}
					}
				},
				"556x2": {
					"scale": 0
				},
				"righthand": {
					"rotation": {
						"1.25": [0, 0, 0],
						"1.45": [0, 0, 0],
						"8.0": [0, 0, 0],
						"8.15": [0, 0, 0],
						"9.7": [0, 0, 0]
					},
					"position": {
						"1.25": [0, 0, 0],
						"1.45": [-1.9, 0, 0],
						"8.0": [-1.9, 0, 0],
						"8.15": [0, 0, 0],
						"9.7": [0, 0, 0]
					}
				},
				"camera": {
					"rotation": {
						"0.0": {
							"post": [0, 0, 0],
							"lerp_mode": "catmullrom"
						},
						"0.35": {
							"post": [3.17285, 4.8923, 2.00456],
							"lerp_mode": "catmullrom"
						},
						"0.5": {
							"post": [2.91217, 5.05157, -1.00252],
							"lerp_mode": "catmullrom"
						},
						"0.7": {
							"post": [3, 5, 0],
							"lerp_mode": "catmullrom"
						},
						"1.05": {
							"post": [3.01102, 6.99725, 0.10544],
							"lerp_mode": "catmullrom"
						},
						"1.6": {
							"post": [-0.99159, 2.9994, 0.07428],
							"lerp_mode": "catmullrom"
						},
						"2.2": {
							"post": [-0.99, 3, 0.07],
							"lerp_mode": "catmullrom"
						},
						"3.5": {
							"post": [4.93462, 3.01094, -0.52176],
							"lerp_mode": "catmullrom"
						},
						"4.45": {
							"post": [4.94174, -4.96043, -1.20787],
							"lerp_mode": "catmullrom"
						},
						"5.1": {
							"post": [6.92326, -2.97462, -0.96806],
							"lerp_mode": "catmullrom"
						},
						"5.4": {
							"post": [8.75611, -3.32727, 2.01316],
							"lerp_mode": "catmullrom"
						},
						"5.7": {
							"post": [12.87899, -3.03707, 0.05098],
							"lerp_mode": "catmullrom"
						},
						"5.95": {
							"post": [13.87007, -2.06514, 0.27304],
							"lerp_mode": "catmullrom"
						},
						"6.3": {
							"post": [15.81292, -1.23813, 4.66522],
							"lerp_mode": "catmullrom"
						},
						"6.8": {
							"post": [15.82854, -0.96739, 3.7077],
							"lerp_mode": "catmullrom"
						},
						"7.35": {
							"post": [13.83, -0.97, 3.71],
							"lerp_mode": "catmullrom"
						},
						"7.75": {
							"post": [10.83479, -1.95218, 3.522],
							"lerp_mode": "catmullrom"
						},
						"7.85": {
							"post": [10.76139, -2.32692, 5.48796],
							"lerp_mode": "catmullrom"
						},
						"8.0": {
							"post": [10.89528, -1.57515, 1.55693],
							"lerp_mode": "catmullrom"
						},
						"8.55": {
							"post": [11.91446, 3.32979, 2.50592],
							"lerp_mode": "catmullrom"
						},
						"8.65": {
							"post": [11.9723, 3.15624, 3.49603],
							"lerp_mode": "catmullrom"
						},
						"8.8": {
							"post": [8.91446, 3.32979, 2.50592],
							"lerp_mode": "catmullrom"
						},
						"8.9": {
							"post": [6.9177, 3.39703, 2.52481],
							"lerp_mode": "catmullrom"
						},
						"9.0": {
							"post": [8.96925, 3.10582, 3.48205],
							"lerp_mode": "catmullrom"
						},
						"9.25": {
							"post": [6.02055, 2.89799, 4.46156],
							"lerp_mode": "catmullrom"
						},
						"9.6": {
							"post": [8.8584, 3.36427, 1.49358],
							"lerp_mode": "catmullrom"
						},
						"9.85": {
							"post": [0, 0, 0],
							"lerp_mode": "catmullrom"
						},
						"10.05": {
							"post": [3, 0, 0],
							"lerp_mode": "catmullrom"
						},
						"10.35": {
							"post": [0, 0, 0],
							"lerp_mode": "catmullrom"
						}
					}
				},
				"bullet5": {
					"scale": 0
				}
			},
			"sound_effects": {
				"0.0": {
					"effect": "saori_400_inspect_empty1"
				}
			}
		}
	}
}