{
	"format_version": "1.8.0",
	"animations": {
		"static_idle": {
			"animation_length": 0.0417,
			"bones": {
				"root": {
					"rotation": [0, 0, 0],
					"position": [0, 0, 0]
				},
				"righthand": {
					"rotation": [0, 0, 0],
					"position": [0, 0, 0]
				}
			}
		},
		"reload_tactical": {
			"animation_length": 1.5,
			"bones": {
				"root": {
					"relative_to": {
						"rotation": "entity"
					},
					"rotation": {
						"0.0": [0, 0, 0.01],
						"1.45": [0, 0, 0.01]
					},
					"position": {
						"0.0": [0, 0, 0],
						"1.45": [0, 0, 0]
					}
				}
			}
		},
		"reload_empty": {
			"animation_length": 1.5,
			"bones": {
				"root": {
					"rotation": {
						"0.0": [0, 0, 0],
						"1.45": [0, 0, 0]
					},
					"position": {
						"0.0": [0, 0, 0],
						"1.45": [0, 0, 0]
					}
				}
			}
		},
		"shoot": {
			"animation_length": 3.4,
			"bones": {
				"root": {
					"rotation": {
						"0.0": [0, 0, 0],
						"0.15": {
							"pre": [-10.06514, 6.95176, -3.76924],
							"post": [-10.06514, 6.95176, -3.76924],
							"lerp_mode": "catmullrom"
						},
						"0.3": {
							"post": [-10.07, 6.95, -3.77],
							"lerp_mode": "catmullrom"
						},
						"0.4": {
							"post": [-9.51363, 8.27829, 4.18943],
							"lerp_mode": "catmullrom"
						},
						"0.6": {
							"post": [-0.28763, 7.86319, -4.89051],
							"lerp_mode": "catmullrom"
						},
						"0.7": {
							"post": [-2.58966, 8.11759, 0.15138],
							"lerp_mode": "catmullrom"
						},
						"0.85": {
							"post": [-2.01, 8.28, 4.19],
							"lerp_mode": "catmullrom"
						},
						"1.25": [0.78795, -17.48281, 29.87884],
						"1.75": {
							"pre": [-1, 0, 0],
							"post": [-1, 0, 0],
							"lerp_mode": "catmullrom"
						},
						"2.0": {
							"post": [0, 0, 0],
							"lerp_mode": "catmullrom"
						},
						"2.2": [0, 0, 0]
					},
					"position": {
						"0.0": [0, 0, 0],
						"0.15": {
							"pre": [9, 2, -1],
							"post": [9, 2, -1],
							"lerp_mode": "catmullrom"
						},
						"0.3": {
							"post": [9, 2, -1],
							"lerp_mode": "catmullrom"
						},
						"0.4": {
							"post": [9.6, -0.6, 0.1],
							"lerp_mode": "catmullrom"
						},
						"0.6": {
							"post": [9.6, 3.1, -1],
							"lerp_mode": "catmullrom"
						},
						"0.7": {
							"post": [9.6, 0.8, -1],
							"lerp_mode": "catmullrom"
						},
						"0.85": {
							"post": [9.6, 0.8, -1],
							"lerp_mode": "catmullrom"
						},
						"1.25": [10, -12, 9],
						"1.75": {
							"pre": [0, 0, -1.6],
							"post": [0, 0, -1.6],
							"lerp_mode": "catmullrom"
						},
						"2.0": {
							"post": [0, 0, 0.4],
							"lerp_mode": "catmullrom"
						},
						"2.2": [0, 0, 0]
					}
				},
				"lefthand": {
					"rotation": {
						"0.0": [0, 0, 0],
						"0.2": [0, 0, 0],
						"0.25": [0, 0, 0],
						"0.35": [0, 0, 0],
						"1.15": [0, 0, 0],
						"1.6": [0, 0, 0]
					},
					"position": {
						"0.0": [0, 0, 0],
						"0.2": [-10.3, 3.6, 4],
						"0.25": [-10.3, 3.6, 4],
						"0.35": [-10.3, 3.6, 14],
						"0.4": [-10.3, 3.6, 14],
						"1.15": [0, 0, 0],
						"1.6": [0, 0, 0]
					}
				},
				"Drone": {
					"rotation": {
						"0.0": [0, 0, 0],
						"1.15": [0, 0, 0],
						"1.6": [0, 0, 0]
					},
					"position": {
						"0.0": [0, 0, 0],
						"0.45": [0, 0, 0],
						"0.65": {
							"pre": [0, 11, 0],
							"post": [0, 11, 0],
							"lerp_mode": "catmullrom"
						},
						"1.05": {
							"post": [0, 68, 0],
							"lerp_mode": "catmullrom"
						},
						"1.1": [0, 37.56, 48],
						"1.15": [0, 0, 0],
						"1.6": [0, 0, 0]
					},
					"scale": {
						"0.95": [1, 1, 1],
						"1.05": [0, 0, 0],
						"1.25": [1, 1, 1]
					}
				},
				"propeller": {
					"rotation": {
						"0.3": [0, 0, 0],
						"1.05": [0, -7322.5, 0],
						"1.1": [0, 0, 0]
					}
				},
				"propeller2": {
					"rotation": {
						"0.3": [0, 0, 0],
						"1.05": [0, 7277.5, 0],
						"1.1": [0, 0, 0]
					}
				},
				"handle": {
					"position": {
						"0.25": [0, 0, 0],
						"0.35": [0, 0, 7],
						"0.4": [0, 0, 7],
						"0.5": [0, 0, 0]
					}
				},
				"camera": {
					"rotation": {
						"0.0": [0, 0, 0],
						"0.1": [1, 5, 0],
						"0.2": [3, 5, 0],
						"0.25": [3, 5, 0],
						"0.35": [6.72996, 5.35867, -2.9907],
						"0.5": [7.16951, 4.75462, 1.99265],
						"0.7": [-13.99894, -0.12186, -0.99255],
						"0.8": [-12.99894, -0.12186, -0.99255],
						"1.45": [0, 0, 0]
					}
				}
			},
			"sound_effects": {
				"0.0": {
					"effect": "shiroko_d"
				}
			}
		},
		"inspect": {
			"animation_length": 0.15,
			"bones": {
				"root": {
					"rotation": {
						"0.0": [0, 0, 0],
						"0.1": [0, 0, 0]
					},
					"position": {
						"0.0": [0, 0, 0],
						"0.1": [0, 0, 0]
					}
				}
			}
		},
		"put_away": {
			"animation_length": 0.7,
			"bones": {
				"root": {
					"rotation": {
						"0.0": [0, 0, 0],
						"0.15": [10.36567, -24.92137, -0.95622],
						"0.35": [13.4595, -29.78882, -2.24174]
					},
					"position": {
						"0.0": [0, 0, 0],
						"0.15": [6, -10, 0],
						"0.35": [6, -20, 3]
					}
				}
			}
		}
	}
}