{
  "materials": [
    {
      "item": {
        "tag": "forge:ingots/iron"
      },
      "count": 4
    },
    {
      "item": {
        "tag": "forge:ingots/copper"
      },
      "count": 1
    },
    {
      "item": {
        "tag": "forge:gems/amethyst"
      },
      "count": 1
    },
    {
      "item": {
        "item": "minecraft:white_wool"
      },
      "count": 2
    },
    {
      "item": {
        "item": "minecraft:string"
      },
      "count": 1
    }
  ],
  "result": {
    "type": "attachment",
    "id": "bluearchivejp:rb39_scope_cover"
  },
  "type": "tacz:gun_smith_table_crafting"
}