{
  "ammo": "bluearchivejp:ayane_ex",
    "can_slide": false,
  "ammo_amount": 1,
  "bolt": "open_bolt",
  "rpm": 100,
  "bullet": {
	    "extra_damage": {
			"armor_ignore": 1,
			"head_shot_multiplier": 1.5,
			"damage_adjust": [
				{"distance": 30, "damage": 320},
				{"distance": 60, "damage": 300},
				{"distance": 120, "damage": 280},
				{"distance": "infinite", "damage": 260}
			]
		},
    "life": 10,
    "bullet_amount": 4,
    "damage": 320,
    "speed": 10,
    "gravity": 0,
    "knockback": 0.1,
    "friction": 0,
    "ignite": false,
    "pierce": 0,
    "explosion": {
      "explode":true,
      "damage": 70,
      "radius": 15,
      "delay": 30,
      "destroy_block":false
    }
  },
  "reload": {
    "type": "magazine",
    "feed": {
      "empty": 3.8,
      "tactical": 3.8
    },
    "cooldown": {
      "empty": 3.8,
      "tactical": 3.8
    }
  },
  "draw_time": 0.35,
  "put_away_time": 0.4,
  "aim_time": 0.2,
  "sprint_time": 0.3,
  "weight": 5,
  "fire_mode": [
    "semi"
  ],
  "recoil": {
    "pitch": [
      {"time": 0, "value": [0.7, 0.7]},
      {"time": 0.25, "value": [0.8, 0.8]},
      {"time": 0.45, "value": [-0.275, -0.275]},
      {"time": 0.6, "value": [0, 0]}
    ],
    "yaw": [
      {"time": 0, "value": [-0.45, -0.25]},
      {"time": 0.25, "value": [-0.45, -0.25]},
      {"time": 0.45, "value": [0, 0]}
    ]
  },
  "inaccuracy": {
    "stand": 2,
    "move": 2,
    "sneak": 2,
    "lie": 2,
    "aim": 2
  }
}