{
  "ammo": "bluearchivejp:ml139",
  "can_slide": false,
  "ammo_amount": 5,
  "bolt": "open_bolt",
  "rpm": 28,
  "bullet": {
	    "extra_damage": {
			"armor_ignore": 0.7,
			"head_shot_multiplier": 1.8,
			"damage_adjust": [
				{"distance": 30, "damage": 100},
				{"distance": 60, "damage": 80},
				{"distance": 120, "damage": 60},
				{"distance": "infinite", "damage": 50}
			]
		},
    "life": 10,
    "damage": 100,
    "tracer_count_interval": 0,
    "speed": 900,
    "gravity": 0,
    "knockback": 0.5,
    "friction": 0.01,
    "ignite": false,
    "pierce": 2
  },
  "reload": {
    "type": "magazine",
    "feed": {
      "empty": 5.4,
      "tactical": 4.5
    },
    "cooldown": {
      "empty": 5.3,
      "tactical": 4.4
    }
  },
  "draw_time": 0.35,
  "put_away_time": 0.4,
  "aim_time": 0.2,
  "sprint_time": 0.3,
  "weight": 6,
  "fire_mode": [
    "semi"
  ],
  "recoil": {
    "pitch": [
      {"time": 0, "value": [5.5, 5.5]},
      {"time": 0.07, "value": [4.5, 4.5]},
      {"time": 0.16, "value": [5.25, 5.25]},
      {"time": 0.24, "value": [4, 4]},
      {"time": 0.6, "value": [-0.5, -0.5]},
      {"time": 0.71, "value": [0.25, 0.25]},
      {"time": 0.83, "value": [0, 0]},
      {"time": 0.88, "value": [0, 0]}
    ],
    "yaw": [
      {"time": 0, "value": [-1.25, -1.25]},
      {"time": 0.08, "value": [1.15, 1.15]},
      {"time": 0.17, "value": [-0.5, -0.5]},
      {"time": 0.28, "value": [0.25, 0.25]},
      {"time": 0.5, "value": [0, 0]},
      {"time": 0.8, "value": [0, 0]}
    ]
  },
  "allow_attachment_types": [
    "scope",
    "extended_mag",
  ],
  "melee": {
    "distance": 1.25,
    "cooldown": 0.7,
    "default": {
      "animation_type": "melee_stock",
      "distance": 1,
      "range_angle": 30,
      "damage": 2,
      "knockback": 0.6,
      "prep": 0.1
    }
  },
  "inaccuracy": {
    "stand": 9,
    "move": 10,
    "sneak": 7.5,
    "lie": 6,
    "aim": 0.05
  }
}