{
  "ammo": "bluearchivejp:hiyori_ammo",
  "can_slide": false,
  "ammo_amount": 3,
  "bolt": "closed_bolt",
  "rpm": 35,
  "bullet": {
	    "extra_damage": {
			"armor_ignore": 1,
			"head_shot_multiplier": 1.8,
			"damage_adjust": [
				{"distance": 30, "damage": 220},
				{"distance": 60, "damage": 210},
				{"distance": 120, "damage": 200},
				{"distance": "infinite", "damage": 195}
			]
		},
    "life": 10,
    "damage": 220,
    "tracer_count_interval": 0,
    "speed": 900,
    "gravity": 0.02,
    "knockback": 0.5,
    "friction": 0.03,
    "ignite": false,
    "pierce": 2
  },
  "reload": {
    "type": "magazine",
    "feed": {
      "empty": 5.4,
      "tactical": 4.2
    },
    "cooldown": {
      "empty": 5.3,
      "tactical": 4.1
    }
  },
  "draw_time": 0.35,
  "put_away_time": 0.4,
  "aim_time": 0.2,
  "sprint_time": 0.3,
  "weight": 12,
  "fire_mode": [
    "semi"
  ],
  "recoil": {
    "pitch": [
      {"time": 0, "value": [0.8, 0.8]},
      {"time": 0.25, "value": [0.9, 0.9]},
      {"time": 0.45, "value": [-0.4, -0.4]},
      {"time": 0.6, "value": [0, 0]}
    ],
    "yaw": [
      {"time": 0, "value": [-0.55, -0.55]},
      {"time": 0.25, "value": [-0.5, -0.5]},
      {"time": 0.45, "value": [0, 0]}
    ]
  },
  "allow_attachment_types": [
    "scope",
    "extended_mag"
  ],
  "melee": {
    "distance": 1.25,
    "cooldown": 0.7,
    "default": {
      "animation_type": "melee_stock",
      "distance": 1,
      "range_angle": 30,
      "damage": 2,
      "knockback": 0.6,
      "prep": 0.1
    }
  },
  "inaccuracy": {
    "stand": 3,
    "move": 8,
    "sneak": 2,
    "lie": 0.5,
    "aim": 0.2
  }
}