{
  "ammo": "tacz:308",
  "ammo_amount": 6,
  "bolt": "closed_bolt",
  "rpm": 180,
  "bullet": {
	    "extra_damage": {
			"armor_ignore": 0.5,
			"head_shot_multiplier": 1.8,
			"damage_adjust": [
				{"distance": 30, "damage": 36},
				{"distance": 60, "damage": 30},
				{"distance": 120, "damage": 28},
				{"distance": "infinite", "damage": 25}
			]
		},
    "life": 10,
    "damage": 32,
    "tracer_count_interval": 0,
    "speed": 600,
    "gravity": 0.01,
    "knockback": 0.2,
    "friction": 0.01,
    "ignite": false,
    "pierce": 2
  },
  "reload": {
    "type": "magazine",
    "feed": {
      "empty": 3.1,
      "tactical": 2.3
    },
    "cooldown": {
      "empty": 3.0,
      "tactical": 2.2
    }
  },
  "draw_time": 0.35,
  "put_away_time": 0.4,
  "aim_time": 0.2,
  "sprint_time": 0.3,
  "weight": 8,
  "fire_mode": [
    "semi"
  ],
  "recoil": {
    "pitch": [
      {"time": 0, "value": [3.5, 3.5]},
      {"time": 0.07, "value": [2.5, 2.5]},
      {"time": 0.16, "value": [3.25, 3.25]},
      {"time": 0.24, "value": [2, 2]},
      {"time": 0.6, "value": [-0.5, -0.5]},
      {"time": 0.71, "value": [0.25, 0.25]},
      {"time": 0.83, "value": [0, 0]},
      {"time": 0.88, "value": [0, 0]}
    ],
    "yaw": [
      {"time": 0, "value": [-0.75, -0.75]},
      {"time": 0.08, "value": [0.6, 0.6]},
      {"time": 0.17, "value": [-0.35, -0.35]},
      {"time": 0.28, "value": [0.25, 0.25]},
      {"time": 0.5, "value": [0, 0]},
      {"time": 0.8, "value": [0, 0]}
    ]
  },
  "allow_attachment_types": [
    "scope",
    "extended_mag",
    "muzzle"
  ],
  "melee": {
    "distance": 1.25,
    "cooldown": 0.7,
    "default": {
      "animation_type": "melee_stock",
      "distance": 1,
      "range_angle": 30,
      "damage": 2,
      "knockback": 0.6,
      "prep": 0.1
    }
  },
  "inaccuracy": {
    "stand": 2,
    "move": 4,
    "sneak": 1,
    "lie": 0.5,
    "aim": 0.2
  }
}