{
  "ammo": "bluearchivejp:misaki_missile",
  "can_slide": false,
  "ammo_amount": 1,
  "bolt": "open_bolt",
  "rpm": 50,
  "bullet": {
	    "extra_damage": {
			"armor_ignore": 0.3,
			"head_shot_multiplier": 1.5,
			"damage_adjust": [
				{"distance": 30, "damage": 96},
				{"distance": 60, "damage": 96},
				{"distance": 120, "damage": 92},
				{"distance": "infinite", "damage": 90}
			]
		},
    "life": 10,
    "bullet_amount": 12,
    "damage": 96,
    "speed": 14,
    "gravity": 0.001,
    "knockback": 0.1,
    "friction": 0.001,
    "ignite": true,
    "pierce": 0,
    "explosion": {
      "explode":true,
      "damage": 35,
      "radius": 5,
      "delay": 30,
      "destroy_block":false
    }
  },
  "reload": {
    "type": "magazine",
    "feed": {
      "empty": 5.28,
      "tactical": 5.28
    },
    "cooldown": {
      "empty": 5.27,
      "tactical": 5.27
    }
  },
  "draw_time": 0.75,
  "put_away_time": 0.73,
  "aim_time": 0.2,
  "sprint_time": 0.2,
  "weight": 10,
  "fire_mode": [
    "semi"
  ],
  "recoil": {
    "pitch": [
      {"time": 0, "value": [0.7, 0.7]},
      {"time": 0.25, "value": [0.7, 0.7]},
      {"time": 0.45, "value": [-0.175, -0.175]},
      {"time": 0.6, "value": [0, 0]}
    ],
    "yaw": [
      {"time": 0, "value": [-0.35, -0.15]},
      {"time": 0.25, "value": [-0.35, -0.15]},
      {"time": 0.45, "value": [0, 0]}
    ]
  },
  "inaccuracy": {
    "stand": 3,
    "move": 3,
    "sneak": 3,
    "lie": 3,
    "aim": 3
  }
}