{
  "ammo": "tacz:45acp",
  "ammo_amount": 15,
  "bolt": "closed_bolt",
  "rpm": 800,
  "bullet": {
	    "extra_damage": {
			"armor_ignore": 0.1,
			"head_shot_multiplier": 1.2,
			"damage_adjust": [
				{"distance": 30, "damage": 8},
				{"distance": 60, "damage": 6},
				{"distance": 120, "damage": 5},
				{"distance": "infinite", "damage": 4.5}
			]
		},
    "life": 10,
    "damage": 8,
    "tracer_count_interval": 0,
    "speed": 300,
    "gravity": 0,
    "knockback": 0,
    "friction": 0.06,
    "ignite": false,
    "pierce": 2
  },
  "reload": {
    "type": "magazine",
    "feed": {
      "empty": 1.4,
      "tactical": 1.5
    },
    "cooldown": {
      "empty": 1.6,
      "tactical": 1.4
    }
  },
  "draw_time": 0.8,
  "put_away_time": 0.4,
  "aim_time": 0.25,
  "sprint_time": 0.3,
  "weight": 3,
  "fire_mode": [
    "auto",
    "semi"
  ],
  "recoil": {
    "pitch": [
      {"time": 0, "value": [0.8, 0.8]},
      {"time": 0.25, "value": [0.9, 0.9]},
      {"time": 0.45, "value": [-0.3, -0.3]},
      {"time": 0.6, "value": [0, 0]}
    ],
    "yaw": [
      {"time": 0, "value": [-0.6, -0.4]},
      {"time": 0.25, "value": [-0.45, -0.25]},
      {"time": 0.45, "value": [0, 0]}
    ]
  },
  "allow_attachment_types": [
    "scope",
    "extended_mag",
    "laser"
  ],
  "extended_mag_ammo_amount": [
    20,
    25,
    30
  ],
  "inaccuracy": {
    "stand": 2,
    "move": 4,
    "sneak": 1,
    "lie": 0.5,
    "aim": 0.2
  }
}