{
  "materials": [
    {
      "item": {
        "tag": "forge:ingots/iron"
      },
      "count": 4
    },
    {
      "item": {
        "tag": "forge:ingots/copper"
      },
      "count": 4
    },
    {
      "item": {
        "tag": "forge:gunpowder"
      },
      "count": 8
    },
    {
      "item": {
        "item": "minecraft:blaze_powder"
      },
      "count": 2
    }
  ],
  "result": {
    "type": "ammo",
    "id": "bluearchivejp:eoht_ammo",
    "count": 16
  },
  "type": "tacz:gun_smith_table_crafting"
}