{
  "model": "bluearchivejp:ammo/38ammo_geo",
  "texture": "bluearchivejp:ammo/uv/38ammo",
  "slot": "bluearchivejp:ammo/slot/38ammo",
  "shell": {
    "model": "tacz:shell/556x45_shell",
    "texture": "tacz:shell/556x45_shell"
  },
  "tracer_color": "#33b0ff",
  "transform": {
    "scale": {
      "thirdperson": [
        0.3,
        0.3,
        0.3
      ],
      "ground": [
        0.3,
        0.3,
        0.3
      ],
      "fixed": [
        0.5,
        0.5,
        0.5
      ]
    }
  }
}