{
  "model": "bluearchivejp:ammo/al1s_ammo_geo",
  "texture": "bluearchivejp:ammo/uv/al1s_ammo",
  "slot": "bluearchivejp:ammo/slot/al1s_ammo",
  "tracer_color": "#33b0ff",
  "particle": {
    "name": "mycelium",
    "delta": [
      0,
      0,
      0
    ],
    "speed": 0.0,
    "life_time": 50,
    "count": 75
  },
  "transform": {
    "scale": {
      "thirdperson": [
        0.3,
        0.3,
        0.3
      ],
      "ground": [
        0.3,
        0.3,
        0.3
      ],
      "fixed": [
        1,
        1,
        1
      ]
    }
  }
}