{
  "model": "bluearchivejp:ammo/hiyori_ammo_geo",
  "texture": "bluearchivejp:ammo/uv/hiyori_ammo",
  "slot": "bluearchivejp:ammo/slot/hiyori_ammo",
  "tracer_color": "#ff470a",
  "shell": {
    "model": "tacz:shell/50bmg_shell",
    "texture": "tacz:shell/50bmg_shell"
  },
  "particle": {
    "name": "mycelium",
    "delta": [
      0,
      0,
      0
    ],
    "speed": 0.0,
    "life_time": 50,
    "count": 75
  },
  "transform": {
    "scale": {
      "thirdperson": [
        0.3,
        0.3,
        0.3
      ],
      "ground": [
        0.3,
        0.3,
        0.3
      ],
      "fixed": [
        1,
        1,
        1
      ]
    }
  }
}