{
  "materials": [
    {
      "item": {
        "tag": "forge:ingots/iron"
      },
      "count": 2
    },
    {
      "item": {
        "tag": "forge:ingots/gold"
      },
      "count": 8
    },
    {
      "item": {
        "tag": "forge:ingots/copper"
      },
      "count": 1
    },
    {
      "item": {
        "tag": "forge:gems/amethyst"
      },
      "count": 1
    }
  ],
  "result": {
    "type": "attachment",
    "id": "bluearchivejp:makoto_scope"
  },
  "type": "tacz:gun_smith_table_crafting"
}