{
  "materials": [
    {
      "item": {
        "tag": "forge:ingots/iron"
      },
      "count": 1
    },
    {
      "item": {
        "tag": "forge:ingots/copper"
      },
      "count": 1
    },
    {
      "item": {
        "tag": "forge:glass"
      },
      "count": 1
    },
    {
      "item": {
        "tag": "forge:dusts/redstone"
      },
      "count": 1
    }
  ],
  "result": {
    "type": "attachment",
    "id": "bluearchivejp:rb224_rmr"
  },
  "type": "tacz:gun_smith_table_crafting"
}