{
  "materials": [
    {
      "item": {
        "tag": "forge:ingots/iron"
      },
      "count": 20
    },
    {
      "item": {
        "tag": "forge:ingots/gold"
      },
      "count": 5
    },
    {
      "item": {
        "tag": "forge:ingots/copper"
      },
      "count": 5
    },
    {
      "item": {
        "tag": "forge:gems/diamond"
      },
      "count": 1
    }
  ],
  "result": {
    "type": "attachment",
    "id": "bluearchivejp:rb26_mag"
  },
  "type": "tacz:gun_smith_table_crafting"
}