{
	"format_version": "1.12.0",
	"minecraft:geometry": [
		{
			"description": {
				"identifier": "geometry.unknown",
				"texture_width": 32,
				"texture_height": 32,
				"visible_bounds_width": 3,
				"visible_bounds_height": 3.5,
				"visible_bounds_offset": [0, 1.25, 0]
			},
			"bones": [
				{
					"name": "root",
					"pivot": [0.00364, 2.02894, -0.02722],
					"cubes": [
						{
							"origin": [-2.99636, 1.65394, -3.02722],
							"size": [5.99999, 0.75, 5.99999],
							"pivot": [0.00364, 2.02894, -0.02722],
							"rotation": [90, 0, -90],
							"uv": {
								"up": {"uv": [0, 0], "uv_size": [6, 6]}
							}
						},
						{
							"origin": [-1.49636, -2.47106, -1.52722],
							"size": [3, 0.75, 3],
							"pivot": [0.00364, 2.02894, -0.02722],
							"rotation": [0, 90, 180],
							"uv": {
								"up": {"uv": [12, 16], "uv_size": [3, 3]},
								"down": {"uv": [16, 19], "uv_size": [3, -3]}
							}
						},
						{
							"origin": [-2.11769, -2.2137, -1.52722],
							"size": [4.24264, 0.98529, 1.5],
							"pivot": [0.00364, 2.02894, -0.02722],
							"rotation": [90, -45, 180],
							"uv": {
								"north": {"uv": [25, 4], "uv_size": [4.25, 1]},
								"south": {"uv": [26, 16], "uv_size": [4.25, 1]},
								"up": {"uv": [18, 12], "uv_size": [4.25, 1.5]},
								"down": {"uv": [0, 20.5], "uv_size": [4.25, -1.5]}
							}
						},
						{
							"origin": [-2.11769, 5.28629, -1.52722],
							"size": [4.24264, 0.98529, 1.5],
							"pivot": [0.00364, 2.02894, -0.02722],
							"rotation": [90, 45, 180],
							"uv": {
								"north": {"uv": [24, 26], "uv_size": [4.25, 1]},
								"south": {"uv": [12, 27], "uv_size": [4.25, 1]},
								"up": {"uv": [19, 0], "uv_size": [4.25, 1.5]},
								"down": {"uv": [19, 4.5], "uv_size": [4.25, -1.5]}
							}
						},
						{
							"origin": [0.00364, 5.77894, -1.52722],
							"size": [1.5, 0.75, 3],
							"pivot": [0.00364, 2.02894, -0.02722],
							"rotation": [90, 0, -90],
							"uv": {
								"east": {"uv": [20, 18], "uv_size": [3, 0.75]},
								"west": {"uv": [27, 24], "uv_size": [3, 0.75]},
								"up": {"uv": [12, 23], "uv_size": [1.5, 3]},
								"down": {"uv": [15, 26], "uv_size": [1.5, -3]}
							}
						},
						{
							"origin": [0.00364, 5.77894, -1.52722],
							"size": [1.5, 0.75, 3],
							"pivot": [0.00364, 2.02894, -0.02722],
							"rotation": [180, 0, -90],
							"uv": {
								"east": {"uv": [28, 0], "uv_size": [3, 0.75]},
								"west": {"uv": [28, 2], "uv_size": [3, 0.75]},
								"up": {"uv": [18, 23], "uv_size": [1.5, 3]},
								"down": {"uv": [21, 26], "uv_size": [1.5, -3]}
							}
						},
						{
							"origin": [-2.11769, -2.2137, -1.52722],
							"size": [4.24264, 0.98529, 1.5],
							"pivot": [0.00364, 2.02894, -0.02722],
							"rotation": [90, 45, 180],
							"uv": {
								"north": {"uv": [18, 27], "uv_size": [4.25, 1]},
								"south": {"uv": [27, 18], "uv_size": [4.25, 1]},
								"up": {"uv": [6, 20], "uv_size": [4.25, 1.5]},
								"down": {"uv": [12, 21.5], "uv_size": [4.25, -1.5]}
							}
						},
						{
							"origin": [-2.11769, 5.28629, -1.52722],
							"size": [4.24264, 0.98529, 1.5],
							"pivot": [0.00364, 2.02894, -0.02722],
							"rotation": [90, -45, 180],
							"uv": {
								"north": {"uv": [27, 20], "uv_size": [4.25, 1]},
								"south": {"uv": [27, 22], "uv_size": [4.25, 1]},
								"up": {"uv": [20, 15], "uv_size": [4.25, 1.5]},
								"down": {"uv": [18, 21.5], "uv_size": [4.25, -1.5]}
							}
						},
						{
							"origin": [0.00364, -2.47106, -1.52722],
							"size": [1.5, 0.75, 3],
							"pivot": [0.00364, 2.02894, -0.02722],
							"rotation": [90, 0, -90],
							"uv": {
								"east": {"uv": [28, 6], "uv_size": [3, 0.75]},
								"west": {"uv": [28, 8], "uv_size": [3, 0.75]},
								"up": {"uv": [24, 18], "uv_size": [1.5, 3]},
								"down": {"uv": [24, 25], "uv_size": [1.5, -3]}
							}
						},
						{
							"origin": [0.00364, -2.47106, -1.52722],
							"size": [1.5, 0.75, 3],
							"pivot": [0.00364, 2.02894, -0.02722],
							"rotation": [180, 0, -90],
							"uv": {
								"east": {"uv": [28, 10], "uv_size": [3, 0.75]},
								"west": {"uv": [24, 28], "uv_size": [3, 0.75]},
								"up": {"uv": [0, 25], "uv_size": [1.5, 3]},
								"down": {"uv": [25, 3], "uv_size": [1.5, -3]}
							}
						},
						{
							"origin": [-2.11769, -2.2137, -1.52722],
							"size": [4.24264, 0.75, 3],
							"pivot": [0.00364, 2.02894, -0.02722],
							"rotation": [90, 45, -90],
							"uv": {
								"up": {"uv": [0, 7], "uv_size": [4.25, 3]},
								"down": {"uv": [7, 3], "uv_size": [4.25, -3]}
							}
						},
						{
							"origin": [-2.11769, -2.2137, -1.52722],
							"size": [4.24264, 0.75, 3],
							"pivot": [0.00364, 2.02894, -0.02722],
							"rotation": [-90, 45, 90],
							"uv": {
								"up": {"uv": [7, 4], "uv_size": [4.25, 3]},
								"down": {"uv": [6, 11], "uv_size": [4.25, -3]}
							}
						},
						{
							"origin": [-2.11769, -2.2137, -1.52722],
							"size": [4.24264, 0.75, 3],
							"pivot": [0.00364, 2.02894, -0.02722],
							"rotation": [180, 0, 45],
							"uv": {
								"west": {"uv": [28, 28], "uv_size": [3, 0.75]},
								"up": {"uv": [0, 11], "uv_size": [4.25, 3]},
								"down": {"uv": [6, 15], "uv_size": [4.25, -3]}
							}
						},
						{
							"origin": [-2.11769, -2.2137, -1.52722],
							"size": [4.24264, 0.75, 3],
							"pivot": [0.00364, 2.02894, -0.02722],
							"rotation": [180, 0, -45],
							"uv": {
								"up": {"uv": [12, 8], "uv_size": [4.25, 3]},
								"down": {"uv": [12, 15], "uv_size": [4.25, -3]}
							}
						},
						{
							"origin": [-2.11769, -2.2137, -1.52722],
							"size": [4.24264, 0.75, 3],
							"pivot": [0.00364, 2.02894, -0.02722],
							"rotation": [180, 0, 135],
							"uv": {
								"down": {"uv": [13, 3], "uv_size": [4.25, -3]}
							}
						},
						{
							"origin": [-2.11769, -2.2137, -1.52722],
							"size": [4.24264, 0.75, 3],
							"pivot": [0.00364, 2.02894, -0.02722],
							"rotation": [180, 0, -135],
							"uv": {
								"down": {"uv": [13, 7], "uv_size": [4.25, -3]}
							}
						},
						{
							"origin": [-2.11769, -2.2137, -1.52722],
							"size": [4.24264, 0.75, 3],
							"pivot": [0.00364, 2.02894, -0.02722],
							"rotation": [-90, 45, -90],
							"uv": {
								"down": {"uv": [0, 18], "uv_size": [4.25, -3]}
							}
						},
						{
							"origin": [-2.11769, -2.2137, -1.52722],
							"size": [4.24264, 0.75, 3],
							"pivot": [0.00364, 2.02894, -0.02722],
							"rotation": [90, 45, 90],
							"uv": {
								"down": {"uv": [6, 19], "uv_size": [4.25, -3]}
							}
						},
						{
							"origin": [0.00364, -2.47106, -1.52722],
							"size": [1.5, 0.75, 3],
							"pivot": [0.00364, 2.02894, -0.02722],
							"rotation": [180, 0, 90],
							"uv": {
								"down": {"uv": [3, 28], "uv_size": [1.5, -3]}
							}
						},
						{
							"origin": [0.00364, -2.47106, -1.52722],
							"size": [1.5, 0.75, 3],
							"pivot": [0.00364, 2.02894, -0.02722],
							"rotation": [90, 0, 90],
							"uv": {
								"down": {"uv": [6, 29], "uv_size": [1.5, -3]}
							}
						},
						{
							"origin": [-2.11769, 5.28629, -1.52722],
							"size": [4.24264, 0.98529, 1.5],
							"pivot": [0.00364, 2.02894, -0.02722],
							"rotation": [90, -45, 0],
							"uv": {
								"up": {"uv": [0, 22], "uv_size": [4.25, 1.5]}
							}
						},
						{
							"origin": [-2.11769, -2.2137, -1.52722],
							"size": [4.24264, 0.98529, 1.5],
							"pivot": [0.00364, 2.02894, -0.02722],
							"rotation": [90, 45, 0],
							"uv": {
								"down": {"uv": [22, 7.5], "uv_size": [4.25, -1.5]}
							}
						},
						{
							"origin": [0.00364, 5.77894, -1.52722],
							"size": [1.5, 0.75, 3],
							"pivot": [0.00364, 2.02894, -0.02722],
							"rotation": [180, 0, 90],
							"uv": {
								"up": {"uv": [9, 26], "uv_size": [1.5, 3]}
							}
						},
						{
							"origin": [0.00364, 5.77894, -1.52722],
							"size": [1.5, 0.75, 3],
							"pivot": [0.00364, 2.02894, -0.02722],
							"rotation": [90, 0, 90],
							"uv": {
								"up": {"uv": [26, 12], "uv_size": [1.5, 3]}
							}
						},
						{
							"origin": [-2.11769, 5.28629, -1.52722],
							"size": [4.24264, 0.98529, 1.5],
							"pivot": [0.00364, 2.02894, -0.02722],
							"rotation": [90, 45, 0],
							"uv": {
								"up": {"uv": [22, 9], "uv_size": [4.25, 1.5]}
							}
						},
						{
							"origin": [-2.11769, -2.2137, -1.52722],
							"size": [4.24264, 0.98529, 1.5],
							"pivot": [0.00364, 2.02894, -0.02722],
							"rotation": [90, -45, 0],
							"uv": {
								"down": {"uv": [6, 24.5], "uv_size": [4.25, -1.5]}
							}
						},
						{
							"origin": [-1.49636, -2.47106, -1.52722],
							"size": [3, 0.75, 3],
							"pivot": [0.00364, 2.02894, -0.02722],
							"rotation": [0, 90, 0],
							"uv": {
								"down": {"uv": [18, 11], "uv_size": [3, -3]}
							}
						}
					]
				},
				{
					"name": "positioning",
					"pivot": [-3.025, -8.95, -11.225]
				},
				{
					"name": "ground",
					"parent": "positioning",
					"pivot": [0, 0, 0]
				},
				{
					"name": "fixed",
					"parent": "positioning",
					"pivot": [0, 1.75, 2],
					"rotation": [0, -90, 0]
				},
				{
					"name": "thirdperson_hand",
					"parent": "positioning",
					"pivot": [-0.025, 0.05, -0.225]
				}
			]
		}
	]
}