{
	"format_version": "1.12.0",
	"minecraft:geometry": [
		{
			"description": {
				"identifier": "geometry.unknown",
				"texture_width": 64,
				"texture_height": 64,
				"visible_bounds_width": 4,
				"visible_bounds_height": 2.5,
				"visible_bounds_offset": [0, 0.75, 0]
			},
			"bones": [
				{
					"name": "root",
					"pivot": [0, 0, 0]
				},
				{
					"name": "mag_and_lefthand",
					"parent": "root",
					"pivot": [0, 0, 0]
				},
				{
					"name": "lefthand",
					"parent": "mag_and_lefthand",
					"pivot": [15.7, 1.7, 11.3],
					"rotation": [4.96292, 0.60859, -6.97363]
				},
				{
					"name": "lefthand_pos",
					"parent": "lefthand",
					"pivot": [15.7, 1.7, 11.3],
					"rotation": [59.71724, 14.15741, -27.89906],
					"cubes": [
						{
							"origin": [7.7, 1.7, 9.3],
							"size": [4, 12, 4],
							"uv": {
								"north": {"uv": [0, 0], "uv_size": [4, 12]},
								"east": {"uv": [4, 0], "uv_size": [4, 12]},
								"south": {"uv": [8, 0], "uv_size": [4, 12]},
								"west": {"uv": [0, 12], "uv_size": [4, 12]},
								"up": {"uv": [12, 0], "uv_size": [4, 4]},
								"down": {"uv": [4, 16], "uv_size": [4, -4]}
							}
						}
					]
				},
				{
					"name": "gun_and_righthand",
					"parent": "root",
					"pivot": [0, 0, 0]
				},
				{
					"name": "nagisa118",
					"parent": "gun_and_righthand",
					"pivot": [2.03125, 16.22506, -1.925],
					"rotation": [7.78217, 2.57594, -9.6658],
					"cubes": [
						{
							"origin": [2.27483, 15.48418, -1.99512],
							"size": [0.60034, 0.04007, 0.14024],
							"pivot": [2.375, 15.26256, -1.925],
							"rotation": [-60, 0, -90],
							"uv": {
								"north": {"uv": [35, 17], "uv_size": [0.625, 0.0625]},
								"east": {"uv": [37, 1], "uv_size": [0.125, 0.0625]},
								"south": {"uv": [18, 35], "uv_size": [0.625, 0.0625]},
								"west": {"uv": [2, 37], "uv_size": [0.125, 0.0625]},
								"up": {"uv": [8, 33], "uv_size": [0.625, 0.125]},
								"down": {"uv": [9, 33.125], "uv_size": [0.625, -0.125]}
							}
						},
						{
							"origin": [2.27483, 15.48418, -1.99512],
							"size": [0.60034, 0.04007, 0.14024],
							"pivot": [2.375, 15.26256, -1.925],
							"rotation": [-30, 0, -90],
							"uv": {
								"north": {"uv": [35, 16], "uv_size": [0.625, 0.0625]},
								"east": {"uv": [37, 0], "uv_size": [0.125, 0.0625]},
								"south": {"uv": [17, 35], "uv_size": [0.625, 0.0625]},
								"west": {"uv": [1, 37], "uv_size": [0.125, 0.0625]},
								"up": {"uv": [6, 33], "uv_size": [0.625, 0.125]},
								"down": {"uv": [7, 33.125], "uv_size": [0.625, -0.125]}
							}
						},
						{
							"origin": [2.27483, 15.48418, -1.99512],
							"size": [0.60034, 0.04007, 0.14024],
							"pivot": [2.375, 15.26256, -1.925],
							"rotation": [0, 0, -90],
							"uv": {
								"north": {"uv": [35, 15], "uv_size": [0.625, 0.0625]},
								"east": {"uv": [36, 36], "uv_size": [0.125, 0.0625]},
								"south": {"uv": [16, 35], "uv_size": [0.625, 0.0625]},
								"west": {"uv": [0, 37], "uv_size": [0.125, 0.0625]},
								"up": {"uv": [33, 4], "uv_size": [0.625, 0.125]},
								"down": {"uv": [5, 33.125], "uv_size": [0.625, -0.125]}
							}
						},
						{
							"origin": [2.27483, 15.48418, -1.99512],
							"size": [0.60034, 0.04007, 0.14024],
							"pivot": [2.375, 15.26256, -1.925],
							"rotation": [30, 0, -90],
							"uv": {
								"north": {"uv": [35, 14], "uv_size": [0.625, 0.0625]},
								"east": {"uv": [35, 36], "uv_size": [0.125, 0.0625]},
								"south": {"uv": [15, 35], "uv_size": [0.625, 0.0625]},
								"west": {"uv": [36, 35], "uv_size": [0.125, 0.0625]},
								"up": {"uv": [33, 3], "uv_size": [0.625, 0.125]},
								"down": {"uv": [4, 33.125], "uv_size": [0.625, -0.125]}
							}
						},
						{
							"origin": [2.27483, 15.48418, -1.99512],
							"size": [0.60034, 0.04007, 0.14024],
							"pivot": [2.375, 15.26256, -1.925],
							"rotation": [60, 0, -90],
							"uv": {
								"north": {"uv": [35, 13], "uv_size": [0.625, 0.0625]},
								"east": {"uv": [34, 36], "uv_size": [0.125, 0.0625]},
								"south": {"uv": [14, 35], "uv_size": [0.625, 0.0625]},
								"west": {"uv": [36, 34], "uv_size": [0.125, 0.0625]},
								"up": {"uv": [2, 33], "uv_size": [0.625, 0.125]},
								"down": {"uv": [3, 33.125], "uv_size": [0.625, -0.125]}
							}
						},
						{
							"origin": [2.27483, 15.48418, -1.99512],
							"size": [0.60034, 0.04007, 0.14024],
							"pivot": [2.375, 15.26256, -1.925],
							"rotation": [90, 0, -90],
							"uv": {
								"north": {"uv": [35, 12], "uv_size": [0.625, 0.0625]},
								"east": {"uv": [33, 36], "uv_size": [0.125, 0.0625]},
								"south": {"uv": [13, 35], "uv_size": [0.625, 0.0625]},
								"west": {"uv": [36, 33], "uv_size": [0.125, 0.0625]},
								"up": {"uv": [0, 33], "uv_size": [0.625, 0.125]},
								"down": {"uv": [1, 33.125], "uv_size": [0.625, -0.125]}
							}
						},
						{
							"origin": [2.27483, 15.48418, -1.99512],
							"size": [0.60034, 0.04007, 0.14024],
							"pivot": [2.375, 15.26256, -1.925],
							"rotation": [120, 0, -90],
							"uv": {
								"north": {"uv": [35, 11], "uv_size": [0.625, 0.0625]},
								"east": {"uv": [32, 36], "uv_size": [0.125, 0.0625]},
								"south": {"uv": [12, 35], "uv_size": [0.625, 0.0625]},
								"west": {"uv": [36, 32], "uv_size": [0.125, 0.0625]},
								"up": {"uv": [31, 32], "uv_size": [0.625, 0.125]},
								"down": {"uv": [32, 32.125], "uv_size": [0.625, -0.125]}
							}
						},
						{
							"origin": [2.27483, 15.48418, -1.99512],
							"size": [0.60034, 0.04007, 0.14024],
							"pivot": [2.375, 15.26256, -1.925],
							"rotation": [150, 0, -90],
							"uv": {
								"north": {"uv": [35, 10], "uv_size": [0.625, 0.0625]},
								"east": {"uv": [31, 36], "uv_size": [0.125, 0.0625]},
								"south": {"uv": [11, 35], "uv_size": [0.625, 0.0625]},
								"west": {"uv": [36, 31], "uv_size": [0.125, 0.0625]},
								"up": {"uv": [29, 32], "uv_size": [0.625, 0.125]},
								"down": {"uv": [30, 32.125], "uv_size": [0.625, -0.125]}
							}
						},
						{
							"origin": [2.27483, 15.48418, -1.99512],
							"size": [0.60034, 0.04007, 0.14024],
							"pivot": [2.375, 15.26256, -1.925],
							"rotation": [-180, 0, -90],
							"uv": {
								"north": {"uv": [35, 9], "uv_size": [0.625, 0.0625]},
								"east": {"uv": [30, 36], "uv_size": [0.125, 0.0625]},
								"south": {"uv": [10, 35], "uv_size": [0.625, 0.0625]},
								"west": {"uv": [36, 30], "uv_size": [0.125, 0.0625]},
								"up": {"uv": [27, 32], "uv_size": [0.625, 0.125]},
								"down": {"uv": [28, 32.125], "uv_size": [0.625, -0.125]}
							}
						},
						{
							"origin": [2.27483, 15.48418, -1.99512],
							"size": [0.60034, 0.04007, 0.14024],
							"pivot": [2.375, 15.26256, -1.925],
							"rotation": [-150, 0, -90],
							"uv": {
								"north": {"uv": [35, 8], "uv_size": [0.625, 0.0625]},
								"east": {"uv": [29, 36], "uv_size": [0.125, 0.0625]},
								"south": {"uv": [9, 35], "uv_size": [0.625, 0.0625]},
								"west": {"uv": [36, 29], "uv_size": [0.125, 0.0625]},
								"up": {"uv": [25, 32], "uv_size": [0.625, 0.125]},
								"down": {"uv": [26, 32.125], "uv_size": [0.625, -0.125]}
							}
						},
						{
							"origin": [2.27483, 15.48418, -1.99512],
							"size": [0.60034, 0.04007, 0.14024],
							"pivot": [2.375, 15.26256, -1.925],
							"rotation": [-120, 0, -90],
							"uv": {
								"north": {"uv": [35, 7], "uv_size": [0.625, 0.0625]},
								"east": {"uv": [28, 36], "uv_size": [0.125, 0.0625]},
								"south": {"uv": [8, 35], "uv_size": [0.625, 0.0625]},
								"west": {"uv": [36, 28], "uv_size": [0.125, 0.0625]},
								"up": {"uv": [32, 23], "uv_size": [0.625, 0.125]},
								"down": {"uv": [24, 32.125], "uv_size": [0.625, -0.125]}
							}
						},
						{
							"origin": [2.27483, 15.48418, -1.99512],
							"size": [0.60034, 0.04007, 0.14024],
							"pivot": [2.375, 15.26256, -1.925],
							"rotation": [-90, 0, -90],
							"uv": {
								"north": {"uv": [35, 6], "uv_size": [0.625, 0.0625]},
								"east": {"uv": [27, 36], "uv_size": [0.125, 0.0625]},
								"south": {"uv": [7, 35], "uv_size": [0.625, 0.0625]},
								"west": {"uv": [36, 27], "uv_size": [0.125, 0.0625]},
								"up": {"uv": [32, 22], "uv_size": [0.625, 0.125]},
								"down": {"uv": [23, 32.125], "uv_size": [0.625, -0.125]}
							}
						},
						{
							"origin": [0.89983, 15.08418, -1.99512],
							"size": [0.40034, 0.44007, 0.14024],
							"pivot": [1, 15.26256, -1.925],
							"rotation": [-90, 0, -90],
							"uv": {
								"north": {"uv": [29, 10], "uv_size": [0.375, 0.4375]},
								"east": {"uv": [4, 34], "uv_size": [0.125, 0.4375]},
								"south": {"uv": [11, 29], "uv_size": [0.375, 0.4375]},
								"west": {"uv": [34, 4], "uv_size": [0.125, 0.4375]},
								"up": {"uv": [28, 34], "uv_size": [0.375, 0.125]},
								"down": {"uv": [34, 28.125], "uv_size": [0.375, -0.125]}
							}
						},
						{
							"origin": [0.89983, 15.08418, -1.99512],
							"size": [0.40034, 0.44007, 0.14024],
							"pivot": [1, 15.26256, -1.925],
							"rotation": [-120, 0, -90],
							"uv": {
								"north": {"uv": [29, 9], "uv_size": [0.375, 0.4375]},
								"east": {"uv": [3, 34], "uv_size": [0.125, 0.4375]},
								"south": {"uv": [10, 29], "uv_size": [0.375, 0.4375]},
								"west": {"uv": [34, 3], "uv_size": [0.125, 0.4375]},
								"up": {"uv": [27, 34], "uv_size": [0.375, 0.125]},
								"down": {"uv": [34, 27.125], "uv_size": [0.375, -0.125]}
							}
						},
						{
							"origin": [0.89983, 15.08418, -1.99512],
							"size": [0.40034, 0.44007, 0.14024],
							"pivot": [1, 15.26256, -1.925],
							"rotation": [-150, 0, -90],
							"uv": {
								"north": {"uv": [29, 8], "uv_size": [0.375, 0.4375]},
								"east": {"uv": [2, 34], "uv_size": [0.125, 0.4375]},
								"south": {"uv": [9, 29], "uv_size": [0.375, 0.4375]},
								"west": {"uv": [34, 2], "uv_size": [0.125, 0.4375]},
								"up": {"uv": [26, 34], "uv_size": [0.375, 0.125]},
								"down": {"uv": [34, 26.125], "uv_size": [0.375, -0.125]}
							}
						},
						{
							"origin": [0.89983, 15.08418, -1.99512],
							"size": [0.40034, 0.44007, 0.14024],
							"pivot": [1, 15.26256, -1.925],
							"rotation": [-180, 0, -90],
							"uv": {
								"north": {"uv": [29, 7], "uv_size": [0.375, 0.4375]},
								"east": {"uv": [1, 34], "uv_size": [0.125, 0.4375]},
								"south": {"uv": [8, 29], "uv_size": [0.375, 0.4375]},
								"west": {"uv": [34, 1], "uv_size": [0.125, 0.4375]},
								"up": {"uv": [25, 34], "uv_size": [0.375, 0.125]},
								"down": {"uv": [34, 25.125], "uv_size": [0.375, -0.125]}
							}
						},
						{
							"origin": [0.89983, 15.08418, -1.99512],
							"size": [0.40034, 0.44007, 0.14024],
							"pivot": [1, 15.26256, -1.925],
							"rotation": [150, 0, -90],
							"uv": {
								"north": {"uv": [29, 6], "uv_size": [0.375, 0.4375]},
								"east": {"uv": [0, 34], "uv_size": [0.125, 0.4375]},
								"south": {"uv": [7, 29], "uv_size": [0.375, 0.4375]},
								"west": {"uv": [34, 0], "uv_size": [0.125, 0.4375]},
								"up": {"uv": [24, 34], "uv_size": [0.375, 0.125]},
								"down": {"uv": [34, 24.125], "uv_size": [0.375, -0.125]}
							}
						},
						{
							"origin": [0.89983, 15.08418, -1.99512],
							"size": [0.40034, 0.44007, 0.14024],
							"pivot": [1, 15.26256, -1.925],
							"rotation": [120, 0, -90],
							"uv": {
								"north": {"uv": [5, 29], "uv_size": [0.375, 0.4375]},
								"east": {"uv": [33, 32], "uv_size": [0.125, 0.4375]},
								"south": {"uv": [6, 29], "uv_size": [0.375, 0.4375]},
								"west": {"uv": [33, 33], "uv_size": [0.125, 0.4375]},
								"up": {"uv": [23, 34], "uv_size": [0.375, 0.125]},
								"down": {"uv": [34, 23.125], "uv_size": [0.375, -0.125]}
							}
						},
						{
							"origin": [0.89983, 15.08418, -1.99512],
							"size": [0.40034, 0.44007, 0.14024],
							"pivot": [1, 15.26256, -1.925],
							"rotation": [90, 0, -90],
							"uv": {
								"north": {"uv": [3, 29], "uv_size": [0.375, 0.4375]},
								"east": {"uv": [33, 31], "uv_size": [0.125, 0.4375]},
								"south": {"uv": [4, 29], "uv_size": [0.375, 0.4375]},
								"west": {"uv": [32, 33], "uv_size": [0.125, 0.4375]},
								"up": {"uv": [22, 34], "uv_size": [0.375, 0.125]},
								"down": {"uv": [34, 22.125], "uv_size": [0.375, -0.125]}
							}
						},
						{
							"origin": [0.89983, 15.08418, -1.99512],
							"size": [0.40034, 0.44007, 0.14024],
							"pivot": [1, 15.26256, -1.925],
							"rotation": [60, 0, -90],
							"uv": {
								"north": {"uv": [1, 29], "uv_size": [0.375, 0.4375]},
								"east": {"uv": [33, 30], "uv_size": [0.125, 0.4375]},
								"south": {"uv": [2, 29], "uv_size": [0.375, 0.4375]},
								"west": {"uv": [31, 33], "uv_size": [0.125, 0.4375]},
								"up": {"uv": [21, 34], "uv_size": [0.375, 0.125]},
								"down": {"uv": [34, 21.125], "uv_size": [0.375, -0.125]}
							}
						},
						{
							"origin": [0.89983, 15.08418, -1.99512],
							"size": [0.40034, 0.44007, 0.14024],
							"pivot": [1, 15.26256, -1.925],
							"rotation": [30, 0, -90],
							"uv": {
								"north": {"uv": [28, 28], "uv_size": [0.375, 0.4375]},
								"east": {"uv": [33, 29], "uv_size": [0.125, 0.4375]},
								"south": {"uv": [0, 29], "uv_size": [0.375, 0.4375]},
								"west": {"uv": [30, 33], "uv_size": [0.125, 0.4375]},
								"up": {"uv": [20, 34], "uv_size": [0.375, 0.125]},
								"down": {"uv": [34, 20.125], "uv_size": [0.375, -0.125]}
							}
						},
						{
							"origin": [0.89983, 15.08418, -1.99512],
							"size": [0.40034, 0.44007, 0.14024],
							"pivot": [1, 15.26256, -1.925],
							"rotation": [0, 0, -90],
							"uv": {
								"north": {"uv": [26, 28], "uv_size": [0.375, 0.4375]},
								"east": {"uv": [33, 28], "uv_size": [0.125, 0.4375]},
								"south": {"uv": [27, 28], "uv_size": [0.375, 0.4375]},
								"west": {"uv": [29, 33], "uv_size": [0.125, 0.4375]},
								"up": {"uv": [19, 34], "uv_size": [0.375, 0.125]},
								"down": {"uv": [34, 19.125], "uv_size": [0.375, -0.125]}
							}
						},
						{
							"origin": [0.89983, 15.08418, -1.99512],
							"size": [0.40034, 0.44007, 0.14024],
							"pivot": [1, 15.26256, -1.925],
							"rotation": [-30, 0, -90],
							"uv": {
								"north": {"uv": [24, 28], "uv_size": [0.375, 0.4375]},
								"east": {"uv": [33, 27], "uv_size": [0.125, 0.4375]},
								"south": {"uv": [25, 28], "uv_size": [0.375, 0.4375]},
								"west": {"uv": [28, 33], "uv_size": [0.125, 0.4375]},
								"up": {"uv": [18, 34], "uv_size": [0.375, 0.125]},
								"down": {"uv": [34, 18.125], "uv_size": [0.375, -0.125]}
							}
						},
						{
							"origin": [0.89983, 15.08418, -1.99512],
							"size": [0.40034, 0.44007, 0.14024],
							"pivot": [1, 15.26256, -1.925],
							"rotation": [-60, 0, -90],
							"uv": {
								"north": {"uv": [6, 28], "uv_size": [0.375, 0.4375]},
								"east": {"uv": [33, 26], "uv_size": [0.125, 0.4375]},
								"south": {"uv": [23, 28], "uv_size": [0.375, 0.4375]},
								"west": {"uv": [27, 33], "uv_size": [0.125, 0.4375]},
								"up": {"uv": [17, 34], "uv_size": [0.375, 0.125]},
								"down": {"uv": [34, 17.125], "uv_size": [0.375, -0.125]}
							}
						},
						{
							"origin": [2.28785, 15.88137, -1.986],
							"size": [1.4223, 0.03486, 0.122],
							"pivot": [2.375, 15.68856, -1.925],
							"rotation": [-60, 0, -90],
							"uv": {
								"north": {"uv": [31, 24], "uv_size": [1.4375, 0.0625]},
								"east": {"uv": [37, 2], "uv_size": [0.125, 0.0625]},
								"south": {"uv": [25, 31], "uv_size": [1.4375, 0.0625]},
								"west": {"uv": [3, 37], "uv_size": [0.125, 0.0625]},
								"up": {"uv": [17, 27], "uv_size": [1.4375, 0.125]},
								"down": {"uv": [19, 27.125], "uv_size": [1.4375, -0.125]}
							}
						},
						{
							"origin": [2.28785, 15.88137, -1.986],
							"size": [1.4223, 0.03486, 0.122],
							"pivot": [2.375, 15.68856, -1.925],
							"rotation": [-30, 0, -90],
							"uv": {
								"north": {"uv": [31, 25], "uv_size": [1.4375, 0.0625]},
								"east": {"uv": [37, 3], "uv_size": [0.125, 0.0625]},
								"south": {"uv": [31, 26], "uv_size": [1.4375, 0.0625]},
								"west": {"uv": [4, 37], "uv_size": [0.125, 0.0625]},
								"up": {"uv": [21, 27], "uv_size": [1.4375, 0.125]},
								"down": {"uv": [23, 27.125], "uv_size": [1.4375, -0.125]}
							}
						},
						{
							"origin": [2.28785, 15.88137, -1.986],
							"size": [1.4223, 0.03486, 0.122],
							"pivot": [2.375, 15.68856, -1.925],
							"rotation": [0, 0, -90],
							"uv": {
								"north": {"uv": [27, 31], "uv_size": [1.4375, 0.0625]},
								"east": {"uv": [37, 4], "uv_size": [0.125, 0.0625]},
								"south": {"uv": [31, 27], "uv_size": [1.4375, 0.0625]},
								"west": {"uv": [5, 37], "uv_size": [0.125, 0.0625]},
								"up": {"uv": [27, 23], "uv_size": [1.4375, 0.125]},
								"down": {"uv": [27, 24.125], "uv_size": [1.4375, -0.125]}
							}
						},
						{
							"origin": [2.28785, 15.88137, -1.986],
							"size": [1.4223, 0.03486, 0.122],
							"pivot": [2.375, 15.68856, -1.925],
							"rotation": [30, 0, -90],
							"uv": {
								"north": {"uv": [31, 28], "uv_size": [1.4375, 0.0625]},
								"east": {"uv": [37, 5], "uv_size": [0.125, 0.0625]},
								"south": {"uv": [29, 31], "uv_size": [1.4375, 0.0625]},
								"west": {"uv": [6, 37], "uv_size": [0.125, 0.0625]},
								"up": {"uv": [25, 27], "uv_size": [1.4375, 0.125]},
								"down": {"uv": [27, 25.125], "uv_size": [1.4375, -0.125]}
							}
						},
						{
							"origin": [2.28785, 15.88137, -1.986],
							"size": [1.4223, 0.03486, 0.122],
							"pivot": [2.375, 15.68856, -1.925],
							"rotation": [60, 0, -90],
							"uv": {
								"north": {"uv": [31, 29], "uv_size": [1.4375, 0.0625]},
								"east": {"uv": [37, 6], "uv_size": [0.125, 0.0625]},
								"south": {"uv": [31, 30], "uv_size": [1.4375, 0.0625]},
								"west": {"uv": [7, 37], "uv_size": [0.125, 0.0625]},
								"up": {"uv": [27, 26], "uv_size": [1.4375, 0.125]},
								"down": {"uv": [27, 27.125], "uv_size": [1.4375, -0.125]}
							}
						},
						{
							"origin": [2.28785, 15.88137, -1.986],
							"size": [1.4223, 0.03486, 0.122],
							"pivot": [2.375, 15.68856, -1.925],
							"rotation": [90, 0, -90],
							"uv": {
								"north": {"uv": [31, 31], "uv_size": [1.4375, 0.0625]},
								"east": {"uv": [37, 7], "uv_size": [0.125, 0.0625]},
								"south": {"uv": [0, 32], "uv_size": [1.4375, 0.0625]},
								"west": {"uv": [8, 37], "uv_size": [0.125, 0.0625]},
								"up": {"uv": [28, 0], "uv_size": [1.4375, 0.125]},
								"down": {"uv": [28, 1.125], "uv_size": [1.4375, -0.125]}
							}
						},
						{
							"origin": [2.28785, 15.88137, -1.986],
							"size": [1.4223, 0.03486, 0.122],
							"pivot": [2.375, 15.68856, -1.925],
							"rotation": [120, 0, -90],
							"uv": {
								"north": {"uv": [32, 0], "uv_size": [1.4375, 0.0625]},
								"east": {"uv": [37, 8], "uv_size": [0.125, 0.0625]},
								"south": {"uv": [32, 1], "uv_size": [1.4375, 0.0625]},
								"west": {"uv": [9, 37], "uv_size": [0.125, 0.0625]},
								"up": {"uv": [2, 28], "uv_size": [1.4375, 0.125]},
								"down": {"uv": [28, 2.125], "uv_size": [1.4375, -0.125]}
							}
						},
						{
							"origin": [2.28785, 15.88137, -1.986],
							"size": [1.4223, 0.03486, 0.122],
							"pivot": [2.375, 15.68856, -1.925],
							"rotation": [150, 0, -90],
							"uv": {
								"north": {"uv": [2, 32], "uv_size": [1.4375, 0.0625]},
								"east": {"uv": [37, 9], "uv_size": [0.125, 0.0625]},
								"south": {"uv": [32, 2], "uv_size": [1.4375, 0.0625]},
								"west": {"uv": [10, 37], "uv_size": [0.125, 0.0625]},
								"up": {"uv": [28, 3], "uv_size": [1.4375, 0.125]},
								"down": {"uv": [4, 28.125], "uv_size": [1.4375, -0.125]}
							}
						},
						{
							"origin": [2.28785, 15.88137, -1.986],
							"size": [1.4223, 0.03486, 0.122],
							"pivot": [2.375, 15.68856, -1.925],
							"rotation": [-180, 0, -90],
							"uv": {
								"north": {"uv": [4, 32], "uv_size": [1.4375, 0.0625]},
								"east": {"uv": [37, 10], "uv_size": [0.125, 0.0625]},
								"south": {"uv": [32, 5], "uv_size": [1.4375, 0.0625]},
								"west": {"uv": [11, 37], "uv_size": [0.125, 0.0625]},
								"up": {"uv": [28, 4], "uv_size": [1.4375, 0.125]},
								"down": {"uv": [28, 5.125], "uv_size": [1.4375, -0.125]}
							}
						},
						{
							"origin": [2.28785, 15.88137, -1.986],
							"size": [1.4223, 0.03486, 0.122],
							"pivot": [2.375, 15.68856, -1.925],
							"rotation": [-150, 0, -90],
							"uv": {
								"north": {"uv": [32, 6], "uv_size": [1.4375, 0.0625]},
								"east": {"uv": [37, 11], "uv_size": [0.125, 0.0625]},
								"south": {"uv": [32, 7], "uv_size": [1.4375, 0.0625]},
								"west": {"uv": [12, 37], "uv_size": [0.125, 0.0625]},
								"up": {"uv": [11, 28], "uv_size": [1.4375, 0.125]},
								"down": {"uv": [13, 28.125], "uv_size": [1.4375, -0.125]}
							}
						},
						{
							"origin": [2.28785, 15.88137, -1.986],
							"size": [1.4223, 0.03486, 0.122],
							"pivot": [2.375, 15.68856, -1.925],
							"rotation": [-120, 0, -90],
							"uv": {
								"north": {"uv": [32, 8], "uv_size": [1.4375, 0.0625]},
								"east": {"uv": [37, 12], "uv_size": [0.125, 0.0625]},
								"south": {"uv": [9, 32], "uv_size": [1.4375, 0.0625]},
								"west": {"uv": [13, 37], "uv_size": [0.125, 0.0625]},
								"up": {"uv": [15, 28], "uv_size": [1.4375, 0.125]},
								"down": {"uv": [17, 28.125], "uv_size": [1.4375, -0.125]}
							}
						},
						{
							"origin": [2.28785, 15.88137, -1.986],
							"size": [1.4223, 0.03486, 0.122],
							"pivot": [2.375, 15.68856, -1.925],
							"rotation": [-90, 0, -90],
							"uv": {
								"north": {"uv": [32, 9], "uv_size": [1.4375, 0.0625]},
								"east": {"uv": [37, 13], "uv_size": [0.125, 0.0625]},
								"south": {"uv": [32, 10], "uv_size": [1.4375, 0.0625]},
								"west": {"uv": [14, 37], "uv_size": [0.125, 0.0625]},
								"up": {"uv": [19, 28], "uv_size": [1.4375, 0.125]},
								"down": {"uv": [21, 28.125], "uv_size": [1.4375, -0.125]}
							}
						},
						{
							"origin": [2.30267, 16.75467, -1.97563],
							"size": [2.0805, 0.22893, 0.10126],
							"pivot": [2.375, 16.79464, -1.925],
							"rotation": [-90, 0, -90],
							"uv": {
								"north": {"uv": [20, 18], "uv_size": [2.0625, 0.25]},
								"east": {"uv": [35, 18], "uv_size": [0.125, 0.25]},
								"south": {"uv": [20, 19], "uv_size": [2.0625, 0.25]},
								"west": {"uv": [19, 35], "uv_size": [0.125, 0.25]},
								"up": {"uv": [5, 26], "uv_size": [2.0625, 0.125]},
								"down": {"uv": [26, 6.125], "uv_size": [2.0625, -0.125]}
							}
						},
						{
							"origin": [2.30267, 16.75467, -1.97563],
							"size": [2.0805, 0.22893, 0.10126],
							"pivot": [2.375, 16.79464, -1.925],
							"rotation": [-120, 0, -90],
							"uv": {
								"north": {"uv": [20, 20], "uv_size": [2.0625, 0.25]},
								"east": {"uv": [35, 19], "uv_size": [0.125, 0.25]},
								"south": {"uv": [21, 0], "uv_size": [2.0625, 0.25]},
								"west": {"uv": [20, 35], "uv_size": [0.125, 0.25]},
								"up": {"uv": [26, 7], "uv_size": [2.0625, 0.125]},
								"down": {"uv": [8, 26.125], "uv_size": [2.0625, -0.125]}
							}
						},
						{
							"origin": [2.30267, 16.75467, -1.97563],
							"size": [2.0805, 0.22893, 0.10126],
							"pivot": [2.375, 16.79464, -1.925],
							"rotation": [-150, 0, -90],
							"uv": {
								"north": {"uv": [21, 1], "uv_size": [2.0625, 0.25]},
								"east": {"uv": [35, 20], "uv_size": [0.125, 0.25]},
								"south": {"uv": [12, 21], "uv_size": [2.0625, 0.25]},
								"west": {"uv": [21, 35], "uv_size": [0.125, 0.25]},
								"up": {"uv": [26, 8], "uv_size": [2.0625, 0.125]},
								"down": {"uv": [26, 9.125], "uv_size": [2.0625, -0.125]}
							}
						},
						{
							"origin": [2.30267, 16.75467, -1.97563],
							"size": [2.0805, 0.22893, 0.10126],
							"pivot": [2.375, 16.79464, -1.925],
							"rotation": [-180, 0, -90],
							"uv": {
								"north": {"uv": [21, 13], "uv_size": [2.0625, 0.25]},
								"east": {"uv": [35, 21], "uv_size": [0.125, 0.25]},
								"south": {"uv": [21, 14], "uv_size": [2.0625, 0.25]},
								"west": {"uv": [22, 35], "uv_size": [0.125, 0.25]},
								"up": {"uv": [26, 10], "uv_size": [2.0625, 0.125]},
								"down": {"uv": [11, 26.125], "uv_size": [2.0625, -0.125]}
							}
						},
						{
							"origin": [2.30267, 16.75467, -1.97563],
							"size": [2.0805, 0.22893, 0.10126],
							"pivot": [2.375, 16.79464, -1.925],
							"rotation": [150, 0, -90],
							"uv": {
								"north": {"uv": [15, 21], "uv_size": [2.0625, 0.25]},
								"east": {"uv": [35, 22], "uv_size": [0.125, 0.25]},
								"south": {"uv": [19, 21], "uv_size": [2.0625, 0.25]},
								"west": {"uv": [23, 35], "uv_size": [0.125, 0.25]},
								"up": {"uv": [26, 11], "uv_size": [2.0625, 0.125]},
								"down": {"uv": [26, 12.125], "uv_size": [2.0625, -0.125]}
							}
						},
						{
							"origin": [2.30267, 16.75467, -1.97563],
							"size": [2.0805, 0.22893, 0.10126],
							"pivot": [2.375, 16.79464, -1.925],
							"rotation": [120, 0, -90],
							"uv": {
								"north": {"uv": [6, 22], "uv_size": [2.0625, 0.25]},
								"east": {"uv": [35, 23], "uv_size": [0.125, 0.25]},
								"south": {"uv": [9, 22], "uv_size": [2.0625, 0.25]},
								"west": {"uv": [24, 35], "uv_size": [0.125, 0.25]},
								"up": {"uv": [26, 13], "uv_size": [2.0625, 0.125]},
								"down": {"uv": [14, 26.125], "uv_size": [2.0625, -0.125]}
							}
						},
						{
							"origin": [2.30267, 16.75467, -1.97563],
							"size": [2.0805, 0.22893, 0.10126],
							"pivot": [2.375, 16.79464, -1.925],
							"rotation": [90, 0, -90],
							"uv": {
								"north": {"uv": [22, 10], "uv_size": [2.0625, 0.25]},
								"east": {"uv": [35, 24], "uv_size": [0.125, 0.25]},
								"south": {"uv": [22, 11], "uv_size": [2.0625, 0.25]},
								"west": {"uv": [25, 35], "uv_size": [0.125, 0.25]},
								"up": {"uv": [26, 14], "uv_size": [2.0625, 0.125]},
								"down": {"uv": [26, 15.125], "uv_size": [2.0625, -0.125]}
							}
						},
						{
							"origin": [2.30267, 16.75467, -1.97563],
							"size": [2.0805, 0.22893, 0.10126],
							"pivot": [2.375, 16.79464, -1.925],
							"rotation": [60, 0, -90],
							"uv": {
								"north": {"uv": [12, 22], "uv_size": [2.0625, 0.25]},
								"east": {"uv": [35, 25], "uv_size": [0.125, 0.25]},
								"south": {"uv": [22, 12], "uv_size": [2.0625, 0.25]},
								"west": {"uv": [26, 35], "uv_size": [0.125, 0.25]},
								"up": {"uv": [26, 16], "uv_size": [2.0625, 0.125]},
								"down": {"uv": [17, 26.125], "uv_size": [2.0625, -0.125]}
							}
						},
						{
							"origin": [2.30267, 16.75467, -1.97563],
							"size": [2.0805, 0.22893, 0.10126],
							"pivot": [2.375, 16.79464, -1.925],
							"rotation": [30, 0, -90],
							"uv": {
								"north": {"uv": [15, 22], "uv_size": [2.0625, 0.25]},
								"east": {"uv": [35, 26], "uv_size": [0.125, 0.25]},
								"south": {"uv": [18, 22], "uv_size": [2.0625, 0.25]},
								"west": {"uv": [27, 35], "uv_size": [0.125, 0.25]},
								"up": {"uv": [26, 17], "uv_size": [2.0625, 0.125]},
								"down": {"uv": [26, 18.125], "uv_size": [2.0625, -0.125]}
							}
						},
						{
							"origin": [2.30267, 16.75467, -1.97563],
							"size": [2.0805, 0.22893, 0.10126],
							"pivot": [2.375, 16.79464, -1.925],
							"rotation": [0, 0, -90],
							"uv": {
								"north": {"uv": [21, 22], "uv_size": [2.0625, 0.25]},
								"east": {"uv": [35, 27], "uv_size": [0.125, 0.25]},
								"south": {"uv": [22, 21], "uv_size": [2.0625, 0.25]},
								"west": {"uv": [28, 35], "uv_size": [0.125, 0.25]},
								"up": {"uv": [26, 19], "uv_size": [2.0625, 0.125]},
								"down": {"uv": [20, 26.125], "uv_size": [2.0625, -0.125]}
							}
						},
						{
							"origin": [2.30267, 16.75467, -1.97563],
							"size": [2.0805, 0.22893, 0.10126],
							"pivot": [2.375, 16.79464, -1.925],
							"rotation": [-30, 0, -90],
							"uv": {
								"north": {"uv": [23, 2], "uv_size": [2.0625, 0.25]},
								"east": {"uv": [35, 28], "uv_size": [0.125, 0.25]},
								"south": {"uv": [23, 3], "uv_size": [2.0625, 0.25]},
								"west": {"uv": [29, 35], "uv_size": [0.125, 0.25]},
								"up": {"uv": [26, 20], "uv_size": [2.0625, 0.125]},
								"down": {"uv": [26, 21.125], "uv_size": [2.0625, -0.125]}
							}
						},
						{
							"origin": [2.30267, 16.75467, -1.97563],
							"size": [2.0805, 0.22893, 0.10126],
							"pivot": [2.375, 16.79464, -1.925],
							"rotation": [-60, 0, -90],
							"uv": {
								"north": {"uv": [4, 23], "uv_size": [2.0625, 0.25]},
								"east": {"uv": [35, 29], "uv_size": [0.125, 0.25]},
								"south": {"uv": [23, 4], "uv_size": [2.0625, 0.25]},
								"west": {"uv": [30, 35], "uv_size": [0.125, 0.25]},
								"up": {"uv": [26, 22], "uv_size": [2.0625, 0.125]},
								"down": {"uv": [23, 26.125], "uv_size": [2.0625, -0.125]}
							}
						}
					]
				},
				{
					"name": "constraint",
					"parent": "nagisa118",
					"pivot": [2.15, 14.425, -22.825]
				},
				{
					"name": "main",
					"parent": "nagisa118",
					"pivot": [1.80021, 12.66852, 0.20224],
					"cubes": [
						{
							"origin": [0.65993, 10.00408, -2.59272],
							"size": [2.13, 4.95, 1.32],
							"uv": {
								"north": {"uv": [12, 4], "uv_size": [2.125, 4.9375]},
								"east": {"uv": [12, 9], "uv_size": [1.3125, 4.9375]},
								"south": {"uv": [8, 12], "uv_size": [2.125, 4.9375]},
								"west": {"uv": [14, 9], "uv_size": [1.3125, 4.9375]},
								"up": {"uv": [15, 14], "uv_size": [2.125, 1.3125]},
								"down": {"uv": [16, 1.3125], "uv_size": [2.125, -1.3125]}
							}
						},
						{
							"origin": [0.78493, 10.05408, -1.39272],
							"size": [0.855, 1.1, 0.1],
							"pivot": [1.23743, 10.62908, -1.33222],
							"rotation": [0, 180, 0],
							"uv": {
								"north": {"uv": [0, 47.3125], "uv_size": [14.125, 16.6875]},
								"east": {"uv": [15, 30], "uv_size": [0.125, 1.0625]},
								"south": {"uv": [56.8125, 0], "uv_size": [7.1875, 6.25]},
								"west": {"uv": [30, 15], "uv_size": [0.125, 1.0625]},
								"up": {"uv": [30, 20], "uv_size": [1, 0.125]},
								"down": {"uv": [21, 30.125], "uv_size": [1, -0.125]}
							}
						},
						{
							"origin": [0.65993, 14.95408, -2.28622],
							"size": [2.13, 0.30649, 0.707],
							"uv": {
								"north": {"uv": [12, 20], "uv_size": [2.125, 0.3125]},
								"east": {"uv": [2, 27], "uv_size": [0.6875, 0.3125]},
								"south": {"uv": [20, 15], "uv_size": [2.125, 0.3125]},
								"west": {"uv": [27, 2], "uv_size": [0.6875, 0.3125]},
								"up": {"uv": [19, 10], "uv_size": [2.125, 0.6875]},
								"down": {"uv": [19, 11.6875], "uv_size": [2.125, -0.6875]}
							}
						},
						{
							"origin": [0.65993, 15.02071, -1.67857],
							"size": [2.13, 0.19531, 0.43344],
							"pivot": [1.80073, 15.11836, -1.57512],
							"rotation": [-45, 0, 0],
							"uv": {
								"north": {"uv": [7, 23], "uv_size": [2.125, 0.1875]},
								"east": {"uv": [6, 32], "uv_size": [0.4375, 0.1875]},
								"south": {"uv": [23, 7], "uv_size": [2.125, 0.1875]},
								"west": {"uv": [11, 32], "uv_size": [0.4375, 0.1875]},
								"up": {"uv": [20, 2], "uv_size": [2.125, 0.4375]},
								"down": {"uv": [20, 3.4375], "uv_size": [2.125, -0.4375]}
							}
						},
						{
							"origin": [0.65993, 15.02071, -2.62031],
							"size": [2.13, 0.19532, 0.43344],
							"pivot": [1.80073, 15.11836, -2.29031],
							"rotation": [45, 0, 0],
							"uv": {
								"north": {"uv": [23, 8], "uv_size": [2.125, 0.1875]},
								"east": {"uv": [32, 12], "uv_size": [0.4375, 0.1875]},
								"south": {"uv": [23, 9], "uv_size": [2.125, 0.1875]},
								"west": {"uv": [13, 32], "uv_size": [0.4375, 0.1875]},
								"up": {"uv": [20, 4], "uv_size": [2.125, 0.4375]},
								"down": {"uv": [20, 5.4375], "uv_size": [2.125, -0.4375]}
							}
						},
						{
							"origin": [0.34479, 14.91092, -2.26272],
							"size": [0.43484, 0.198, 0.66],
							"pivot": [0.56221, 15.00992, -1.93272],
							"rotation": [0, 0, -38],
							"uv": {
								"north": {"uv": [32, 11], "uv_size": [0.4375, 0.1875]},
								"east": {"uv": [16, 30], "uv_size": [0.6875, 0.1875]},
								"south": {"uv": [12, 32], "uv_size": [0.4375, 0.1875]},
								"west": {"uv": [17, 30], "uv_size": [0.6875, 0.1875]},
								"up": {"uv": [6, 24], "uv_size": [0.4375, 0.6875]},
								"down": {"uv": [24, 6.6875], "uv_size": [0.4375, -0.6875]}
							}
						},
						{
							"origin": [2.67024, 14.91092, -2.26272],
							"size": [0.43483, 0.198, 0.66],
							"pivot": [2.88766, 15.00992, -1.93272],
							"rotation": [0, 0, 38],
							"uv": {
								"north": {"uv": [32, 13], "uv_size": [0.4375, 0.1875]},
								"east": {"uv": [30, 17], "uv_size": [0.6875, 0.1875]},
								"south": {"uv": [14, 32], "uv_size": [0.4375, 0.1875]},
								"west": {"uv": [18, 30], "uv_size": [0.6875, 0.1875]},
								"up": {"uv": [7, 24], "uv_size": [0.4375, 0.6875]},
								"down": {"uv": [8, 24.6875], "uv_size": [0.4375, -0.6875]}
							}
						},
						{
							"origin": [0.65993, 9.69758, -2.28622],
							"size": [2.13, 0.3065, 0.70701],
							"uv": {
								"north": {"uv": [20, 16], "uv_size": [2.125, 0.3125]},
								"east": {"uv": [27, 5], "uv_size": [0.6875, 0.3125]},
								"south": {"uv": [20, 17], "uv_size": [2.125, 0.3125]},
								"west": {"uv": [6, 27], "uv_size": [0.6875, 0.3125]},
								"up": {"uv": [12, 19], "uv_size": [2.125, 0.6875]},
								"down": {"uv": [19, 12.6875], "uv_size": [2.125, -0.6875]}
							}
						},
						{
							"origin": [0.65993, 9.74213, -1.67856],
							"size": [2.13, 0.19531, 0.43344],
							"pivot": [1.80073, 9.83979, -1.57512],
							"rotation": [45, 0, 0],
							"uv": {
								"north": {"uv": [23, 15], "uv_size": [2.125, 0.1875]},
								"east": {"uv": [32, 17], "uv_size": [0.4375, 0.1875]},
								"south": {"uv": [16, 23], "uv_size": [2.125, 0.1875]},
								"west": {"uv": [18, 32], "uv_size": [0.4375, 0.1875]},
								"up": {"uv": [20, 8], "uv_size": [2.125, 0.4375]},
								"down": {"uv": [20, 9.4375], "uv_size": [2.125, -0.4375]}
							}
						},
						{
							"origin": [0.34479, 9.84923, -2.26271],
							"size": [0.43484, 0.198, 0.66],
							"pivot": [0.56221, 9.94823, -1.93271],
							"rotation": [0, 0, 38],
							"uv": {
								"north": {"uv": [32, 16], "uv_size": [0.4375, 0.1875]},
								"east": {"uv": [30, 19], "uv_size": [0.6875, 0.1875]},
								"south": {"uv": [17, 32], "uv_size": [0.4375, 0.1875]},
								"west": {"uv": [20, 30], "uv_size": [0.6875, 0.1875]},
								"up": {"uv": [11, 24], "uv_size": [0.4375, 0.6875]},
								"down": {"uv": [12, 24.6875], "uv_size": [0.4375, -0.6875]}
							}
						},
						{
							"origin": [0.65993, 9.74212, -2.6203],
							"size": [2.13, 0.19532, 0.43344],
							"pivot": [1.80073, 9.83979, -2.2903],
							"rotation": [-45, 0, 0],
							"uv": {
								"north": {"uv": [10, 23], "uv_size": [2.125, 0.1875]},
								"east": {"uv": [32, 15], "uv_size": [0.4375, 0.1875]},
								"south": {"uv": [13, 23], "uv_size": [2.125, 0.1875]},
								"west": {"uv": [16, 32], "uv_size": [0.4375, 0.1875]},
								"up": {"uv": [20, 6], "uv_size": [2.125, 0.4375]},
								"down": {"uv": [20, 7.4375], "uv_size": [2.125, -0.4375]}
							}
						},
						{
							"origin": [2.67024, 9.84923, -2.26271],
							"size": [0.43483, 0.198, 0.66],
							"pivot": [2.88766, 9.94823, -1.93271],
							"rotation": [0, 0, -38],
							"uv": {
								"north": {"uv": [32, 14], "uv_size": [0.4375, 0.1875]},
								"east": {"uv": [30, 18], "uv_size": [0.6875, 0.1875]},
								"south": {"uv": [15, 32], "uv_size": [0.4375, 0.1875]},
								"west": {"uv": [19, 30], "uv_size": [0.6875, 0.1875]},
								"up": {"uv": [9, 24], "uv_size": [0.4375, 0.6875]},
								"down": {"uv": [10, 24.6875], "uv_size": [0.4375, -0.6875]}
							}
						},
						{
							"origin": [0.32993, 10.00408, -2.26272],
							"size": [0.33, 4.95, 0.66],
							"uv": {
								"north": {"uv": [17, 9], "uv_size": [0.3125, 4.9375]},
								"east": {"uv": [11, 12], "uv_size": [0.6875, 4.9375]},
								"south": {"uv": [10, 17], "uv_size": [0.3125, 4.9375]},
								"west": {"uv": [12, 14], "uv_size": [0.6875, 4.9375]},
								"up": {"uv": [3, 27], "uv_size": [0.3125, 0.6875]},
								"down": {"uv": [27, 3.6875], "uv_size": [0.3125, -0.6875]}
							}
						},
						{
							"origin": [2.84007, 13.72908, -2.11272],
							"size": [0.43, 0.95, 0.36],
							"uv": {
								"north": {"uv": [6, 21], "uv_size": [0.4375, 0.9375]},
								"east": {"uv": [23, 20], "uv_size": [0.375, 0.9375]},
								"south": {"uv": [7, 21], "uv_size": [0.4375, 0.9375]},
								"west": {"uv": [21, 23], "uv_size": [0.375, 0.9375]},
								"up": {"uv": [29, 11], "uv_size": [0.4375, 0.375]},
								"down": {"uv": [12, 29.375], "uv_size": [0.4375, -0.375]}
							}
						},
						{
							"origin": [2.87652, 14.51606, -2.11272],
							"size": [0.43, 0.2, 0.36],
							"pivot": [3.09152, 14.55356, -1.93272],
							"rotation": [0, 0, -45],
							"uv": {
								"north": {"uv": [32, 18], "uv_size": [0.4375, 0.1875]},
								"east": {"uv": [10, 33], "uv_size": [0.375, 0.1875]},
								"south": {"uv": [19, 32], "uv_size": [0.4375, 0.1875]},
								"west": {"uv": [11, 33], "uv_size": [0.375, 0.1875]},
								"up": {"uv": [29, 12], "uv_size": [0.4375, 0.375]},
								"down": {"uv": [13, 29.375], "uv_size": [0.4375, -0.375]}
							}
						},
						{
							"origin": [2.87652, 13.69209, -2.11272],
							"size": [0.43, 0.2, 0.36],
							"pivot": [3.09152, 13.85459, -1.93272],
							"rotation": [0, 0, 45],
							"uv": {
								"north": {"uv": [32, 19], "uv_size": [0.4375, 0.1875]},
								"east": {"uv": [33, 11], "uv_size": [0.375, 0.1875]},
								"south": {"uv": [20, 32], "uv_size": [0.4375, 0.1875]},
								"west": {"uv": [12, 33], "uv_size": [0.375, 0.1875]},
								"up": {"uv": [29, 13], "uv_size": [0.4375, 0.375]},
								"down": {"uv": [14, 29.375], "uv_size": [0.4375, -0.375]}
							}
						},
						{
							"origin": [2.84007, 12.32908, -2.11272],
							"size": [0.43, 0.95, 0.36],
							"uv": {
								"north": {"uv": [23, 5], "uv_size": [0.4375, 0.9375]},
								"east": {"uv": [22, 23], "uv_size": [0.375, 0.9375]},
								"south": {"uv": [23, 6], "uv_size": [0.4375, 0.9375]},
								"west": {"uv": [23, 23], "uv_size": [0.375, 0.9375]},
								"up": {"uv": [29, 16], "uv_size": [0.4375, 0.375]},
								"down": {"uv": [17, 29.375], "uv_size": [0.4375, -0.375]}
							}
						},
						{
							"origin": [2.87652, 13.11606, -2.11272],
							"size": [0.43, 0.2, 0.36],
							"pivot": [3.09152, 13.15356, -1.93272],
							"rotation": [0, 0, -45],
							"uv": {
								"north": {"uv": [32, 21], "uv_size": [0.4375, 0.1875]},
								"east": {"uv": [33, 13], "uv_size": [0.375, 0.1875]},
								"south": {"uv": [22, 32], "uv_size": [0.4375, 0.1875]},
								"west": {"uv": [14, 33], "uv_size": [0.375, 0.1875]},
								"up": {"uv": [29, 15], "uv_size": [0.4375, 0.375]},
								"down": {"uv": [16, 29.375], "uv_size": [0.4375, -0.375]}
							}
						},
						{
							"origin": [2.87652, 12.29209, -2.11272],
							"size": [0.43, 0.2, 0.36],
							"pivot": [3.09152, 12.45459, -1.93272],
							"rotation": [0, 0, 45],
							"uv": {
								"north": {"uv": [32, 20], "uv_size": [0.4375, 0.1875]},
								"east": {"uv": [33, 12], "uv_size": [0.375, 0.1875]},
								"south": {"uv": [21, 32], "uv_size": [0.4375, 0.1875]},
								"west": {"uv": [13, 33], "uv_size": [0.375, 0.1875]},
								"up": {"uv": [29, 14], "uv_size": [0.4375, 0.375]},
								"down": {"uv": [15, 29.375], "uv_size": [0.4375, -0.375]}
							}
						},
						{
							"origin": [2.78993, 10.00408, -2.26272],
							"size": [0.33, 4.95, 0.66],
							"uv": {
								"north": {"uv": [11, 17], "uv_size": [0.3125, 4.9375]},
								"east": {"uv": [13, 14], "uv_size": [0.6875, 4.9375]},
								"south": {"uv": [17, 16], "uv_size": [0.3125, 4.9375]},
								"west": {"uv": [14, 14], "uv_size": [0.6875, 4.9375]},
								"up": {"uv": [27, 4], "uv_size": [0.3125, 0.6875]},
								"down": {"uv": [5, 27.6875], "uv_size": [0.3125, -0.6875]}
							}
						},
						{
							"origin": [0.37826, 10.00408, -1.75943],
							"size": [0.33, 4.95, 0.46669],
							"pivot": [0.54326, 12.47908, -1.62274],
							"rotation": [0, 45, 0],
							"uv": {
								"north": {"uv": [18, 2], "uv_size": [0.3125, 4.9375]},
								"east": {"uv": [6, 16], "uv_size": [0.4375, 4.9375]},
								"south": {"uv": [4, 18], "uv_size": [0.3125, 4.9375]},
								"west": {"uv": [7, 16], "uv_size": [0.4375, 4.9375]},
								"up": {"uv": [11, 30], "uv_size": [0.3125, 0.4375]},
								"down": {"uv": [30, 11.4375], "uv_size": [0.3125, -0.4375]}
							}
						},
						{
							"origin": [2.74161, 10.00408, -1.75943],
							"size": [0.33, 4.95, 0.46669],
							"pivot": [2.90661, 12.47908, -1.62274],
							"rotation": [0, -45, 0],
							"uv": {
								"north": {"uv": [5, 18], "uv_size": [0.3125, 4.9375]},
								"east": {"uv": [16, 8], "uv_size": [0.4375, 4.9375]},
								"south": {"uv": [18, 7], "uv_size": [0.3125, 4.9375]},
								"west": {"uv": [15, 16], "uv_size": [0.4375, 4.9375]},
								"up": {"uv": [12, 30], "uv_size": [0.3125, 0.4375]},
								"down": {"uv": [30, 12.4375], "uv_size": [0.3125, -0.4375]}
							}
						},
						{
							"origin": [2.60491, 10.00408, -2.51608],
							"size": [0.33, 4.95, 0.46669],
							"pivot": [2.76991, 12.47908, -2.37939],
							"rotation": [0, 45, 0],
							"uv": {
								"north": {"uv": [18, 12], "uv_size": [0.3125, 4.9375]},
								"east": {"uv": [16, 16], "uv_size": [0.4375, 4.9375]},
								"south": {"uv": [18, 17], "uv_size": [0.3125, 4.9375]},
								"west": {"uv": [17, 4], "uv_size": [0.4375, 4.9375]},
								"up": {"uv": [13, 30], "uv_size": [0.3125, 0.4375]},
								"down": {"uv": [30, 13.4375], "uv_size": [0.3125, -0.4375]}
							}
						},
						{
							"origin": [0.51496, 10.00408, -2.51608],
							"size": [0.33, 4.95, 0.46669],
							"pivot": [0.67996, 12.47908, -2.37939],
							"rotation": [0, -45, 0],
							"uv": {
								"north": {"uv": [19, 0], "uv_size": [0.3125, 4.9375]},
								"east": {"uv": [8, 17], "uv_size": [0.4375, 4.9375]},
								"south": {"uv": [19, 5], "uv_size": [0.3125, 4.9375]},
								"west": {"uv": [9, 17], "uv_size": [0.4375, 4.9375]},
								"up": {"uv": [14, 30], "uv_size": [0.3125, 0.4375]},
								"down": {"uv": [30, 14.4375], "uv_size": [0.3125, -0.4375]}
							}
						}
					]
				},
				{
					"name": "keyboard",
					"parent": "main",
					"pivot": [1.79993, -0.88592, -2.59272],
					"cubes": [
						{
							"origin": [0.75993, 11.22908, -1.89272],
							"size": [1.93, 1.675, 0.645],
							"uv": {
								"north": {"uv": [15, 4], "uv_size": [1.9375, 1.6875]},
								"east": {"uv": [19, 19], "uv_size": [0.625, 1.6875]},
								"south": {"uv": [15, 6], "uv_size": [1.9375, 1.6875]},
								"west": {"uv": [20, 0], "uv_size": [0.625, 1.6875]},
								"up": {"uv": [19, 13], "uv_size": [1.9375, 0.625]},
								"down": {"uv": [19, 14.625], "uv_size": [1.9375, -0.625]}
							}
						}
					]
				},
				{
					"name": "keyboard2",
					"parent": "main",
					"pivot": [1.79993, -0.78592, -2.59272],
					"cubes": [
						{
							"origin": [1.73493, 12.05408, -1.89272],
							"size": [0.38, 0.35, 0.745],
							"uv": {
								"north": {"uv": [0, 30], "uv_size": [0.375, 0.375]},
								"east": {"uv": [24, 18], "uv_size": [0.75, 0.375]},
								"south": {"uv": [30, 0], "uv_size": [0.375, 0.375]},
								"west": {"uv": [24, 19], "uv_size": [0.75, 0.375]},
								"up": {"uv": [24, 20], "uv_size": [0.375, 0.75]},
								"down": {"uv": [21, 24.75], "uv_size": [0.375, -0.75]}
							}
						},
						{
							"origin": [1.73493, 11.62908, -1.89272],
							"size": [0.38, 0.35, 0.745],
							"uv": {
								"north": {"uv": [2, 30], "uv_size": [0.375, 0.375]},
								"east": {"uv": [24, 24], "uv_size": [0.75, 0.375]},
								"south": {"uv": [30, 2], "uv_size": [0.375, 0.375]},
								"west": {"uv": [0, 25], "uv_size": [0.75, 0.375]},
								"up": {"uv": [1, 25], "uv_size": [0.375, 0.75]},
								"down": {"uv": [2, 25.75], "uv_size": [0.375, -0.75]}
							}
						},
						{
							"origin": [1.73493, 11.30408, -1.89272],
							"size": [0.38, 0.275, 0.745],
							"uv": {
								"north": {"uv": [31, 21], "uv_size": [0.375, 0.25]},
								"east": {"uv": [11, 27], "uv_size": [0.75, 0.25]},
								"south": {"uv": [22, 31], "uv_size": [0.375, 0.25]},
								"west": {"uv": [12, 27], "uv_size": [0.75, 0.25]},
								"up": {"uv": [3, 25], "uv_size": [0.375, 0.75]},
								"down": {"uv": [4, 25.75], "uv_size": [0.375, -0.75]}
							}
						},
						{
							"origin": [1.28493, 12.05408, -1.89272],
							"size": [0.38, 0.35, 0.745],
							"uv": {
								"north": {"uv": [8, 30], "uv_size": [0.375, 0.375]},
								"east": {"uv": [25, 22], "uv_size": [0.75, 0.375]},
								"south": {"uv": [30, 8], "uv_size": [0.375, 0.375]},
								"west": {"uv": [23, 25], "uv_size": [0.75, 0.375]},
								"up": {"uv": [25, 23], "uv_size": [0.375, 0.75]},
								"down": {"uv": [24, 25.75], "uv_size": [0.375, -0.75]}
							}
						},
						{
							"origin": [1.28493, 11.62908, -1.89272],
							"size": [0.38, 0.35, 0.745],
							"uv": {
								"north": {"uv": [6, 30], "uv_size": [0.375, 0.375]},
								"east": {"uv": [25, 18], "uv_size": [0.75, 0.375]},
								"south": {"uv": [30, 6], "uv_size": [0.375, 0.375]},
								"west": {"uv": [19, 25], "uv_size": [0.75, 0.375]},
								"up": {"uv": [25, 19], "uv_size": [0.375, 0.75]},
								"down": {"uv": [20, 25.75], "uv_size": [0.375, -0.75]}
							}
						},
						{
							"origin": [1.28493, 11.30408, -1.89272],
							"size": [0.38, 0.275, 0.745],
							"uv": {
								"north": {"uv": [31, 23], "uv_size": [0.375, 0.25]},
								"east": {"uv": [15, 27], "uv_size": [0.75, 0.25]},
								"south": {"uv": [24, 31], "uv_size": [0.375, 0.25]},
								"west": {"uv": [16, 27], "uv_size": [0.75, 0.25]},
								"up": {"uv": [25, 16], "uv_size": [0.375, 0.75]},
								"down": {"uv": [25, 17.75], "uv_size": [0.375, -0.75]}
							}
						},
						{
							"origin": [0.83493, 12.05408, -1.89272],
							"size": [0.38, 0.35, 0.745],
							"uv": {
								"north": {"uv": [10, 30], "uv_size": [0.375, 0.375]},
								"east": {"uv": [2, 26], "uv_size": [0.75, 0.375]},
								"south": {"uv": [30, 10], "uv_size": [0.375, 0.375]},
								"west": {"uv": [26, 2], "uv_size": [0.75, 0.375]},
								"up": {"uv": [3, 26], "uv_size": [0.375, 0.75]},
								"down": {"uv": [26, 3.75], "uv_size": [0.375, -0.75]}
							}
						},
						{
							"origin": [0.83493, 11.30408, -1.89272],
							"size": [0.38, 0.675, 0.745],
							"uv": {
								"north": {"uv": [26, 23], "uv_size": [0.375, 0.6875]},
								"east": {"uv": [15, 8], "uv_size": [0.75, 0.6875]},
								"south": {"uv": [26, 24], "uv_size": [0.375, 0.6875]},
								"west": {"uv": [16, 13], "uv_size": [0.75, 0.6875]},
								"up": {"uv": [25, 24], "uv_size": [0.375, 0.75]},
								"down": {"uv": [25, 25.75], "uv_size": [0.375, -0.75]}
							}
						},
						{
							"origin": [2.18493, 11.30408, -1.89272],
							"size": [0.38, 0.275, 0.745],
							"uv": {
								"north": {"uv": [31, 22], "uv_size": [0.375, 0.25]},
								"east": {"uv": [13, 27], "uv_size": [0.75, 0.25]},
								"south": {"uv": [23, 31], "uv_size": [0.375, 0.25]},
								"west": {"uv": [14, 27], "uv_size": [0.75, 0.25]},
								"up": {"uv": [25, 13], "uv_size": [0.375, 0.75]},
								"down": {"uv": [25, 14.75], "uv_size": [0.375, -0.75]}
							}
						},
						{
							"origin": [2.18493, 11.62908, -1.89272],
							"size": [0.38, 0.35, 0.745],
							"uv": {
								"north": {"uv": [5, 30], "uv_size": [0.375, 0.375]},
								"east": {"uv": [11, 25], "uv_size": [0.75, 0.375]},
								"south": {"uv": [30, 5], "uv_size": [0.375, 0.375]},
								"west": {"uv": [25, 11], "uv_size": [0.75, 0.375]},
								"up": {"uv": [12, 25], "uv_size": [0.375, 0.75]},
								"down": {"uv": [25, 12.75], "uv_size": [0.375, -0.75]}
							}
						},
						{
							"origin": [2.18493, 12.05408, -1.89272],
							"size": [0.38, 0.35, 0.745],
							"uv": {
								"north": {"uv": [4, 30], "uv_size": [0.375, 0.375]},
								"east": {"uv": [8, 25], "uv_size": [0.75, 0.375]},
								"south": {"uv": [30, 4], "uv_size": [0.375, 0.375]},
								"west": {"uv": [9, 25], "uv_size": [0.75, 0.375]},
								"up": {"uv": [10, 25], "uv_size": [0.375, 0.75]},
								"down": {"uv": [25, 10.75], "uv_size": [0.375, -0.75]}
							}
						}
					]
				},
				{
					"name": "keyboard3",
					"parent": "main",
					"pivot": [1.79993, -0.33592, -2.59272],
					"cubes": [
						{
							"origin": [1.73493, 12.47908, -1.89272],
							"size": [0.38, 0.35, 0.745],
							"uv": {
								"north": {"uv": [1, 30], "uv_size": [0.375, 0.375]},
								"east": {"uv": [22, 24], "uv_size": [0.75, 0.375]},
								"south": {"uv": [30, 1], "uv_size": [0.375, 0.375]},
								"west": {"uv": [24, 22], "uv_size": [0.75, 0.375]},
								"up": {"uv": [23, 24], "uv_size": [0.375, 0.75]},
								"down": {"uv": [24, 23.75], "uv_size": [0.375, -0.75]}
							}
						},
						{
							"origin": [1.28493, 12.47908, -1.89272],
							"size": [0.38, 0.35, 0.745],
							"uv": {
								"north": {"uv": [7, 30], "uv_size": [0.375, 0.375]},
								"east": {"uv": [25, 20], "uv_size": [0.75, 0.375]},
								"south": {"uv": [30, 7], "uv_size": [0.375, 0.375]},
								"west": {"uv": [21, 25], "uv_size": [0.75, 0.375]},
								"up": {"uv": [25, 21], "uv_size": [0.375, 0.75]},
								"down": {"uv": [22, 25.75], "uv_size": [0.375, -0.75]}
							}
						},
						{
							"origin": [0.83493, 12.47908, -1.89272],
							"size": [0.38, 0.35, 0.745],
							"uv": {
								"north": {"uv": [9, 30], "uv_size": [0.375, 0.375]},
								"east": {"uv": [0, 26], "uv_size": [0.75, 0.375]},
								"south": {"uv": [30, 9], "uv_size": [0.375, 0.375]},
								"west": {"uv": [26, 0], "uv_size": [0.75, 0.375]},
								"up": {"uv": [1, 26], "uv_size": [0.375, 0.75]},
								"down": {"uv": [26, 1.75], "uv_size": [0.375, -0.75]}
							}
						},
						{
							"origin": [2.18493, 12.47908, -1.89272],
							"size": [0.38, 0.35, 0.745],
							"uv": {
								"north": {"uv": [3, 30], "uv_size": [0.375, 0.375]},
								"east": {"uv": [5, 25], "uv_size": [0.75, 0.375]},
								"south": {"uv": [30, 3], "uv_size": [0.375, 0.375]},
								"west": {"uv": [6, 25], "uv_size": [0.75, 0.375]},
								"up": {"uv": [25, 6], "uv_size": [0.375, 0.75]},
								"down": {"uv": [7, 25.75], "uv_size": [0.375, -0.75]}
							}
						}
					]
				},
				{
					"name": "monitor",
					"parent": "main",
					"pivot": [1.79993, -2.08592, -2.59272],
					"cubes": [
						{
							"origin": [0.75993, 13.07908, -1.39272],
							"size": [0.08, 1.55, 0.195],
							"uv": {
								"north": {"uv": [31, 5], "uv_size": [0.0625, 1.5625]},
								"east": {"uv": [13, 24], "uv_size": [0.1875, 1.5625]},
								"south": {"uv": [7, 31], "uv_size": [0.0625, 1.5625]},
								"west": {"uv": [24, 13], "uv_size": [0.1875, 1.5625]},
								"up": {"uv": [23, 36], "uv_size": [0.0625, 0.1875]},
								"down": {"uv": [36, 23.1875], "uv_size": [0.0625, -0.1875]}
							}
						},
						{
							"origin": [0.71791, 13.07907, -1.41012],
							"size": [0.13, 1.55, 0.195],
							"pivot": [0.78291, 13.85407, -1.31262],
							"rotation": [0, -45, 0],
							"uv": {
								"north": {"uv": [7, 27], "uv_size": [0.125, 1.5625]},
								"east": {"uv": [14, 24], "uv_size": [0.1875, 1.5625]},
								"south": {"uv": [8, 27], "uv_size": [0.125, 1.5625]},
								"west": {"uv": [15, 24], "uv_size": [0.1875, 1.5625]},
								"up": {"uv": [35, 30], "uv_size": [0.125, 0.1875]},
								"down": {"uv": [31, 35.1875], "uv_size": [0.125, -0.1875]}
							}
						},
						{
							"origin": [2.60195, 13.07907, -1.41012],
							"size": [0.13, 1.55, 0.195],
							"pivot": [2.66695, 13.85407, -1.31262],
							"rotation": [0, 45, 0],
							"uv": {
								"north": {"uv": [9, 27], "uv_size": [0.125, 1.5625]},
								"east": {"uv": [16, 24], "uv_size": [0.1875, 1.5625]},
								"south": {"uv": [10, 27], "uv_size": [0.125, 1.5625]},
								"west": {"uv": [24, 16], "uv_size": [0.1875, 1.5625]},
								"up": {"uv": [35, 31], "uv_size": [0.125, 0.1875]},
								"down": {"uv": [32, 35.1875], "uv_size": [0.125, -0.1875]}
							}
						},
						{
							"origin": [1.46993, 13.83109, -1.41012],
							"size": [0.13, 1.93, 0.195],
							"pivot": [1.53493, 14.60609, -1.31262],
							"rotation": [0, -45, 90],
							"uv": {
								"north": {"uv": [26, 25], "uv_size": [0.125, 1.9375]},
								"east": {"uv": [23, 16], "uv_size": [0.1875, 1.9375]},
								"south": {"uv": [0, 27], "uv_size": [0.125, 1.9375]},
								"west": {"uv": [23, 18], "uv_size": [0.1875, 1.9375]},
								"up": {"uv": [35, 32], "uv_size": [0.125, 0.1875]},
								"down": {"uv": [33, 35.1875], "uv_size": [0.125, -0.1875]}
							}
						},
						{
							"origin": [1.46993, 11.94706, -1.41012],
							"size": [0.13, 1.93, 0.195],
							"pivot": [1.53493, 13.10206, -1.31262],
							"rotation": [0, -45, -90],
							"uv": {
								"north": {"uv": [27, 0], "uv_size": [0.125, 1.9375]},
								"east": {"uv": [19, 23], "uv_size": [0.1875, 1.9375]},
								"south": {"uv": [1, 27], "uv_size": [0.125, 1.9375]},
								"west": {"uv": [20, 23], "uv_size": [0.1875, 1.9375]},
								"up": {"uv": [35, 33], "uv_size": [0.125, 0.1875]},
								"down": {"uv": [34, 35.1875], "uv_size": [0.125, -0.1875]}
							}
						},
						{
							"origin": [2.60993, 13.07908, -1.39272],
							"size": [0.08, 1.55, 0.195],
							"uv": {
								"north": {"uv": [31, 7], "uv_size": [0.0625, 1.5625]},
								"east": {"uv": [17, 24], "uv_size": [0.1875, 1.5625]},
								"south": {"uv": [8, 31], "uv_size": [0.0625, 1.5625]},
								"west": {"uv": [18, 24], "uv_size": [0.1875, 1.5625]},
								"up": {"uv": [24, 36], "uv_size": [0.0625, 0.1875]},
								"down": {"uv": [36, 24.1875], "uv_size": [0.0625, -0.1875]}
							}
						},
						{
							"origin": [0.80993, 14.55408, -1.39272],
							"size": [1.83, 0.075, 0.195],
							"uv": {
								"north": {"uv": [3, 31], "uv_size": [1.8125, 0.0625]},
								"east": {"uv": [25, 36], "uv_size": [0.1875, 0.0625]},
								"south": {"uv": [31, 3], "uv_size": [1.8125, 0.0625]},
								"west": {"uv": [36, 25], "uv_size": [0.1875, 0.0625]},
								"up": {"uv": [0, 24], "uv_size": [1.8125, 0.1875]},
								"down": {"uv": [24, 0.1875], "uv_size": [1.8125, -0.1875]}
							}
						},
						{
							"origin": [0.80993, 13.07908, -1.39272],
							"size": [1.83, 0.075, 0.195],
							"uv": {
								"north": {"uv": [31, 4], "uv_size": [1.8125, 0.0625]},
								"east": {"uv": [26, 36], "uv_size": [0.1875, 0.0625]},
								"south": {"uv": [5, 31], "uv_size": [1.8125, 0.0625]},
								"west": {"uv": [36, 26], "uv_size": [0.1875, 0.0625]},
								"up": {"uv": [24, 1], "uv_size": [1.8125, 0.1875]},
								"down": {"uv": [2, 24.1875], "uv_size": [1.8125, -0.1875]}
							}
						},
						{
							"origin": [0.80993, 13.12908, -1.39272],
							"size": [1.83, 1.45, 0.17],
							"uv": {
								"north": {"uv": [16, 2], "uv_size": [1.8125, 1.4375]},
								"east": {"uv": [4, 26], "uv_size": [0.1875, 1.4375]},
								"south": {"uv": [4, 16], "uv_size": [1.8125, 1.4375]},
								"west": {"uv": [26, 4], "uv_size": [0.1875, 1.4375]},
								"up": {"uv": [4, 24], "uv_size": [1.8125, 0.1875]},
								"down": {"uv": [24, 5.1875], "uv_size": [1.8125, -0.1875]}
							}
						},
						{
							"origin": [0.85993, 13.17908, -1.39272],
							"size": [0.98, 1.1, 0.175],
							"uv": {
								"north": {"uv": [16, 2], "uv_size": [1.8125, 1.4375]},
								"east": {"uv": [4, 26], "uv_size": [0.1875, 1.4375]},
								"south": {"uv": [24, 48.9375], "uv_size": [12.375, 14.6875]},
								"west": {"uv": [26, 4], "uv_size": [0.1875, 1.4375]},
								"up": {"uv": [4, 24], "uv_size": [1.8125, 0.1875]},
								"down": {"uv": [24, 5.1875], "uv_size": [1.8125, -0.1875]}
							}
						}
					]
				},
				{
					"name": "bone3",
					"parent": "nagisa118",
					"pivot": [2.3, 12.16256, -0.325],
					"cubes": [
						{
							"origin": [1.17675, 10.42177, -0.42948],
							"size": [0.2215, 0.65571, 0.20896],
							"pivot": [2.275, 10.68756, -0.325],
							"rotation": [0, -90, -150],
							"uv": {
								"north": {"uv": [29, 28], "uv_size": [0.25, 0.625]},
								"east": {"uv": [2, 31], "uv_size": [0.1875, 0.625]},
								"south": {"uv": [29, 29], "uv_size": [0.25, 0.625]},
								"west": {"uv": [31, 2], "uv_size": [0.1875, 0.625]},
								"up": {"uv": [35, 5], "uv_size": [0.25, 0.1875]},
								"down": {"uv": [6, 35.1875], "uv_size": [0.25, -0.1875]}
							}
						},
						{
							"origin": [1.17675, 10.42177, -0.42948],
							"size": [0.2215, 0.65571, 0.20896],
							"pivot": [2.275, 10.68756, -0.325],
							"rotation": [0, -90, -120],
							"uv": {
								"north": {"uv": [29, 27], "uv_size": [0.25, 0.625]},
								"east": {"uv": [1, 31], "uv_size": [0.1875, 0.625]},
								"south": {"uv": [28, 29], "uv_size": [0.25, 0.625]},
								"west": {"uv": [31, 1], "uv_size": [0.1875, 0.625]},
								"up": {"uv": [35, 4], "uv_size": [0.25, 0.1875]},
								"down": {"uv": [5, 35.1875], "uv_size": [0.25, -0.1875]}
							}
						},
						{
							"origin": [1.17675, 10.42177, -0.42948],
							"size": [0.2215, 0.65571, 0.20896],
							"pivot": [2.275, 10.68756, -0.325],
							"rotation": [0, -90, -90],
							"uv": {
								"north": {"uv": [29, 26], "uv_size": [0.25, 0.625]},
								"east": {"uv": [0, 31], "uv_size": [0.1875, 0.625]},
								"south": {"uv": [27, 29], "uv_size": [0.25, 0.625]},
								"west": {"uv": [31, 0], "uv_size": [0.1875, 0.625]},
								"up": {"uv": [35, 3], "uv_size": [0.25, 0.1875]},
								"down": {"uv": [4, 35.1875], "uv_size": [0.25, -0.1875]}
							}
						},
						{
							"origin": [1.17675, 10.42177, -0.42948],
							"size": [0.2215, 0.65571, 0.20896],
							"pivot": [2.275, 10.68756, -0.325],
							"rotation": [0, -90, -60],
							"uv": {
								"north": {"uv": [29, 25], "uv_size": [0.25, 0.625]},
								"east": {"uv": [30, 29], "uv_size": [0.1875, 0.625]},
								"south": {"uv": [26, 29], "uv_size": [0.25, 0.625]},
								"west": {"uv": [30, 30], "uv_size": [0.1875, 0.625]},
								"up": {"uv": [35, 2], "uv_size": [0.25, 0.1875]},
								"down": {"uv": [3, 35.1875], "uv_size": [0.25, -0.1875]}
							}
						},
						{
							"origin": [1.17675, 10.42177, -0.42948],
							"size": [0.2215, 0.65571, 0.20896],
							"pivot": [2.275, 10.68756, -0.325],
							"rotation": [0, -90, -30],
							"uv": {
								"north": {"uv": [29, 24], "uv_size": [0.25, 0.625]},
								"east": {"uv": [30, 28], "uv_size": [0.1875, 0.625]},
								"south": {"uv": [25, 29], "uv_size": [0.25, 0.625]},
								"west": {"uv": [29, 30], "uv_size": [0.1875, 0.625]},
								"up": {"uv": [35, 1], "uv_size": [0.25, 0.1875]},
								"down": {"uv": [2, 35.1875], "uv_size": [0.25, -0.1875]}
							}
						},
						{
							"origin": [1.17675, 10.42177, -0.42948],
							"size": [0.2215, 0.65571, 0.20896],
							"pivot": [2.275, 10.68756, -0.325],
							"rotation": [0, -90, 0],
							"uv": {
								"north": {"uv": [29, 23], "uv_size": [0.25, 0.625]},
								"east": {"uv": [30, 27], "uv_size": [0.1875, 0.625]},
								"south": {"uv": [24, 29], "uv_size": [0.25, 0.625]},
								"west": {"uv": [28, 30], "uv_size": [0.1875, 0.625]},
								"up": {"uv": [35, 0], "uv_size": [0.25, 0.1875]},
								"down": {"uv": [1, 35.1875], "uv_size": [0.25, -0.1875]}
							}
						},
						{
							"origin": [1.17675, 10.42177, -0.42948],
							"size": [0.2215, 0.65571, 0.20896],
							"pivot": [2.275, 10.68756, -0.325],
							"rotation": [0, -90, 30],
							"uv": {
								"north": {"uv": [29, 22], "uv_size": [0.25, 0.625]},
								"east": {"uv": [30, 26], "uv_size": [0.1875, 0.625]},
								"south": {"uv": [23, 29], "uv_size": [0.25, 0.625]},
								"west": {"uv": [27, 30], "uv_size": [0.1875, 0.625]},
								"up": {"uv": [34, 34], "uv_size": [0.25, 0.1875]},
								"down": {"uv": [0, 35.1875], "uv_size": [0.25, -0.1875]}
							}
						},
						{
							"origin": [1.17675, 10.42177, -0.42948],
							"size": [0.2215, 0.65571, 0.20896],
							"pivot": [2.275, 10.68756, -0.325],
							"rotation": [0, -90, 60],
							"uv": {
								"north": {"uv": [29, 21], "uv_size": [0.25, 0.625]},
								"east": {"uv": [30, 25], "uv_size": [0.1875, 0.625]},
								"south": {"uv": [22, 29], "uv_size": [0.25, 0.625]},
								"west": {"uv": [26, 30], "uv_size": [0.1875, 0.625]},
								"up": {"uv": [33, 34], "uv_size": [0.25, 0.1875]},
								"down": {"uv": [34, 33.1875], "uv_size": [0.25, -0.1875]}
							}
						},
						{
							"origin": [1.17675, 10.42177, -0.42948],
							"size": [0.2215, 0.65571, 0.20896],
							"pivot": [2.275, 10.68756, -0.325],
							"rotation": [0, -90, 90],
							"uv": {
								"north": {"uv": [29, 20], "uv_size": [0.25, 0.625]},
								"east": {"uv": [30, 24], "uv_size": [0.1875, 0.625]},
								"south": {"uv": [21, 29], "uv_size": [0.25, 0.625]},
								"west": {"uv": [25, 30], "uv_size": [0.1875, 0.625]},
								"up": {"uv": [32, 34], "uv_size": [0.25, 0.1875]},
								"down": {"uv": [34, 32.1875], "uv_size": [0.25, -0.1875]}
							}
						},
						{
							"origin": [1.17675, 10.42177, -0.42948],
							"size": [0.2215, 0.65571, 0.20896],
							"pivot": [2.275, 10.68756, -0.325],
							"rotation": [0, -90, 120],
							"uv": {
								"north": {"uv": [29, 19], "uv_size": [0.25, 0.625]},
								"east": {"uv": [30, 23], "uv_size": [0.1875, 0.625]},
								"south": {"uv": [20, 29], "uv_size": [0.25, 0.625]},
								"west": {"uv": [24, 30], "uv_size": [0.1875, 0.625]},
								"up": {"uv": [31, 34], "uv_size": [0.25, 0.1875]},
								"down": {"uv": [34, 31.1875], "uv_size": [0.25, -0.1875]}
							}
						},
						{
							"origin": [1.17675, 10.42177, -0.42948],
							"size": [0.2215, 0.65571, 0.20896],
							"pivot": [2.275, 10.68756, -0.325],
							"rotation": [0, -90, 150],
							"uv": {
								"north": {"uv": [29, 18], "uv_size": [0.25, 0.625]},
								"east": {"uv": [30, 22], "uv_size": [0.1875, 0.625]},
								"south": {"uv": [19, 29], "uv_size": [0.25, 0.625]},
								"west": {"uv": [23, 30], "uv_size": [0.1875, 0.625]},
								"up": {"uv": [30, 34], "uv_size": [0.25, 0.1875]},
								"down": {"uv": [34, 30.1875], "uv_size": [0.25, -0.1875]}
							}
						},
						{
							"origin": [1.17675, 10.42177, -0.42948],
							"size": [0.2215, 0.65571, 0.20896],
							"pivot": [2.275, 10.68756, -0.325],
							"rotation": [0, -90, 180],
							"uv": {
								"north": {"uv": [29, 17], "uv_size": [0.25, 0.625]},
								"east": {"uv": [30, 21], "uv_size": [0.1875, 0.625]},
								"south": {"uv": [18, 29], "uv_size": [0.25, 0.625]},
								"west": {"uv": [22, 30], "uv_size": [0.1875, 0.625]},
								"up": {"uv": [29, 34], "uv_size": [0.25, 0.1875]},
								"down": {"uv": [34, 29.1875], "uv_size": [0.25, -0.1875]}
							}
						}
					]
				},
				{
					"name": "bone2",
					"parent": "nagisa118",
					"pivot": [1.7, 15.31256, -1.925],
					"cubes": [
						{
							"origin": [1.6429, 15.15388, -1.96497],
							"size": [0.2282, 0.25084, 0.07994],
							"pivot": [1.7, 15.25556, -1.925],
							"rotation": [-90, 0, -90],
							"uv": {
								"north": {"uv": [33, 25], "uv_size": [0.25, 0.25]},
								"east": {"uv": [21, 36], "uv_size": [0.0625, 0.25]},
								"south": {"uv": [26, 33], "uv_size": [0.25, 0.25]},
								"west": {"uv": [36, 21], "uv_size": [0.0625, 0.25]},
								"up": {"uv": [22, 36], "uv_size": [0.25, 0.0625]},
								"down": {"uv": [36, 22.0625], "uv_size": [0.25, -0.0625]}
							}
						},
						{
							"origin": [1.6429, 15.15388, -1.96497],
							"size": [0.2282, 0.25084, 0.07994],
							"pivot": [1.7, 15.25556, -1.925],
							"rotation": [-120, 0, -90],
							"uv": {
								"north": {"uv": [33, 24], "uv_size": [0.25, 0.25]},
								"east": {"uv": [19, 36], "uv_size": [0.0625, 0.25]},
								"south": {"uv": [25, 33], "uv_size": [0.25, 0.25]},
								"west": {"uv": [36, 19], "uv_size": [0.0625, 0.25]},
								"up": {"uv": [20, 36], "uv_size": [0.25, 0.0625]},
								"down": {"uv": [36, 20.0625], "uv_size": [0.25, -0.0625]}
							}
						},
						{
							"origin": [1.6429, 15.15388, -1.96497],
							"size": [0.2282, 0.25084, 0.07994],
							"pivot": [1.7, 15.25556, -1.925],
							"rotation": [-150, 0, -90],
							"uv": {
								"north": {"uv": [33, 23], "uv_size": [0.25, 0.25]},
								"east": {"uv": [17, 36], "uv_size": [0.0625, 0.25]},
								"south": {"uv": [24, 33], "uv_size": [0.25, 0.25]},
								"west": {"uv": [36, 17], "uv_size": [0.0625, 0.25]},
								"up": {"uv": [18, 36], "uv_size": [0.25, 0.0625]},
								"down": {"uv": [36, 18.0625], "uv_size": [0.25, -0.0625]}
							}
						},
						{
							"origin": [1.6429, 15.15388, -1.96497],
							"size": [0.2282, 0.25084, 0.07994],
							"pivot": [1.7, 15.25556, -1.925],
							"rotation": [-180, 0, -90],
							"uv": {
								"north": {"uv": [33, 22], "uv_size": [0.25, 0.25]},
								"east": {"uv": [15, 36], "uv_size": [0.0625, 0.25]},
								"south": {"uv": [23, 33], "uv_size": [0.25, 0.25]},
								"west": {"uv": [36, 15], "uv_size": [0.0625, 0.25]},
								"up": {"uv": [16, 36], "uv_size": [0.25, 0.0625]},
								"down": {"uv": [36, 16.0625], "uv_size": [0.25, -0.0625]}
							}
						},
						{
							"origin": [1.6429, 15.15388, -1.96497],
							"size": [0.2282, 0.25084, 0.07994],
							"pivot": [1.7, 15.25556, -1.925],
							"rotation": [150, 0, -90],
							"uv": {
								"north": {"uv": [33, 21], "uv_size": [0.25, 0.25]},
								"east": {"uv": [13, 36], "uv_size": [0.0625, 0.25]},
								"south": {"uv": [22, 33], "uv_size": [0.25, 0.25]},
								"west": {"uv": [36, 13], "uv_size": [0.0625, 0.25]},
								"up": {"uv": [14, 36], "uv_size": [0.25, 0.0625]},
								"down": {"uv": [36, 14.0625], "uv_size": [0.25, -0.0625]}
							}
						},
						{
							"origin": [1.6429, 15.15388, -1.96497],
							"size": [0.2282, 0.25084, 0.07994],
							"pivot": [1.7, 15.25556, -1.925],
							"rotation": [120, 0, -90],
							"uv": {
								"north": {"uv": [33, 20], "uv_size": [0.25, 0.25]},
								"east": {"uv": [11, 36], "uv_size": [0.0625, 0.25]},
								"south": {"uv": [21, 33], "uv_size": [0.25, 0.25]},
								"west": {"uv": [36, 11], "uv_size": [0.0625, 0.25]},
								"up": {"uv": [12, 36], "uv_size": [0.25, 0.0625]},
								"down": {"uv": [36, 12.0625], "uv_size": [0.25, -0.0625]}
							}
						},
						{
							"origin": [1.6429, 15.15388, -1.96497],
							"size": [0.2282, 0.25084, 0.07994],
							"pivot": [1.7, 15.25556, -1.925],
							"rotation": [90, 0, -90],
							"uv": {
								"north": {"uv": [33, 19], "uv_size": [0.25, 0.25]},
								"east": {"uv": [9, 36], "uv_size": [0.0625, 0.25]},
								"south": {"uv": [20, 33], "uv_size": [0.25, 0.25]},
								"west": {"uv": [36, 9], "uv_size": [0.0625, 0.25]},
								"up": {"uv": [10, 36], "uv_size": [0.25, 0.0625]},
								"down": {"uv": [36, 10.0625], "uv_size": [0.25, -0.0625]}
							}
						},
						{
							"origin": [1.6429, 15.15388, -1.96497],
							"size": [0.2282, 0.25084, 0.07994],
							"pivot": [1.7, 15.25556, -1.925],
							"rotation": [60, 0, -90],
							"uv": {
								"north": {"uv": [33, 18], "uv_size": [0.25, 0.25]},
								"east": {"uv": [7, 36], "uv_size": [0.0625, 0.25]},
								"south": {"uv": [19, 33], "uv_size": [0.25, 0.25]},
								"west": {"uv": [36, 7], "uv_size": [0.0625, 0.25]},
								"up": {"uv": [8, 36], "uv_size": [0.25, 0.0625]},
								"down": {"uv": [36, 8.0625], "uv_size": [0.25, -0.0625]}
							}
						},
						{
							"origin": [1.6429, 15.15388, -1.96497],
							"size": [0.2282, 0.25084, 0.07994],
							"pivot": [1.7, 15.25556, -1.925],
							"rotation": [30, 0, -90],
							"uv": {
								"north": {"uv": [33, 17], "uv_size": [0.25, 0.25]},
								"east": {"uv": [5, 36], "uv_size": [0.0625, 0.25]},
								"south": {"uv": [18, 33], "uv_size": [0.25, 0.25]},
								"west": {"uv": [36, 5], "uv_size": [0.0625, 0.25]},
								"up": {"uv": [6, 36], "uv_size": [0.25, 0.0625]},
								"down": {"uv": [36, 6.0625], "uv_size": [0.25, -0.0625]}
							}
						},
						{
							"origin": [1.6429, 15.15388, -1.96497],
							"size": [0.2282, 0.25084, 0.07994],
							"pivot": [1.7, 15.25556, -1.925],
							"rotation": [0, 0, -90],
							"uv": {
								"north": {"uv": [33, 16], "uv_size": [0.25, 0.25]},
								"east": {"uv": [3, 36], "uv_size": [0.0625, 0.25]},
								"south": {"uv": [17, 33], "uv_size": [0.25, 0.25]},
								"west": {"uv": [36, 3], "uv_size": [0.0625, 0.25]},
								"up": {"uv": [4, 36], "uv_size": [0.25, 0.0625]},
								"down": {"uv": [36, 4.0625], "uv_size": [0.25, -0.0625]}
							}
						},
						{
							"origin": [1.6429, 15.15388, -1.96497],
							"size": [0.2282, 0.25084, 0.07994],
							"pivot": [1.7, 15.25556, -1.925],
							"rotation": [-30, 0, -90],
							"uv": {
								"north": {"uv": [33, 15], "uv_size": [0.25, 0.25]},
								"east": {"uv": [1, 36], "uv_size": [0.0625, 0.25]},
								"south": {"uv": [16, 33], "uv_size": [0.25, 0.25]},
								"west": {"uv": [36, 1], "uv_size": [0.0625, 0.25]},
								"up": {"uv": [2, 36], "uv_size": [0.25, 0.0625]},
								"down": {"uv": [36, 2.0625], "uv_size": [0.25, -0.0625]}
							}
						},
						{
							"origin": [1.6429, 15.15388, -1.96497],
							"size": [0.2282, 0.25084, 0.07994],
							"pivot": [1.7, 15.25556, -1.925],
							"rotation": [-60, 0, -90],
							"uv": {
								"north": {"uv": [33, 14], "uv_size": [0.25, 0.25]},
								"east": {"uv": [35, 34], "uv_size": [0.0625, 0.25]},
								"south": {"uv": [15, 33], "uv_size": [0.25, 0.25]},
								"west": {"uv": [35, 35], "uv_size": [0.0625, 0.25]},
								"up": {"uv": [0, 36], "uv_size": [0.25, 0.0625]},
								"down": {"uv": [36, 0.0625], "uv_size": [0.25, -0.0625]}
							}
						}
					]
				},
				{
					"name": "bone",
					"parent": "nagisa118",
					"pivot": [2.375, 19.26256, -1.925],
					"cubes": [
						{
							"origin": [2.24173, 18.79893, -1.94829],
							"size": [0.75703, 0.10531, 0.04658],
							"pivot": [2.375, 18.81732, -1.925],
							"rotation": [-90, 0, -90],
							"uv": {
								"north": {"uv": [31, 20], "uv_size": [0.75, 0.125]},
								"east": {"uv": [37, 25], "uv_size": [0.0625, 0.125]},
								"south": {"uv": [21, 31], "uv_size": [0.75, 0.125]},
								"west": {"uv": [26, 37], "uv_size": [0.0625, 0.125]},
								"up": {"uv": [16, 34], "uv_size": [0.75, 0.0625]},
								"down": {"uv": [34, 16.0625], "uv_size": [0.75, -0.0625]}
							}
						},
						{
							"origin": [2.24173, 18.79893, -1.94829],
							"size": [0.75703, 0.10531, 0.04658],
							"pivot": [2.375, 18.81732, -1.925],
							"rotation": [-120, 0, -90],
							"uv": {
								"north": {"uv": [31, 19], "uv_size": [0.75, 0.125]},
								"east": {"uv": [37, 24], "uv_size": [0.0625, 0.125]},
								"south": {"uv": [20, 31], "uv_size": [0.75, 0.125]},
								"west": {"uv": [25, 37], "uv_size": [0.0625, 0.125]},
								"up": {"uv": [15, 34], "uv_size": [0.75, 0.0625]},
								"down": {"uv": [34, 15.0625], "uv_size": [0.75, -0.0625]}
							}
						},
						{
							"origin": [2.24173, 18.79893, -1.94829],
							"size": [0.75703, 0.10531, 0.04658],
							"pivot": [2.375, 18.81732, -1.925],
							"rotation": [-150, 0, -90],
							"uv": {
								"north": {"uv": [31, 18], "uv_size": [0.75, 0.125]},
								"east": {"uv": [37, 23], "uv_size": [0.0625, 0.125]},
								"south": {"uv": [19, 31], "uv_size": [0.75, 0.125]},
								"west": {"uv": [24, 37], "uv_size": [0.0625, 0.125]},
								"up": {"uv": [14, 34], "uv_size": [0.75, 0.0625]},
								"down": {"uv": [34, 14.0625], "uv_size": [0.75, -0.0625]}
							}
						},
						{
							"origin": [2.24173, 18.79893, -1.94829],
							"size": [0.75703, 0.10531, 0.04658],
							"pivot": [2.375, 18.81732, -1.925],
							"rotation": [-180, 0, -90],
							"uv": {
								"north": {"uv": [31, 17], "uv_size": [0.75, 0.125]},
								"east": {"uv": [37, 22], "uv_size": [0.0625, 0.125]},
								"south": {"uv": [18, 31], "uv_size": [0.75, 0.125]},
								"west": {"uv": [23, 37], "uv_size": [0.0625, 0.125]},
								"up": {"uv": [13, 34], "uv_size": [0.75, 0.0625]},
								"down": {"uv": [34, 13.0625], "uv_size": [0.75, -0.0625]}
							}
						},
						{
							"origin": [2.24173, 18.79893, -1.94829],
							"size": [0.75703, 0.10531, 0.04658],
							"pivot": [2.375, 18.81732, -1.925],
							"rotation": [150, 0, -90],
							"uv": {
								"north": {"uv": [31, 16], "uv_size": [0.75, 0.125]},
								"east": {"uv": [37, 21], "uv_size": [0.0625, 0.125]},
								"south": {"uv": [17, 31], "uv_size": [0.75, 0.125]},
								"west": {"uv": [22, 37], "uv_size": [0.0625, 0.125]},
								"up": {"uv": [12, 34], "uv_size": [0.75, 0.0625]},
								"down": {"uv": [34, 12.0625], "uv_size": [0.75, -0.0625]}
							}
						},
						{
							"origin": [2.24173, 18.79893, -1.94829],
							"size": [0.75703, 0.10531, 0.04658],
							"pivot": [2.375, 18.81732, -1.925],
							"rotation": [120, 0, -90],
							"uv": {
								"north": {"uv": [31, 15], "uv_size": [0.75, 0.125]},
								"east": {"uv": [37, 20], "uv_size": [0.0625, 0.125]},
								"south": {"uv": [16, 31], "uv_size": [0.75, 0.125]},
								"west": {"uv": [21, 37], "uv_size": [0.0625, 0.125]},
								"up": {"uv": [11, 34], "uv_size": [0.75, 0.0625]},
								"down": {"uv": [34, 11.0625], "uv_size": [0.75, -0.0625]}
							}
						},
						{
							"origin": [2.24173, 18.79893, -1.94829],
							"size": [0.75703, 0.10531, 0.04658],
							"pivot": [2.375, 18.81732, -1.925],
							"rotation": [90, 0, -90],
							"uv": {
								"north": {"uv": [14, 31], "uv_size": [0.75, 0.125]},
								"east": {"uv": [37, 19], "uv_size": [0.0625, 0.125]},
								"south": {"uv": [31, 14], "uv_size": [0.75, 0.125]},
								"west": {"uv": [20, 37], "uv_size": [0.0625, 0.125]},
								"up": {"uv": [10, 34], "uv_size": [0.75, 0.0625]},
								"down": {"uv": [34, 10.0625], "uv_size": [0.75, -0.0625]}
							}
						},
						{
							"origin": [2.24173, 18.79893, -1.94829],
							"size": [0.75703, 0.10531, 0.04658],
							"pivot": [2.375, 18.81732, -1.925],
							"rotation": [60, 0, -90],
							"uv": {
								"north": {"uv": [13, 31], "uv_size": [0.75, 0.125]},
								"east": {"uv": [37, 18], "uv_size": [0.0625, 0.125]},
								"south": {"uv": [31, 13], "uv_size": [0.75, 0.125]},
								"west": {"uv": [19, 37], "uv_size": [0.0625, 0.125]},
								"up": {"uv": [9, 34], "uv_size": [0.75, 0.0625]},
								"down": {"uv": [34, 9.0625], "uv_size": [0.75, -0.0625]}
							}
						},
						{
							"origin": [2.24173, 18.79893, -1.94829],
							"size": [0.75703, 0.10531, 0.04658],
							"pivot": [2.375, 18.81732, -1.925],
							"rotation": [30, 0, -90],
							"uv": {
								"north": {"uv": [12, 31], "uv_size": [0.75, 0.125]},
								"east": {"uv": [37, 17], "uv_size": [0.0625, 0.125]},
								"south": {"uv": [31, 12], "uv_size": [0.75, 0.125]},
								"west": {"uv": [18, 37], "uv_size": [0.0625, 0.125]},
								"up": {"uv": [8, 34], "uv_size": [0.75, 0.0625]},
								"down": {"uv": [34, 8.0625], "uv_size": [0.75, -0.0625]}
							}
						},
						{
							"origin": [2.24173, 18.79893, -1.94829],
							"size": [0.75703, 0.10531, 0.04658],
							"pivot": [2.375, 18.81732, -1.925],
							"rotation": [0, 0, -90],
							"uv": {
								"north": {"uv": [11, 31], "uv_size": [0.75, 0.125]},
								"east": {"uv": [37, 16], "uv_size": [0.0625, 0.125]},
								"south": {"uv": [31, 11], "uv_size": [0.75, 0.125]},
								"west": {"uv": [17, 37], "uv_size": [0.0625, 0.125]},
								"up": {"uv": [7, 34], "uv_size": [0.75, 0.0625]},
								"down": {"uv": [34, 7.0625], "uv_size": [0.75, -0.0625]}
							}
						},
						{
							"origin": [2.24173, 18.79893, -1.94829],
							"size": [0.75703, 0.10531, 0.04658],
							"pivot": [2.375, 18.81732, -1.925],
							"rotation": [-30, 0, -90],
							"uv": {
								"north": {"uv": [10, 31], "uv_size": [0.75, 0.125]},
								"east": {"uv": [37, 15], "uv_size": [0.0625, 0.125]},
								"south": {"uv": [31, 10], "uv_size": [0.75, 0.125]},
								"west": {"uv": [16, 37], "uv_size": [0.0625, 0.125]},
								"up": {"uv": [6, 34], "uv_size": [0.75, 0.0625]},
								"down": {"uv": [34, 6.0625], "uv_size": [0.75, -0.0625]}
							}
						},
						{
							"origin": [2.24173, 18.79893, -1.94829],
							"size": [0.75703, 0.10531, 0.04658],
							"pivot": [2.375, 18.81732, -1.925],
							"rotation": [-60, 0, -90],
							"uv": {
								"north": {"uv": [9, 31], "uv_size": [0.75, 0.125]},
								"east": {"uv": [37, 14], "uv_size": [0.0625, 0.125]},
								"south": {"uv": [31, 9], "uv_size": [0.75, 0.125]},
								"west": {"uv": [15, 37], "uv_size": [0.0625, 0.125]},
								"up": {"uv": [5, 34], "uv_size": [0.75, 0.0625]},
								"down": {"uv": [34, 5.0625], "uv_size": [0.75, -0.0625]}
							}
						}
					]
				},
				{
					"name": "muzzle_flash",
					"parent": "nagisa118",
					"pivot": [65, 219.25, 1035.3]
				},
				{
					"name": "righthand",
					"parent": "gun_and_righthand",
					"pivot": [-9.6, 8.4, -0.2],
					"rotation": [-36.15395, -9.88457, 26.619]
				},
				{
					"name": "righthand_pos",
					"parent": "righthand",
					"pivot": [-9.6, 8.4, -0.2],
					"rotation": [67.71693, -14.85999, 5.99934],
					"cubes": [
						{
							"origin": [-5.6, 8.4, -2.2],
							"size": [4, 12, 4],
							"uv": {
								"north": {"uv": [0, 0], "uv_size": [4, 12]},
								"east": {"uv": [4, 0], "uv_size": [4, 12]},
								"south": {"uv": [8, 0], "uv_size": [4, 12]},
								"west": {"uv": [0, 12], "uv_size": [4, 12]},
								"up": {"uv": [16, 0], "uv_size": [4, 4]},
								"down": {"uv": [16, 8], "uv_size": [4, -4]}
							}
						}
					]
				},
				{
					"name": "camera",
					"pivot": [5.9, 15.4, 11.1]
				},
				{
					"name": "positioning",
					"pivot": [0, 0, -8]
				},
				{
					"name": "fixed",
					"parent": "positioning",
					"pivot": [1.9, 12.8, -2.075],
					"rotation": [0, 180, 0]
				},
				{
					"name": "ground",
					"parent": "positioning",
					"pivot": [2.6, 5, -0.95]
				},
				{
					"name": "thirdperson_hand",
					"parent": "positioning",
					"pivot": [2.5, 10.475, -1.45]
				},
				{
					"name": "view",
					"pivot": [0, 0, 0]
				},
				{
					"name": "iron_view",
					"parent": "view",
					"pivot": [5.885, 15.425, 7.5]
				},
				{
					"name": "idle_view",
					"parent": "view",
					"pivot": [5.9, 15.4, 11.1]
				},
				{
					"name": "refit_view",
					"parent": "view",
					"pivot": [2.3, 13.8, 13.7]
				}
			]
		}
	]
}