{
  "materials": [
    {
      "item": {
        "tag": "forge:ingots/iron"
      },
      "count": 28
    },
    {
      "item": {
        "tag": "forge:ingots/copper"
      },
      "count": 4
    },
    {
      "item": {
        "tag": "forge:gems/diamond"
      },
      "count": 1
    },
    {
      "item": {
        "item": "minecraft:black_dye"
      },
      "count": 3
    }
  ],
  "result": {
    "type": "gun",
    "id": "bluearchivejp:bf465"
  },
  "type": "tacz:gun_smith_table_crafting"
}