{
  "materials": [
    {
      "item": {
        "tag": "forge:ingots/iron"
      },
      "count": 30
    },
    {
      "item": {
        "tag": "forge:ingots/gold"
      },
      "count": 12
    },
    {
      "item": {
        "tag": "forge:ingots/copper"
      },
      "count": 2
    },
    {
      "item": {
        "item": "minecraft:white_dye"
      },
      "count": 3
    }
  ],
  "result": {
    "type": "gun",
    "id": "bluearchivejp:eoh"
  },
  "type": "tacz:gun_smith_table_crafting"
}