{
  "materials": [
    {
      "item": {
        "tag": "forge:ingots/iron"
      },
      "count": 36
    },
    {
      "item": {
        "tag": "forge:ingots/copper"
      },
      "count": 10
    },
    {
      "item": {
        "tag": "forge:ingots/gold"
      },
      "count": 6
    },
    {
      "item": {
        "item": "minecraft:blaze_powder"
      },
      "count": 4
    },
    {
      "item": {
        "tag": "forge:dusts/redstone"
      },
      "count": 6
    },
    {
      "item": {
        "item": "minecraft:red_dye"
      },
      "count": 2
    }
  ],
  "result": {
    "type": "gun",
    "id": "bluearchivejp:flame"
  },
  "type": "tacz:gun_smith_table_crafting"
}