{
  "materials": [
    {
      "item": {
        "tag": "forge:ingots/iron"
      },
      "count": 45
    },
    {
      "item": {
        "tag": "forge:ingots/copper"
      },
      "count": 15
    },
    {
      "item": {
        "tag": "forge:ingots/gold"
      },
      "count": 10
    },
    {
      "item": {
        "item": "minecraft:obsidian"
      },
      "count": 1
    },
    {
      "item": {
        "tag": "forge:gems/diamond"
      },
      "count": 2
    },
    {
      "item": {
        "item": "minecraft:black_dye"
      },
      "count": 2
    }
  ],
  "result": {
    "type": "gun",
    "id": "bluearchivejp:hinamg"
  },
  "type": "tacz:gun_smith_table_crafting"
}