{
  "materials": [
    {
      "item": {
        "tag": "forge:ingots/iron"
      },
      "count": 64
    },
    {
      "item": {
        "tag": "forge:ingots/copper"
      },
      "count": 25
    },
    {
      "item": {
        "tag": "forge:dusts/redstone"
      },
      "count": 10
    },
    {
      "item": {
        "tag": "forge:gems/diamond"
      },
      "count": 1
    },
    {
      "item": {
        "item": "minecraft:white_dye"
      },
      "count": 3
    }
  ],
  "result": {
    "type": "gun",
    "id": "bluearchivejp:lmv"
  },
  "type": "tacz:gun_smith_table_crafting"
}