{
  "materials": [
    {
      "item": {
        "tag": "forge:ingots/iron"
      },
      "count": 16
    },
    {
      "item": {
        "tag": "forge:ingots/copper"
      },
      "count": 6
    },
    {
      "item": {
        "tag": "forge:ingots/gold"
      },
      "count": 3
    },
    {
      "item": {
        "tag": "forge:gems/diamond"
      },
      "count": 1
    },
    {
      "item": {
        "item": "minecraft:blue_dye"
      },
      "count": 1
    },
    {
      "item": {
        "item": "minecraft:white_dye"
      },
      "count": 1
    }
  ],
  "result": {
    "type": "gun",
    "id": "bluearchivejp:noa45"
  },
  "type": "tacz:gun_smith_table_crafting"
}