{
  "materials": [
    {
      "item": {
        "tag": "forge:ingots/iron"
      },
      "count": 22
    },
    {
      "item": {
        "tag": "forge:ingots/copper"
      },
      "count": 4
    },
    {
      "item": {
        "tag": "forge:ingots/gold"
      },
      "count": 2
    },
    {
      "item": {
        "item": "minecraft:white_dye"
      },
      "count": 2
    }
  ],
  "result": {
    "type": "gun",
    "id": "bluearchivejp:rb31_miyako"
  },
  "type": "tacz:gun_smith_table_crafting"
}