{
  "materials": [
    {
      "item": {
        "tag": "forge:ingots/iron"
      },
      "count": 5
    },
    {
      "item": {
        "tag": "forge:ingots/copper"
      },
      "count": 1
    },
    {
      "item": {
        "tag": "forge:ingots/gold"
      },
      "count": 2
    },
    {
      "item": {
        "item": "minecraft:white_dye"
      },
      "count": 1
    },
    {
      "item": {
        "item": "minecraft:yellow_dye"
      },
      "count": 1
    }
  ],
  "result": {
    "type": "gun",
    "id": "bluearchivejp:seia_webley"
  },
  "type": "tacz:gun_smith_table_crafting"
}