{
	"format_version": "1.12.0",
	"minecraft:geometry": [
		{
			"description": {
				"identifier": "geometry.unknown",
				"texture_width": 128,
				"texture_height": 128,
				"visible_bounds_width": 3,
				"visible_bounds_height": 3.5,
				"visible_bounds_offset": [0, 1.25, 0]
			},
			"bones": [
				{
					"name": "root",
					"pivot": [0.00929, 6.90151, -0.02951],
					"cubes": [
						{
							"origin": [-1.23387, -0.37396, -2.27284],
							"size": [2.4618, 10.14816, 4.56456],
							"pivot": [-0.00297, 1.25659, 0.00944],
							"rotation": [-60, 0, -90],
							"uv": {
								"north": {"uv": [83, 0], "uv_size": [2.5, 10.125]},
								"east": {"uv": [62, 33], "uv_size": [4.625, 10.125]},
								"south": {"uv": [83, 11], "uv_size": [2.5, 10.125]},
								"west": {"uv": [62, 44], "uv_size": [4.625, 10.125]},
								"up": {"uv": [101, 30], "uv_size": [2.5, 4.625]},
								"down": {"uv": [39, 105.625], "uv_size": [2.5, -4.625]}
							}
						},
						{
							"origin": [-1.23387, -0.37396, -2.27284],
							"size": [2.4618, 10.14816, 4.56456],
							"pivot": [-0.00297, 1.25659, 0.00944],
							"rotation": [-30, 0, -90],
							"uv": {
								"north": {"uv": [72, 81], "uv_size": [2.5, 10.125]},
								"east": {"uv": [45, 61], "uv_size": [4.625, 10.125]},
								"south": {"uv": [81, 76], "uv_size": [2.5, 10.125]},
								"west": {"uv": [50, 61], "uv_size": [4.625, 10.125]},
								"up": {"uv": [101, 20], "uv_size": [2.5, 4.625]},
								"down": {"uv": [101, 29.625], "uv_size": [2.5, -4.625]}
							}
						},
						{
							"origin": [-1.23387, -0.37396, -2.27284],
							"size": [2.4618, 10.14816, 4.56456],
							"pivot": [-0.00297, 1.25659, 0.00944],
							"rotation": [0, 0, -90],
							"uv": {
								"north": {"uv": [81, 65], "uv_size": [2.5, 10.125]},
								"east": {"uv": [61, 0], "uv_size": [4.625, 10.125]},
								"south": {"uv": [69, 81], "uv_size": [2.5, 10.125]},
								"west": {"uv": [40, 61], "uv_size": [4.625, 10.125]},
								"up": {"uv": [101, 10], "uv_size": [2.5, 4.625]},
								"down": {"uv": [101, 19.625], "uv_size": [2.5, -4.625]}
							}
						},
						{
							"origin": [-1.23387, -0.37396, -2.27284],
							"size": [2.4618, 10.14816, 4.56456],
							"pivot": [-0.00297, 1.25659, 0.00944],
							"rotation": [30, 0, -90],
							"uv": {
								"north": {"uv": [81, 43], "uv_size": [2.5, 10.125]},
								"east": {"uv": [30, 60], "uv_size": [4.625, 10.125]},
								"south": {"uv": [81, 54], "uv_size": [2.5, 10.125]},
								"west": {"uv": [35, 60], "uv_size": [4.625, 10.125]},
								"up": {"uv": [101, 0], "uv_size": [2.5, 4.625]},
								"down": {"uv": [101, 9.625], "uv_size": [2.5, -4.625]}
							}
						},
						{
							"origin": [-1.23387, -0.37396, -2.27284],
							"size": [2.4618, 10.14816, 4.56456],
							"pivot": [-0.00297, 1.25659, 0.00944],
							"rotation": [60, 0, -90],
							"uv": {
								"north": {"uv": [33, 81], "uv_size": [2.5, 10.125]},
								"east": {"uv": [20, 60], "uv_size": [4.625, 10.125]},
								"south": {"uv": [36, 81], "uv_size": [2.5, 10.125]},
								"west": {"uv": [25, 60], "uv_size": [4.625, 10.125]},
								"up": {"uv": [54, 100], "uv_size": [2.5, 4.625]},
								"down": {"uv": [91, 104.625], "uv_size": [2.5, -4.625]}
							}
						},
						{
							"origin": [-1.23387, -0.37396, -2.27284],
							"size": [2.4618, 10.14816, 4.56456],
							"pivot": [-0.00297, 1.25659, 0.00944],
							"rotation": [90, 0, -90],
							"uv": {
								"north": {"uv": [27, 81], "uv_size": [2.5, 10.125]},
								"east": {"uv": [10, 60], "uv_size": [4.625, 10.125]},
								"south": {"uv": [30, 81], "uv_size": [2.5, 10.125]},
								"west": {"uv": [15, 60], "uv_size": [4.625, 10.125]},
								"up": {"uv": [100, 35], "uv_size": [2.5, 4.625]},
								"down": {"uv": [51, 104.625], "uv_size": [2.5, -4.625]}
							}
						},
						{
							"origin": [-1.23387, -0.37396, -2.27284],
							"size": [2.4618, 10.14816, 4.56456],
							"pivot": [-0.00297, 1.25659, 0.00944],
							"rotation": [120, 0, -90],
							"uv": {
								"north": {"uv": [21, 81], "uv_size": [2.5, 10.125]},
								"east": {"uv": [59, 11], "uv_size": [4.625, 10.125]},
								"south": {"uv": [24, 81], "uv_size": [2.5, 10.125]},
								"west": {"uv": [59, 22], "uv_size": [4.625, 10.125]},
								"up": {"uv": [99, 92], "uv_size": [2.5, 4.625]},
								"down": {"uv": [99, 101.625], "uv_size": [2.5, -4.625]}
							}
						},
						{
							"origin": [-1.23387, -0.37396, -2.27284],
							"size": [2.4618, 10.14816, 4.56456],
							"pivot": [-0.00297, 1.25659, 0.00944],
							"rotation": [150, 0, -90],
							"uv": {
								"north": {"uv": [15, 81], "uv_size": [2.5, 10.125]},
								"east": {"uv": [57, 42], "uv_size": [4.625, 10.125]},
								"south": {"uv": [18, 81], "uv_size": [2.5, 10.125]},
								"west": {"uv": [57, 53], "uv_size": [4.625, 10.125]},
								"up": {"uv": [99, 87], "uv_size": [2.5, 4.625]},
								"down": {"uv": [88, 103.625], "uv_size": [2.5, -4.625]}
							}
						},
						{
							"origin": [-1.23387, -0.37396, -2.27284],
							"size": [2.4618, 10.14816, 4.56456],
							"pivot": [-0.00297, 1.25659, 0.00944],
							"rotation": [-180, 0, -90],
							"uv": {
								"north": {"uv": [9, 81], "uv_size": [2.5, 10.125]},
								"east": {"uv": [56, 0], "uv_size": [4.625, 10.125]},
								"south": {"uv": [12, 81], "uv_size": [2.5, 10.125]},
								"west": {"uv": [5, 56], "uv_size": [4.625, 10.125]},
								"up": {"uv": [82, 99], "uv_size": [2.5, 4.625]},
								"down": {"uv": [85, 103.625], "uv_size": [2.5, -4.625]}
							}
						},
						{
							"origin": [-1.23387, -0.37396, -2.27284],
							"size": [2.4618, 10.14816, 4.56456],
							"pivot": [-0.00297, 1.25659, 0.00944],
							"rotation": [-150, 0, -90],
							"uv": {
								"north": {"uv": [80, 11], "uv_size": [2.5, 10.125]},
								"east": {"uv": [54, 31], "uv_size": [4.625, 10.125]},
								"south": {"uv": [80, 22], "uv_size": [2.5, 10.125]},
								"west": {"uv": [0, 56], "uv_size": [4.625, 10.125]},
								"up": {"uv": [72, 99], "uv_size": [2.5, 4.625]},
								"down": {"uv": [99, 80.625], "uv_size": [2.5, -4.625]}
							}
						},
						{
							"origin": [-1.23387, -0.37396, -2.27284],
							"size": [2.4618, 10.14816, 4.56456],
							"pivot": [-0.00297, 1.25659, 0.00944],
							"rotation": [-120, 0, -90],
							"uv": {
								"north": {"uv": [78, 75], "uv_size": [2.5, 10.125]},
								"east": {"uv": [52, 50], "uv_size": [4.625, 10.125]},
								"south": {"uv": [80, 0], "uv_size": [2.5, 10.125]},
								"west": {"uv": [54, 20], "uv_size": [4.625, 10.125]},
								"up": {"uv": [99, 66], "uv_size": [2.5, 4.625]},
								"down": {"uv": [99, 75.625], "uv_size": [2.5, -4.625]}
							}
						},
						{
							"origin": [-1.23387, -0.37396, -2.27284],
							"size": [2.4618, 10.14816, 4.56456],
							"pivot": [-0.00297, 1.25659, 0.00944],
							"rotation": [-90, 0, -90],
							"uv": {
								"north": {"uv": [78, 53], "uv_size": [2.5, 10.125]},
								"east": {"uv": [42, 50], "uv_size": [4.625, 10.125]},
								"south": {"uv": [78, 64], "uv_size": [2.5, 10.125]},
								"west": {"uv": [47, 50], "uv_size": [4.625, 10.125]},
								"up": {"uv": [99, 56], "uv_size": [2.5, 4.625]},
								"down": {"uv": [99, 65.625], "uv_size": [2.5, -4.625]}
							}
						},
						{
							"origin": [-4.31819, 7.86415, 3.75752],
							"size": [2.00977, 0.9089, 3.97117],
							"pivot": [-3.3133, 8.31859, 5.7431],
							"rotation": [-59.61874, 8.64917, -84.96163],
							"uv": {
								"north": {"uv": [40, 60], "uv_size": [2, 0.875]},
								"east": {"uv": [80, 39], "uv_size": [4, 0.875]},
								"south": {"uv": [60, 64], "uv_size": [2, 0.875]},
								"west": {"uv": [103, 38], "uv_size": [4, 0.875]},
								"up": {"uv": [12, 16], "uv_size": [2, 4]},
								"down": {"uv": [10, 60], "uv_size": [2, -4]}
							}
						},
						{
							"origin": [-6.80286, 7.86415, 1.27284],
							"size": [2.00977, 0.9089, 3.97117],
							"pivot": [-5.79797, 8.31859, 3.25842],
							"rotation": [-29.62165, 4.98093, -81.3178],
							"uv": {
								"north": {"uv": [52, 83], "uv_size": [2, 0.875]},
								"east": {"uv": [103, 39], "uv_size": [4, 0.875]},
								"south": {"uv": [58, 84], "uv_size": [2, 0.875]},
								"west": {"uv": [103, 86], "uv_size": [4, 0.875]},
								"up": {"uv": [52, 75], "uv_size": [2, 4]},
								"down": {"uv": [52, 83], "uv_size": [2, -4]}
							}
						},
						{
							"origin": [-7.71232, 7.86415, -2.12129],
							"size": [2.00977, 0.9089, 3.97117],
							"pivot": [-6.70743, 8.31859, -0.13571],
							"rotation": [0, 0, -80],
							"uv": {
								"north": {"uv": [73, 92], "uv_size": [2, 0.875]},
								"east": {"uv": [104, 15], "uv_size": [4, 0.875]},
								"south": {"uv": [79, 96], "uv_size": [2, 0.875]},
								"west": {"uv": [104, 16], "uv_size": [4, 0.875]},
								"up": {"uv": [67, 85], "uv_size": [2, 4]},
								"down": {"uv": [92, 40], "uv_size": [2, -4]}
							}
						},
						{
							"origin": [-6.80286, 7.86415, -5.51542],
							"size": [2.00977, 0.9089, 3.97117],
							"pivot": [-5.79797, 8.31859, -3.52983],
							"rotation": [29.62165, -4.98093, -81.3178],
							"uv": {
								"north": {"uv": [97, 41], "uv_size": [2, 0.875]},
								"east": {"uv": [104, 17], "uv_size": [4, 0.875]},
								"south": {"uv": [98, 35], "uv_size": [2, 0.875]},
								"west": {"uv": [104, 18], "uv_size": [4, 0.875]},
								"up": {"uv": [94, 100], "uv_size": [2, 4]},
								"down": {"uv": [63, 105], "uv_size": [2, -4]}
							}
						},
						{
							"origin": [-4.31819, 7.86415, -8.00009],
							"size": [2.00977, 0.9089, 3.97117],
							"pivot": [-3.3133, 8.31859, -6.01451],
							"rotation": [59.61874, -8.64917, -84.96163],
							"uv": {
								"north": {"uv": [99, 83], "uv_size": [2, 0.875]},
								"east": {"uv": [104, 19], "uv_size": [4, 0.875]},
								"south": {"uv": [91, 99], "uv_size": [2, 0.875]},
								"west": {"uv": [104, 20], "uv_size": [4, 0.875]},
								"up": {"uv": [101, 83], "uv_size": [2, 4]},
								"down": {"uv": [0, 106], "uv_size": [2, -4]}
							}
						},
						{
							"origin": [-0.92406, 7.86415, -8.90955],
							"size": [2.00977, 0.9089, 3.97117],
							"pivot": [0.08083, 8.31859, -6.92396],
							"rotation": [90, -10, -90],
							"uv": {
								"north": {"uv": [100, 40], "uv_size": [2, 0.875]},
								"east": {"uv": [104, 21], "uv_size": [4, 0.875]},
								"south": {"uv": [94, 104], "uv_size": [2, 0.875]},
								"west": {"uv": [104, 22], "uv_size": [4, 0.875]},
								"up": {"uv": [2, 102], "uv_size": [2, 4]},
								"down": {"uv": [4, 106], "uv_size": [2, -4]}
							}
						},
						{
							"origin": [2.47007, 7.86415, -8.00009],
							"size": [2.00977, 0.9089, 3.97117],
							"pivot": [3.47496, 8.31859, -6.01451],
							"rotation": [120.38126, -8.64917, -95.03837],
							"uv": {
								"north": {"uv": [63, 105], "uv_size": [2, 0.875]},
								"east": {"uv": [104, 23], "uv_size": [4, 0.875]},
								"south": {"uv": [8, 106], "uv_size": [2, 0.875]},
								"west": {"uv": [104, 24], "uv_size": [4, 0.875]},
								"up": {"uv": [6, 102], "uv_size": [2, 4]},
								"down": {"uv": [8, 106], "uv_size": [2, -4]}
							}
						},
						{
							"origin": [4.95475, 7.86415, -5.51542],
							"size": [2.00977, 0.9089, 3.97117],
							"pivot": [5.95964, 8.31859, -3.52983],
							"rotation": [150.37835, -4.98093, -98.6822],
							"uv": {
								"north": {"uv": [106, 8], "uv_size": [2, 0.875]},
								"east": {"uv": [104, 25], "uv_size": [4, 0.875]},
								"south": {"uv": [106, 9], "uv_size": [2, 0.875]},
								"west": {"uv": [104, 26], "uv_size": [4, 0.875]},
								"up": {"uv": [10, 102], "uv_size": [2, 4]},
								"down": {"uv": [12, 106], "uv_size": [2, -4]}
							}
						},
						{
							"origin": [5.8642, 7.86415, -2.12129],
							"size": [2.00977, 0.9089, 3.97117],
							"pivot": [6.86909, 8.31859, -0.13571],
							"rotation": [-180, 0, -100],
							"uv": {
								"north": {"uv": [10, 106], "uv_size": [2, 0.875]},
								"east": {"uv": [104, 27], "uv_size": [4, 0.875]},
								"south": {"uv": [106, 10], "uv_size": [2, 0.875]},
								"west": {"uv": [104, 28], "uv_size": [4, 0.875]},
								"up": {"uv": [14, 102], "uv_size": [2, 4]},
								"down": {"uv": [16, 106], "uv_size": [2, -4]}
							}
						},
						{
							"origin": [4.95475, 7.86415, 1.27284],
							"size": [2.00977, 0.9089, 3.97117],
							"pivot": [5.95964, 8.31859, 3.25842],
							"rotation": [-150.37835, 4.98093, -98.6822],
							"uv": {
								"north": {"uv": [106, 11], "uv_size": [2, 0.875]},
								"east": {"uv": [104, 29], "uv_size": [4, 0.875]},
								"south": {"uv": [12, 106], "uv_size": [2, 0.875]},
								"west": {"uv": [104, 30], "uv_size": [4, 0.875]},
								"up": {"uv": [18, 102], "uv_size": [2, 4]},
								"down": {"uv": [20, 106], "uv_size": [2, -4]}
							}
						},
						{
							"origin": [2.47007, 7.86415, 3.75752],
							"size": [2.00977, 0.9089, 3.97117],
							"pivot": [3.47496, 8.31859, 5.7431],
							"rotation": [-120.38126, 8.64917, -95.03837],
							"uv": {
								"north": {"uv": [106, 12], "uv_size": [2, 0.875]},
								"east": {"uv": [104, 31], "uv_size": [4, 0.875]},
								"south": {"uv": [106, 13], "uv_size": [2, 0.875]},
								"west": {"uv": [104, 32], "uv_size": [4, 0.875]},
								"up": {"uv": [22, 102], "uv_size": [2, 4]},
								"down": {"uv": [24, 106], "uv_size": [2, -4]}
							}
						},
						{
							"origin": [-0.92406, 7.86415, 4.66697],
							"size": [2.00977, 0.9089, 3.97117],
							"pivot": [0.08083, 8.31859, 6.65255],
							"rotation": [-90, 10, -90],
							"uv": {
								"north": {"uv": [14, 106], "uv_size": [2, 0.875]},
								"east": {"uv": [104, 33], "uv_size": [4, 0.875]},
								"south": {"uv": [106, 14], "uv_size": [2, 0.875]},
								"west": {"uv": [104, 34], "uv_size": [4, 0.875]},
								"up": {"uv": [102, 40], "uv_size": [2, 4]},
								"down": {"uv": [102, 48], "uv_size": [2, -4]}
							}
						},
						{
							"origin": [0.7014, 18.54485, -2.24121],
							"size": [0.52799, 0.42243, 3.12846],
							"pivot": [-0.04139, 10.17369, 0.11503],
							"rotation": [-60, 0, -90],
							"uv": {
								"north": {"uv": [100, 107], "uv_size": [0.5, 0.375]},
								"east": {"uv": [106, 41], "uv_size": [3.125, 0.375]},
								"south": {"uv": [101, 107], "uv_size": [0.5, 0.375]},
								"west": {"uv": [106, 42], "uv_size": [3.125, 0.375]},
								"up": {"uv": [25, 106], "uv_size": [0.5, 3.125]},
								"down": {"uv": [26, 109.125], "uv_size": [0.5, -3.125]}
							}
						},
						{
							"origin": [0.7014, 18.54485, -2.2412],
							"size": [0.52799, 0.42243, 4.71245],
							"pivot": [-0.04139, 10.17369, 0.11503],
							"rotation": [-30, 0, -90],
							"uv": {
								"north": {"uv": [98, 107], "uv_size": [0.5, 0.375]},
								"east": {"uv": [3, 106], "uv_size": [4.75, 0.375]},
								"south": {"uv": [99, 107], "uv_size": [0.5, 0.375]},
								"west": {"uv": [106, 3], "uv_size": [4.75, 0.375]},
								"up": {"uv": [104, 61], "uv_size": [0.5, 4.75]},
								"down": {"uv": [104, 70.75], "uv_size": [0.5, -4.75]}
							}
						},
						{
							"origin": [0.7014, 18.54485, -2.58437],
							"size": [0.52799, 0.42243, 5.05564],
							"pivot": [-0.04139, 10.17369, 0.11504],
							"rotation": [0, 0, -90],
							"uv": {
								"north": {"uv": [96, 107], "uv_size": [0.5, 0.375]},
								"east": {"uv": [105, 37], "uv_size": [5, 0.375]},
								"south": {"uv": [97, 107], "uv_size": [0.5, 0.375]},
								"west": {"uv": [51, 105], "uv_size": [5, 0.375]},
								"up": {"uv": [79, 3], "uv_size": [0.5, 5]},
								"down": {"uv": [51, 90], "uv_size": [0.5, -5]}
							}
						},
						{
							"origin": [0.7014, 18.54485, -2.58435],
							"size": [0.52799, 0.42242, 4.71244],
							"pivot": [-0.04139, 10.17369, -0.22814],
							"rotation": [30, 0, -90],
							"uv": {
								"north": {"uv": [94, 107], "uv_size": [0.5, 0.375]},
								"east": {"uv": [106, 1], "uv_size": [4.75, 0.375]},
								"south": {"uv": [95, 107], "uv_size": [0.5, 0.375]},
								"west": {"uv": [106, 2], "uv_size": [4.75, 0.375]},
								"up": {"uv": [38, 103], "uv_size": [0.5, 4.75]},
								"down": {"uv": [71, 107.75], "uv_size": [0.5, -4.75]}
							}
						},
						{
							"origin": [0.7014, 18.54485, -1.00035],
							"size": [0.52799, 0.42241, 3.12843],
							"pivot": [-0.04139, 10.17369, -0.22814],
							"rotation": [60, 0, -90],
							"uv": {
								"north": {"uv": [92, 107], "uv_size": [0.5, 0.375]},
								"east": {"uv": [39, 106], "uv_size": [3.125, 0.375]},
								"south": {"uv": [93, 107], "uv_size": [0.5, 0.375]},
								"west": {"uv": [106, 40], "uv_size": [3.125, 0.375]},
								"up": {"uv": [56, 105], "uv_size": [0.5, 3.125]},
								"down": {"uv": [24, 109.125], "uv_size": [0.5, -3.125]}
							}
						},
						{
							"origin": [-4.72552, 8.83659, -8.22971],
							"size": [4.12555, 0.528, 0.528],
							"pivot": [-2.26675, 9.10059, -7.96571],
							"rotation": [90, 0, -90],
							"uv": {
								"north": {"uv": [104, 82], "uv_size": [4.125, 0.5]},
								"east": {"uv": [65, 107], "uv_size": [0.5, 0.5]},
								"south": {"uv": [104, 91], "uv_size": [4.125, 0.5]},
								"west": {"uv": [66, 107], "uv_size": [0.5, 0.5]},
								"up": {"uv": [104, 92], "uv_size": [4.125, 0.5]},
								"down": {"uv": [104, 93.5], "uv_size": [4.125, -0.5]}
							}
						},
						{
							"origin": [-2.78142, 10.56191, -8.22971],
							"size": [0.95757, 0.528, 0.528],
							"pivot": [-2.43464, 10.82591, -7.96571],
							"rotation": [90, 0, -135],
							"uv": {
								"north": {"uv": [90, 104], "uv_size": [1, 0.5]},
								"east": {"uv": [69, 107], "uv_size": [0.5, 0.5]},
								"south": {"uv": [37, 106], "uv_size": [1, 0.5]},
								"west": {"uv": [70, 107], "uv_size": [0.5, 0.5]},
								"up": {"uv": [45, 106], "uv_size": [1, 0.5]},
								"down": {"uv": [37, 107.5], "uv_size": [1, -0.5]}
							}
						},
						{
							"origin": [-4.69341, 10.91648, -8.22971],
							"size": [1.08957, 0.528, 0.528],
							"pivot": [-3.68663, 11.18048, -7.96571],
							"rotation": [90, 0, -180],
							"uv": {
								"north": {"uv": [94, 106], "uv_size": [1.125, 0.5]},
								"east": {"uv": [67, 107], "uv_size": [0.5, 0.5]},
								"south": {"uv": [96, 106], "uv_size": [1.125, 0.5]},
								"west": {"uv": [68, 107], "uv_size": [0.5, 0.5]},
								"up": {"uv": [98, 106], "uv_size": [1.125, 0.5]},
								"down": {"uv": [100, 106.5], "uv_size": [1.125, -0.5]}
							}
						},
						{
							"origin": [-4.69341, 10.91648, 7.58859],
							"size": [1.08957, 0.528, 0.528],
							"pivot": [-3.68663, 11.18048, 7.85259],
							"rotation": [-90, 0, -180],
							"uv": {
								"north": {"uv": [102, 106], "uv_size": [1.125, 0.5]},
								"east": {"uv": [79, 107], "uv_size": [0.5, 0.5]},
								"south": {"uv": [104, 106], "uv_size": [1.125, 0.5]},
								"west": {"uv": [80, 107], "uv_size": [0.5, 0.5]},
								"up": {"uv": [106, 106], "uv_size": [1.125, 0.5]},
								"down": {"uv": [0, 107.5], "uv_size": [1.125, -0.5]}
							}
						},
						{
							"origin": [-2.78142, 10.56191, 7.58859],
							"size": [0.95757, 0.528, 0.528],
							"pivot": [-2.43464, 10.82591, 7.85259],
							"rotation": [-90, 0, -135],
							"uv": {
								"north": {"uv": [107, 39], "uv_size": [1, 0.5]},
								"east": {"uv": [77, 107], "uv_size": [0.5, 0.5]},
								"south": {"uv": [41, 107], "uv_size": [1, 0.5]},
								"west": {"uv": [78, 107], "uv_size": [0.5, 0.5]},
								"up": {"uv": [42, 107], "uv_size": [1, 0.5]},
								"down": {"uv": [43, 107.5], "uv_size": [1, -0.5]}
							}
						},
						{
							"origin": [-4.72552, 8.83659, 7.58859],
							"size": [4.12555, 0.528, 0.528],
							"pivot": [-2.26675, 9.10059, 7.85259],
							"rotation": [-90, 0, -90],
							"uv": {
								"north": {"uv": [104, 94], "uv_size": [4.125, 0.5]},
								"east": {"uv": [75, 107], "uv_size": [0.5, 0.5]},
								"south": {"uv": [104, 95], "uv_size": [4.125, 0.5]},
								"west": {"uv": [76, 107], "uv_size": [0.5, 0.5]},
								"up": {"uv": [104, 96], "uv_size": [4.125, 0.5]},
								"down": {"uv": [104, 97.5], "uv_size": [4.125, -0.5]}
							}
						},
						{
							"origin": [0.59402, 8.83659, -8.22971],
							"size": [4.12555, 0.528, 0.528],
							"pivot": [2.2608, 9.10059, -7.96571],
							"rotation": [90, 0, 90],
							"uv": {
								"north": {"uv": [104, 102], "uv_size": [4.125, 0.5]},
								"east": {"uv": [90, 107], "uv_size": [0.5, 0.5]},
								"south": {"uv": [104, 103], "uv_size": [4.125, 0.5]},
								"west": {"uv": [91, 107], "uv_size": [0.5, 0.5]},
								"up": {"uv": [104, 104], "uv_size": [4.125, 0.5]},
								"down": {"uv": [105, 35.5], "uv_size": [4.125, -0.5]}
							}
						},
						{
							"origin": [-1.23534, 18.54485, -1.00035],
							"size": [0.52799, 0.42241, 3.12843],
							"pivot": [0.03544, 10.17369, -0.22814],
							"rotation": [60, 0, 90],
							"uv": {
								"north": {"uv": [2, 108], "uv_size": [0.5, 0.375]},
								"east": {"uv": [106, 45], "uv_size": [3.125, 0.375]},
								"south": {"uv": [3, 108], "uv_size": [0.5, 0.375]},
								"west": {"uv": [106, 46], "uv_size": [3.125, 0.375]},
								"up": {"uv": [29, 106], "uv_size": [0.5, 3.125]},
								"down": {"uv": [30, 109.125], "uv_size": [0.5, -3.125]}
							}
						},
						{
							"origin": [-1.23534, 18.54485, -2.58435],
							"size": [0.52799, 0.42242, 4.71244],
							"pivot": [0.03544, 10.17369, -0.22814],
							"rotation": [30, 0, 90],
							"uv": {
								"north": {"uv": [0, 108], "uv_size": [0.5, 0.375]},
								"east": {"uv": [106, 6], "uv_size": [4.75, 0.375]},
								"south": {"uv": [1, 108], "uv_size": [0.5, 0.375]},
								"west": {"uv": [106, 7], "uv_size": [4.75, 0.375]},
								"up": {"uv": [73, 104], "uv_size": [0.5, 4.75]},
								"down": {"uv": [74, 108.75], "uv_size": [0.5, -4.75]}
							}
						},
						{
							"origin": [-1.23534, 18.54485, -2.58437],
							"size": [0.52799, 0.42243, 5.05564],
							"pivot": [0.03544, 10.17369, 0.11504],
							"rotation": [0, 0, 90],
							"uv": {
								"north": {"uv": [106, 107], "uv_size": [0.5, 0.375]},
								"east": {"uv": [105, 61], "uv_size": [5, 0.375]},
								"south": {"uv": [107, 107], "uv_size": [0.5, 0.375]},
								"west": {"uv": [105, 62], "uv_size": [5, 0.375]},
								"up": {"uv": [50, 101], "uv_size": [0.5, 5]},
								"down": {"uv": [81, 107], "uv_size": [0.5, -5]}
							}
						},
						{
							"origin": [-1.23534, 18.54485, -2.2412],
							"size": [0.52799, 0.42243, 4.71245],
							"pivot": [0.03544, 10.17369, 0.11503],
							"rotation": [-30, 0, 90],
							"uv": {
								"north": {"uv": [104, 107], "uv_size": [0.5, 0.375]},
								"east": {"uv": [106, 4], "uv_size": [4.75, 0.375]},
								"south": {"uv": [105, 107], "uv_size": [0.5, 0.375]},
								"west": {"uv": [106, 5], "uv_size": [4.75, 0.375]},
								"up": {"uv": [104, 71], "uv_size": [0.5, 4.75]},
								"down": {"uv": [72, 108.75], "uv_size": [0.5, -4.75]}
							}
						},
						{
							"origin": [-1.23534, 18.54485, -2.24121],
							"size": [0.52799, 0.42243, 3.12846],
							"pivot": [0.03544, 10.17369, 0.11503],
							"rotation": [-60, 0, 90],
							"uv": {
								"north": {"uv": [102, 107], "uv_size": [0.5, 0.375]},
								"east": {"uv": [106, 43], "uv_size": [3.125, 0.375]},
								"south": {"uv": [103, 107], "uv_size": [0.5, 0.375]},
								"west": {"uv": [106, 44], "uv_size": [3.125, 0.375]},
								"up": {"uv": [27, 106], "uv_size": [0.5, 3.125]},
								"down": {"uv": [28, 109.125], "uv_size": [0.5, -3.125]}
							}
						},
						{
							"origin": [3.59789, 10.91648, -8.22971],
							"size": [1.08957, 0.528, 0.528],
							"pivot": [3.68068, 11.18048, -7.96571],
							"rotation": [90, 0, 180],
							"uv": {
								"north": {"uv": [10, 107], "uv_size": [1.125, 0.5]},
								"east": {"uv": [88, 107], "uv_size": [0.5, 0.5]},
								"south": {"uv": [12, 107], "uv_size": [1.125, 0.5]},
								"west": {"uv": [89, 107], "uv_size": [0.5, 0.5]},
								"up": {"uv": [14, 107], "uv_size": [1.125, 0.5]},
								"down": {"uv": [31, 107.5], "uv_size": [1.125, -0.5]}
							}
						},
						{
							"origin": [1.8179, 10.56191, -8.22971],
							"size": [0.95757, 0.528, 0.528],
							"pivot": [2.42869, 10.82591, -7.96571],
							"rotation": [90, 0, 135],
							"uv": {
								"north": {"uv": [48, 107], "uv_size": [1, 0.5]},
								"east": {"uv": [107, 86], "uv_size": [0.5, 0.5]},
								"south": {"uv": [49, 107], "uv_size": [1, 0.5]},
								"west": {"uv": [87, 107], "uv_size": [0.5, 0.5]},
								"up": {"uv": [50, 107], "uv_size": [1, 0.5]},
								"down": {"uv": [51, 107.5], "uv_size": [1, -0.5]}
							}
						},
						{
							"origin": [0.59402, 8.83659, 7.58859],
							"size": [4.12555, 0.528, 0.528],
							"pivot": [2.2608, 9.10059, 7.85259],
							"rotation": [-90, 0, 90],
							"uv": {
								"north": {"uv": [104, 98], "uv_size": [4.125, 0.5]},
								"east": {"uv": [85, 107], "uv_size": [0.5, 0.5]},
								"south": {"uv": [104, 99], "uv_size": [4.125, 0.5]},
								"west": {"uv": [86, 107], "uv_size": [0.5, 0.5]},
								"up": {"uv": [104, 100], "uv_size": [4.125, 0.5]},
								"down": {"uv": [104, 101.5], "uv_size": [4.125, -0.5]}
							}
						},
						{
							"origin": [1.8179, 10.56191, 7.58859],
							"size": [0.95757, 0.528, 0.528],
							"pivot": [2.42869, 10.82591, 7.85259],
							"rotation": [-90, 0, 135],
							"uv": {
								"north": {"uv": [44, 107], "uv_size": [1, 0.5]},
								"east": {"uv": [83, 107], "uv_size": [0.5, 0.5]},
								"south": {"uv": [45, 107], "uv_size": [1, 0.5]},
								"west": {"uv": [84, 107], "uv_size": [0.5, 0.5]},
								"up": {"uv": [46, 107], "uv_size": [1, 0.5]},
								"down": {"uv": [47, 107.5], "uv_size": [1, -0.5]}
							}
						},
						{
							"origin": [3.59789, 10.91648, 7.58859],
							"size": [1.08957, 0.528, 0.528],
							"pivot": [3.68068, 11.18048, 7.85259],
							"rotation": [-90, 0, 180],
							"uv": {
								"north": {"uv": [2, 107], "uv_size": [1.125, 0.5]},
								"east": {"uv": [81, 107], "uv_size": [0.5, 0.5]},
								"south": {"uv": [4, 107], "uv_size": [1.125, 0.5]},
								"west": {"uv": [82, 107], "uv_size": [0.5, 0.5]},
								"up": {"uv": [6, 107], "uv_size": [1.125, 0.5]},
								"down": {"uv": [8, 107.5], "uv_size": [1.125, -0.5]}
							}
						},
						{
							"origin": [-1.28392, 5.93879, -2.36563],
							"size": [2.56189, 9.15195, 4.75015],
							"pivot": [-0.00297, 6.22681, 0.00944],
							"rotation": [-180, 0, -90],
							"uv": {
								"north": {"uv": [21, 92], "uv_size": [2.5, 9.125]},
								"east": {"uv": [70, 71], "uv_size": [4.75, 9.125]},
								"south": {"uv": [24, 92], "uv_size": [2.5, 9.125]},
								"west": {"uv": [72, 30], "uv_size": [4.75, 9.125]},
								"up": {"uv": [99, 46], "uv_size": [2.5, 4.75]},
								"down": {"uv": [99, 55.75], "uv_size": [2.5, -4.75]}
							}
						},
						{
							"origin": [-1.28392, 5.93879, -2.36563],
							"size": [2.56189, 9.15195, 4.75015],
							"pivot": [-0.00297, 6.22681, 0.00944],
							"rotation": [150, 0, -90],
							"uv": {
								"north": {"uv": [18, 92], "uv_size": [2.5, 9.125]},
								"east": {"uv": [30, 71], "uv_size": [4.75, 9.125]},
								"south": {"uv": [92, 20], "uv_size": [2.5, 9.125]},
								"west": {"uv": [35, 71], "uv_size": [4.75, 9.125]},
								"up": {"uv": [69, 98], "uv_size": [2.5, 4.75]},
								"down": {"uv": [99, 45.75], "uv_size": [2.5, -4.75]}
							}
						},
						{
							"origin": [-1.28392, 5.93879, -2.36563],
							"size": [2.56189, 9.15195, 4.75015],
							"pivot": [-0.00297, 6.22681, 0.00944],
							"rotation": [120, 0, -90],
							"uv": {
								"north": {"uv": [12, 92], "uv_size": [2.5, 9.125]},
								"east": {"uv": [20, 71], "uv_size": [4.75, 9.125]},
								"south": {"uv": [15, 92], "uv_size": [2.5, 9.125]},
								"west": {"uv": [25, 71], "uv_size": [4.75, 9.125]},
								"up": {"uv": [36, 98], "uv_size": [2.5, 4.75]},
								"down": {"uv": [66, 102.75], "uv_size": [2.5, -4.75]}
							}
						},
						{
							"origin": [-1.28392, 5.93879, -2.36563],
							"size": [2.56189, 9.15195, 4.75015],
							"pivot": [-0.00297, 6.22681, 0.00944],
							"rotation": [90, 0, -90],
							"uv": {
								"north": {"uv": [9, 92], "uv_size": [2.5, 9.125]},
								"east": {"uv": [10, 71], "uv_size": [4.75, 9.125]},
								"south": {"uv": [92, 10], "uv_size": [2.5, 9.125]},
								"west": {"uv": [15, 71], "uv_size": [4.75, 9.125]},
								"up": {"uv": [98, 30], "uv_size": [2.5, 4.75]},
								"down": {"uv": [33, 102.75], "uv_size": [2.5, -4.75]}
							}
						},
						{
							"origin": [-1.28392, 5.93879, -2.36563],
							"size": [2.56189, 9.15195, 4.75015],
							"pivot": [-0.00297, 6.22681, 0.00944],
							"rotation": [60, 0, -90],
							"uv": {
								"north": {"uv": [90, 86], "uv_size": [2.5, 9.125]},
								"east": {"uv": [70, 61], "uv_size": [4.75, 9.125]},
								"south": {"uv": [92, 0], "uv_size": [2.5, 9.125]},
								"west": {"uv": [71, 0], "uv_size": [4.75, 9.125]},
								"up": {"uv": [27, 98], "uv_size": [2.5, 4.75]},
								"down": {"uv": [30, 102.75], "uv_size": [2.5, -4.75]}
							}
						},
						{
							"origin": [-1.28392, 5.93879, -2.36563],
							"size": [2.56189, 9.15195, 4.75015],
							"pivot": [-0.00297, 6.22681, 0.00944],
							"rotation": [30, 0, -90],
							"uv": {
								"north": {"uv": [90, 66], "uv_size": [2.5, 9.125]},
								"east": {"uv": [69, 10], "uv_size": [4.75, 9.125]},
								"south": {"uv": [90, 76], "uv_size": [2.5, 9.125]},
								"west": {"uv": [69, 20], "uv_size": [4.75, 9.125]},
								"up": {"uv": [98, 20], "uv_size": [2.5, 4.75]},
								"down": {"uv": [98, 29.75], "uv_size": [2.5, -4.75]}
							}
						},
						{
							"origin": [-1.28392, 5.93879, -2.36563],
							"size": [2.56189, 9.15195, 4.75015],
							"pivot": [-0.00297, 6.22681, 0.00944],
							"rotation": [0, 0, -90],
							"uv": {
								"north": {"uv": [90, 46], "uv_size": [2.5, 9.125]},
								"east": {"uv": [67, 41], "uv_size": [4.75, 9.125]},
								"south": {"uv": [90, 56], "uv_size": [2.5, 9.125]},
								"west": {"uv": [67, 51], "uv_size": [4.75, 9.125]},
								"up": {"uv": [98, 10], "uv_size": [2.5, 4.75]},
								"down": {"uv": [98, 19.75], "uv_size": [2.5, -4.75]}
							}
						},
						{
							"origin": [-1.28392, 5.93879, -2.36563],
							"size": [2.56189, 9.15195, 4.75015],
							"pivot": [-0.00297, 6.22681, 0.00944],
							"rotation": [-30, 0, -90],
							"uv": {
								"north": {"uv": [89, 20], "uv_size": [2.5, 9.125]},
								"east": {"uv": [5, 67], "uv_size": [4.75, 9.125]},
								"south": {"uv": [89, 30], "uv_size": [2.5, 9.125]},
								"west": {"uv": [67, 31], "uv_size": [4.75, 9.125]},
								"up": {"uv": [98, 0], "uv_size": [2.5, 4.75]},
								"down": {"uv": [98, 9.75], "uv_size": [2.5, -4.75]}
							}
						},
						{
							"origin": [-1.28392, 5.93879, -2.36563],
							"size": [2.56189, 9.15195, 4.75015],
							"pivot": [-0.00297, 6.22681, 0.00944],
							"rotation": [-60, 0, -90],
							"uv": {
								"north": {"uv": [89, 0], "uv_size": [2.5, 9.125]},
								"east": {"uv": [66, 0], "uv_size": [4.75, 9.125]},
								"south": {"uv": [89, 10], "uv_size": [2.5, 9.125]},
								"west": {"uv": [0, 67], "uv_size": [4.75, 9.125]},
								"up": {"uv": [79, 97], "uv_size": [2.5, 4.75]},
								"down": {"uv": [96, 101.75], "uv_size": [2.5, -4.75]}
							}
						},
						{
							"origin": [-1.28392, 5.93879, -2.36563],
							"size": [2.56189, 9.15195, 4.75015],
							"pivot": [-0.00297, 6.22681, 0.00944],
							"rotation": [-90, 0, -90],
							"uv": {
								"north": {"uv": [81, 87], "uv_size": [2.5, 9.125]},
								"east": {"uv": [60, 65], "uv_size": [4.75, 9.125]},
								"south": {"uv": [87, 86], "uv_size": [2.5, 9.125]},
								"west": {"uv": [65, 65], "uv_size": [4.75, 9.125]},
								"up": {"uv": [6, 97], "uv_size": [2.5, 4.75]},
								"down": {"uv": [97, 40.75], "uv_size": [2.5, -4.75]}
							}
						},
						{
							"origin": [-1.28392, 5.93879, -2.36563],
							"size": [2.56189, 9.15195, 4.75015],
							"pivot": [-0.00297, 6.22681, 0.00944],
							"rotation": [-120, 0, -90],
							"uv": {
								"north": {"uv": [87, 66], "uv_size": [2.5, 9.125]},
								"east": {"uv": [64, 21], "uv_size": [4.75, 9.125]},
								"south": {"uv": [87, 76], "uv_size": [2.5, 9.125]},
								"west": {"uv": [55, 64], "uv_size": [4.75, 9.125]},
								"up": {"uv": [0, 97], "uv_size": [2.5, 4.75]},
								"down": {"uv": [3, 101.75], "uv_size": [2.5, -4.75]}
							}
						},
						{
							"origin": [-1.28392, 5.93879, -2.36563],
							"size": [2.56189, 9.15195, 4.75015],
							"pivot": [-0.00297, 6.22681, 0.00944],
							"rotation": [-150, 0, -90],
							"uv": {
								"north": {"uv": [87, 46], "uv_size": [2.5, 9.125]},
								"east": {"uv": [62, 55], "uv_size": [4.75, 9.125]},
								"south": {"uv": [87, 56], "uv_size": [2.5, 9.125]},
								"west": {"uv": [64, 11], "uv_size": [4.75, 9.125]},
								"up": {"uv": [96, 87], "uv_size": [2.5, 4.75]},
								"down": {"uv": [96, 96.75], "uv_size": [2.5, -4.75]}
							}
						},
						{
							"origin": [-0.66906, 7.77704, -1.2256],
							"size": [0.53218, 4.75901, 2.47008],
							"pivot": [-0.00297, 7.92681, 0.00944],
							"rotation": [-60, 0, -90],
							"uv": {
								"north": {"uv": [89, 0], "uv_size": [2.5, 9.125]},
								"east": {"uv": [66, 0], "uv_size": [4.75, 9.125]},
								"south": {"uv": [89, 10], "uv_size": [2.5, 9.125]},
								"west": {"uv": [123.25, 0], "uv_size": [4.75, 9.125]},
								"up": {"uv": [79, 97], "uv_size": [2.5, 4.75]},
								"down": {"uv": [96, 101.75], "uv_size": [2.5, -4.75]}
							}
						},
						{
							"origin": [-0.66906, 7.77704, -1.2256],
							"size": [0.53218, 4.75901, 2.47008],
							"pivot": [-0.00297, 7.92681, 0.00944],
							"rotation": [-30, 0, -90],
							"uv": {
								"north": {"uv": [89, 20], "uv_size": [2.5, 9.125]},
								"east": {"uv": [5, 67], "uv_size": [4.75, 9.125]},
								"south": {"uv": [89, 30], "uv_size": [2.5, 9.125]},
								"west": {"uv": [123.25, 0], "uv_size": [4.75, 9.125]},
								"up": {"uv": [98, 0], "uv_size": [2.5, 4.75]},
								"down": {"uv": [98, 9.75], "uv_size": [2.5, -4.75]}
							}
						},
						{
							"origin": [-0.66906, 7.77704, -1.2256],
							"size": [0.53218, 4.75901, 2.47008],
							"pivot": [-0.00297, 7.92681, 0.00944],
							"rotation": [0, 0, -90],
							"uv": {
								"north": {"uv": [90, 46], "uv_size": [2.5, 9.125]},
								"east": {"uv": [67, 41], "uv_size": [4.75, 9.125]},
								"south": {"uv": [90, 56], "uv_size": [2.5, 9.125]},
								"west": {"uv": [123.25, 0], "uv_size": [4.75, 9.125]},
								"up": {"uv": [98, 10], "uv_size": [2.5, 4.75]},
								"down": {"uv": [98, 19.75], "uv_size": [2.5, -4.75]}
							}
						},
						{
							"origin": [-0.66906, 7.77704, -1.2256],
							"size": [0.53218, 4.75901, 2.47008],
							"pivot": [-0.00297, 7.92681, 0.00944],
							"rotation": [30, 0, -90],
							"uv": {
								"north": {"uv": [90, 66], "uv_size": [2.5, 9.125]},
								"east": {"uv": [69, 10], "uv_size": [4.75, 9.125]},
								"south": {"uv": [90, 76], "uv_size": [2.5, 9.125]},
								"west": {"uv": [123.25, 0], "uv_size": [4.75, 9.125]},
								"up": {"uv": [98, 20], "uv_size": [2.5, 4.75]},
								"down": {"uv": [98, 29.75], "uv_size": [2.5, -4.75]}
							}
						},
						{
							"origin": [-0.66906, 7.77704, -1.2256],
							"size": [0.53218, 4.75901, 2.47008],
							"pivot": [-0.00297, 7.92681, 0.00944],
							"rotation": [60, 0, -90],
							"uv": {
								"north": {"uv": [90, 86], "uv_size": [2.5, 9.125]},
								"east": {"uv": [70, 61], "uv_size": [4.75, 9.125]},
								"south": {"uv": [92, 0], "uv_size": [2.5, 9.125]},
								"west": {"uv": [123.25, 0], "uv_size": [4.75, 9.125]},
								"up": {"uv": [27, 98], "uv_size": [2.5, 4.75]},
								"down": {"uv": [30, 102.75], "uv_size": [2.5, -4.75]}
							}
						},
						{
							"origin": [-0.66906, 7.77704, -1.2256],
							"size": [0.53218, 4.75901, 2.47008],
							"pivot": [-0.00297, 7.92681, 0.00944],
							"rotation": [90, 0, -90],
							"uv": {
								"north": {"uv": [9, 92], "uv_size": [2.5, 9.125]},
								"east": {"uv": [10, 71], "uv_size": [4.75, 9.125]},
								"south": {"uv": [92, 10], "uv_size": [2.5, 9.125]},
								"west": {"uv": [123.25, 0], "uv_size": [4.75, 9.125]},
								"up": {"uv": [98, 30], "uv_size": [2.5, 4.75]},
								"down": {"uv": [33, 102.75], "uv_size": [2.5, -4.75]}
							}
						},
						{
							"origin": [-0.66906, 7.77704, -1.2256],
							"size": [0.53218, 4.75901, 2.47008],
							"pivot": [-0.00297, 7.92681, 0.00944],
							"rotation": [120, 0, -90],
							"uv": {
								"north": {"uv": [12, 92], "uv_size": [2.5, 9.125]},
								"east": {"uv": [20, 71], "uv_size": [4.75, 9.125]},
								"south": {"uv": [15, 92], "uv_size": [2.5, 9.125]},
								"west": {"uv": [123.25, 0], "uv_size": [4.75, 9.125]},
								"up": {"uv": [36, 98], "uv_size": [2.5, 4.75]},
								"down": {"uv": [66, 102.75], "uv_size": [2.5, -4.75]}
							}
						},
						{
							"origin": [-0.66906, 7.77704, -1.2256],
							"size": [0.53218, 4.75901, 2.47008],
							"pivot": [-0.00297, 7.92681, 0.00944],
							"rotation": [150, 0, -90],
							"uv": {
								"north": {"uv": [18, 92], "uv_size": [2.5, 9.125]},
								"east": {"uv": [30, 71], "uv_size": [4.75, 9.125]},
								"south": {"uv": [92, 20], "uv_size": [2.5, 9.125]},
								"west": {"uv": [123.25, 0], "uv_size": [4.75, 9.125]},
								"up": {"uv": [69, 98], "uv_size": [2.5, 4.75]},
								"down": {"uv": [99, 45.75], "uv_size": [2.5, -4.75]}
							}
						},
						{
							"origin": [-0.66906, 7.77704, -1.2256],
							"size": [0.53218, 4.75901, 2.47008],
							"pivot": [-0.00297, 7.92681, 0.00944],
							"rotation": [-180, 0, -90],
							"uv": {
								"north": {"uv": [21, 92], "uv_size": [2.5, 9.125]},
								"east": {"uv": [70, 71], "uv_size": [4.75, 9.125]},
								"south": {"uv": [24, 92], "uv_size": [2.5, 9.125]},
								"west": {"uv": [123.25, 0], "uv_size": [4.75, 9.125]},
								"up": {"uv": [99, 46], "uv_size": [2.5, 4.75]},
								"down": {"uv": [99, 55.75], "uv_size": [2.5, -4.75]}
							}
						},
						{
							"origin": [-0.66906, 7.77704, -1.2256],
							"size": [0.53218, 4.75901, 2.47008],
							"pivot": [-0.00297, 7.92681, 0.00944],
							"rotation": [-150, 0, -90],
							"uv": {
								"north": {"uv": [87, 46], "uv_size": [2.5, 9.125]},
								"east": {"uv": [62, 55], "uv_size": [4.75, 9.125]},
								"south": {"uv": [87, 56], "uv_size": [2.5, 9.125]},
								"west": {"uv": [123.25, 0], "uv_size": [4.75, 9.125]},
								"up": {"uv": [96, 87], "uv_size": [2.5, 4.75]},
								"down": {"uv": [96, 96.75], "uv_size": [2.5, -4.75]}
							}
						},
						{
							"origin": [-0.66906, 7.77704, -1.2256],
							"size": [0.53218, 4.75901, 2.47008],
							"pivot": [-0.00297, 7.92681, 0.00944],
							"rotation": [-120, 0, -90],
							"uv": {
								"north": {"uv": [87, 66], "uv_size": [2.5, 9.125]},
								"east": {"uv": [64, 21], "uv_size": [4.75, 9.125]},
								"south": {"uv": [87, 76], "uv_size": [2.5, 9.125]},
								"west": {"uv": [123.25, 0], "uv_size": [4.75, 9.125]},
								"up": {"uv": [0, 97], "uv_size": [2.5, 4.75]},
								"down": {"uv": [3, 101.75], "uv_size": [2.5, -4.75]}
							}
						},
						{
							"origin": [-0.66906, 7.77704, -1.2256],
							"size": [0.53218, 4.75901, 2.47008],
							"pivot": [-0.00297, 7.92681, 0.00944],
							"rotation": [-90, 0, -90],
							"uv": {
								"north": {"uv": [81, 87], "uv_size": [2.5, 9.125]},
								"east": {"uv": [60, 65], "uv_size": [4.75, 9.125]},
								"south": {"uv": [87, 86], "uv_size": [2.5, 9.125]},
								"west": {"uv": [123.25, 0], "uv_size": [4.75, 9.125]},
								"up": {"uv": [6, 97], "uv_size": [2.5, 4.75]},
								"down": {"uv": [97, 40.75], "uv_size": [2.5, -4.75]}
							}
						},
						{
							"origin": [-1.50221, -3.05252, 6.16661],
							"size": [2.99847, 9.58847, 5.55963],
							"pivot": [-0.00297, 5.74171, 8.94643],
							"rotation": [-90, 30, -90],
							"uv": {
								"north": {"uv": [74, 20], "uv_size": [3, 9.625]},
								"east": {"uv": [12, 40], "uv_size": [5.5, 9.625]},
								"south": {"uv": [54, 74], "uv_size": [3, 9.625]},
								"west": {"uv": [18, 40], "uv_size": [5.5, 9.625]},
								"up": {"uv": [93, 88], "uv_size": [3, 5.5]},
								"down": {"uv": [94, 41.5], "uv_size": [3, -5.5]}
							}
						},
						{
							"origin": [2.96628, -3.05252, 4.96928],
							"size": [2.99847, 9.58847, 5.55963],
							"pivot": [4.46552, 5.74171, 7.7491],
							"rotation": [-123.6901, 25.6589, -106.1021],
							"uv": {
								"north": {"uv": [72, 43], "uv_size": [3, 9.625]},
								"east": {"uv": [38, 0], "uv_size": [5.5, 9.625]},
								"south": {"uv": [74, 10], "uv_size": [3, 9.625]},
								"west": {"uv": [38, 10], "uv_size": [5.5, 9.625]},
								"up": {"uv": [93, 82], "uv_size": [3, 5.5]},
								"down": {"uv": [84, 98.5], "uv_size": [3, -5.5]}
							}
						},
						{
							"origin": [6.23669, -2.66456, 1.69769],
							"size": [2.99847, 9.2, 5.55963],
							"pivot": [7.73593, 5.74121, 4.47751],
							"rotation": [-153.4349, 14.4775, -116.5651],
							"uv": {
								"north": {"uv": [77, 30], "uv_size": [3, 9.25]},
								"east": {"uv": [30, 50], "uv_size": [5.5, 9.25]},
								"south": {"uv": [78, 43], "uv_size": [3, 9.25]},
								"west": {"uv": [36, 50], "uv_size": [5.5, 9.25]},
								"up": {"uv": [73, 93], "uv_size": [3, 5.5]},
								"down": {"uv": [93, 81.5], "uv_size": [3, -5.5]}
							}
						},
						{
							"origin": [7.43391, -2.66456, -2.77038],
							"size": [2.99847, 9.2, 5.55963],
							"pivot": [8.93315, 5.74121, 0.00944],
							"rotation": [-180, 0, -120],
							"uv": {
								"north": {"uv": [77, 10], "uv_size": [3, 9.25]},
								"east": {"uv": [18, 50], "uv_size": [5.5, 9.25]},
								"south": {"uv": [77, 20], "uv_size": [3, 9.25]},
								"west": {"uv": [24, 50], "uv_size": [5.5, 9.25]},
								"up": {"uv": [93, 64], "uv_size": [3, 5.5]},
								"down": {"uv": [93, 75.5], "uv_size": [3, -5.5]}
							}
						},
						{
							"origin": [6.2367, -2.66456, -7.23843],
							"size": [2.99847, 9.2, 5.55963],
							"pivot": [7.73594, 5.74121, -4.45861],
							"rotation": [153.4349, -14.4775, -116.5651],
							"uv": {
								"north": {"uv": [3, 77], "uv_size": [3, 9.25]},
								"east": {"uv": [50, 10], "uv_size": [5.5, 9.25]},
								"south": {"uv": [6, 77], "uv_size": [3, 9.25]},
								"west": {"uv": [12, 50], "uv_size": [5.5, 9.25]},
								"up": {"uv": [93, 52], "uv_size": [3, 5.5]},
								"down": {"uv": [93, 63.5], "uv_size": [3, -5.5]}
							}
						},
						{
							"origin": [2.96585, -2.66456, -10.50928],
							"size": [2.99847, 9.2, 5.55963],
							"pivot": [4.46509, 5.74121, -7.72946],
							"rotation": [123.6901, -25.6589, -106.1021],
							"uv": {
								"north": {"uv": [76, 0], "uv_size": [3, 9.25]},
								"east": {"uv": [48, 40], "uv_size": [5.5, 9.25]},
								"south": {"uv": [0, 77], "uv_size": [3, 9.25]},
								"west": {"uv": [50, 0], "uv_size": [5.5, 9.25]},
								"up": {"uv": [70, 92], "uv_size": [3, 5.5]},
								"down": {"uv": [93, 51.5], "uv_size": [3, -5.5]}
							}
						},
						{
							"origin": [-1.5022, -2.66456, -11.70649],
							"size": [2.99847, 9.2, 5.55963],
							"pivot": [-0.00296, 5.74121, -8.92667],
							"rotation": [90, -30, -90],
							"uv": {
								"north": {"uv": [66, 75], "uv_size": [3, 9.25]},
								"east": {"uv": [48, 20], "uv_size": [5.5, 9.25]},
								"south": {"uv": [75, 73], "uv_size": [3, 9.25]},
								"west": {"uv": [48, 30], "uv_size": [5.5, 9.25]},
								"up": {"uv": [36, 92], "uv_size": [3, 5.5]},
								"down": {"uv": [67, 97.5], "uv_size": [3, -5.5]}
							}
						},
						{
							"origin": [-6.31418, -3.06167, -11.10496],
							"size": [2.99847, 9.2, 5.55963],
							"pivot": [-4.81494, 6.13833, -8.32514],
							"rotation": [56.3099, -25.6589, -73.8979],
							"uv": {
								"north": {"uv": [63, 75], "uv_size": [3, 9.25]},
								"east": {"uv": [0, 46], "uv_size": [5.5, 9.25]},
								"south": {"uv": [75, 63], "uv_size": [3, 9.25]},
								"west": {"uv": [6, 46], "uv_size": [5.5, 9.25]},
								"up": {"uv": [92, 30], "uv_size": [3, 5.5]},
								"down": {"uv": [33, 97.5], "uv_size": [3, -5.5]}
							}
						},
						{
							"origin": [-9.24111, -2.66456, -7.23844],
							"size": [2.99847, 9.2, 5.55963],
							"pivot": [-7.74188, 5.74121, -4.45862],
							"rotation": [26.5651, -14.4775, -63.4349],
							"uv": {
								"north": {"uv": [75, 53], "uv_size": [3, 9.25]},
								"east": {"uv": [44, 0], "uv_size": [5.5, 9.25]},
								"south": {"uv": [60, 75], "uv_size": [3, 9.25]},
								"west": {"uv": [44, 10], "uv_size": [5.5, 9.25]},
								"up": {"uv": [27, 92], "uv_size": [3, 5.5]},
								"down": {"uv": [30, 97.5], "uv_size": [3, -5.5]}
							}
						},
						{
							"origin": [-10.43833, -2.66456, -2.77038],
							"size": [2.99847, 9.2, 5.55963],
							"pivot": [-8.93909, 5.74121, 0.00944],
							"rotation": [0, 0, -60],
							"uv": {
								"north": {"uv": [46, 75], "uv_size": [3, 9.25]},
								"east": {"uv": [42, 30], "uv_size": [5.5, 9.25]},
								"south": {"uv": [49, 75], "uv_size": [3, 9.25]},
								"west": {"uv": [42, 40], "uv_size": [5.5, 9.25]},
								"up": {"uv": [80, 33], "uv_size": [3, 5.5]},
								"down": {"uv": [83, 37.5], "uv_size": [3, -5.5]}
							}
						},
						{
							"origin": [-9.24112, -2.66456, 1.69768],
							"size": [2.99847, 9.2, 5.55963],
							"pivot": [-7.74188, 5.74121, 4.4775],
							"rotation": [-26.5651, 14.4775, -63.4349],
							"uv": {
								"north": {"uv": [43, 75], "uv_size": [3, 9.25]},
								"east": {"uv": [36, 40], "uv_size": [5.5, 9.25]},
								"south": {"uv": [75, 43], "uv_size": [3, 9.25]},
								"west": {"uv": [42, 20], "uv_size": [5.5, 9.25]},
								"up": {"uv": [59, 33], "uv_size": [3, 5.5]},
								"down": {"uv": [72, 58.5], "uv_size": [3, -5.5]}
							}
						},
						{
							"origin": [-5.97028, -2.66456, 4.96853],
							"size": [2.99847, 9.2, 5.55963],
							"pivot": [-4.47104, 5.74121, 7.74834],
							"rotation": [-56.3099, 25.6589, -73.8979],
							"uv": {
								"north": {"uv": [57, 74], "uv_size": [3, 9.25]},
								"east": {"uv": [24, 40], "uv_size": [5.5, 9.25]},
								"south": {"uv": [40, 75], "uv_size": [3, 9.25]},
								"west": {"uv": [30, 40], "uv_size": [5.5, 9.25]},
								"up": {"uv": [54, 42], "uv_size": [3, 5.5]},
								"down": {"uv": [56, 16.5], "uv_size": [3, -5.5]}
							}
						},
						{
							"origin": [-1.08221, 4.12718, -2.77038],
							"size": [2.57847, 9.58847, 5.55963],
							"pivot": [-0.00297, 3.34121, 0.00944],
							"rotation": [-90, 0, -90],
							"uv": {
								"north": {"uv": [3, 87], "uv_size": [2.625, 9.625]},
								"east": {"uv": [36, 20], "uv_size": [5.5, 9.625]},
								"south": {"uv": [6, 87], "uv_size": [2.625, 9.625]},
								"west": {"uv": [36, 30], "uv_size": [5.5, 9.625]},
								"up": {"uv": [76, 96], "uv_size": [2.625, 5.5]},
								"down": {"uv": [96, 83.5], "uv_size": [2.625, -5.5]}
							}
						},
						{
							"origin": [-1.08221, 4.12718, -2.77038],
							"size": [2.57847, 9.58847, 5.55963],
							"pivot": [-0.00297, 3.34121, 0.00944],
							"rotation": [-120, 0, -90],
							"uv": {
								"north": {"uv": [78, 86], "uv_size": [2.625, 9.625]},
								"east": {"uv": [0, 36], "uv_size": [5.5, 9.625]},
								"south": {"uv": [0, 87], "uv_size": [2.625, 9.625]},
								"west": {"uv": [6, 36], "uv_size": [5.5, 9.625]},
								"up": {"uv": [96, 66], "uv_size": [2.625, 5.5]},
								"down": {"uv": [96, 77.5], "uv_size": [2.625, -5.5]}
							}
						},
						{
							"origin": [-1.08221, 4.12718, -2.77038],
							"size": [2.57847, 9.58847, 5.55963],
							"pivot": [-0.00297, 3.34121, 0.00944],
							"rotation": [-150, 0, -90],
							"uv": {
								"north": {"uv": [86, 20], "uv_size": [2.625, 9.625]},
								"east": {"uv": [32, 0], "uv_size": [5.5, 9.625]},
								"south": {"uv": [86, 30], "uv_size": [2.625, 9.625]},
								"west": {"uv": [32, 10], "uv_size": [5.5, 9.625]},
								"up": {"uv": [96, 54], "uv_size": [2.625, 5.5]},
								"down": {"uv": [96, 65.5], "uv_size": [2.625, -5.5]}
							}
						},
						{
							"origin": [-1.08221, 4.12718, -2.77038],
							"size": [2.57847, 9.58847, 5.55963],
							"pivot": [-0.00297, 3.34121, 0.00944],
							"rotation": [-180, 0, -90],
							"uv": {
								"north": {"uv": [86, 0], "uv_size": [2.625, 9.625]},
								"east": {"uv": [24, 30], "uv_size": [5.5, 9.625]},
								"south": {"uv": [86, 10], "uv_size": [2.625, 9.625]},
								"west": {"uv": [30, 30], "uv_size": [5.5, 9.625]},
								"up": {"uv": [96, 42], "uv_size": [2.625, 5.5]},
								"down": {"uv": [96, 53.5], "uv_size": [2.625, -5.5]}
							}
						},
						{
							"origin": [-1.08221, 4.12718, -2.77038],
							"size": [2.57847, 9.58847, 5.55963],
							"pivot": [-0.00297, 3.34121, 0.00944],
							"rotation": [150, 0, -90],
							"uv": {
								"north": {"uv": [61, 85], "uv_size": [2.625, 9.625]},
								"east": {"uv": [18, 30], "uv_size": [5.5, 9.625]},
								"south": {"uv": [64, 85], "uv_size": [2.625, 9.625]},
								"west": {"uv": [30, 20], "uv_size": [5.5, 9.625]},
								"up": {"uv": [60, 95], "uv_size": [2.625, 5.5]},
								"down": {"uv": [63, 100.5], "uv_size": [2.625, -5.5]}
							}
						},
						{
							"origin": [-1.08221, 4.12718, -2.77038],
							"size": [2.57847, 9.58847, 5.55963],
							"pivot": [-0.00297, 3.34121, 0.00944],
							"rotation": [120, 0, -90],
							"uv": {
								"north": {"uv": [48, 85], "uv_size": [2.625, 9.625]},
								"east": {"uv": [26, 10], "uv_size": [5.5, 9.625]},
								"south": {"uv": [58, 85], "uv_size": [2.625, 9.625]},
								"west": {"uv": [12, 30], "uv_size": [5.5, 9.625]},
								"up": {"uv": [48, 95], "uv_size": [2.625, 5.5]},
								"down": {"uv": [57, 100.5], "uv_size": [2.625, -5.5]}
							}
						},
						{
							"origin": [-1.08221, 4.12718, -2.77038],
							"size": [2.57847, 9.58847, 5.55963],
							"pivot": [-0.00297, 3.34121, 0.00944],
							"rotation": [90, 0, -90],
							"uv": {
								"north": {"uv": [42, 85], "uv_size": [2.625, 9.625]},
								"east": {"uv": [26, 0], "uv_size": [5.5, 9.625]},
								"south": {"uv": [45, 85], "uv_size": [2.625, 9.625]},
								"west": {"uv": [6, 26], "uv_size": [5.5, 9.625]},
								"up": {"uv": [42, 95], "uv_size": [2.625, 5.5]},
								"down": {"uv": [45, 100.5], "uv_size": [2.625, -5.5]}
							}
						},
						{
							"origin": [-1.08221, 4.12718, -2.77038],
							"size": [2.57847, 9.58847, 5.55963],
							"pivot": [-0.00297, 3.34121, 0.00944],
							"rotation": [60, 0, -90],
							"uv": {
								"north": {"uv": [84, 83], "uv_size": [2.625, 9.625]},
								"east": {"uv": [24, 20], "uv_size": [5.5, 9.625]},
								"south": {"uv": [39, 85], "uv_size": [2.625, 9.625]},
								"west": {"uv": [0, 26], "uv_size": [5.5, 9.625]},
								"up": {"uv": [95, 30], "uv_size": [2.625, 5.5]},
								"down": {"uv": [39, 100.5], "uv_size": [2.625, -5.5]}
							}
						},
						{
							"origin": [-1.08221, 4.12718, -2.77038],
							"size": [2.57847, 9.58847, 5.55963],
							"pivot": [-0.00297, 3.34121, 0.00944],
							"rotation": [30, 0, -90],
							"uv": {
								"north": {"uv": [84, 63], "uv_size": [2.625, 9.625]},
								"east": {"uv": [12, 20], "uv_size": [5.5, 9.625]},
								"south": {"uv": [84, 73], "uv_size": [2.625, 9.625]},
								"west": {"uv": [18, 20], "uv_size": [5.5, 9.625]},
								"up": {"uv": [95, 18], "uv_size": [2.625, 5.5]},
								"down": {"uv": [95, 29.5], "uv_size": [2.625, -5.5]}
							}
						},
						{
							"origin": [-8.86833, 1.15698, -7.98894],
							"size": [1.87847, 2.78847, 1.15963],
							"pivot": [-7.47909, 3.55121, -7.40912],
							"rotation": [45, 0, -90],
							"uv": {
								"north": {"uv": [102, 63], "uv_size": [1.875, 2.75]},
								"east": {"uv": [104, 40], "uv_size": [1.125, 2.75]},
								"south": {"uv": [102, 66], "uv_size": [1.875, 2.75]},
								"west": {"uv": [104, 43], "uv_size": [1.125, 2.75]},
								"up": {"uv": [72, 59], "uv_size": [1.875, 1.125]},
								"down": {"uv": [84, 39.125], "uv_size": [1.875, -1.125]}
							}
						},
						{
							"origin": [-10.21122, 1.70698, -2.98183],
							"size": [1.87847, 2.78847, 1.15963],
							"pivot": [-9.27199, 3.10121, -2.40201],
							"rotation": [15, 0, -90],
							"uv": {
								"north": {"uv": [102, 69], "uv_size": [1.875, 2.75]},
								"east": {"uv": [46, 104], "uv_size": [1.125, 2.75]},
								"south": {"uv": [102, 72], "uv_size": [1.875, 2.75]},
								"west": {"uv": [104, 46], "uv_size": [1.125, 2.75]},
								"up": {"uv": [82, 97], "uv_size": [1.875, 1.125]},
								"down": {"uv": [104, 77.125], "uv_size": [1.875, -1.125]}
							}
						},
						{
							"origin": [8.33275, 1.70698, -2.98183],
							"size": [1.87847, 2.78847, 1.15963],
							"pivot": [9.27199, 3.10121, -2.40201],
							"rotation": [15, 0, 90],
							"uv": {
								"north": {"uv": [77, 102], "uv_size": [1.875, 2.75]},
								"east": {"uv": [104, 52], "uv_size": [1.125, 2.75]},
								"south": {"uv": [102, 78], "uv_size": [1.875, 2.75]},
								"west": {"uv": [104, 55], "uv_size": [1.125, 2.75]},
								"up": {"uv": [82, 104], "uv_size": [1.875, 1.125]},
								"down": {"uv": [84, 105.125], "uv_size": [1.875, -1.125]}
							}
						},
						{
							"origin": [6.98986, 1.15698, -7.98894],
							"size": [1.87847, 2.78847, 1.15963],
							"pivot": [7.47909, 3.55121, -7.40912],
							"rotation": [45, 0, 90],
							"uv": {
								"north": {"uv": [75, 102], "uv_size": [1.875, 2.75]},
								"east": {"uv": [48, 104], "uv_size": [1.125, 2.75]},
								"south": {"uv": [102, 75], "uv_size": [1.875, 2.75]},
								"west": {"uv": [104, 49], "uv_size": [1.125, 2.75]},
								"up": {"uv": [104, 78], "uv_size": [1.875, 1.125]},
								"down": {"uv": [104, 81.125], "uv_size": [1.875, -1.125]}
							}
						},
						{
							"origin": [-1.11725, 2.34338, 10.97636],
							"size": [1.87847, 2.78847, 1.15963],
							"pivot": [-0.17801, 3.10121, 9.15201],
							"rotation": [-106.5, 0, 90],
							"uv": {
								"north": {"uv": [102, 90], "uv_size": [1.875, 2.75]},
								"east": {"uv": [59, 104], "uv_size": [1.125, 2.75]},
								"south": {"uv": [102, 93], "uv_size": [1.875, 2.75]},
								"west": {"uv": [61, 104], "uv_size": [1.125, 2.75]},
								"up": {"uv": [88, 104], "uv_size": [1.875, 1.125]},
								"down": {"uv": [104, 90.125], "uv_size": [1.875, -1.125]}
							}
						},
						{
							"origin": [-1.11725, 2.35793, 6.17193],
							"size": [1.87847, 2.78847, 1.15963],
							"pivot": [-0.17801, 3.10121, 9.15201],
							"rotation": [-76.5, 0, 90],
							"uv": {
								"north": {"uv": [79, 102], "uv_size": [1.875, 2.75]},
								"east": {"uv": [57, 104], "uv_size": [1.125, 2.75]},
								"south": {"uv": [102, 87], "uv_size": [1.875, 2.75]},
								"west": {"uv": [104, 58], "uv_size": [1.125, 2.75]},
								"up": {"uv": [86, 104], "uv_size": [1.875, 1.125]},
								"down": {"uv": [104, 88.125], "uv_size": [1.875, -1.125]}
							}
						},
						{
							"origin": [-1.08221, 4.12718, -2.77038],
							"size": [2.57847, 9.58847, 5.55963],
							"pivot": [-0.00297, 3.34121, 0.00944],
							"rotation": [0, 0, -90],
							"uv": {
								"north": {"uv": [84, 53], "uv_size": [2.625, 9.625]},
								"east": {"uv": [20, 0], "uv_size": [5.5, 9.625]},
								"south": {"uv": [55, 84], "uv_size": [2.625, 9.625]},
								"west": {"uv": [20, 10], "uv_size": [5.5, 9.625]},
								"up": {"uv": [95, 6], "uv_size": [2.625, 5.5]},
								"down": {"uv": [95, 17.5], "uv_size": [2.625, -5.5]}
							}
						},
						{
							"origin": [-1.08221, 4.12718, -2.77038],
							"size": [2.57847, 9.58847, 5.55963],
							"pivot": [-0.00297, 3.34121, 0.00944],
							"rotation": [-30, 0, -90],
							"uv": {
								"north": {"uv": [84, 43], "uv_size": [2.625, 9.625]},
								"east": {"uv": [0, 16], "uv_size": [5.5, 9.625]},
								"south": {"uv": [52, 84], "uv_size": [2.625, 9.625]},
								"west": {"uv": [6, 16], "uv_size": [5.5, 9.625]},
								"up": {"uv": [93, 94], "uv_size": [2.625, 5.5]},
								"down": {"uv": [95, 5.5], "uv_size": [2.625, -5.5]}
							}
						},
						{
							"origin": [-1.08221, 4.12718, -2.77038],
							"size": [2.57847, 9.58847, 5.55963],
							"pivot": [-0.00297, 3.34121, 0.00944],
							"rotation": [-60, 0, -90],
							"uv": {
								"north": {"uv": [83, 22], "uv_size": [2.625, 9.625]},
								"east": {"uv": [14, 0], "uv_size": [5.5, 9.625]},
								"south": {"uv": [75, 83], "uv_size": [2.625, 9.625]},
								"west": {"uv": [14, 10], "uv_size": [5.5, 9.625]},
								"up": {"uv": [51, 94], "uv_size": [2.625, 5.5]},
								"down": {"uv": [54, 99.5], "uv_size": [2.625, -5.5]}
							}
						}
					]
				},
				{
					"name": "bone",
					"parent": "root",
					"pivot": [0.08083, 8.18659, -0.13571],
					"cubes": [
						{
							"origin": [-3.04247, 7.86393, 2.62848],
							"size": [1.42693, 0.64532, 2.81952],
							"pivot": [-2.329, 8.18659, 4.03824],
							"rotation": [-59.61874, 8.64917, -84.96163],
							"uv": {
								"north": {"uv": [88, 106], "uv_size": [1.375, 0.625]},
								"east": {"uv": [102, 105], "uv_size": [2.875, 0.625]},
								"south": {"uv": [106, 88], "uv_size": [1.375, 0.625]},
								"west": {"uv": [105, 105], "uv_size": [2.875, 0.625]},
								"up": {"uv": [104, 9], "uv_size": [1.375, 2.875]},
								"down": {"uv": [104, 14.875], "uv_size": [1.375, -2.875]}
							}
						},
						{
							"origin": [-4.80659, 7.86393, 0.86435],
							"size": [1.42693, 0.64532, 2.81953],
							"pivot": [-4.09313, 8.18659, 2.27413],
							"rotation": [-29.62165, 4.98093, -81.3178],
							"uv": {
								"north": {"uv": [86, 106], "uv_size": [1.375, 0.625]},
								"east": {"uv": [96, 105], "uv_size": [2.875, 0.625]},
								"south": {"uv": [106, 87], "uv_size": [1.375, 0.625]},
								"west": {"uv": [99, 105], "uv_size": [2.875, 0.625]},
								"up": {"uv": [104, 3], "uv_size": [1.375, 2.875]},
								"down": {"uv": [104, 8.875], "uv_size": [1.375, -2.875]}
							}
						},
						{
							"origin": [-5.4523, 7.86393, -1.54548],
							"size": [1.42693, 0.64532, 2.81953],
							"pivot": [-4.73883, 8.18659, -0.13571],
							"rotation": [0, 0, -80],
							"uv": {
								"north": {"uv": [82, 106], "uv_size": [1.375, 0.625]},
								"east": {"uv": [90, 105], "uv_size": [2.875, 0.625]},
								"south": {"uv": [84, 106], "uv_size": [1.375, 0.625]},
								"west": {"uv": [93, 105], "uv_size": [2.875, 0.625]},
								"up": {"uv": [103, 83], "uv_size": [1.375, 2.875]},
								"down": {"uv": [104, 2.875], "uv_size": [1.375, -2.875]}
							}
						},
						{
							"origin": [-4.80659, 7.86393, -3.95531],
							"size": [1.42693, 0.64532, 2.81953],
							"pivot": [-4.09313, 8.18659, -2.54554],
							"rotation": [29.62165, -4.98093, -81.3178],
							"uv": {
								"north": {"uv": [106, 80], "uv_size": [1.375, 0.625]},
								"east": {"uv": [105, 84], "uv_size": [2.875, 0.625]},
								"south": {"uv": [106, 81], "uv_size": [1.375, 0.625]},
								"west": {"uv": [105, 85], "uv_size": [2.875, 0.625]},
								"up": {"uv": [67, 103], "uv_size": [1.375, 2.875]},
								"down": {"uv": [69, 105.875], "uv_size": [1.375, -2.875]}
							}
						},
						{
							"origin": [-3.04247, 7.86393, -5.71942],
							"size": [1.42693, 0.64532, 2.81953],
							"pivot": [-2.329, 8.18659, -4.30966],
							"rotation": [59.61874, -8.64917, -84.96163],
							"uv": {
								"north": {"uv": [79, 106], "uv_size": [1.375, 0.625]},
								"east": {"uv": [78, 105], "uv_size": [2.875, 0.625]},
								"south": {"uv": [106, 79], "uv_size": [1.375, 0.625]},
								"west": {"uv": [105, 83], "uv_size": [2.875, 0.625]},
								"up": {"uv": [44, 103], "uv_size": [1.375, 2.875]},
								"down": {"uv": [65, 105.875], "uv_size": [1.375, -2.875]}
							}
						},
						{
							"origin": [-0.63264, 7.86393, -6.36513],
							"size": [1.42693, 0.64532, 2.81952],
							"pivot": [0.08083, 8.18659, -4.95537],
							"rotation": [90, -10, -90],
							"uv": {
								"north": {"uv": [106, 77], "uv_size": [1.375, 0.625]},
								"east": {"uv": [75, 105], "uv_size": [2.875, 0.625]},
								"south": {"uv": [106, 78], "uv_size": [1.375, 0.625]},
								"west": {"uv": [105, 75], "uv_size": [2.875, 0.625]},
								"up": {"uv": [36, 103], "uv_size": [1.375, 2.875]},
								"down": {"uv": [42, 105.875], "uv_size": [1.375, -2.875]}
							}
						},
						{
							"origin": [1.77719, 7.86393, -5.71942],
							"size": [1.42693, 0.64532, 2.81953],
							"pivot": [2.49066, 8.18659, -4.30966],
							"rotation": [120.38126, -8.64917, -95.03837],
							"uv": {
								"north": {"uv": [106, 76], "uv_size": [1.375, 0.625]},
								"east": {"uv": [105, 73], "uv_size": [2.875, 0.625]},
								"south": {"uv": [77, 106], "uv_size": [1.375, 0.625]},
								"west": {"uv": [105, 74], "uv_size": [2.875, 0.625]},
								"up": {"uv": [34, 103], "uv_size": [1.375, 2.875]},
								"down": {"uv": [103, 37.875], "uv_size": [1.375, -2.875]}
							}
						},
						{
							"origin": [3.54131, 7.86393, -3.95531],
							"size": [1.42695, 0.64532, 2.81953],
							"pivot": [4.25478, 8.18659, -2.54554],
							"rotation": [150.37835, -4.98093, -98.6822],
							"uv": {
								"north": {"uv": [69, 106], "uv_size": [1.375, 0.625]},
								"east": {"uv": [105, 71], "uv_size": [2.875, 0.625]},
								"south": {"uv": [75, 106], "uv_size": [1.375, 0.625]},
								"west": {"uv": [105, 72], "uv_size": [2.875, 0.625]},
								"up": {"uv": [30, 103], "uv_size": [1.375, 2.875]},
								"down": {"uv": [32, 105.875], "uv_size": [1.375, -2.875]}
							}
						},
						{
							"origin": [4.18702, 7.86393, -1.54548],
							"size": [1.42693, 0.64532, 2.81953],
							"pivot": [4.9005, 8.18659, -0.13571],
							"rotation": [-180, 0, -100],
							"uv": {
								"north": {"uv": [65, 106], "uv_size": [1.375, 0.625]},
								"east": {"uv": [105, 69], "uv_size": [2.875, 0.625]},
								"south": {"uv": [67, 106], "uv_size": [1.375, 0.625]},
								"west": {"uv": [105, 70], "uv_size": [2.875, 0.625]},
								"up": {"uv": [26, 103], "uv_size": [1.375, 2.875]},
								"down": {"uv": [28, 105.875], "uv_size": [1.375, -2.875]}
							}
						},
						{
							"origin": [3.54131, 7.86393, 0.86435],
							"size": [1.42695, 0.64532, 2.81953],
							"pivot": [4.25478, 8.18659, 2.27413],
							"rotation": [-150.37835, 4.98093, -98.6822],
							"uv": {
								"north": {"uv": [106, 60], "uv_size": [1.375, 0.625]},
								"east": {"uv": [105, 67], "uv_size": [2.875, 0.625]},
								"south": {"uv": [63, 106], "uv_size": [1.375, 0.625]},
								"west": {"uv": [105, 68], "uv_size": [2.875, 0.625]},
								"up": {"uv": [100, 102], "uv_size": [1.375, 2.875]},
								"down": {"uv": [102, 104.875], "uv_size": [1.375, -2.875]}
							}
						},
						{
							"origin": [1.77719, 7.86393, 2.62848],
							"size": [1.42693, 0.64532, 2.81953],
							"pivot": [2.49066, 8.18659, 4.03824],
							"rotation": [-120.38126, 8.64917, -95.03837],
							"uv": {
								"north": {"uv": [106, 58], "uv_size": [1.375, 0.625]},
								"east": {"uv": [105, 65], "uv_size": [2.875, 0.625]},
								"south": {"uv": [106, 59], "uv_size": [1.375, 0.625]},
								"west": {"uv": [105, 66], "uv_size": [2.875, 0.625]},
								"up": {"uv": [98, 102], "uv_size": [1.375, 2.875]},
								"down": {"uv": [102, 101.875], "uv_size": [1.375, -2.875]}
							}
						},
						{
							"origin": [-0.63264, 7.86393, 3.27418],
							"size": [1.42693, 0.64532, 2.81953],
							"pivot": [0.08083, 8.18659, 4.68396],
							"rotation": [-90, 10, -90],
							"uv": {
								"north": {"uv": [106, 56], "uv_size": [1.375, 0.625]},
								"east": {"uv": [105, 63], "uv_size": [2.875, 0.625]},
								"south": {"uv": [106, 57], "uv_size": [1.375, 0.625]},
								"west": {"uv": [105, 64], "uv_size": [2.875, 0.625]},
								"up": {"uv": [96, 102], "uv_size": [1.375, 2.875]},
								"down": {"uv": [102, 98.875], "uv_size": [1.375, -2.875]}
							}
						}
					]
				},
				{
					"name": "stone",
					"parent": "root",
					"pivot": [-1.87907, 16.43081, -0.77851],
					"cubes": [
						{
							"origin": [-3.97805, 26.92576, -7.13452],
							"size": [7.74599, 1.45195, 12.32944],
							"pivot": [-0.10462, 26.90174, -0.27851],
							"rotation": [90, 0, 0],
							"uv": {
								"north": {"uv": [40, 72], "uv_size": [13.625, 3]},
								"east": {"uv": [86, 40], "uv_size": [7.75, 3]},
								"south": {"uv": [72, 40], "uv_size": [13.625, 3]},
								"west": {"uv": [87, 43], "uv_size": [7.75, 3]},
								"up": {"uv": [117.125, 106.25], "uv_size": [9.125, 17]},
								"down": {"uv": [87.75, 128], "uv_size": [13.625, -18.875]}
							}
						},
						{
							"origin": [-3.97805, 27.02576, -5.99999],
							"size": [7.74599, 1.6, 12.32944],
							"pivot": [-0.10462, 26.90174, -0.52656],
							"rotation": [-90, 0, 0],
							"uv": {
								"north": {"uv": [85.625, 40], "uv_size": [-13.625, 3]},
								"east": {"uv": [93.75, 40], "uv_size": [-7.75, 3]},
								"south": {"uv": [53.625, 72], "uv_size": [-13.625, 3]},
								"west": {"uv": [94.75, 43], "uv_size": [-7.75, 3]},
								"up": {"uv": [117.125, 123.25], "uv_size": [9.5, -17]},
								"down": {"uv": [87.75, 109.125], "uv_size": [13.625, 18.875]}
							}
						},
						{
							"origin": [-9.70892, 25.50084, 3.04642],
							"size": [2.83689, 2.95195, 0.65015],
							"pivot": [-0.00297, 26.97681, -0.27851],
							"rotation": [90, 0, -90],
							"uv": {
								"north": {"uv": [56, 17], "uv_size": [2.875, 3]},
								"east": {"uv": [95, 42], "uv_size": [0.625, 3]},
								"south": {"uv": [59, 39], "uv_size": [2.875, 3]},
								"west": {"uv": [66, 95], "uv_size": [0.625, 3]},
								"up": {"uv": [0, 106], "uv_size": [2.875, 0.625]},
								"down": {"uv": [106, 0.625], "uv_size": [2.875, -0.625]}
							}
						},
						{
							"origin": [-4.03392, 16.60084, -0.55358],
							"size": [2.76189, 2.95195, 0.75015],
							"pivot": [-2.10297, 18.07681, -0.27851],
							"rotation": [90, 0, -35],
							"uv": {
								"north": {"uv": [57, 101], "uv_size": [2.75, 3]},
								"east": {"uv": [39, 81], "uv_size": [0.75, 3]},
								"south": {"uv": [60, 101], "uv_size": [2.75, 3]},
								"west": {"uv": [51, 90], "uv_size": [0.75, 3]},
								"up": {"uv": [69, 30], "uv_size": [2.75, 0.75]},
								"down": {"uv": [105, 36.75], "uv_size": [2.75, -0.75]}
							}
						},
						{
							"origin": [-3.50335, 17.71812, -1.30358],
							"size": [4.76189, 2.95195, 1.95015],
							"pivot": [-0.87241, 19.1941, -0.27851],
							"rotation": [90, 0, 1],
							"uv": {
								"north": {"uv": [96, 84], "uv_size": [4.75, 3]},
								"east": {"uv": [55, 61], "uv_size": [2, 3]},
								"south": {"uv": [87, 96], "uv_size": [4.75, 3]},
								"west": {"uv": [67, 89], "uv_size": [2, 3]},
								"up": {"uv": [99, 81], "uv_size": [4.75, 2]},
								"down": {"uv": [42, 103], "uv_size": [4.75, -2]}
							}
						},
						{
							"origin": [-0.97486, 18.88185, -1.30358],
							"size": [4.74793, 2.95195, 0.74988],
							"pivot": [1.65608, 20.35783, -0.27851],
							"rotation": [90, 0, 1],
							"uv": {
								"north": {"uv": [96, 84], "uv_size": [4.75, 3]},
								"east": {"uv": [55, 61], "uv_size": [2, 3]},
								"south": {"uv": [87, 96], "uv_size": [4.75, 3]},
								"west": {"uv": [67, 89], "uv_size": [2, 3]},
								"up": {"uv": [99, 81], "uv_size": [4.75, 2]},
								"down": {"uv": [42, 103], "uv_size": [4.75, -2]}
							}
						},
						{
							"origin": [-3.73392, 17.30084, -0.75358],
							"size": [2.86189, 2.95195, 1.05015],
							"pivot": [-0.70297, 18.77681, -0.27851],
							"rotation": [90, 0, -22],
							"uv": {
								"north": {"uv": [67, 61], "uv_size": [2.875, 3]},
								"east": {"uv": [69, 75], "uv_size": [1, 3]},
								"south": {"uv": [47, 101], "uv_size": [2.875, 3]},
								"west": {"uv": [9, 77], "uv_size": [1, 3]},
								"up": {"uv": [66, 10], "uv_size": [2.875, 1]},
								"down": {"uv": [67, 65], "uv_size": [2.875, -1]}
							}
						},
						{
							"origin": [0.89388, 18.26239, -1.30358],
							"size": [1.96189, 2.95195, 1.35015],
							"pivot": [3.27483, 19.73837, -0.27851],
							"rotation": [90, 0, -15],
							"uv": {
								"north": {"uv": [76, 93], "uv_size": [2, 3]},
								"east": {"uv": [102, 48], "uv_size": [2, 3]},
								"south": {"uv": [102, 51], "uv_size": [2, 3]},
								"west": {"uv": [102, 54], "uv_size": [2, 3]},
								"up": {"uv": [54, 48], "uv_size": [2, 2]},
								"down": {"uv": [64, 33], "uv_size": [2, -2]}
							}
						},
						{
							"origin": [2.17479, 18.40166, -1.30358],
							"size": [0.91189, 2.95195, 1.05015],
							"pivot": [2.90574, 19.87763, -0.27851],
							"rotation": [90, 0, -46],
							"uv": {
								"north": {"uv": [69, 78], "uv_size": [0.875, 3]},
								"east": {"uv": [102, 57], "uv_size": [2, 3]},
								"south": {"uv": [79, 0], "uv_size": [0.875, 3]},
								"west": {"uv": [102, 60], "uv_size": [2, 3]},
								"up": {"uv": [56, 48], "uv_size": [0.875, 2]},
								"down": {"uv": [66, 33], "uv_size": [0.875, -2]}
							}
						},
						{
							"origin": [-1.41001, 14.35483, -0.80358],
							"size": [1.16189, 0.55195, 0.95015],
							"pivot": [-0.97907, 14.63081, -0.17851],
							"rotation": [91.93791, 17.27118, -9.91022],
							"uv": {
								"north": {"uv": [33, 107], "uv_size": [1.125, 0.5]},
								"east": {"uv": [52, 107], "uv_size": [1, 0.5]},
								"south": {"uv": [35, 107], "uv_size": [1.125, 0.5]},
								"west": {"uv": [53, 107], "uv_size": [1, 0.5]},
								"up": {"uv": [35, 106], "uv_size": [1.125, 1]},
								"down": {"uv": [43, 107], "uv_size": [1.125, -1]}
							}
						},
						{
							"origin": [-6.21001, 17.05483, 0.59642],
							"size": [1.26189, 0.75195, 1.35015],
							"pivot": [-5.77907, 17.33081, 1.22149],
							"rotation": [-42.57095, 60.00104, -138.3244],
							"uv": {
								"north": {"uv": [52, 106], "uv_size": [1.25, 0.75]},
								"east": {"uv": [106, 49], "uv_size": [1.375, 0.75]},
								"south": {"uv": [106, 52], "uv_size": [1.25, 0.75]},
								"west": {"uv": [50, 106], "uv_size": [1.375, 0.75]},
								"up": {"uv": [16, 106], "uv_size": [1.25, 1.375]},
								"down": {"uv": [18, 107.375], "uv_size": [1.25, -1.375]}
							}
						},
						{
							"origin": [-1.21001, 19.75483, 3.39642],
							"size": [0.96189, 0.75195, 0.95015],
							"pivot": [-0.77907, 20.03081, 4.02149],
							"rotation": [-68.00577, -10.52805, 174.14227],
							"uv": {
								"north": {"uv": [95, 45], "uv_size": [1, 0.75]},
								"east": {"uv": [72, 98], "uv_size": [1, 0.75]},
								"south": {"uv": [92, 98], "uv_size": [1, 0.75]},
								"west": {"uv": [75, 99], "uv_size": [1, 0.75]},
								"up": {"uv": [9, 80], "uv_size": [1, 1]},
								"down": {"uv": [83, 39], "uv_size": [1, -1]}
							}
						},
						{
							"origin": [5.08999, 19.25483, -0.50358],
							"size": [0.96189, 0.75195, 0.95015],
							"pivot": [5.52093, 19.53081, 0.12149],
							"rotation": [-53.73098, -51.50705, 148.49488],
							"uv": {
								"north": {"uv": [75, 100], "uv_size": [1, 0.75]},
								"east": {"uv": [65, 101], "uv_size": [1, 0.75]},
								"south": {"uv": [75, 101], "uv_size": [1, 0.75]},
								"west": {"uv": [26, 102], "uv_size": [1, 0.75]},
								"up": {"uv": [39, 84], "uv_size": [1, 1]},
								"down": {"uv": [51, 94], "uv_size": [1, -1]}
							}
						},
						{
							"origin": [3.28999, 17.15483, 3.39642],
							"size": [1.26189, 0.75195, 1.35015],
							"pivot": [3.72093, 17.43081, 4.02149],
							"rotation": [-104.7477, -48.93839, -126.56372],
							"uv": {
								"north": {"uv": [106, 54], "uv_size": [1.25, 0.75]},
								"east": {"uv": [106, 50], "uv_size": [1.375, 0.75]},
								"south": {"uv": [106, 55], "uv_size": [1.25, 0.75]},
								"west": {"uv": [106, 51], "uv_size": [1.375, 0.75]},
								"up": {"uv": [20, 106], "uv_size": [1.25, 1.375]},
								"down": {"uv": [22, 107.375], "uv_size": [1.25, -1.375]}
							}
						},
						{
							"origin": [-4.51001, 20.75483, -4.40358],
							"size": [1.26189, 0.75195, 1.05015],
							"pivot": [-4.07907, 21.03081, -3.77851],
							"rotation": [115.49405, 12.11236, 48.21351],
							"uv": {
								"north": {"uv": [106, 53], "uv_size": [1.25, 0.75]},
								"east": {"uv": [94, 42], "uv_size": [1, 0.75]},
								"south": {"uv": [54, 106], "uv_size": [1.25, 0.75]},
								"west": {"uv": [57, 94], "uv_size": [1, 0.75]},
								"up": {"uv": [31, 106], "uv_size": [1.25, 1]},
								"down": {"uv": [33, 107], "uv_size": [1.25, -1]}
							}
						},
						{
							"origin": [3.48999, 20.35483, -4.60358],
							"size": [0.76189, 0.45195, 0.75015],
							"pivot": [3.42093, 20.33081, -3.97851],
							"rotation": [62.18588, -14.58944, 62.01828],
							"uv": {
								"north": {"uv": [61, 107], "uv_size": [0.75, 0.5]},
								"east": {"uv": [62, 107], "uv_size": [0.75, 0.5]},
								"south": {"uv": [63, 107], "uv_size": [0.75, 0.5]},
								"west": {"uv": [64, 107], "uv_size": [0.75, 0.5]},
								"up": {"uv": [65, 102], "uv_size": [0.75, 0.75]},
								"down": {"uv": [46, 103.75], "uv_size": [0.75, -0.75]}
							}
						},
						{
							"origin": [2.18999, 16.05483, -1.10358],
							"size": [0.96189, 0.55195, 1.25015],
							"pivot": [2.62093, 16.33081, -0.17851],
							"rotation": [48.52146, -48.50187, 40.30147],
							"uv": {
								"north": {"uv": [54, 107], "uv_size": [1, 0.5]},
								"east": {"uv": [106, 89], "uv_size": [1.25, 0.5]},
								"south": {"uv": [55, 107], "uv_size": [1, 0.5]},
								"west": {"uv": [90, 106], "uv_size": [1.25, 0.5]},
								"up": {"uv": [54, 72], "uv_size": [1, 1.25]},
								"down": {"uv": [74, 60.25], "uv_size": [1, -1.25]}
							}
						},
						{
							"origin": [0.07856, 16.53163, 0.29395],
							"size": [0.36189, 0.55195, 0.35015],
							"pivot": [0.2595, 16.8076, 0.46903],
							"rotation": [155.4488, -23.42178, 13.73975],
							"uv": {
								"north": {"uv": [4, 108], "uv_size": [0.375, 0.5]},
								"east": {"uv": [5, 108], "uv_size": [0.375, 0.5]},
								"south": {"uv": [6, 108], "uv_size": [0.375, 0.5]},
								"west": {"uv": [7, 108], "uv_size": [0.375, 0.5]},
								"up": {"uv": [14, 108], "uv_size": [0.375, 0.375]},
								"down": {"uv": [108, 14.375], "uv_size": [0.375, -0.375]}
							}
						},
						{
							"origin": [-2.72144, 15.63163, -0.30605],
							"size": [0.36189, 0.55195, 0.35015],
							"pivot": [-2.5405, 15.9076, -0.13097],
							"rotation": [104.36838, -14.07092, 32.4463],
							"uv": {
								"north": {"uv": [8, 108], "uv_size": [0.375, 0.5]},
								"east": {"uv": [108, 8], "uv_size": [0.375, 0.5]},
								"south": {"uv": [9, 108], "uv_size": [0.375, 0.5]},
								"west": {"uv": [108, 9], "uv_size": [0.375, 0.5]},
								"up": {"uv": [15, 108], "uv_size": [0.375, 0.375]},
								"down": {"uv": [108, 15.375], "uv_size": [0.375, -0.375]}
							}
						},
						{
							"origin": [-1.43637, 11.7236, -1.14252],
							"size": [1.16189, 0.55195, 0.95015],
							"pivot": [0.03691, 11.35782, 0.29816],
							"rotation": [91.93791, 17.27118, -179.91022],
							"uv": {
								"north": {"uv": [107, 38], "uv_size": [1.125, 0.5]},
								"east": {"uv": [59, 107], "uv_size": [1, 0.5]},
								"south": {"uv": [39, 107], "uv_size": [1.125, 0.5]},
								"west": {"uv": [60, 107], "uv_size": [1, 0.5]},
								"up": {"uv": [106, 47], "uv_size": [1.125, 1]},
								"down": {"uv": [106, 49], "uv_size": [1.125, -1]}
							}
						},
						{
							"origin": [-0.04879, 9.86706, 0.27901],
							"size": [0.36189, 0.55195, 0.35015],
							"pivot": [0.03691, 11.35782, 0.29816],
							"rotation": [155.4488, -23.42178, -156.26025],
							"uv": {
								"north": {"uv": [12, 108], "uv_size": [0.375, 0.5]},
								"east": {"uv": [108, 12], "uv_size": [0.375, 0.5]},
								"south": {"uv": [13, 108], "uv_size": [0.375, 0.5]},
								"west": {"uv": [108, 13], "uv_size": [0.375, 0.5]},
								"up": {"uv": [17, 108], "uv_size": [0.375, 0.375]},
								"down": {"uv": [108, 17.375], "uv_size": [0.375, -0.375]}
							}
						},
						{
							"origin": [0.41611, 13.52773, 0.12671],
							"size": [0.96189, 0.55195, 1.25015],
							"pivot": [0.03691, 11.35782, 0.29816],
							"rotation": [48.52146, -48.50187, -129.69853],
							"uv": {
								"north": {"uv": [57, 107], "uv_size": [1, 0.5]},
								"east": {"uv": [106, 90], "uv_size": [1.25, 0.5]},
								"south": {"uv": [58, 107], "uv_size": [1, 0.5]},
								"west": {"uv": [92, 106], "uv_size": [1.25, 0.5]},
								"up": {"uv": [79, 8], "uv_size": [1, 1.25]},
								"down": {"uv": [92, 97.25], "uv_size": [1, -1.25]}
							}
						},
						{
							"origin": [-2.43953, 11.04416, -1.09643],
							"size": [0.36189, 0.55195, 0.35015],
							"pivot": [0.03691, 11.35782, 0.29816],
							"rotation": [104.36838, -14.07092, -137.5537],
							"uv": {
								"north": {"uv": [10, 108], "uv_size": [0.375, 0.5]},
								"east": {"uv": [108, 10], "uv_size": [0.375, 0.5]},
								"south": {"uv": [11, 108], "uv_size": [0.375, 0.5]},
								"west": {"uv": [108, 11], "uv_size": [0.375, 0.5]},
								"up": {"uv": [16, 108], "uv_size": [0.375, 0.375]},
								"down": {"uv": [108, 16.375], "uv_size": [0.375, -0.375]}
							}
						}
					]
				}
			]
		}
	]
}