{
	"format_version": "1.12.0",
	"minecraft:geometry": [
		{
			"description": {
				"identifier": "geometry.unknown",
				"texture_width": 32,
				"texture_height": 32,
				"visible_bounds_width": 2,
				"visible_bounds_height": 1.5,
				"visible_bounds_offset": [0, 0.25, 0]
			},
			"bones": [
				{
					"name": "wf465_sup",
					"pivot": [0, -0.01244, -1.625],
					"cubes": [
						{
							"origin": [-3.25632, 0.33459, -3.38953],
							"size": [6.11264, 0.36031, 0.37906],
							"pivot": [0, -0.01244, -3.2],
							"rotation": [0, 90, 0],
							"uv": {
								"north": {"uv": [0, 0], "uv_size": [6.5, 0.375]},
								"east": {"uv": [12, 18], "uv_size": [0.375, 0.375]},
								"south": {"uv": [0, 1], "uv_size": [6.5, 0.375]},
								"west": {"uv": [13, 18], "uv_size": [0.375, 0.375]},
								"up": {"uv": [0, 2], "uv_size": [6.5, 0.375]},
								"down": {"uv": [0, 3.375], "uv_size": [6.5, -0.375]}
							}
						},
						{
							"origin": [-3.25632, 0.33459, -3.38953],
							"size": [6.11264, 0.36031, 0.37906],
							"pivot": [0, -0.01244, -3.2],
							"rotation": [0, 90, -30],
							"uv": {
								"north": {"uv": [0, 4], "uv_size": [6.5, 0.375]},
								"east": {"uv": [14, 18], "uv_size": [0.375, 0.375]},
								"south": {"uv": [0, 5], "uv_size": [6.5, 0.375]},
								"west": {"uv": [15, 18], "uv_size": [0.375, 0.375]},
								"up": {"uv": [0, 6], "uv_size": [6.5, 0.375]},
								"down": {"uv": [0, 7.375], "uv_size": [6.5, -0.375]}
							}
						},
						{
							"origin": [-3.25632, 0.33459, -3.38953],
							"size": [6.11264, 0.36031, 0.37906],
							"pivot": [0, -0.01244, -3.2],
							"rotation": [0, 90, -60],
							"uv": {
								"north": {"uv": [7, 0], "uv_size": [6.5, 0.375]},
								"east": {"uv": [16, 18], "uv_size": [0.375, 0.375]},
								"south": {"uv": [7, 1], "uv_size": [6.5, 0.375]},
								"west": {"uv": [18, 16], "uv_size": [0.375, 0.375]},
								"up": {"uv": [7, 2], "uv_size": [6.5, 0.375]},
								"down": {"uv": [7, 3.375], "uv_size": [6.5, -0.375]}
							}
						},
						{
							"origin": [-3.25632, 0.33459, -3.38953],
							"size": [6.11264, 0.36031, 0.37906],
							"pivot": [0, -0.01244, -3.2],
							"rotation": [0, 90, -90],
							"uv": {
								"north": {"uv": [7, 4], "uv_size": [6.5, 0.375]},
								"east": {"uv": [17, 18], "uv_size": [0.375, 0.375]},
								"south": {"uv": [7, 5], "uv_size": [6.5, 0.375]},
								"west": {"uv": [18, 17], "uv_size": [0.375, 0.375]},
								"up": {"uv": [7, 6], "uv_size": [6.5, 0.375]},
								"down": {"uv": [7, 7.375], "uv_size": [6.5, -0.375]}
							}
						},
						{
							"origin": [-3.25632, 0.33459, -3.38953],
							"size": [6.11264, 0.36031, 0.37906],
							"pivot": [0, -0.01244, -3.2],
							"rotation": [0, 90, -120],
							"uv": {
								"north": {"uv": [0, 8], "uv_size": [6.5, 0.375]},
								"east": {"uv": [18, 18], "uv_size": [0.375, 0.375]},
								"south": {"uv": [7, 8], "uv_size": [6.5, 0.375]},
								"west": {"uv": [0, 19], "uv_size": [0.375, 0.375]},
								"up": {"uv": [0, 9], "uv_size": [6.5, 0.375]},
								"down": {"uv": [7, 9.375], "uv_size": [6.5, -0.375]}
							}
						},
						{
							"origin": [-3.25632, 0.33459, -3.38953],
							"size": [6.11264, 0.36031, 0.37906],
							"pivot": [0, -0.01244, -3.2],
							"rotation": [0, 90, -150],
							"uv": {
								"north": {"uv": [0, 10], "uv_size": [6.5, 0.375]},
								"east": {"uv": [1, 19], "uv_size": [0.375, 0.375]},
								"south": {"uv": [7, 10], "uv_size": [6.5, 0.375]},
								"west": {"uv": [2, 19], "uv_size": [0.375, 0.375]},
								"up": {"uv": [0, 11], "uv_size": [6.5, 0.375]},
								"down": {"uv": [7, 11.375], "uv_size": [6.5, -0.375]}
							}
						},
						{
							"origin": [-3.25632, 0.33459, -3.38953],
							"size": [6.11264, 0.36031, 0.37906],
							"pivot": [0, -0.01244, -3.2],
							"rotation": [0, 90, -180],
							"uv": {
								"north": {"uv": [0, 12], "uv_size": [6.5, 0.375]},
								"east": {"uv": [3, 19], "uv_size": [0.375, 0.375]},
								"south": {"uv": [7, 12], "uv_size": [6.5, 0.375]},
								"west": {"uv": [4, 19], "uv_size": [0.375, 0.375]},
								"up": {"uv": [0, 13], "uv_size": [6.5, 0.375]},
								"down": {"uv": [7, 13.375], "uv_size": [6.5, -0.375]}
							}
						},
						{
							"origin": [-3.25632, 0.33459, -3.38953],
							"size": [6.11264, 0.36031, 0.37906],
							"pivot": [0, -0.01244, -3.2],
							"rotation": [0, 90, 150],
							"uv": {
								"north": {"uv": [0, 14], "uv_size": [6.5, 0.375]},
								"east": {"uv": [5, 19], "uv_size": [0.375, 0.375]},
								"south": {"uv": [14, 0], "uv_size": [6.5, 0.375]},
								"west": {"uv": [6, 19], "uv_size": [0.375, 0.375]},
								"up": {"uv": [14, 1], "uv_size": [6.5, 0.375]},
								"down": {"uv": [14, 2.375], "uv_size": [6.5, -0.375]}
							}
						},
						{
							"origin": [-3.25632, 0.33459, -3.38953],
							"size": [6.11264, 0.36031, 0.37906],
							"pivot": [0, -0.01244, -3.2],
							"rotation": [0, 90, 120],
							"uv": {
								"north": {"uv": [14, 3], "uv_size": [6.5, 0.375]},
								"east": {"uv": [7, 19], "uv_size": [0.375, 0.375]},
								"south": {"uv": [14, 4], "uv_size": [6.5, 0.375]},
								"west": {"uv": [8, 19], "uv_size": [0.375, 0.375]},
								"up": {"uv": [14, 5], "uv_size": [6.5, 0.375]},
								"down": {"uv": [14, 6.375], "uv_size": [6.5, -0.375]}
							}
						},
						{
							"origin": [-3.25632, 0.33459, -3.38953],
							"size": [6.11264, 0.36031, 0.37906],
							"pivot": [0, -0.01244, -3.2],
							"rotation": [0, 90, 90],
							"uv": {
								"north": {"uv": [7, 14], "uv_size": [6.5, 0.375]},
								"east": {"uv": [9, 19], "uv_size": [0.375, 0.375]},
								"south": {"uv": [14, 7], "uv_size": [6.5, 0.375]},
								"west": {"uv": [10, 19], "uv_size": [0.375, 0.375]},
								"up": {"uv": [14, 8], "uv_size": [6.5, 0.375]},
								"down": {"uv": [14, 9.375], "uv_size": [6.5, -0.375]}
							}
						},
						{
							"origin": [-0.50929, -0.052, -2.98953],
							"size": [2.51264, 0, 0.37906],
							"pivot": [0.74703, -0.01244, -2.8],
							"rotation": [0, -90, 90],
							"uv": {
								"north": {"uv": [7, 14], "uv_size": [6.5, 0.375]},
								"east": {"uv": [9, 19], "uv_size": [0.375, 0.375]},
								"south": {"uv": [14, 7], "uv_size": [6.5, 0.375]},
								"west": {"uv": [10, 19], "uv_size": [0.375, 0.375]},
								"up": {"uv": [0.3125, 22.1875], "uv_size": [15.5625, 2.4375]},
								"down": {"uv": [1.25, 27], "uv_size": [8.25, -1.6875]}
							}
						},
						{
							"origin": [-2.00335, 0.025, -2.98953],
							"size": [2.51264, 0, 0.37906],
							"pivot": [-0.74703, -0.01244, -2.8],
							"rotation": [0, -90, 90],
							"uv": {
								"north": {"uv": [13.5, 14], "uv_size": [-6.5, 0.375]},
								"east": {"uv": [10.375, 19], "uv_size": [-0.375, 0.375]},
								"south": {"uv": [20.5, 7], "uv_size": [-6.5, 0.375]},
								"west": {"uv": [9.375, 19], "uv_size": [-0.375, 0.375]},
								"up": {"uv": [13.6875, 24.125], "uv_size": [-13.375, 2.0625]},
								"down": {"uv": [15.875, 24.5625], "uv_size": [-15.5625, -2.4375]}
							}
						},
						{
							"origin": [-3.25632, 0.33459, -3.38953],
							"size": [6.11264, 0.36031, 0.37906],
							"pivot": [0, -0.01244, -3.2],
							"rotation": [0, 90, 60],
							"uv": {
								"north": {"uv": [14, 10], "uv_size": [6.5, 0.375]},
								"east": {"uv": [11, 19], "uv_size": [0.375, 0.375]},
								"south": {"uv": [14, 11], "uv_size": [6.5, 0.375]},
								"west": {"uv": [12, 19], "uv_size": [0.375, 0.375]},
								"up": {"uv": [14, 12], "uv_size": [6.5, 0.375]},
								"down": {"uv": [14, 13.375], "uv_size": [6.5, -0.375]}
							}
						},
						{
							"origin": [-3.25632, 0.33459, -3.38953],
							"size": [6.11264, 0.36031, 0.37906],
							"pivot": [0, -0.01244, -3.2],
							"rotation": [0, 90, 30],
							"uv": {
								"north": {"uv": [14, 14], "uv_size": [6.5, 0.375]},
								"east": {"uv": [13, 19], "uv_size": [0.375, 0.375]},
								"south": {"uv": [0, 15], "uv_size": [6.5, 0.375]},
								"west": {"uv": [14, 19], "uv_size": [0.375, 0.375]},
								"up": {"uv": [7, 15], "uv_size": [6.5, 0.375]},
								"down": {"uv": [14, 15.375], "uv_size": [6.5, -0.375]}
							}
						},
						{
							"origin": [-2.73526, 0.35889, -2.7673],
							"size": [0.44152, 0.38552, 0.4056],
							"pivot": [0, -0.01244, -2.5645],
							"rotation": [0, 90, 0],
							"uv": {
								"north": {"uv": [8, 18], "uv_size": [0.4375, 0.375]},
								"east": {"uv": [14, 20], "uv_size": [0.375, 0.375]},
								"south": {"uv": [9, 18], "uv_size": [0.4375, 0.375]},
								"west": {"uv": [15, 20], "uv_size": [0.375, 0.375]},
								"up": {"uv": [10, 18], "uv_size": [0.4375, 0.375]},
								"down": {"uv": [11, 18.375], "uv_size": [0.4375, -0.375]}
							}
						},
						{
							"origin": [-2.73526, 0.35889, -2.7673],
							"size": [0.44152, 0.38552, 0.4056],
							"pivot": [0, -0.01244, -2.5645],
							"rotation": [0, 90, -30],
							"uv": {
								"north": {"uv": [4, 18], "uv_size": [0.4375, 0.375]},
								"east": {"uv": [12, 20], "uv_size": [0.375, 0.375]},
								"south": {"uv": [5, 18], "uv_size": [0.4375, 0.375]},
								"west": {"uv": [13, 20], "uv_size": [0.375, 0.375]},
								"up": {"uv": [6, 18], "uv_size": [0.4375, 0.375]},
								"down": {"uv": [7, 18.375], "uv_size": [0.4375, -0.375]}
							}
						},
						{
							"origin": [-2.73526, 0.35889, -2.7673],
							"size": [0.44152, 0.38552, 0.4056],
							"pivot": [0, -0.01244, -2.5645],
							"rotation": [0, 90, -60],
							"uv": {
								"north": {"uv": [0, 18], "uv_size": [0.4375, 0.375]},
								"east": {"uv": [10, 20], "uv_size": [0.375, 0.375]},
								"south": {"uv": [1, 18], "uv_size": [0.4375, 0.375]},
								"west": {"uv": [11, 20], "uv_size": [0.375, 0.375]},
								"up": {"uv": [2, 18], "uv_size": [0.4375, 0.375]},
								"down": {"uv": [3, 18.375], "uv_size": [0.4375, -0.375]}
							}
						},
						{
							"origin": [-2.73526, 0.35889, -2.7673],
							"size": [0.44152, 0.38552, 0.4056],
							"pivot": [0, -0.01244, -2.5645],
							"rotation": [0, 90, -90],
							"uv": {
								"north": {"uv": [15, 17], "uv_size": [0.4375, 0.375]},
								"east": {"uv": [8, 20], "uv_size": [0.375, 0.375]},
								"south": {"uv": [16, 17], "uv_size": [0.4375, 0.375]},
								"west": {"uv": [9, 20], "uv_size": [0.375, 0.375]},
								"up": {"uv": [17, 16], "uv_size": [0.4375, 0.375]},
								"down": {"uv": [17, 17.375], "uv_size": [0.4375, -0.375]}
							}
						},
						{
							"origin": [-2.73526, 0.35889, -2.7673],
							"size": [0.44152, 0.38552, 0.4056],
							"pivot": [0, -0.01244, -2.5645],
							"rotation": [0, 90, -120],
							"uv": {
								"north": {"uv": [11, 17], "uv_size": [0.4375, 0.375]},
								"east": {"uv": [6, 20], "uv_size": [0.375, 0.375]},
								"south": {"uv": [12, 17], "uv_size": [0.4375, 0.375]},
								"west": {"uv": [7, 20], "uv_size": [0.375, 0.375]},
								"up": {"uv": [13, 17], "uv_size": [0.4375, 0.375]},
								"down": {"uv": [14, 17.375], "uv_size": [0.4375, -0.375]}
							}
						},
						{
							"origin": [-2.73526, 0.35889, -2.7673],
							"size": [0.44152, 0.38552, 0.4056],
							"pivot": [0, -0.01244, -2.5645],
							"rotation": [0, 90, -150],
							"uv": {
								"north": {"uv": [7, 17], "uv_size": [0.4375, 0.375]},
								"east": {"uv": [4, 20], "uv_size": [0.375, 0.375]},
								"south": {"uv": [8, 17], "uv_size": [0.4375, 0.375]},
								"west": {"uv": [5, 20], "uv_size": [0.375, 0.375]},
								"up": {"uv": [9, 17], "uv_size": [0.4375, 0.375]},
								"down": {"uv": [10, 17.375], "uv_size": [0.4375, -0.375]}
							}
						},
						{
							"origin": [-2.73526, 0.35889, -2.7673],
							"size": [0.44152, 0.38552, 0.4056],
							"pivot": [0, -0.01244, -2.5645],
							"rotation": [0, 90, -180],
							"uv": {
								"north": {"uv": [3, 17], "uv_size": [0.4375, 0.375]},
								"east": {"uv": [2, 20], "uv_size": [0.375, 0.375]},
								"south": {"uv": [4, 17], "uv_size": [0.4375, 0.375]},
								"west": {"uv": [3, 20], "uv_size": [0.375, 0.375]},
								"up": {"uv": [5, 17], "uv_size": [0.4375, 0.375]},
								"down": {"uv": [6, 17.375], "uv_size": [0.4375, -0.375]}
							}
						},
						{
							"origin": [-2.73526, 0.35889, -2.7673],
							"size": [0.44152, 0.38552, 0.4056],
							"pivot": [0, -0.01244, -2.5645],
							"rotation": [0, 90, 150],
							"uv": {
								"north": {"uv": [16, 16], "uv_size": [0.4375, 0.375]},
								"east": {"uv": [0, 20], "uv_size": [0.375, 0.375]},
								"south": {"uv": [0, 17], "uv_size": [0.4375, 0.375]},
								"west": {"uv": [1, 20], "uv_size": [0.375, 0.375]},
								"up": {"uv": [1, 17], "uv_size": [0.4375, 0.375]},
								"down": {"uv": [2, 17.375], "uv_size": [0.4375, -0.375]}
							}
						},
						{
							"origin": [-2.73526, 0.35889, -2.7673],
							"size": [0.44152, 0.38552, 0.4056],
							"pivot": [0, -0.01244, -2.5645],
							"rotation": [0, 90, 120],
							"uv": {
								"north": {"uv": [12, 16], "uv_size": [0.4375, 0.375]},
								"east": {"uv": [19, 18], "uv_size": [0.375, 0.375]},
								"south": {"uv": [13, 16], "uv_size": [0.4375, 0.375]},
								"west": {"uv": [19, 19], "uv_size": [0.375, 0.375]},
								"up": {"uv": [14, 16], "uv_size": [0.4375, 0.375]},
								"down": {"uv": [15, 16.375], "uv_size": [0.4375, -0.375]}
							}
						},
						{
							"origin": [-2.73526, 0.35889, -2.7673],
							"size": [0.44152, 0.38552, 0.4056],
							"pivot": [0, -0.01244, -2.5645],
							"rotation": [0, 90, 90],
							"uv": {
								"north": {"uv": [8, 16], "uv_size": [0.4375, 0.375]},
								"east": {"uv": [19, 17], "uv_size": [0.375, 0.375]},
								"south": {"uv": [9, 16], "uv_size": [0.4375, 0.375]},
								"west": {"uv": [18, 19], "uv_size": [0.375, 0.375]},
								"up": {"uv": [10, 16], "uv_size": [0.4375, 0.375]},
								"down": {"uv": [11, 16.375], "uv_size": [0.4375, -0.375]}
							}
						},
						{
							"origin": [-2.73526, 0.35889, -2.7673],
							"size": [0.44152, 0.38552, 0.4056],
							"pivot": [0, -0.01244, -2.5645],
							"rotation": [0, 90, 60],
							"uv": {
								"north": {"uv": [4, 16], "uv_size": [0.4375, 0.375]},
								"east": {"uv": [19, 16], "uv_size": [0.375, 0.375]},
								"south": {"uv": [5, 16], "uv_size": [0.4375, 0.375]},
								"west": {"uv": [17, 19], "uv_size": [0.375, 0.375]},
								"up": {"uv": [6, 16], "uv_size": [0.4375, 0.375]},
								"down": {"uv": [7, 16.375], "uv_size": [0.4375, -0.375]}
							}
						},
						{
							"origin": [-2.73526, 0.35889, -2.7673],
							"size": [0.44152, 0.38552, 0.4056],
							"pivot": [0, -0.01244, -2.5645],
							"rotation": [0, 90, 30],
							"uv": {
								"north": {"uv": [0, 16], "uv_size": [0.4375, 0.375]},
								"east": {"uv": [15, 19], "uv_size": [0.375, 0.375]},
								"south": {"uv": [1, 16], "uv_size": [0.4375, 0.375]},
								"west": {"uv": [16, 19], "uv_size": [0.375, 0.375]},
								"up": {"uv": [2, 16], "uv_size": [0.4375, 0.375]},
								"down": {"uv": [3, 16.375], "uv_size": [0.4375, -0.375]}
							}
						}
					]
				}
			]
		}
	]
}