{
	"format_version": "1.12.0",
	"minecraft:geometry": [
		{
			"description": {
				"identifier": "geometry.unknown",
				"texture_width": 75,
				"texture_height": 75,
				"visible_bounds_width": 2,
				"visible_bounds_height": 1.5,
				"visible_bounds_offset": [0, 0.25, 0]
			},
			"bones": [
				{
					"name": "hinamg_sup",
					"pivot": [-0.00008, -0.01244, -2.41154],
					"cubes": [
						{
							"origin": [-4.00526, 0.41441, -4.38431],
							"size": [8.31855, 0.44317, 0.46624],
							"pivot": [0.00002, -0.01244, -4.15119],
							"rotation": [0, 90, 0],
							"uv": {
								"north": {"uv": [0, 0], "uv_size": [8.25, 0.5]},
								"east": {"uv": [20, 24], "uv_size": [0.5, 0.5]},
								"south": {"uv": [0, 1], "uv_size": [8.25, 0.5]},
								"west": {"uv": [24, 20], "uv_size": [0.5, 0.5]},
								"up": {"uv": [0, 2], "uv_size": [8.25, 0.5]},
								"down": {"uv": [0, 3.5], "uv_size": [8.25, -0.5]}
							}
						},
						{
							"origin": [-4.00526, 0.41441, -4.38431],
							"size": [8.31855, 0.44317, 0.46624],
							"pivot": [0.00002, -0.01244, -4.15119],
							"rotation": [0, 90, -30],
							"uv": {
								"north": {"uv": [0, 4], "uv_size": [8.25, 0.5]},
								"east": {"uv": [21, 24], "uv_size": [0.5, 0.5]},
								"south": {"uv": [0, 5], "uv_size": [8.25, 0.5]},
								"west": {"uv": [24, 21], "uv_size": [0.5, 0.5]},
								"up": {"uv": [0, 6], "uv_size": [8.25, 0.5]},
								"down": {"uv": [0, 7.5], "uv_size": [8.25, -0.5]}
							}
						},
						{
							"origin": [-4.00526, 0.41441, -4.38431],
							"size": [8.31855, 0.44317, 0.46624],
							"pivot": [0.00002, -0.01244, -4.15119],
							"rotation": [0, 90, -60],
							"uv": {
								"north": {"uv": [0, 8], "uv_size": [8.25, 0.5]},
								"east": {"uv": [22, 24], "uv_size": [0.5, 0.5]},
								"south": {"uv": [0, 9], "uv_size": [8.25, 0.5]},
								"west": {"uv": [24, 22], "uv_size": [0.5, 0.5]},
								"up": {"uv": [9, 0], "uv_size": [8.25, 0.5]},
								"down": {"uv": [9, 1.5], "uv_size": [8.25, -0.5]}
							}
						},
						{
							"origin": [-4.00526, 0.41441, -4.38431],
							"size": [8.31855, 0.44317, 0.46624],
							"pivot": [0.00002, -0.01244, -4.15119],
							"rotation": [0, 90, -90],
							"uv": {
								"north": {"uv": [9, 2], "uv_size": [8.25, 0.5]},
								"east": {"uv": [23, 24], "uv_size": [0.5, 0.5]},
								"south": {"uv": [9, 3], "uv_size": [8.25, 0.5]},
								"west": {"uv": [24, 23], "uv_size": [0.5, 0.5]},
								"up": {"uv": [9, 4], "uv_size": [8.25, 0.5]},
								"down": {"uv": [9, 5.5], "uv_size": [8.25, -0.5]}
							}
						},
						{
							"origin": [-4.00526, 0.41441, -4.38431],
							"size": [8.31855, 0.44317, 0.46624],
							"pivot": [0.00002, -0.01244, -4.15119],
							"rotation": [0, 90, -120],
							"uv": {
								"north": {"uv": [9, 6], "uv_size": [8.25, 0.5]},
								"east": {"uv": [24, 24], "uv_size": [0.5, 0.5]},
								"south": {"uv": [9, 7], "uv_size": [8.25, 0.5]},
								"west": {"uv": [0, 25], "uv_size": [0.5, 0.5]},
								"up": {"uv": [9, 8], "uv_size": [8.25, 0.5]},
								"down": {"uv": [9, 9.5], "uv_size": [8.25, -0.5]}
							}
						},
						{
							"origin": [-4.00526, 0.41441, -4.38431],
							"size": [8.31855, 0.44317, 0.46624],
							"pivot": [0.00002, -0.01244, -4.15119],
							"rotation": [0, 90, -150],
							"uv": {
								"north": {"uv": [0, 10], "uv_size": [8.25, 0.5]},
								"east": {"uv": [1, 25], "uv_size": [0.5, 0.5]},
								"south": {"uv": [9, 10], "uv_size": [8.25, 0.5]},
								"west": {"uv": [2, 25], "uv_size": [0.5, 0.5]},
								"up": {"uv": [0, 11], "uv_size": [8.25, 0.5]},
								"down": {"uv": [9, 11.5], "uv_size": [8.25, -0.5]}
							}
						},
						{
							"origin": [-4.00526, 0.41441, -4.38431],
							"size": [8.31855, 0.44317, 0.46624],
							"pivot": [0.00002, -0.01244, -4.15119],
							"rotation": [0, 90, -180],
							"uv": {
								"north": {"uv": [0, 12], "uv_size": [8.25, 0.5]},
								"east": {"uv": [3, 25], "uv_size": [0.5, 0.5]},
								"south": {"uv": [9, 12], "uv_size": [8.25, 0.5]},
								"west": {"uv": [4, 25], "uv_size": [0.5, 0.5]},
								"up": {"uv": [0, 13], "uv_size": [8.25, 0.5]},
								"down": {"uv": [9, 13.5], "uv_size": [8.25, -0.5]}
							}
						},
						{
							"origin": [-4.00526, 0.41441, -4.38431],
							"size": [8.31855, 0.44317, 0.46624],
							"pivot": [0.00002, -0.01244, -4.15119],
							"rotation": [0, 90, 150],
							"uv": {
								"north": {"uv": [0, 14], "uv_size": [8.25, 0.5]},
								"east": {"uv": [5, 25], "uv_size": [0.5, 0.5]},
								"south": {"uv": [9, 14], "uv_size": [8.25, 0.5]},
								"west": {"uv": [6, 25], "uv_size": [0.5, 0.5]},
								"up": {"uv": [0, 15], "uv_size": [8.25, 0.5]},
								"down": {"uv": [9, 15.5], "uv_size": [8.25, -0.5]}
							}
						},
						{
							"origin": [-4.00526, 0.41441, -4.38431],
							"size": [8.31855, 0.44317, 0.46624],
							"pivot": [0.00002, -0.01244, -4.15119],
							"rotation": [0, 90, 120],
							"uv": {
								"north": {"uv": [0, 16], "uv_size": [8.25, 0.5]},
								"east": {"uv": [7, 25], "uv_size": [0.5, 0.5]},
								"south": {"uv": [9, 16], "uv_size": [8.25, 0.5]},
								"west": {"uv": [8, 25], "uv_size": [0.5, 0.5]},
								"up": {"uv": [0, 17], "uv_size": [8.25, 0.5]},
								"down": {"uv": [9, 17.5], "uv_size": [8.25, -0.5]}
							}
						},
						{
							"origin": [-4.00526, 0.41441, -4.38431],
							"size": [8.31855, 0.44317, 0.46624],
							"pivot": [0.00002, -0.01244, -4.15119],
							"rotation": [0, 90, 90],
							"uv": {
								"north": {"uv": [0, 18], "uv_size": [8.25, 0.5]},
								"east": {"uv": [9, 25], "uv_size": [0.5, 0.5]},
								"south": {"uv": [18, 0], "uv_size": [8.25, 0.5]},
								"west": {"uv": [10, 25], "uv_size": [0.5, 0.5]},
								"up": {"uv": [18, 1], "uv_size": [8.25, 0.5]},
								"down": {"uv": [18, 2.5], "uv_size": [8.25, -0.5]}
							}
						},
						{
							"origin": [-0.60141, -0.0611, -5.06631],
							"size": [3.04055, 0, 0.41624],
							"pivot": [0.91887, -0.01244, -4.85819],
							"rotation": [0, -90, 90],
							"uv": {
								"north": {"uv": [0, 0], "uv_size": [3, 0]},
								"east": {"uv": [0, 0], "uv_size": [0.5, 0]},
								"south": {"uv": [0, 0], "uv_size": [3, 0]},
								"west": {"uv": [0, 0], "uv_size": [0.5, 0]},
								"up": {"uv": [0.75, 31.25], "uv_size": [37.5, 6.75]},
								"down": {"uv": [18, 11.5], "uv_size": [3, -0.5]}
							}
						},
						{
							"origin": [-0.22641, -0.0611, -6.09131],
							"size": [0.49055, 0, 0.46624],
							"pivot": [0.91887, -0.01244, -5.85819],
							"rotation": [0, -90, 90],
							"uv": {
								"north": {"uv": [0, 0], "uv_size": [3, 0]},
								"east": {"uv": [0, 0], "uv_size": [0.5, 0]},
								"south": {"uv": [0, 0], "uv_size": [3, 0]},
								"west": {"uv": [0, 0], "uv_size": [0.5, 0]},
								"up": {"uv": [1.5, 38.25], "uv_size": [38.75, 36.5]},
								"down": {"uv": [18, 11.5], "uv_size": [3, -0.5]}
							}
						},
						{
							"origin": [-2.4641, 0.03361, -3.89231],
							"size": [3.09055, 0, 0.46624],
							"pivot": [-0.91883, -0.01244, -3.65919],
							"rotation": [0, -90, 90],
							"uv": {
								"north": {"uv": [0, 0], "uv_size": [3, 0]},
								"east": {"uv": [0, 0], "uv_size": [0.5, 0]},
								"south": {"uv": [0, 0], "uv_size": [3, 0]},
								"west": {"uv": [0, 0], "uv_size": [0.5, 0]},
								"up": {"uv": [18, 12], "uv_size": [3, 0.5]},
								"down": {"uv": [18, 13.5], "uv_size": [3, -0.5]}
							}
						},
						{
							"origin": [-4.00526, 0.41441, -4.38431],
							"size": [8.31855, 0.44317, 0.46624],
							"pivot": [0.00002, -0.01244, -4.15119],
							"rotation": [0, 90, 60],
							"uv": {
								"north": {"uv": [18, 3], "uv_size": [8.25, 0.5]},
								"east": {"uv": [25, 10], "uv_size": [0.5, 0.5]},
								"south": {"uv": [18, 4], "uv_size": [8.25, 0.5]},
								"west": {"uv": [11, 25], "uv_size": [0.5, 0.5]},
								"up": {"uv": [18, 5], "uv_size": [8.25, 0.5]},
								"down": {"uv": [18, 6.5], "uv_size": [8.25, -0.5]}
							}
						},
						{
							"origin": [-4.00526, 0.41441, -4.38431],
							"size": [8.31855, 0.44317, 0.46624],
							"pivot": [0.00002, -0.01244, -4.15119],
							"rotation": [0, 90, 30],
							"uv": {
								"north": {"uv": [18, 7], "uv_size": [8.25, 0.5]},
								"east": {"uv": [25, 11], "uv_size": [0.5, 0.5]},
								"south": {"uv": [18, 8], "uv_size": [8.25, 0.5]},
								"west": {"uv": [12, 25], "uv_size": [0.5, 0.5]},
								"up": {"uv": [9, 18], "uv_size": [8.25, 0.5]},
								"down": {"uv": [18, 9.5], "uv_size": [8.25, -0.5]}
							}
						},
						{
							"origin": [-3.36436, 0.44429, -3.61897],
							"size": [0.84308, 0.47419, 0.49888],
							"pivot": [0.00002, -0.01244, -3.36953],
							"rotation": [0, 90, 60],
							"uv": {
								"north": {"uv": [10, 23], "uv_size": [0.75, 0.5]},
								"east": {"uv": [25, 13], "uv_size": [0.5, 0.5]},
								"south": {"uv": [11, 23], "uv_size": [0.75, 0.5]},
								"west": {"uv": [14, 25], "uv_size": [0.5, 0.5]},
								"up": {"uv": [12, 23], "uv_size": [0.75, 0.5]},
								"down": {"uv": [13, 23.5], "uv_size": [0.75, -0.5]}
							}
						},
						{
							"origin": [-3.36436, 0.44429, -3.61897],
							"size": [0.84308, 0.47419, 0.49888],
							"pivot": [0.00002, -0.01244, -3.36953],
							"rotation": [0, 90, 90],
							"uv": {
								"north": {"uv": [14, 23], "uv_size": [0.75, 0.5]},
								"east": {"uv": [25, 14], "uv_size": [0.5, 0.5]},
								"south": {"uv": [15, 23], "uv_size": [0.75, 0.5]},
								"west": {"uv": [15, 25], "uv_size": [0.5, 0.5]},
								"up": {"uv": [16, 23], "uv_size": [0.75, 0.5]},
								"down": {"uv": [17, 23.5], "uv_size": [0.75, -0.5]}
							}
						},
						{
							"origin": [-3.36436, 0.44429, -3.61897],
							"size": [0.84308, 0.47419, 0.49888],
							"pivot": [0.00002, -0.01244, -3.36953],
							"rotation": [0, 90, 120],
							"uv": {
								"north": {"uv": [18, 23], "uv_size": [0.75, 0.5]},
								"east": {"uv": [25, 15], "uv_size": [0.5, 0.5]},
								"south": {"uv": [19, 23], "uv_size": [0.75, 0.5]},
								"west": {"uv": [16, 25], "uv_size": [0.5, 0.5]},
								"up": {"uv": [20, 23], "uv_size": [0.75, 0.5]},
								"down": {"uv": [21, 23.5], "uv_size": [0.75, -0.5]}
							}
						},
						{
							"origin": [-3.36436, 0.44429, -3.61897],
							"size": [0.84308, 0.47419, 0.49888],
							"pivot": [0.00002, -0.01244, -3.36953],
							"rotation": [0, 90, 150],
							"uv": {
								"north": {"uv": [22, 23], "uv_size": [0.75, 0.5]},
								"east": {"uv": [25, 16], "uv_size": [0.5, 0.5]},
								"south": {"uv": [23, 23], "uv_size": [0.75, 0.5]},
								"west": {"uv": [17, 25], "uv_size": [0.5, 0.5]},
								"up": {"uv": [0, 24], "uv_size": [0.75, 0.5]},
								"down": {"uv": [1, 24.5], "uv_size": [0.75, -0.5]}
							}
						},
						{
							"origin": [-3.36436, 0.44429, -3.61897],
							"size": [0.84308, 0.47419, 0.49888],
							"pivot": [0.00002, -0.01244, -3.36953],
							"rotation": [0, 90, -180],
							"uv": {
								"north": {"uv": [2, 24], "uv_size": [0.75, 0.5]},
								"east": {"uv": [25, 17], "uv_size": [0.5, 0.5]},
								"south": {"uv": [3, 24], "uv_size": [0.75, 0.5]},
								"west": {"uv": [18, 25], "uv_size": [0.5, 0.5]},
								"up": {"uv": [4, 24], "uv_size": [0.75, 0.5]},
								"down": {"uv": [5, 24.5], "uv_size": [0.75, -0.5]}
							}
						},
						{
							"origin": [-3.36436, 0.44429, -3.61897],
							"size": [0.84308, 0.47419, 0.49888],
							"pivot": [0.00002, -0.01244, -3.36953],
							"rotation": [0, 90, -150],
							"uv": {
								"north": {"uv": [6, 24], "uv_size": [0.75, 0.5]},
								"east": {"uv": [25, 18], "uv_size": [0.5, 0.5]},
								"south": {"uv": [7, 24], "uv_size": [0.75, 0.5]},
								"west": {"uv": [19, 25], "uv_size": [0.5, 0.5]},
								"up": {"uv": [8, 24], "uv_size": [0.75, 0.5]},
								"down": {"uv": [9, 24.5], "uv_size": [0.75, -0.5]}
							}
						},
						{
							"origin": [-3.36436, 0.44429, -3.61897],
							"size": [0.84308, 0.47419, 0.49888],
							"pivot": [0.00002, -0.01244, -3.36953],
							"rotation": [0, 90, -120],
							"uv": {
								"north": {"uv": [10, 24], "uv_size": [0.75, 0.5]},
								"east": {"uv": [25, 19], "uv_size": [0.5, 0.5]},
								"south": {"uv": [24, 10], "uv_size": [0.75, 0.5]},
								"west": {"uv": [20, 25], "uv_size": [0.5, 0.5]},
								"up": {"uv": [11, 24], "uv_size": [0.75, 0.5]},
								"down": {"uv": [24, 11.5], "uv_size": [0.75, -0.5]}
							}
						},
						{
							"origin": [-3.36436, 0.44429, -3.61897],
							"size": [0.84308, 0.47419, 0.49888],
							"pivot": [0.00002, -0.01244, -3.36953],
							"rotation": [0, 90, -90],
							"uv": {
								"north": {"uv": [12, 24], "uv_size": [0.75, 0.5]},
								"east": {"uv": [25, 20], "uv_size": [0.5, 0.5]},
								"south": {"uv": [24, 12], "uv_size": [0.75, 0.5]},
								"west": {"uv": [21, 25], "uv_size": [0.5, 0.5]},
								"up": {"uv": [13, 24], "uv_size": [0.75, 0.5]},
								"down": {"uv": [24, 13.5], "uv_size": [0.75, -0.5]}
							}
						},
						{
							"origin": [-3.36436, 0.44429, -3.61897],
							"size": [0.84308, 0.47419, 0.49888],
							"pivot": [0.00002, -0.01244, -3.36953],
							"rotation": [0, 90, -30],
							"uv": {
								"north": {"uv": [16, 24], "uv_size": [0.75, 0.5]},
								"east": {"uv": [25, 22], "uv_size": [0.5, 0.5]},
								"south": {"uv": [24, 16], "uv_size": [0.75, 0.5]},
								"west": {"uv": [23, 25], "uv_size": [0.5, 0.5]},
								"up": {"uv": [17, 24], "uv_size": [0.75, 0.5]},
								"down": {"uv": [24, 17.5], "uv_size": [0.75, -0.5]}
							}
						},
						{
							"origin": [-3.36436, 0.44429, -3.61897],
							"size": [0.84308, 0.47419, 0.49888],
							"pivot": [0.00002, -0.01244, -3.36953],
							"rotation": [0, 90, -60],
							"uv": {
								"north": {"uv": [14, 24], "uv_size": [0.75, 0.5]},
								"east": {"uv": [25, 21], "uv_size": [0.5, 0.5]},
								"south": {"uv": [24, 14], "uv_size": [0.75, 0.5]},
								"west": {"uv": [22, 25], "uv_size": [0.5, 0.5]},
								"up": {"uv": [15, 24], "uv_size": [0.75, 0.5]},
								"down": {"uv": [24, 15.5], "uv_size": [0.75, -0.5]}
							}
						},
						{
							"origin": [-3.36436, 0.44429, -3.61897],
							"size": [0.84308, 0.47419, 0.49888],
							"pivot": [0.00002, -0.01244, -3.36953],
							"rotation": [0, 90, 0],
							"uv": {
								"north": {"uv": [18, 24], "uv_size": [0.75, 0.5]},
								"east": {"uv": [25, 23], "uv_size": [0.5, 0.5]},
								"south": {"uv": [24, 18], "uv_size": [0.75, 0.5]},
								"west": {"uv": [24, 25], "uv_size": [0.5, 0.5]},
								"up": {"uv": [19, 24], "uv_size": [0.75, 0.5]},
								"down": {"uv": [24, 19.5], "uv_size": [0.75, -0.5]}
							}
						},
						{
							"origin": [-3.36436, 0.44429, -3.61897],
							"size": [0.84308, 0.47419, 0.49888],
							"pivot": [0.00002, -0.01244, -3.36953],
							"rotation": [0, 90, 30],
							"uv": {
								"north": {"uv": [6, 23], "uv_size": [0.75, 0.5]},
								"east": {"uv": [25, 12], "uv_size": [0.5, 0.5]},
								"south": {"uv": [7, 23], "uv_size": [0.75, 0.5]},
								"west": {"uv": [13, 25], "uv_size": [0.5, 0.5]},
								"up": {"uv": [8, 23], "uv_size": [0.75, 0.5]},
								"down": {"uv": [9, 23.5], "uv_size": [0.75, -0.5]}
							}
						},
						{
							"origin": [-3.86436, 0.44429, -5.01897],
							"size": [0.54308, 0.47419, 0.49888],
							"pivot": [0.00002, -0.01244, -4.76953],
							"rotation": [0, 90, 30],
							"uv": {
								"north": {"uv": [27, 10], "uv_size": [0.5, 0.5]},
								"east": {"uv": [11, 27], "uv_size": [0.5, 0.5]},
								"south": {"uv": [27, 11], "uv_size": [0.5, 0.5]},
								"west": {"uv": [12, 27], "uv_size": [0.5, 0.5]},
								"up": {"uv": [27, 12], "uv_size": [0.5, 0.5]},
								"down": {"uv": [13, 27.5], "uv_size": [0.5, -0.5]}
							}
						},
						{
							"origin": [-3.86436, 0.44429, -5.01897],
							"size": [0.54308, 0.47419, 0.49888],
							"pivot": [0.00002, -0.01244, -4.76953],
							"rotation": [0, 90, 0],
							"uv": {
								"north": {"uv": [27, 7], "uv_size": [0.5, 0.5]},
								"east": {"uv": [8, 27], "uv_size": [0.5, 0.5]},
								"south": {"uv": [27, 8], "uv_size": [0.5, 0.5]},
								"west": {"uv": [9, 27], "uv_size": [0.5, 0.5]},
								"up": {"uv": [27, 9], "uv_size": [0.5, 0.5]},
								"down": {"uv": [10, 27.5], "uv_size": [0.5, -0.5]}
							}
						},
						{
							"origin": [-3.86436, 0.44429, -5.01897],
							"size": [0.54308, 0.47419, 0.49888],
							"pivot": [0.00002, -0.01244, -4.76953],
							"rotation": [0, 90, -60],
							"uv": {
								"north": {"uv": [27, 4], "uv_size": [0.5, 0.5]},
								"east": {"uv": [5, 27], "uv_size": [0.5, 0.5]},
								"south": {"uv": [27, 5], "uv_size": [0.5, 0.5]},
								"west": {"uv": [6, 27], "uv_size": [0.5, 0.5]},
								"up": {"uv": [27, 6], "uv_size": [0.5, 0.5]},
								"down": {"uv": [7, 27.5], "uv_size": [0.5, -0.5]}
							}
						},
						{
							"origin": [-3.86436, 0.44429, -5.01897],
							"size": [0.54308, 0.47419, 0.49888],
							"pivot": [0.00002, -0.01244, -4.76953],
							"rotation": [0, 90, -30],
							"uv": {
								"north": {"uv": [27, 1], "uv_size": [0.5, 0.5]},
								"east": {"uv": [2, 27], "uv_size": [0.5, 0.5]},
								"south": {"uv": [27, 2], "uv_size": [0.5, 0.5]},
								"west": {"uv": [3, 27], "uv_size": [0.5, 0.5]},
								"up": {"uv": [27, 3], "uv_size": [0.5, 0.5]},
								"down": {"uv": [4, 27.5], "uv_size": [0.5, -0.5]}
							}
						},
						{
							"origin": [-3.86436, 0.44429, -5.01897],
							"size": [0.54308, 0.47419, 0.49888],
							"pivot": [0.00002, -0.01244, -4.76953],
							"rotation": [0, 90, -90],
							"uv": {
								"north": {"uv": [25, 26], "uv_size": [0.5, 0.5]},
								"east": {"uv": [26, 25], "uv_size": [0.5, 0.5]},
								"south": {"uv": [26, 26], "uv_size": [0.5, 0.5]},
								"west": {"uv": [0, 27], "uv_size": [0.5, 0.5]},
								"up": {"uv": [27, 0], "uv_size": [0.5, 0.5]},
								"down": {"uv": [1, 27.5], "uv_size": [0.5, -0.5]}
							}
						},
						{
							"origin": [-3.86436, 0.44429, -5.01897],
							"size": [0.54308, 0.47419, 0.49888],
							"pivot": [0.00002, -0.01244, -4.76953],
							"rotation": [0, 90, -120],
							"uv": {
								"north": {"uv": [22, 26], "uv_size": [0.5, 0.5]},
								"east": {"uv": [26, 22], "uv_size": [0.5, 0.5]},
								"south": {"uv": [23, 26], "uv_size": [0.5, 0.5]},
								"west": {"uv": [26, 23], "uv_size": [0.5, 0.5]},
								"up": {"uv": [24, 26], "uv_size": [0.5, 0.5]},
								"down": {"uv": [26, 24.5], "uv_size": [0.5, -0.5]}
							}
						},
						{
							"origin": [-3.86436, 0.44429, -5.01897],
							"size": [0.54308, 0.47419, 0.49888],
							"pivot": [0.00002, -0.01244, -4.76953],
							"rotation": [0, 90, -150],
							"uv": {
								"north": {"uv": [19, 26], "uv_size": [0.5, 0.5]},
								"east": {"uv": [26, 19], "uv_size": [0.5, 0.5]},
								"south": {"uv": [20, 26], "uv_size": [0.5, 0.5]},
								"west": {"uv": [26, 20], "uv_size": [0.5, 0.5]},
								"up": {"uv": [21, 26], "uv_size": [0.5, 0.5]},
								"down": {"uv": [26, 21.5], "uv_size": [0.5, -0.5]}
							}
						},
						{
							"origin": [-3.86436, 0.44429, -5.01897],
							"size": [0.54308, 0.47419, 0.49888],
							"pivot": [0.00002, -0.01244, -4.76953],
							"rotation": [0, 90, -180],
							"uv": {
								"north": {"uv": [16, 26], "uv_size": [0.5, 0.5]},
								"east": {"uv": [26, 16], "uv_size": [0.5, 0.5]},
								"south": {"uv": [17, 26], "uv_size": [0.5, 0.5]},
								"west": {"uv": [26, 17], "uv_size": [0.5, 0.5]},
								"up": {"uv": [18, 26], "uv_size": [0.5, 0.5]},
								"down": {"uv": [26, 18.5], "uv_size": [0.5, -0.5]}
							}
						},
						{
							"origin": [-3.86436, 0.44429, -5.01897],
							"size": [0.54308, 0.47419, 0.49888],
							"pivot": [0.00002, -0.01244, -4.76953],
							"rotation": [0, 90, 150],
							"uv": {
								"north": {"uv": [13, 26], "uv_size": [0.5, 0.5]},
								"east": {"uv": [26, 13], "uv_size": [0.5, 0.5]},
								"south": {"uv": [14, 26], "uv_size": [0.5, 0.5]},
								"west": {"uv": [26, 14], "uv_size": [0.5, 0.5]},
								"up": {"uv": [15, 26], "uv_size": [0.5, 0.5]},
								"down": {"uv": [26, 15.5], "uv_size": [0.5, -0.5]}
							}
						},
						{
							"origin": [-3.86436, 0.44429, -5.01897],
							"size": [0.54308, 0.47419, 0.49888],
							"pivot": [0.00002, -0.01244, -4.76953],
							"rotation": [0, 90, 120],
							"uv": {
								"north": {"uv": [10, 26], "uv_size": [0.5, 0.5]},
								"east": {"uv": [26, 10], "uv_size": [0.5, 0.5]},
								"south": {"uv": [11, 26], "uv_size": [0.5, 0.5]},
								"west": {"uv": [26, 11], "uv_size": [0.5, 0.5]},
								"up": {"uv": [12, 26], "uv_size": [0.5, 0.5]},
								"down": {"uv": [26, 12.5], "uv_size": [0.5, -0.5]}
							}
						},
						{
							"origin": [-3.86436, 0.44429, -5.01897],
							"size": [0.54308, 0.47419, 0.49888],
							"pivot": [0.00002, -0.01244, -4.76953],
							"rotation": [0, 90, 90],
							"uv": {
								"north": {"uv": [4, 26], "uv_size": [0.5, 0.5]},
								"east": {"uv": [5, 26], "uv_size": [0.5, 0.5]},
								"south": {"uv": [6, 26], "uv_size": [0.5, 0.5]},
								"west": {"uv": [7, 26], "uv_size": [0.5, 0.5]},
								"up": {"uv": [8, 26], "uv_size": [0.5, 0.5]},
								"down": {"uv": [9, 26.5], "uv_size": [0.5, -0.5]}
							}
						},
						{
							"origin": [-3.86436, 0.44429, -5.01897],
							"size": [0.54308, 0.47419, 0.49888],
							"pivot": [0.00002, -0.01244, -4.76953],
							"rotation": [0, 90, 60],
							"uv": {
								"north": {"uv": [25, 24], "uv_size": [0.5, 0.5]},
								"east": {"uv": [25, 25], "uv_size": [0.5, 0.5]},
								"south": {"uv": [0, 26], "uv_size": [0.5, 0.5]},
								"west": {"uv": [1, 26], "uv_size": [0.5, 0.5]},
								"up": {"uv": [2, 26], "uv_size": [0.5, 0.5]},
								"down": {"uv": [3, 26.5], "uv_size": [0.5, -0.5]}
							}
						},
						{
							"origin": [-3.86436, 0.44429, -5.61897],
							"size": [0.54308, 0.47419, 0.49888],
							"pivot": [0.00002, -0.01244, -5.36953],
							"rotation": [0, 90, 30],
							"uv": {
								"north": {"uv": [19, 28], "uv_size": [0.5, 0.5]},
								"east": {"uv": [28, 19], "uv_size": [0.5, 0.5]},
								"south": {"uv": [20, 28], "uv_size": [0.5, 0.5]},
								"west": {"uv": [28, 20], "uv_size": [0.5, 0.5]},
								"up": {"uv": [21, 28], "uv_size": [0.5, 0.5]},
								"down": {"uv": [28, 21.5], "uv_size": [0.5, -0.5]}
							}
						},
						{
							"origin": [-3.86436, 0.44429, -5.61897],
							"size": [0.54308, 0.47419, 0.49888],
							"pivot": [0.00002, -0.01244, -5.36953],
							"rotation": [0, 90, 0],
							"uv": {
								"north": {"uv": [16, 28], "uv_size": [0.5, 0.5]},
								"east": {"uv": [28, 16], "uv_size": [0.5, 0.5]},
								"south": {"uv": [17, 28], "uv_size": [0.5, 0.5]},
								"west": {"uv": [28, 17], "uv_size": [0.5, 0.5]},
								"up": {"uv": [18, 28], "uv_size": [0.5, 0.5]},
								"down": {"uv": [28, 18.5], "uv_size": [0.5, -0.5]}
							}
						},
						{
							"origin": [-3.86436, 0.44429, -5.61897],
							"size": [0.54308, 0.47419, 0.49888],
							"pivot": [0.00002, -0.01244, -5.36953],
							"rotation": [0, 90, -60],
							"uv": {
								"north": {"uv": [13, 28], "uv_size": [0.5, 0.5]},
								"east": {"uv": [28, 13], "uv_size": [0.5, 0.5]},
								"south": {"uv": [14, 28], "uv_size": [0.5, 0.5]},
								"west": {"uv": [28, 14], "uv_size": [0.5, 0.5]},
								"up": {"uv": [15, 28], "uv_size": [0.5, 0.5]},
								"down": {"uv": [28, 15.5], "uv_size": [0.5, -0.5]}
							}
						},
						{
							"origin": [-3.86436, 0.44429, -5.61897],
							"size": [0.54308, 0.47419, 0.49888],
							"pivot": [0.00002, -0.01244, -5.36953],
							"rotation": [0, 90, -30],
							"uv": {
								"north": {"uv": [10, 28], "uv_size": [0.5, 0.5]},
								"east": {"uv": [28, 10], "uv_size": [0.5, 0.5]},
								"south": {"uv": [11, 28], "uv_size": [0.5, 0.5]},
								"west": {"uv": [28, 11], "uv_size": [0.5, 0.5]},
								"up": {"uv": [12, 28], "uv_size": [0.5, 0.5]},
								"down": {"uv": [28, 12.5], "uv_size": [0.5, -0.5]}
							}
						},
						{
							"origin": [-3.86436, 0.44429, -5.61897],
							"size": [0.54308, 0.47419, 0.49888],
							"pivot": [0.00002, -0.01244, -5.36953],
							"rotation": [0, 90, -90],
							"uv": {
								"north": {"uv": [7, 28], "uv_size": [0.5, 0.5]},
								"east": {"uv": [28, 7], "uv_size": [0.5, 0.5]},
								"south": {"uv": [8, 28], "uv_size": [0.5, 0.5]},
								"west": {"uv": [28, 8], "uv_size": [0.5, 0.5]},
								"up": {"uv": [9, 28], "uv_size": [0.5, 0.5]},
								"down": {"uv": [28, 9.5], "uv_size": [0.5, -0.5]}
							}
						},
						{
							"origin": [-3.86436, 0.44429, -5.61897],
							"size": [0.54308, 0.47419, 0.49888],
							"pivot": [0.00002, -0.01244, -5.36953],
							"rotation": [0, 90, -120],
							"uv": {
								"north": {"uv": [4, 28], "uv_size": [0.5, 0.5]},
								"east": {"uv": [28, 4], "uv_size": [0.5, 0.5]},
								"south": {"uv": [5, 28], "uv_size": [0.5, 0.5]},
								"west": {"uv": [28, 5], "uv_size": [0.5, 0.5]},
								"up": {"uv": [6, 28], "uv_size": [0.5, 0.5]},
								"down": {"uv": [28, 6.5], "uv_size": [0.5, -0.5]}
							}
						},
						{
							"origin": [-3.86436, 0.44429, -5.61897],
							"size": [0.54308, 0.47419, 0.49888],
							"pivot": [0.00002, -0.01244, -5.36953],
							"rotation": [0, 90, -150],
							"uv": {
								"north": {"uv": [1, 28], "uv_size": [0.5, 0.5]},
								"east": {"uv": [28, 1], "uv_size": [0.5, 0.5]},
								"south": {"uv": [2, 28], "uv_size": [0.5, 0.5]},
								"west": {"uv": [28, 2], "uv_size": [0.5, 0.5]},
								"up": {"uv": [3, 28], "uv_size": [0.5, 0.5]},
								"down": {"uv": [28, 3.5], "uv_size": [0.5, -0.5]}
							}
						},
						{
							"origin": [-3.86436, 0.44429, -5.61897],
							"size": [0.54308, 0.47419, 0.49888],
							"pivot": [0.00002, -0.01244, -5.36953],
							"rotation": [0, 90, -180],
							"uv": {
								"north": {"uv": [27, 25], "uv_size": [0.5, 0.5]},
								"east": {"uv": [26, 27], "uv_size": [0.5, 0.5]},
								"south": {"uv": [27, 26], "uv_size": [0.5, 0.5]},
								"west": {"uv": [27, 27], "uv_size": [0.5, 0.5]},
								"up": {"uv": [0, 28], "uv_size": [0.5, 0.5]},
								"down": {"uv": [28, 0.5], "uv_size": [0.5, -0.5]}
							}
						},
						{
							"origin": [-3.86436, 0.44429, -5.61897],
							"size": [0.54308, 0.47419, 0.49888],
							"pivot": [0.00002, -0.01244, -5.36953],
							"rotation": [0, 90, 150],
							"uv": {
								"north": {"uv": [27, 22], "uv_size": [0.5, 0.5]},
								"east": {"uv": [23, 27], "uv_size": [0.5, 0.5]},
								"south": {"uv": [27, 23], "uv_size": [0.5, 0.5]},
								"west": {"uv": [24, 27], "uv_size": [0.5, 0.5]},
								"up": {"uv": [27, 24], "uv_size": [0.5, 0.5]},
								"down": {"uv": [25, 27.5], "uv_size": [0.5, -0.5]}
							}
						},
						{
							"origin": [-3.86436, 0.44429, -5.61897],
							"size": [0.54308, 0.47419, 0.49888],
							"pivot": [0.00002, -0.01244, -5.36953],
							"rotation": [0, 90, 120],
							"uv": {
								"north": {"uv": [27, 19], "uv_size": [0.5, 0.5]},
								"east": {"uv": [20, 27], "uv_size": [0.5, 0.5]},
								"south": {"uv": [27, 20], "uv_size": [0.5, 0.5]},
								"west": {"uv": [21, 27], "uv_size": [0.5, 0.5]},
								"up": {"uv": [27, 21], "uv_size": [0.5, 0.5]},
								"down": {"uv": [22, 27.5], "uv_size": [0.5, -0.5]}
							}
						},
						{
							"origin": [-3.86436, 0.44429, -5.61897],
							"size": [0.54308, 0.47419, 0.49888],
							"pivot": [0.00002, -0.01244, -5.36953],
							"rotation": [0, 90, 90],
							"uv": {
								"north": {"uv": [27, 16], "uv_size": [0.5, 0.5]},
								"east": {"uv": [17, 27], "uv_size": [0.5, 0.5]},
								"south": {"uv": [27, 17], "uv_size": [0.5, 0.5]},
								"west": {"uv": [18, 27], "uv_size": [0.5, 0.5]},
								"up": {"uv": [27, 18], "uv_size": [0.5, 0.5]},
								"down": {"uv": [19, 27.5], "uv_size": [0.5, -0.5]}
							}
						},
						{
							"origin": [-3.86436, 0.44429, -5.61897],
							"size": [0.54308, 0.47419, 0.49888],
							"pivot": [0.00002, -0.01244, -5.36953],
							"rotation": [0, 90, 60],
							"uv": {
								"north": {"uv": [27, 13], "uv_size": [0.5, 0.5]},
								"east": {"uv": [14, 27], "uv_size": [0.5, 0.5]},
								"south": {"uv": [27, 14], "uv_size": [0.5, 0.5]},
								"west": {"uv": [15, 27], "uv_size": [0.5, 0.5]},
								"up": {"uv": [27, 15], "uv_size": [0.5, 0.5]},
								"down": {"uv": [16, 27.5], "uv_size": [0.5, -0.5]}
							}
						},
						{
							"origin": [-3.86436, 0.44429, -6.21897],
							"size": [0.54308, 0.47419, 0.49888],
							"pivot": [0.00002, -0.01244, -5.96953],
							"rotation": [0, 90, 0],
							"uv": {
								"north": {"uv": [16, 28], "uv_size": [0.5, 0.5]},
								"east": {"uv": [28, 16], "uv_size": [0.5, 0.5]},
								"south": {"uv": [17, 28], "uv_size": [0.5, 0.5]},
								"west": {"uv": [28, 17], "uv_size": [0.5, 0.5]},
								"up": {"uv": [18, 28], "uv_size": [0.5, 0.5]},
								"down": {"uv": [28, 18.5], "uv_size": [0.5, -0.5]}
							}
						},
						{
							"origin": [-3.86436, 0.44429, -6.21897],
							"size": [0.54308, 0.47419, 0.49888],
							"pivot": [0.00002, -0.01244, -5.96953],
							"rotation": [0, 90, 30],
							"uv": {
								"north": {"uv": [19, 28], "uv_size": [0.5, 0.5]},
								"east": {"uv": [28, 19], "uv_size": [0.5, 0.5]},
								"south": {"uv": [20, 28], "uv_size": [0.5, 0.5]},
								"west": {"uv": [28, 20], "uv_size": [0.5, 0.5]},
								"up": {"uv": [21, 28], "uv_size": [0.5, 0.5]},
								"down": {"uv": [28, 21.5], "uv_size": [0.5, -0.5]}
							}
						},
						{
							"origin": [-3.86436, 0.44429, -6.21897],
							"size": [0.54308, 0.47419, 0.49888],
							"pivot": [0.00002, -0.01244, -5.96953],
							"rotation": [0, 90, 60],
							"uv": {
								"north": {"uv": [27, 13], "uv_size": [0.5, 0.5]},
								"east": {"uv": [14, 27], "uv_size": [0.5, 0.5]},
								"south": {"uv": [27, 14], "uv_size": [0.5, 0.5]},
								"west": {"uv": [15, 27], "uv_size": [0.5, 0.5]},
								"up": {"uv": [27, 15], "uv_size": [0.5, 0.5]},
								"down": {"uv": [16, 27.5], "uv_size": [0.5, -0.5]}
							}
						},
						{
							"origin": [-3.86436, 0.44429, -6.21897],
							"size": [0.54308, 0.47419, 0.49888],
							"pivot": [0.00002, -0.01244, -5.96953],
							"rotation": [0, 90, 90],
							"uv": {
								"north": {"uv": [27, 16], "uv_size": [0.5, 0.5]},
								"east": {"uv": [17, 27], "uv_size": [0.5, 0.5]},
								"south": {"uv": [27, 17], "uv_size": [0.5, 0.5]},
								"west": {"uv": [18, 27], "uv_size": [0.5, 0.5]},
								"up": {"uv": [27, 18], "uv_size": [0.5, 0.5]},
								"down": {"uv": [19, 27.5], "uv_size": [0.5, -0.5]}
							}
						},
						{
							"origin": [-3.86436, 0.44429, -6.21897],
							"size": [0.54308, 0.47419, 0.49888],
							"pivot": [0.00002, -0.01244, -5.96953],
							"rotation": [0, 90, 120],
							"uv": {
								"north": {"uv": [27, 19], "uv_size": [0.5, 0.5]},
								"east": {"uv": [20, 27], "uv_size": [0.5, 0.5]},
								"south": {"uv": [27, 20], "uv_size": [0.5, 0.5]},
								"west": {"uv": [21, 27], "uv_size": [0.5, 0.5]},
								"up": {"uv": [27, 21], "uv_size": [0.5, 0.5]},
								"down": {"uv": [22, 27.5], "uv_size": [0.5, -0.5]}
							}
						},
						{
							"origin": [-3.86436, 0.44429, -6.21897],
							"size": [0.54308, 0.47419, 0.49888],
							"pivot": [0.00002, -0.01244, -5.96953],
							"rotation": [0, 90, 150],
							"uv": {
								"north": {"uv": [27, 22], "uv_size": [0.5, 0.5]},
								"east": {"uv": [23, 27], "uv_size": [0.5, 0.5]},
								"south": {"uv": [27, 23], "uv_size": [0.5, 0.5]},
								"west": {"uv": [24, 27], "uv_size": [0.5, 0.5]},
								"up": {"uv": [27, 24], "uv_size": [0.5, 0.5]},
								"down": {"uv": [25, 27.5], "uv_size": [0.5, -0.5]}
							}
						},
						{
							"origin": [-3.86436, 0.44429, -6.21897],
							"size": [0.54308, 0.47419, 0.49888],
							"pivot": [0.00002, -0.01244, -5.96953],
							"rotation": [0, 90, -180],
							"uv": {
								"north": {"uv": [27, 25], "uv_size": [0.5, 0.5]},
								"east": {"uv": [26, 27], "uv_size": [0.5, 0.5]},
								"south": {"uv": [27, 26], "uv_size": [0.5, 0.5]},
								"west": {"uv": [27, 27], "uv_size": [0.5, 0.5]},
								"up": {"uv": [0, 28], "uv_size": [0.5, 0.5]},
								"down": {"uv": [28, 0.5], "uv_size": [0.5, -0.5]}
							}
						},
						{
							"origin": [-3.86436, 0.44429, -6.21897],
							"size": [0.54308, 0.47419, 0.49888],
							"pivot": [0.00002, -0.01244, -5.96953],
							"rotation": [0, 90, -150],
							"uv": {
								"north": {"uv": [1, 28], "uv_size": [0.5, 0.5]},
								"east": {"uv": [28, 1], "uv_size": [0.5, 0.5]},
								"south": {"uv": [2, 28], "uv_size": [0.5, 0.5]},
								"west": {"uv": [28, 2], "uv_size": [0.5, 0.5]},
								"up": {"uv": [3, 28], "uv_size": [0.5, 0.5]},
								"down": {"uv": [28, 3.5], "uv_size": [0.5, -0.5]}
							}
						},
						{
							"origin": [-3.86436, 0.44429, -6.21897],
							"size": [0.54308, 0.47419, 0.49888],
							"pivot": [0.00002, -0.01244, -5.96953],
							"rotation": [0, 90, -120],
							"uv": {
								"north": {"uv": [4, 28], "uv_size": [0.5, 0.5]},
								"east": {"uv": [28, 4], "uv_size": [0.5, 0.5]},
								"south": {"uv": [5, 28], "uv_size": [0.5, 0.5]},
								"west": {"uv": [28, 5], "uv_size": [0.5, 0.5]},
								"up": {"uv": [6, 28], "uv_size": [0.5, 0.5]},
								"down": {"uv": [28, 6.5], "uv_size": [0.5, -0.5]}
							}
						},
						{
							"origin": [-3.86436, 0.44429, -6.21897],
							"size": [0.54308, 0.47419, 0.49888],
							"pivot": [0.00002, -0.01244, -5.96953],
							"rotation": [0, 90, -90],
							"uv": {
								"north": {"uv": [7, 28], "uv_size": [0.5, 0.5]},
								"east": {"uv": [28, 7], "uv_size": [0.5, 0.5]},
								"south": {"uv": [8, 28], "uv_size": [0.5, 0.5]},
								"west": {"uv": [28, 8], "uv_size": [0.5, 0.5]},
								"up": {"uv": [9, 28], "uv_size": [0.5, 0.5]},
								"down": {"uv": [28, 9.5], "uv_size": [0.5, -0.5]}
							}
						},
						{
							"origin": [-3.86436, 0.44429, -6.21897],
							"size": [0.54308, 0.47419, 0.49888],
							"pivot": [0.00002, -0.01244, -5.96953],
							"rotation": [0, 90, -60],
							"uv": {
								"north": {"uv": [13, 28], "uv_size": [0.5, 0.5]},
								"east": {"uv": [28, 13], "uv_size": [0.5, 0.5]},
								"south": {"uv": [14, 28], "uv_size": [0.5, 0.5]},
								"west": {"uv": [28, 14], "uv_size": [0.5, 0.5]},
								"up": {"uv": [15, 28], "uv_size": [0.5, 0.5]},
								"down": {"uv": [28, 15.5], "uv_size": [0.5, -0.5]}
							}
						},
						{
							"origin": [-3.86436, 0.44429, -6.21897],
							"size": [0.54308, 0.47419, 0.49888],
							"pivot": [0.00002, -0.01244, -5.96953],
							"rotation": [0, 90, -30],
							"uv": {
								"north": {"uv": [10, 28], "uv_size": [0.5, 0.5]},
								"east": {"uv": [28, 10], "uv_size": [0.5, 0.5]},
								"south": {"uv": [11, 28], "uv_size": [0.5, 0.5]},
								"west": {"uv": [28, 11], "uv_size": [0.5, 0.5]},
								"up": {"uv": [12, 28], "uv_size": [0.5, 0.5]},
								"down": {"uv": [28, 12.5], "uv_size": [0.5, -0.5]}
							}
						}
					]
				}
			]
		}
	]
}