{
	"format_version": "1.12.0",
	"minecraft:geometry": [
		{
			"description": {
				"identifier": "geometry.unknown",
				"texture_width": 32,
				"texture_height": 32,
				"visible_bounds_width": 2,
				"visible_bounds_height": 1.5,
				"visible_bounds_offset": [0, 0.25, 0]
			},
			"bones": [
				{
					"name": "gun",
					"pivot": [-0.0059, 0.01767, -4.9279],
					"cubes": [
						{
							"origin": [3.02816, 3.74175, 5.98094],
							"size": [0.64335, 7.20169, 0.73621],
							"inflate": 0.001,
							"pivot": [2.84331, 0.32446, 3.49984],
							"rotation": [90, 0, -90],
							"uv": {
								"north": {"uv": [10, 0], "uv_size": [0.625, 7.25]},
								"east": {"uv": [0, 0], "uv_size": [0.75, 7.25]},
								"south": {"uv": [10, 8], "uv_size": [0.625, 7.25]},
								"west": {"uv": [1, 0], "uv_size": [0.75, 7.25]},
								"up": {"uv": [19, 4], "uv_size": [0.625, 0.75]},
								"down": {"uv": [19, 5.75], "uv_size": [0.625, -0.75]}
							}
						},
						{
							"origin": [0.53038, 3.74175, 3.72042],
							"size": [0.64335, 7.20169, 0.73621],
							"inflate": 0.001,
							"pivot": [2.84331, 0.32446, 3.49984],
							"rotation": [90, 0, -18],
							"uv": {
								"north": {"uv": [11, 0], "uv_size": [0.625, 7.25]},
								"east": {"uv": [2, 0], "uv_size": [0.75, 7.25]},
								"south": {"uv": [11, 8], "uv_size": [0.625, 7.25]},
								"west": {"uv": [3, 0], "uv_size": [0.75, 7.25]},
								"up": {"uv": [19, 6], "uv_size": [0.625, 0.75]},
								"down": {"uv": [7, 19.75], "uv_size": [0.625, -0.75]}
							}
						},
						{
							"origin": [0.97755, 0.02762, -5.2364],
							"size": [0.1, 0.60169, 3.23621],
							"inflate": 0.001,
							"pivot": [1.02755, 0.35346, -3.66829],
							"rotation": [-180, 0, 162],
							"uv": {
								"north": {"uv": [31.375, 0], "uv_size": [0.625, 7.25]},
								"east": {"uv": [0, 27.375], "uv_size": [21.5, 4.625]},
								"south": {"uv": [31.375, 0], "uv_size": [0.625, 7.25]},
								"west": {"uv": [31.25, 0], "uv_size": [0.75, 7.25]},
								"up": {"uv": [31.375, 0], "uv_size": [0.625, 0.75]},
								"down": {"uv": [31.375, 0.75], "uv_size": [0.625, -0.75]}
							}
						},
						{
							"origin": [1.41203, 3.74175, 5.25647],
							"size": [0.64335, 7.20169, 0.73621],
							"inflate": 0.001,
							"pivot": [2.84331, 0.32446, 3.49984],
							"rotation": [90, 0, -54],
							"uv": {
								"north": {"uv": [12, 0], "uv_size": [0.625, 7.25]},
								"east": {"uv": [4, 0], "uv_size": [0.75, 7.25]},
								"south": {"uv": [12, 8], "uv_size": [0.625, 7.25]},
								"west": {"uv": [5, 0], "uv_size": [0.75, 7.25]},
								"up": {"uv": [19, 7], "uv_size": [0.625, 0.75]},
								"down": {"uv": [8, 19.75], "uv_size": [0.625, -0.75]}
							}
						},
						{
							"origin": [0.71999, 3.74175, 1.95951],
							"size": [0.64335, 7.20169, 0.73621],
							"inflate": 0.001,
							"pivot": [2.84331, 0.32446, 3.49984],
							"rotation": [90, 0, 18],
							"uv": {
								"north": {"uv": [13, 0], "uv_size": [0.625, 7.25]},
								"east": {"uv": [6, 0], "uv_size": [0.75, 7.25]},
								"south": {"uv": [13, 8], "uv_size": [0.625, 7.25]},
								"west": {"uv": [7, 0], "uv_size": [0.75, 7.25]},
								"up": {"uv": [19, 8], "uv_size": [0.625, 0.75]},
								"down": {"uv": [9, 19.75], "uv_size": [0.625, -0.75]}
							}
						},
						{
							"origin": [1.90842, 3.74175, 0.64635],
							"size": [0.64335, 7.20169, 0.73621],
							"inflate": 0.001,
							"pivot": [2.84331, 0.32446, 3.49984],
							"rotation": [90, 0, 54],
							"uv": {
								"north": {"uv": [14, 0], "uv_size": [0.625, 7.25]},
								"east": {"uv": [0, 8], "uv_size": [0.75, 7.25]},
								"south": {"uv": [14, 8], "uv_size": [0.625, 7.25]},
								"west": {"uv": [8, 0], "uv_size": [0.75, 7.25]},
								"up": {"uv": [19, 9], "uv_size": [0.625, 0.75]},
								"down": {"uv": [10, 19.75], "uv_size": [0.625, -0.75]}
							}
						},
						{
							"origin": [3.64173, 3.74175, 0.28252],
							"size": [0.64335, 7.20169, 0.73621],
							"inflate": 0.001,
							"pivot": [2.84331, 0.32446, 3.49984],
							"rotation": [90, 0, 90],
							"uv": {
								"north": {"uv": [15, 0], "uv_size": [0.625, 7.25]},
								"east": {"uv": [1, 8], "uv_size": [0.75, 7.25]},
								"south": {"uv": [15, 8], "uv_size": [0.625, 7.25]},
								"west": {"uv": [2, 8], "uv_size": [0.75, 7.25]},
								"up": {"uv": [19, 10], "uv_size": [0.625, 0.75]},
								"down": {"uv": [11, 19.75], "uv_size": [0.625, -0.75]}
							}
						},
						{
							"origin": [5.25786, 3.74175, 1.007],
							"size": [0.64335, 7.20169, 0.73621],
							"inflate": 0.001,
							"pivot": [2.84331, 0.32446, 3.49984],
							"rotation": [90, 0, 126],
							"uv": {
								"north": {"uv": [0, 16], "uv_size": [0.625, 7.25]},
								"east": {"uv": [3, 8], "uv_size": [0.75, 7.25]},
								"south": {"uv": [16, 0], "uv_size": [0.625, 7.25]},
								"west": {"uv": [4, 8], "uv_size": [0.75, 7.25]},
								"up": {"uv": [19, 11], "uv_size": [0.625, 0.75]},
								"down": {"uv": [12, 19.75], "uv_size": [0.625, -0.75]}
							}
						},
						{
							"origin": [6.13951, 3.73938, 2.54305],
							"size": [0.64335, 7.20406, 0.73621],
							"inflate": 0.001,
							"pivot": [2.84331, 0.32446, 3.49984],
							"rotation": [90, 0, 162],
							"uv": {
								"north": {"uv": [1, 16], "uv_size": [0.625, 7.25]},
								"east": {"uv": [5, 8], "uv_size": [0.75, 7.25]},
								"south": {"uv": [2, 16], "uv_size": [0.625, 7.25]},
								"west": {"uv": [6, 8], "uv_size": [0.75, 7.25]},
								"up": {"uv": [19, 12], "uv_size": [0.625, 0.75]},
								"down": {"uv": [13, 19.75], "uv_size": [0.625, -0.75]}
							}
						},
						{
							"origin": [5.9499, 3.73938, 4.30396],
							"size": [0.64335, 7.20406, 0.73621],
							"inflate": 0.001,
							"pivot": [2.84331, 0.32446, 3.49984],
							"rotation": [90, 0, -162],
							"uv": {
								"north": {"uv": [3, 16], "uv_size": [0.625, 7.25]},
								"east": {"uv": [7, 8], "uv_size": [0.75, 7.25]},
								"south": {"uv": [4, 16], "uv_size": [0.625, 7.25]},
								"west": {"uv": [8, 8], "uv_size": [0.75, 7.25]},
								"up": {"uv": [19, 13], "uv_size": [0.625, 0.75]},
								"down": {"uv": [14, 19.75], "uv_size": [0.625, -0.75]}
							}
						},
						{
							"origin": [4.76147, 3.74175, 5.61712],
							"size": [0.64335, 7.20169, 0.73621],
							"inflate": 0.001,
							"pivot": [2.84331, 0.32446, 3.49984],
							"rotation": [90, 0, -126],
							"uv": {
								"north": {"uv": [5, 16], "uv_size": [0.625, 7.25]},
								"east": {"uv": [9, 0], "uv_size": [0.75, 7.25]},
								"south": {"uv": [6, 16], "uv_size": [0.625, 7.25]},
								"west": {"uv": [9, 8], "uv_size": [0.75, 7.25]},
								"up": {"uv": [19, 14], "uv_size": [0.625, 0.75]},
								"down": {"uv": [15, 19.75], "uv_size": [0.625, -0.75]}
							}
						},
						{
							"origin": [4.91939, 9.85063, 3.42752],
							"size": [0.48543, 0.36917, 0.73621],
							"inflate": 0.001,
							"pivot": [2.84331, 0.32446, 1.31024],
							"rotation": [90, 0, -126],
							"uv": {
								"north": {"uv": [21, 7], "uv_size": [0.5, 0.375]},
								"east": {"uv": [20, 19], "uv_size": [0.75, 0.375]},
								"south": {"uv": [8, 21], "uv_size": [0.5, 0.375]},
								"west": {"uv": [20, 20], "uv_size": [0.75, 0.375]},
								"up": {"uv": [20, 9], "uv_size": [0.5, 0.75]},
								"down": {"uv": [10, 20.75], "uv_size": [0.5, -0.75]}
							}
						},
						{
							"origin": [6.29743, 9.84826, 0.35345],
							"size": [0.48543, 0.37154, 0.73621],
							"inflate": 0.001,
							"pivot": [2.84331, 0.32446, 1.31024],
							"rotation": [90, 0, 162],
							"uv": {
								"north": {"uv": [21, 8], "uv_size": [0.5, 0.375]},
								"east": {"uv": [21, 0], "uv_size": [0.75, 0.375]},
								"south": {"uv": [9, 21], "uv_size": [0.5, 0.375]},
								"west": {"uv": [21, 1], "uv_size": [0.75, 0.375]},
								"up": {"uv": [20, 10], "uv_size": [0.5, 0.75]},
								"down": {"uv": [11, 20.75], "uv_size": [0.5, -0.75]}
							}
						},
						{
							"origin": [3.79965, 9.85063, -1.90708],
							"size": [0.48543, 0.36917, 0.73621],
							"inflate": 0.001,
							"pivot": [2.84331, 0.32446, 1.31024],
							"rotation": [90, 0, 90],
							"uv": {
								"north": {"uv": [21, 9], "uv_size": [0.5, 0.375]},
								"east": {"uv": [21, 2], "uv_size": [0.75, 0.375]},
								"south": {"uv": [10, 21], "uv_size": [0.5, 0.375]},
								"west": {"uv": [21, 3], "uv_size": [0.75, 0.375]},
								"up": {"uv": [20, 11], "uv_size": [0.5, 0.75]},
								"down": {"uv": [12, 20.75], "uv_size": [0.5, -0.75]}
							}
						},
						{
							"origin": [0.87791, 9.85063, -0.23009],
							"size": [0.48543, 0.36917, 0.73621],
							"inflate": 0.001,
							"pivot": [2.84331, 0.32446, 1.31024],
							"rotation": [90, 0, 18],
							"uv": {
								"north": {"uv": [21, 10], "uv_size": [0.5, 0.375]},
								"east": {"uv": [21, 4], "uv_size": [0.75, 0.375]},
								"south": {"uv": [11, 21], "uv_size": [0.5, 0.375]},
								"west": {"uv": [21, 5], "uv_size": [0.75, 0.375]},
								"up": {"uv": [20, 12], "uv_size": [0.5, 0.75]},
								"down": {"uv": [13, 20.75], "uv_size": [0.5, -0.75]}
							}
						},
						{
							"origin": [1.56995, 9.85063, 3.06687],
							"size": [0.48543, 0.36917, 0.73621],
							"inflate": 0.001,
							"pivot": [2.84331, 0.32446, 1.31024],
							"rotation": [90, 0, -54],
							"uv": {
								"north": {"uv": [21, 11], "uv_size": [0.5, 0.375]},
								"east": {"uv": [21, 6], "uv_size": [0.75, 0.375]},
								"south": {"uv": [12, 21], "uv_size": [0.5, 0.375]},
								"west": {"uv": [7, 21], "uv_size": [0.75, 0.375]},
								"up": {"uv": [20, 13], "uv_size": [0.5, 0.75]},
								"down": {"uv": [14, 20.75], "uv_size": [0.5, -0.75]}
							}
						},
						{
							"origin": [5.41578, 8.75051, -1.1826],
							"size": [0.48543, 1.46929, 0.73621],
							"inflate": 0.001,
							"pivot": [2.84331, 0.32446, 1.31024],
							"rotation": [90, 0, 126],
							"uv": {
								"north": {"uv": [14, 16], "uv_size": [0.5, 1.5]},
								"east": {"uv": [7, 16], "uv_size": [0.75, 1.5]},
								"south": {"uv": [16, 14], "uv_size": [0.5, 1.5]},
								"west": {"uv": [8, 16], "uv_size": [0.75, 1.5]},
								"up": {"uv": [20, 14], "uv_size": [0.5, 0.75]},
								"down": {"uv": [15, 20.75], "uv_size": [0.5, -0.75]}
							}
						},
						{
							"origin": [6.10782, 8.74814, 2.11436],
							"size": [0.48543, 1.47166, 0.73621],
							"inflate": 0.001,
							"pivot": [2.84331, 0.32446, 1.31024],
							"rotation": [90, 0, -162],
							"uv": {
								"north": {"uv": [15, 16], "uv_size": [0.5, 1.5]},
								"east": {"uv": [16, 8], "uv_size": [0.75, 1.5]},
								"south": {"uv": [16, 16], "uv_size": [0.5, 1.5]},
								"west": {"uv": [9, 16], "uv_size": [0.75, 1.5]},
								"up": {"uv": [20, 15], "uv_size": [0.5, 0.75]},
								"down": {"uv": [16, 20.75], "uv_size": [0.5, -0.75]}
							}
						},
						{
							"origin": [0.6883, 8.75051, 1.53082],
							"size": [0.48543, 1.46929, 0.73621],
							"inflate": 0.001,
							"pivot": [2.84331, 0.32446, 1.31024],
							"rotation": [90, 0, -18],
							"uv": {
								"north": {"uv": [17, 0], "uv_size": [0.5, 1.5]},
								"east": {"uv": [10, 16], "uv_size": [0.75, 1.5]},
								"south": {"uv": [17, 2], "uv_size": [0.5, 1.5]},
								"west": {"uv": [16, 10], "uv_size": [0.75, 1.5]},
								"up": {"uv": [20, 16], "uv_size": [0.5, 0.75]},
								"down": {"uv": [17, 20.75], "uv_size": [0.5, -0.75]}
							}
						},
						{
							"origin": [3.18608, 8.75051, 3.79134],
							"size": [0.48543, 1.46929, 0.73621],
							"inflate": 0.001,
							"pivot": [2.84331, 0.32446, 1.31024],
							"rotation": [90, 0, -90],
							"uv": {
								"north": {"uv": [17, 4], "uv_size": [0.5, 1.5]},
								"east": {"uv": [11, 16], "uv_size": [0.75, 1.5]},
								"south": {"uv": [17, 6], "uv_size": [0.5, 1.5]},
								"west": {"uv": [12, 16], "uv_size": [0.75, 1.5]},
								"up": {"uv": [20, 17], "uv_size": [0.5, 0.75]},
								"down": {"uv": [18, 20.75], "uv_size": [0.5, -0.75]}
							}
						},
						{
							"origin": [2.06634, 8.75051, -1.54325],
							"size": [0.48543, 1.46929, 0.73621],
							"inflate": 0.001,
							"pivot": [2.84331, 0.32446, 1.31024],
							"rotation": [90, 0, 54],
							"uv": {
								"north": {"uv": [17, 8], "uv_size": [0.5, 1.5]},
								"east": {"uv": [16, 12], "uv_size": [0.75, 1.5]},
								"south": {"uv": [17, 10], "uv_size": [0.5, 1.5]},
								"west": {"uv": [13, 16], "uv_size": [0.75, 1.5]},
								"up": {"uv": [20, 18], "uv_size": [0.5, 0.75]},
								"down": {"uv": [19, 20.75], "uv_size": [0.5, -0.75]}
							}
						}
					]
				},
				{
					"name": "gun2",
					"parent": "gun",
					"pivot": [-0.0059, 0.01767, -0.36805],
					"cubes": [
						{
							"origin": [3.14948, 3.89067, 6.23486],
							"size": [0.66916, 0.93784, 0.76574],
							"inflate": 0.001,
							"pivot": [2.95727, 0.33673, 3.65455],
							"rotation": [90, 0, -90],
							"uv": {
								"north": {"uv": [19, 2], "uv_size": [0.625, 1]},
								"east": {"uv": [18, 9], "uv_size": [0.75, 1]},
								"south": {"uv": [19, 3], "uv_size": [0.625, 1]},
								"west": {"uv": [10, 18], "uv_size": [0.75, 1]},
								"up": {"uv": [20, 8], "uv_size": [0.625, 0.75]},
								"down": {"uv": [9, 20.75], "uv_size": [0.625, -0.75]}
							}
						},
						{
							"origin": [0.55179, 3.89067, 3.88392],
							"size": [0.66916, 0.93784, 0.76574],
							"inflate": 0.001,
							"pivot": [2.95727, 0.33673, 3.65455],
							"rotation": [90, 0, -18],
							"uv": {
								"north": {"uv": [19, 0], "uv_size": [0.625, 1]},
								"east": {"uv": [18, 8], "uv_size": [0.75, 1]},
								"south": {"uv": [19, 1], "uv_size": [0.625, 1]},
								"west": {"uv": [9, 18], "uv_size": [0.75, 1]},
								"up": {"uv": [20, 7], "uv_size": [0.625, 0.75]},
								"down": {"uv": [8, 20.75], "uv_size": [0.625, -0.75]}
							}
						},
						{
							"origin": [1.4687, 3.89067, 5.48141],
							"size": [0.66916, 0.93784, 0.76574],
							"inflate": 0.001,
							"pivot": [2.95727, 0.33673, 3.65455],
							"rotation": [90, 0, -54],
							"uv": {
								"north": {"uv": [18, 17], "uv_size": [0.625, 1]},
								"east": {"uv": [18, 7], "uv_size": [0.75, 1]},
								"south": {"uv": [18, 18], "uv_size": [0.625, 1]},
								"west": {"uv": [8, 18], "uv_size": [0.75, 1]},
								"up": {"uv": [20, 6], "uv_size": [0.625, 0.75]},
								"down": {"uv": [7, 20.75], "uv_size": [0.625, -0.75]}
							}
						},
						{
							"origin": [0.74898, 3.89067, 2.05257],
							"size": [0.66916, 0.93784, 0.76574],
							"inflate": 0.001,
							"pivot": [2.95727, 0.33673, 3.65455],
							"rotation": [90, 0, 18],
							"uv": {
								"north": {"uv": [18, 16], "uv_size": [0.625, 1]},
								"east": {"uv": [18, 6], "uv_size": [0.75, 1]},
								"south": {"uv": [17, 18], "uv_size": [0.625, 1]},
								"west": {"uv": [7, 18], "uv_size": [0.75, 1]},
								"up": {"uv": [20, 4], "uv_size": [0.625, 0.75]},
								"down": {"uv": [20, 5.75], "uv_size": [0.625, -0.75]}
							}
						},
						{
							"origin": [1.98495, 3.89067, 0.68689],
							"size": [0.66916, 0.93784, 0.76574],
							"inflate": 0.001,
							"pivot": [2.95727, 0.33673, 3.65455],
							"rotation": [90, 0, 54],
							"uv": {
								"north": {"uv": [18, 15], "uv_size": [0.625, 1]},
								"east": {"uv": [18, 4], "uv_size": [0.75, 1]},
								"south": {"uv": [16, 18], "uv_size": [0.625, 1]},
								"west": {"uv": [18, 5], "uv_size": [0.75, 1]},
								"up": {"uv": [20, 2], "uv_size": [0.625, 0.75]},
								"down": {"uv": [20, 3.75], "uv_size": [0.625, -0.75]}
							}
						},
						{
							"origin": [3.7876, 3.89067, 0.30851],
							"size": [0.66916, 0.93784, 0.76574],
							"inflate": 0.001,
							"pivot": [2.95727, 0.33673, 3.65455],
							"rotation": [90, 0, 90],
							"uv": {
								"north": {"uv": [18, 14], "uv_size": [0.625, 1]},
								"east": {"uv": [18, 2], "uv_size": [0.75, 1]},
								"south": {"uv": [15, 18], "uv_size": [0.625, 1]},
								"west": {"uv": [18, 3], "uv_size": [0.75, 1]},
								"up": {"uv": [20, 0], "uv_size": [0.625, 0.75]},
								"down": {"uv": [20, 1.75], "uv_size": [0.625, -0.75]}
							}
						},
						{
							"origin": [5.46837, 3.89067, 1.06196],
							"size": [0.66916, 0.93784, 0.76574],
							"inflate": 0.001,
							"pivot": [2.95727, 0.33673, 3.65455],
							"rotation": [90, 0, 126],
							"uv": {
								"north": {"uv": [18, 13], "uv_size": [0.625, 1]},
								"east": {"uv": [18, 0], "uv_size": [0.75, 1]},
								"south": {"uv": [14, 18], "uv_size": [0.625, 1]},
								"west": {"uv": [18, 1], "uv_size": [0.75, 1]},
								"up": {"uv": [19, 18], "uv_size": [0.625, 0.75]},
								"down": {"uv": [19, 19.75], "uv_size": [0.625, -0.75]}
							}
						},
						{
							"origin": [6.38528, 3.8882, 2.65945],
							"size": [0.66916, 0.9403, 0.76574],
							"inflate": 0.001,
							"pivot": [2.95727, 0.33673, 3.65455],
							"rotation": [90, 0, 162],
							"uv": {
								"north": {"uv": [18, 12], "uv_size": [0.625, 1]},
								"east": {"uv": [17, 16], "uv_size": [0.75, 1]},
								"south": {"uv": [13, 18], "uv_size": [0.625, 1]},
								"west": {"uv": [17, 17], "uv_size": [0.75, 1]},
								"up": {"uv": [19, 17], "uv_size": [0.625, 0.75]},
								"down": {"uv": [18, 19.75], "uv_size": [0.625, -0.75]}
							}
						},
						{
							"origin": [6.18809, 3.8882, 4.4908],
							"size": [0.66916, 0.9403, 0.76574],
							"inflate": 0.001,
							"pivot": [2.95727, 0.33673, 3.65455],
							"rotation": [90, 0, -162],
							"uv": {
								"north": {"uv": [18, 11], "uv_size": [0.625, 1]},
								"east": {"uv": [17, 14], "uv_size": [0.75, 1]},
								"south": {"uv": [12, 18], "uv_size": [0.625, 1]},
								"west": {"uv": [17, 15], "uv_size": [0.75, 1]},
								"up": {"uv": [19, 16], "uv_size": [0.625, 0.75]},
								"down": {"uv": [17, 19.75], "uv_size": [0.625, -0.75]}
							}
						},
						{
							"origin": [4.95213, 3.89067, 5.85648],
							"size": [0.66916, 0.93784, 0.76574],
							"inflate": 0.001,
							"pivot": [2.95727, 0.33673, 3.65455],
							"rotation": [90, 0, -126],
							"uv": {
								"north": {"uv": [18, 10], "uv_size": [0.625, 1]},
								"east": {"uv": [17, 12], "uv_size": [0.75, 1]},
								"south": {"uv": [11, 18], "uv_size": [0.625, 1]},
								"west": {"uv": [17, 13], "uv_size": [0.75, 1]},
								"up": {"uv": [19, 15], "uv_size": [0.625, 0.75]},
								"down": {"uv": [16, 19.75], "uv_size": [0.625, -0.75]}
							}
						}
					]
				}
			]
		}
	]
}