{
	"format_version": "1.12.0",
	"minecraft:geometry": [
		{
			"description": {
				"identifier": "geometry.unknown",
				"texture_width": 32,
				"texture_height": 32,
				"visible_bounds_width": 2,
				"visible_bounds_height": 1.5,
				"visible_bounds_offset": [0, 0.25, 0]
			},
			"bones": [
				{
					"name": "bb_main",
					"pivot": [0, 0, 0],
					"cubes": [
						{
							"origin": [-0.33532, 0.38812, -6.53057],
							"size": [0.5265, 0.6075, 6.151],
							"pivot": [-0.03157, -0.11813, -2.18457],
							"rotation": [0, 0, 30],
							"uv": {
								"north": {"uv": [18, 18], "uv_size": [0.5, 0.625]},
								"east": {"uv": [0, 0], "uv_size": [7.125, 0.625]},
								"south": {"uv": [19, 0], "uv_size": [0.5, 0.625]},
								"west": {"uv": [0, 1], "uv_size": [7.125, 0.625]},
								"up": {"uv": [0, 12], "uv_size": [0.5, 7.125]},
								"down": {"uv": [1, 19.125], "uv_size": [0.5, -7.125]}
							}
						},
						{
							"origin": [-0.3982, 0.42136, -6.53057],
							"size": [0.5265, 0.6075, 6.151],
							"pivot": [-0.09445, -0.08489, -2.18457],
							"rotation": [0, 0, 60],
							"uv": {
								"north": {"uv": [19, 1], "uv_size": [0.5, 0.625]},
								"east": {"uv": [0, 2], "uv_size": [7.125, 0.625]},
								"south": {"uv": [19, 2], "uv_size": [0.5, 0.625]},
								"west": {"uv": [0, 3], "uv_size": [7.125, 0.625]},
								"up": {"uv": [2, 12], "uv_size": [0.5, 7.125]},
								"down": {"uv": [3, 19.125], "uv_size": [0.5, -7.125]}
							}
						},
						{
							"origin": [-3.0982, 0.42136, -1.40557],
							"size": [3.3265, 0.61, 0.501],
							"pivot": [-0.09445, -0.08489, -1.18457],
							"rotation": [0, -90, 60],
							"uv": {
								"north": {"uv": [19, 1], "uv_size": [0.5, 0.625]},
								"east": {"uv": [0, 2], "uv_size": [7.125, 0.625]},
								"south": {"uv": [19, 2], "uv_size": [0.5, 0.625]},
								"west": {"uv": [0, 3], "uv_size": [7.125, 0.625]},
								"up": {"uv": [1.3125, 25.675], "uv_size": [10.625, 1.8875]},
								"down": {"uv": [3, 19.125], "uv_size": [0.5, -7.125]}
							}
						},
						{
							"origin": [-0.43604, 0.48157, -6.53057],
							"size": [0.5265, 0.6075, 6.151],
							"pivot": [-0.13229, -0.02468, -2.18457],
							"rotation": [0, 0, 90],
							"uv": {
								"north": {"uv": [19, 3], "uv_size": [0.5, 0.625]},
								"east": {"uv": [0, 4], "uv_size": [7.125, 0.625]},
								"south": {"uv": [19, 4], "uv_size": [0.5, 0.625]},
								"west": {"uv": [0, 5], "uv_size": [7.125, 0.625]},
								"up": {"uv": [4, 12], "uv_size": [0.5, 7.125]},
								"down": {"uv": [5, 19.125], "uv_size": [0.5, -7.125]}
							}
						},
						{
							"origin": [0.42821, -0.30168, -4.80557],
							"size": [0.4765, 0.61, 0.401],
							"pivot": [0.67896, 0.00332, -4.56757],
							"rotation": [0, -90, 90],
							"uv": {
								"north": {"uv": [19, 3], "uv_size": [0.5, 0.625]},
								"east": {"uv": [0, 4], "uv_size": [7.125, 0.625]},
								"south": {"uv": [19, 4], "uv_size": [0.5, 0.625]},
								"west": {"uv": [0, 5], "uv_size": [7.125, 0.625]},
								"up": {"uv": [12.3125, 27.875], "uv_size": [2.5, 3.0625]},
								"down": {"uv": [5, 19.125], "uv_size": [0.5, -7.125]}
							}
						},
						{
							"origin": [0.02821, -0.30168, -5.00557],
							"size": [0.8015, 0.61, 0.151],
							"pivot": [0.67896, 0.00332, -4.96757],
							"rotation": [0, -90, 90],
							"uv": {
								"north": {"uv": [19, 3], "uv_size": [0.5, 0.625]},
								"east": {"uv": [0, 4], "uv_size": [7.125, 0.625]},
								"south": {"uv": [19, 4], "uv_size": [0.5, 0.625]},
								"west": {"uv": [0, 5], "uv_size": [7.125, 0.625]},
								"up": {"uv": [1.4375, 25.5], "uv_size": [10.375, 2.0625]},
								"down": {"uv": [5, 19.125], "uv_size": [0.5, -7.125]}
							}
						},
						{
							"origin": [0.15321, -0.47668, -5.15557],
							"size": [0.6765, 0.61, 0.201],
							"pivot": [0.67896, -0.17168, -5.09257],
							"rotation": [0, -90, 90],
							"uv": {
								"north": {"uv": [19, 3], "uv_size": [0.5, 0.625]},
								"east": {"uv": [0, 4], "uv_size": [7.125, 0.625]},
								"south": {"uv": [19, 4], "uv_size": [0.5, 0.625]},
								"west": {"uv": [0, 5], "uv_size": [7.125, 0.625]},
								"up": {"uv": [17, 28.0625], "uv_size": [10.1875, 3.9375]},
								"down": {"uv": [5, 19.125], "uv_size": [0.5, -7.125]}
							}
						},
						{
							"origin": [-0.4387, 0.55264, -6.53057],
							"size": [0.5265, 0.6075, 6.151],
							"pivot": [-0.13495, 0.04639, -2.18457],
							"rotation": [0, 0, 120],
							"uv": {
								"north": {"uv": [19, 5], "uv_size": [0.5, 0.625]},
								"east": {"uv": [0, 6], "uv_size": [7.125, 0.625]},
								"south": {"uv": [19, 6], "uv_size": [0.5, 0.625]},
								"west": {"uv": [0, 7], "uv_size": [7.125, 0.625]},
								"up": {"uv": [6, 12], "uv_size": [0.5, 7.125]},
								"down": {"uv": [7, 19.125], "uv_size": [0.5, -7.125]}
							}
						},
						{
							"origin": [-0.40547, 0.61552, -6.53057],
							"size": [0.5265, 0.6075, 6.151],
							"pivot": [-0.10172, 0.10927, -2.18457],
							"rotation": [0, 0, 150],
							"uv": {
								"north": {"uv": [19, 7], "uv_size": [0.5, 0.625]},
								"east": {"uv": [0, 8], "uv_size": [7.125, 0.625]},
								"south": {"uv": [19, 8], "uv_size": [0.5, 0.625]},
								"west": {"uv": [8, 0], "uv_size": [7.125, 0.625]},
								"up": {"uv": [8, 12], "uv_size": [0.5, 7.125]},
								"down": {"uv": [9, 19.125], "uv_size": [0.5, -7.125]}
							}
						},
						{
							"origin": [-0.34525, 0.65336, -6.53057],
							"size": [0.5265, 0.6075, 6.151],
							"pivot": [-0.0415, 0.14711, -2.18457],
							"rotation": [0, 0, -180],
							"uv": {
								"north": {"uv": [19, 9], "uv_size": [0.5, 0.625]},
								"east": {"uv": [8, 1], "uv_size": [7.125, 0.625]},
								"south": {"uv": [19, 10], "uv_size": [0.5, 0.625]},
								"west": {"uv": [8, 2], "uv_size": [7.125, 0.625]},
								"up": {"uv": [10, 12], "uv_size": [0.5, 7.125]},
								"down": {"uv": [11, 19.125], "uv_size": [0.5, -7.125]}
							}
						},
						{
							"origin": [-0.27418, 0.65602, -6.53057],
							"size": [0.5265, 0.6075, 6.151],
							"pivot": [0.02957, 0.14977, -2.18457],
							"rotation": [0, 0, -150],
							"uv": {
								"north": {"uv": [19, 11], "uv_size": [0.5, 0.625]},
								"east": {"uv": [8, 3], "uv_size": [7.125, 0.625]},
								"south": {"uv": [19, 12], "uv_size": [0.5, 0.625]},
								"west": {"uv": [8, 4], "uv_size": [7.125, 0.625]},
								"up": {"uv": [12, 12], "uv_size": [0.5, 7.125]},
								"down": {"uv": [13, 19.125], "uv_size": [0.5, -7.125]}
							}
						},
						{
							"origin": [-0.21131, 0.62279, -6.53057],
							"size": [0.5265, 0.6075, 6.151],
							"pivot": [0.09244, 0.11654, -2.18457],
							"rotation": [0, 0, -120],
							"uv": {
								"north": {"uv": [19, 13], "uv_size": [0.5, 0.625]},
								"east": {"uv": [8, 5], "uv_size": [7.125, 0.625]},
								"south": {"uv": [19, 14], "uv_size": [0.5, 0.625]},
								"west": {"uv": [8, 6], "uv_size": [7.125, 0.625]},
								"up": {"uv": [14, 12], "uv_size": [0.5, 7.125]},
								"down": {"uv": [15, 19.125], "uv_size": [0.5, -7.125]}
							}
						},
						{
							"origin": [-0.17347, 0.56257, -6.53057],
							"size": [0.5265, 0.6075, 6.151],
							"pivot": [0.13028, 0.05632, -2.18457],
							"rotation": [0, 0, -90],
							"uv": {
								"north": {"uv": [19, 15], "uv_size": [0.5, 0.625]},
								"east": {"uv": [8, 7], "uv_size": [7.125, 0.625]},
								"south": {"uv": [19, 16], "uv_size": [0.5, 0.625]},
								"west": {"uv": [8, 8], "uv_size": [7.125, 0.625]},
								"up": {"uv": [16, 0], "uv_size": [0.5, 7.125]},
								"down": {"uv": [16, 15.125], "uv_size": [0.5, -7.125]}
							}
						},
						{
							"origin": [-0.91922, -0.28918, -4.90557],
							"size": [0.3765, 0.61, 0.376],
							"pivot": [-0.68097, 0.01582, -4.65507],
							"rotation": [0, 90, -90],
							"uv": {
								"north": {"uv": [19, 15], "uv_size": [0.5, 0.625]},
								"east": {"uv": [8, 7], "uv_size": [7.125, 0.625]},
								"south": {"uv": [19, 16], "uv_size": [0.5, 0.625]},
								"west": {"uv": [8, 8], "uv_size": [7.125, 0.625]},
								"up": {"uv": [12.4375, 27.9375], "uv_size": [2.25, 2.875]},
								"down": {"uv": [16, 15.125], "uv_size": [0.5, -7.125]}
							}
						},
						{
							"origin": [-0.91922, -0.28918, -5.10557],
							"size": [0.8515, 0.61, 0.151],
							"pivot": [-0.68097, 0.01582, -5.05507],
							"rotation": [0, 90, -90],
							"uv": {
								"north": {"uv": [19, 15], "uv_size": [0.5, 0.625]},
								"east": {"uv": [8, 7], "uv_size": [7.125, 0.625]},
								"south": {"uv": [19, 16], "uv_size": [0.5, 0.625]},
								"west": {"uv": [8, 8], "uv_size": [7.125, 0.625]},
								"up": {"uv": [1.4375, 25.5625], "uv_size": [10.375, 2.0625]},
								"down": {"uv": [16, 15.125], "uv_size": [0.5, -7.125]}
							}
						},
						{
							"origin": [-0.91922, -0.43918, -5.15557],
							"size": [0.6015, 0.61, 0.201],
							"pivot": [-0.68097, -0.13418, -5.05507],
							"rotation": [0, 90, -90],
							"uv": {
								"north": {"uv": [19, 15], "uv_size": [0.5, 0.625]},
								"east": {"uv": [8, 7], "uv_size": [7.125, 0.625]},
								"south": {"uv": [19, 16], "uv_size": [0.5, 0.625]},
								"west": {"uv": [8, 8], "uv_size": [7.125, 0.625]},
								"up": {"uv": [16.9375, 28], "uv_size": [9.125, 3.875]},
								"down": {"uv": [16, 15.125], "uv_size": [0.5, -7.125]}
							}
						},
						{
							"origin": [-0.17081, 0.4915, -6.53057],
							"size": [0.5265, 0.6075, 6.151],
							"pivot": [0.13294, -0.01475, -2.18457],
							"rotation": [0, 0, -60],
							"uv": {
								"north": {"uv": [19, 17], "uv_size": [0.5, 0.625]},
								"east": {"uv": [0, 9], "uv_size": [7.125, 0.625]},
								"south": {"uv": [18, 19], "uv_size": [0.5, 0.625]},
								"west": {"uv": [8, 9], "uv_size": [7.125, 0.625]},
								"up": {"uv": [16, 16], "uv_size": [0.5, 7.125]},
								"down": {"uv": [17, 7.125], "uv_size": [0.5, -7.125]}
							}
						},
						{
							"origin": [-1.57081, 0.4915, -2.70557],
							"size": [3.2265, 0.61, 0.526],
							"pivot": [0.13294, -0.01475, -2.48457],
							"rotation": [0, -90, -60],
							"uv": {
								"north": {"uv": [19, 17], "uv_size": [0.5, 0.625]},
								"east": {"uv": [0, 9], "uv_size": [7.125, 0.625]},
								"south": {"uv": [18, 19], "uv_size": [0.5, 0.625]},
								"west": {"uv": [8, 9], "uv_size": [7.125, 0.625]},
								"up": {"uv": [11.75, 27.5], "uv_size": [-10.3125, -1.875]},
								"down": {"uv": [17, 7.125], "uv_size": [0.5, -7.125]}
							}
						},
						{
							"origin": [-0.20404, 0.42862, -6.53057],
							"size": [0.5265, 0.6075, 6.151],
							"pivot": [0.09971, -0.07763, -2.18457],
							"rotation": [0, 0, -30],
							"uv": {
								"north": {"uv": [19, 18], "uv_size": [0.5, 0.625]},
								"east": {"uv": [0, 10], "uv_size": [7.125, 0.625]},
								"south": {"uv": [19, 19], "uv_size": [0.5, 0.625]},
								"west": {"uv": [8, 10], "uv_size": [7.125, 0.625]},
								"up": {"uv": [17, 8], "uv_size": [0.5, 7.125]},
								"down": {"uv": [17, 23.125], "uv_size": [0.5, -7.125]}
							}
						},
						{
							"origin": [-0.26425, 0.39079, -6.53057],
							"size": [0.5265, 0.6075, 6.151],
							"uv": {
								"north": {"uv": [0, 20], "uv_size": [0.5, 0.625]},
								"east": {"uv": [0, 11], "uv_size": [7.125, 0.625]},
								"south": {"uv": [20, 0], "uv_size": [0.5, 0.625]},
								"west": {"uv": [8, 11], "uv_size": [7.125, 0.625]},
								"up": {"uv": [18, 0], "uv_size": [0.5, 7.125]},
								"down": {"uv": [18, 15.125], "uv_size": [0.5, -7.125]}
							}
						}
					]
				},
				{
					"name": "bone",
					"pivot": [-0.001, 0.01582, -0.83007],
					"cubes": [
						{
							"origin": [-0.29855, 0.34717, -0.40577],
							"size": [0.46859, 0.54067, 0.4014],
							"pivot": [-0.02821, -0.1034, -1.96682],
							"rotation": [0, 0, 30],
							"uv": {
								"north": {"uv": [12, 20], "uv_size": [0.4375, 0.5625]},
								"east": {"uv": [21, 4], "uv_size": [0.375, 0.5625]},
								"south": {"uv": [20, 12], "uv_size": [0.4375, 0.5625]},
								"west": {"uv": [5, 21], "uv_size": [0.375, 0.5625]},
								"up": {"uv": [21, 17], "uv_size": [0.4375, 0.375]},
								"down": {"uv": [18, 21.375], "uv_size": [0.4375, -0.375]}
							}
						},
						{
							"origin": [-0.35451, 0.37675, -0.40577],
							"size": [0.46859, 0.54068, 0.4014],
							"pivot": [-0.08417, -0.07381, -1.96682],
							"rotation": [0, 0, 60],
							"uv": {
								"north": {"uv": [11, 20], "uv_size": [0.4375, 0.5625]},
								"east": {"uv": [21, 3], "uv_size": [0.375, 0.5625]},
								"south": {"uv": [20, 11], "uv_size": [0.4375, 0.5625]},
								"west": {"uv": [4, 21], "uv_size": [0.375, 0.5625]},
								"up": {"uv": [21, 15], "uv_size": [0.4375, 0.375]},
								"down": {"uv": [21, 16.375], "uv_size": [0.4375, -0.375]}
							}
						},
						{
							"origin": [-0.38819, 0.43034, -0.40577],
							"size": [0.46859, 0.54067, 0.4014],
							"pivot": [-0.11785, -0.02022, -1.96682],
							"rotation": [0, 0, 90],
							"uv": {
								"north": {"uv": [10, 20], "uv_size": [0.4375, 0.5625]},
								"east": {"uv": [21, 2], "uv_size": [0.375, 0.5625]},
								"south": {"uv": [20, 10], "uv_size": [0.4375, 0.5625]},
								"west": {"uv": [3, 21], "uv_size": [0.375, 0.5625]},
								"up": {"uv": [21, 14], "uv_size": [0.4375, 0.375]},
								"down": {"uv": [15, 21.375], "uv_size": [0.4375, -0.375]}
							}
						},
						{
							"origin": [-0.39055, 0.49359, -0.40577],
							"size": [0.46858, 0.54067, 0.4014],
							"pivot": [-0.12022, 0.04303, -1.96682],
							"rotation": [0, 0, 120],
							"uv": {
								"north": {"uv": [9, 20], "uv_size": [0.4375, 0.5625]},
								"east": {"uv": [21, 1], "uv_size": [0.375, 0.5625]},
								"south": {"uv": [20, 9], "uv_size": [0.4375, 0.5625]},
								"west": {"uv": [2, 21], "uv_size": [0.375, 0.5625]},
								"up": {"uv": [21, 13], "uv_size": [0.4375, 0.375]},
								"down": {"uv": [14, 21.375], "uv_size": [0.4375, -0.375]}
							}
						},
						{
							"origin": [-0.36098, 0.54955, -0.40577],
							"size": [0.46859, 0.54068, 0.4014],
							"pivot": [-0.09064, 0.09899, -1.96682],
							"rotation": [0, 0, 150],
							"uv": {
								"north": {"uv": [8, 20], "uv_size": [0.4375, 0.5625]},
								"east": {"uv": [21, 0], "uv_size": [0.375, 0.5625]},
								"south": {"uv": [20, 8], "uv_size": [0.4375, 0.5625]},
								"west": {"uv": [1, 21], "uv_size": [0.375, 0.5625]},
								"up": {"uv": [21, 12], "uv_size": [0.4375, 0.375]},
								"down": {"uv": [13, 21.375], "uv_size": [0.4375, -0.375]}
							}
						},
						{
							"origin": [-0.30738, 0.58323, -0.40577],
							"size": [0.46858, 0.54068, 0.4014],
							"pivot": [-0.03705, 0.13267, -1.96682],
							"rotation": [0, 0, -180],
							"uv": {
								"north": {"uv": [7, 20], "uv_size": [0.4375, 0.5625]},
								"east": {"uv": [20, 20], "uv_size": [0.375, 0.5625]},
								"south": {"uv": [20, 7], "uv_size": [0.4375, 0.5625]},
								"west": {"uv": [0, 21], "uv_size": [0.375, 0.5625]},
								"up": {"uv": [21, 11], "uv_size": [0.4375, 0.375]},
								"down": {"uv": [12, 21.375], "uv_size": [0.4375, -0.375]}
							}
						},
						{
							"origin": [-0.24413, 0.5856, -0.40577],
							"size": [0.46858, 0.54067, 0.4014],
							"pivot": [0.02621, 0.13504, -1.96682],
							"rotation": [0, 0, -150],
							"uv": {
								"north": {"uv": [6, 20], "uv_size": [0.4375, 0.5625]},
								"east": {"uv": [19, 20], "uv_size": [0.375, 0.5625]},
								"south": {"uv": [20, 6], "uv_size": [0.4375, 0.5625]},
								"west": {"uv": [20, 19], "uv_size": [0.375, 0.5625]},
								"up": {"uv": [21, 10], "uv_size": [0.4375, 0.375]},
								"down": {"uv": [11, 21.375], "uv_size": [0.4375, -0.375]}
							}
						},
						{
							"origin": [-0.18818, 0.55602, -0.40577],
							"size": [0.46859, 0.54068, 0.4014],
							"pivot": [0.08216, 0.10546, -1.96682],
							"rotation": [0, 0, -120],
							"uv": {
								"north": {"uv": [5, 20], "uv_size": [0.4375, 0.5625]},
								"east": {"uv": [18, 20], "uv_size": [0.375, 0.5625]},
								"south": {"uv": [20, 5], "uv_size": [0.4375, 0.5625]},
								"west": {"uv": [20, 18], "uv_size": [0.375, 0.5625]},
								"up": {"uv": [21, 9], "uv_size": [0.4375, 0.375]},
								"down": {"uv": [10, 21.375], "uv_size": [0.4375, -0.375]}
							}
						},
						{
							"origin": [-0.1545, 0.50243, -0.40577],
							"size": [0.46859, 0.54067, 0.4014],
							"pivot": [0.11584, 0.05187, -1.96682],
							"rotation": [0, 0, -90],
							"uv": {
								"north": {"uv": [4, 20], "uv_size": [0.4375, 0.5625]},
								"east": {"uv": [20, 16], "uv_size": [0.375, 0.5625]},
								"south": {"uv": [20, 4], "uv_size": [0.4375, 0.5625]},
								"west": {"uv": [20, 17], "uv_size": [0.375, 0.5625]},
								"up": {"uv": [21, 8], "uv_size": [0.4375, 0.375]},
								"down": {"uv": [9, 21.375], "uv_size": [0.4375, -0.375]}
							}
						},
						{
							"origin": [-0.15213, 0.43918, -0.40577],
							"size": [0.46858, 0.54067, 0.4014],
							"pivot": [0.11821, -0.01139, -1.96682],
							"rotation": [0, 0, -60],
							"uv": {
								"north": {"uv": [3, 20], "uv_size": [0.4375, 0.5625]},
								"east": {"uv": [15, 20], "uv_size": [0.375, 0.5625]},
								"south": {"uv": [20, 3], "uv_size": [0.4375, 0.5625]},
								"west": {"uv": [20, 15], "uv_size": [0.375, 0.5625]},
								"up": {"uv": [21, 7], "uv_size": [0.4375, 0.375]},
								"down": {"uv": [8, 21.375], "uv_size": [0.4375, -0.375]}
							}
						},
						{
							"origin": [-0.18171, 0.38321, -0.40577],
							"size": [0.46859, 0.54068, 0.4014],
							"pivot": [0.08863, -0.06735, -1.96682],
							"rotation": [0, 0, -30],
							"uv": {
								"north": {"uv": [2, 20], "uv_size": [0.4375, 0.5625]},
								"east": {"uv": [14, 20], "uv_size": [0.375, 0.5625]},
								"south": {"uv": [20, 2], "uv_size": [0.4375, 0.5625]},
								"west": {"uv": [20, 14], "uv_size": [0.375, 0.5625]},
								"up": {"uv": [21, 6], "uv_size": [0.4375, 0.375]},
								"down": {"uv": [7, 21.375], "uv_size": [0.4375, -0.375]}
							}
						},
						{
							"origin": [-0.23529, 0.34954, -0.40577],
							"size": [0.46858, 0.54068, 0.4014],
							"uv": {
								"north": {"uv": [1, 20], "uv_size": [0.4375, 0.5625]},
								"east": {"uv": [13, 20], "uv_size": [0.375, 0.5625]},
								"south": {"uv": [20, 1], "uv_size": [0.4375, 0.5625]},
								"west": {"uv": [20, 13], "uv_size": [0.375, 0.5625]},
								"up": {"uv": [21, 5], "uv_size": [0.4375, 0.375]},
								"down": {"uv": [6, 21.375], "uv_size": [0.4375, -0.375]}
							}
						}
					]
				}
			]
		}
	]
}