{
  "materials": [
    {
      "item": {
        "tag": "forge:ingots/iron"
      },
      "count": 20
    },
    {
      "item": {
        "tag": "forge:ingots/copper"
      },
      "count": 8
    },
    {
      "item": {
        "tag": "forge:ingots/gold"
      },
      "count": 4
    },
    {
      "item": {
        "item": "minecraft:purple_dye"
      },
      "count": 2
    }
  ],
  "result": {
    "type": "gun",
    "id": "bluearchivejp:atsuko_evo3"
  },
  "type": "tacz:gun_smith_table_crafting"
}