{
  "materials": [
    {
      "item": {
        "tag": "forge:ingots/iron"
      },
      "count": 56
    },
    {
      "item": {
        "tag": "forge:ingots/copper"
      },
      "count": 24
    },
    {
      "item": {
        "tag": "forge:ingots/gold"
      },
      "count": 12
    },
    {
      "item": {
        "tag": "forge:gems/diamond"
      },
      "count": 2
    },
    {
      "item": {
        "item": "minecraft:purple_dye"
      },
      "count": 3
    }
  ],
  "result": {
    "type": "gun",
    "id": "bluearchivejp:hiyori_20"
  },
  "type": "tacz:gun_smith_table_crafting"
}