{
  "materials": [
    {
      "item": {
        "tag": "forge:ingots/iron"
      },
      "count": 16
    },
    {
      "item": {
        "tag": "forge:ingots/copper"
      },
      "count": 14
    },
    {
      "item": {
        "tag": "forge:ingots/gold"
      },
      "count": 32
    },
    {
      "item": {
        "item": "minecraft:black_dye"
      },
      "count": 1
    }
  ],
  "result": {
    "type": "gun",
    "id": "bluearchivejp:makoto2000"
  },
  "type": "tacz:gun_smith_table_crafting"
}