{
	"format_version": "1.12.0",
	"minecraft:geometry": [
		{
			"description": {
				"identifier": "geometry.unknown",
				"texture_width": 64,
				"texture_height": 64,
				"visible_bounds_width": 3,
				"visible_bounds_height": 3.5,
				"visible_bounds_offset": [0, 1.25, 0]
			},
			"bones": [
				{
					"name": "root",
					"pivot": [0, 0, 0],
					"rotation": [0, 50, 0],
					"cubes": [
						{
							"origin": [3.44962, 0.99166, -1.27047],
							"size": [0.74844, 1.17016, 0.74844],
							"pivot": [3.80992, 1.98967, -0.87591],
							"rotation": [-0.53175, -26.3963, -0.61512],
							"uv": {
								"north": {"uv": [4, 29], "uv_size": [1.125, 3.375]},
								"east": {"uv": [6, 29], "uv_size": [1.125, 3.375]},
								"south": {"uv": [8, 29], "uv_size": [1.125, 3.375]},
								"west": {"uv": [31, 2], "uv_size": [1.125, 3.375]},
								"up": {"uv": [24, 31], "uv_size": [1.125, 1.125]},
								"down": {"uv": [26, 32.125], "uv_size": [1.125, -1.125]}
							}
						},
						{
							"origin": [3.475, 1.98382, -1.24518],
							"size": [0.70713, 0.59755, 0.70713],
							"pivot": [3.80992, 2.13967, -0.87591],
							"rotation": [-0.53175, -26.3963, -0.61512],
							"uv": {
								"north": {"uv": [33, 2], "uv_size": [0.625, 0.75]},
								"east": {"uv": [3, 33], "uv_size": [0.625, 0.75]},
								"south": {"uv": [33, 3], "uv_size": [0.625, 0.75]},
								"west": {"uv": [4, 33], "uv_size": [0.625, 0.75]},
								"up": {"uv": [6, 33], "uv_size": [0.625, 0.625]}
							}
						},
						{
							"origin": [3.525, 2.55882, -1.19518],
							"size": [0.60713, 0.22255, 0.60713],
							"pivot": [3.80992, 2.33967, -0.87591],
							"rotation": [-0.53175, -26.3963, -0.61512],
							"uv": {
								"north": {"uv": [33, 2], "uv_size": [0.625, 0.75]},
								"east": {"uv": [3, 33], "uv_size": [0.625, 0.75]},
								"south": {"uv": [33, 3], "uv_size": [0.625, 0.75]},
								"west": {"uv": [4, 33], "uv_size": [0.625, 0.75]},
								"up": {"uv": [6, 33], "uv_size": [0.625, 0.625]}
							}
						},
						{
							"origin": [3.675, 2.73382, -1.04518],
							"size": [0.30713, 0.12255, 0.30713],
							"pivot": [3.80992, 2.33967, -0.87591],
							"rotation": [-0.53175, -26.3963, -0.61512],
							"uv": {
								"north": {"uv": [33, 2], "uv_size": [0.625, 0.75]},
								"east": {"uv": [3, 33], "uv_size": [0.625, 0.75]},
								"south": {"uv": [33, 3], "uv_size": [0.625, 0.75]},
								"west": {"uv": [4, 33], "uv_size": [0.625, 0.75]},
								"up": {"uv": [6, 33], "uv_size": [0.625, 0.625]}
							}
						},
						{
							"origin": [3.44962, 0.74289, -1.27047],
							"size": [0.74844, 0.12438, 0.74844],
							"pivot": [3.80992, 1.98967, -0.87591],
							"rotation": [-0.53175, -26.3963, -0.61512],
							"uv": {
								"north": {"uv": [33, 28], "uv_size": [1.125, 0.125]},
								"east": {"uv": [29, 33], "uv_size": [1.125, 0.125]},
								"south": {"uv": [33, 29], "uv_size": [1.125, 0.125]},
								"west": {"uv": [31, 33], "uv_size": [1.125, 0.125]},
								"up": {"uv": [28, 31], "uv_size": [1.125, 1.125]},
								"down": {"uv": [31, 29.125], "uv_size": [1.125, -1.125]}
							}
						},
						{
							"origin": [3.53253, 0.8258, -1.18754],
							"size": [0.5826, 0.16586, 0.5826],
							"pivot": [3.80992, 1.98967, -0.87591],
							"rotation": [-0.53175, -26.3963, -0.61512],
							"uv": {
								"north": {"uv": [26, 33], "uv_size": [0.875, 0.25]},
								"east": {"uv": [33, 26], "uv_size": [0.875, 0.25]},
								"south": {"uv": [27, 33], "uv_size": [0.875, 0.25]},
								"west": {"uv": [33, 27], "uv_size": [0.875, 0.25]}
							}
						},
						{
							"origin": [4.55753, 0.8258, -0.48754],
							"size": [0.5826, 0.16586, 0.5826],
							"pivot": [4.83492, 1.98967, -0.17591],
							"rotation": [-0.47673, -2.3972, -0.83159],
							"uv": {
								"north": {"uv": [26, 33], "uv_size": [0.875, 0.25]},
								"east": {"uv": [33, 26], "uv_size": [0.875, 0.25]},
								"south": {"uv": [27, 33], "uv_size": [0.875, 0.25]},
								"west": {"uv": [33, 27], "uv_size": [0.875, 0.25]}
							}
						},
						{
							"origin": [4.47462, 0.74289, -0.57047],
							"size": [0.74844, 0.12438, 0.74844],
							"pivot": [4.83492, 1.98967, -0.17591],
							"rotation": [-0.47673, -2.3972, -0.83159],
							"uv": {
								"north": {"uv": [33, 28], "uv_size": [1.125, 0.125]},
								"east": {"uv": [29, 33], "uv_size": [1.125, 0.125]},
								"south": {"uv": [33, 29], "uv_size": [1.125, 0.125]},
								"west": {"uv": [31, 33], "uv_size": [1.125, 0.125]},
								"up": {"uv": [28, 31], "uv_size": [1.125, 1.125]},
								"down": {"uv": [31, 29.125], "uv_size": [1.125, -1.125]}
							}
						},
						{
							"origin": [4.5, 1.98382, -0.54518],
							"size": [0.70713, 0.59755, 0.70713],
							"pivot": [4.83492, 2.13967, -0.17591],
							"rotation": [-0.47673, -2.3972, -0.83159],
							"uv": {
								"north": {"uv": [33, 2], "uv_size": [0.625, 0.75]},
								"east": {"uv": [3, 33], "uv_size": [0.625, 0.75]},
								"south": {"uv": [33, 3], "uv_size": [0.625, 0.75]},
								"west": {"uv": [4, 33], "uv_size": [0.625, 0.75]},
								"up": {"uv": [6, 33], "uv_size": [0.625, 0.625]}
							}
						},
						{
							"origin": [4.47462, 0.99166, -0.57047],
							"size": [0.74844, 1.17016, 0.74844],
							"pivot": [4.83492, 1.98967, -0.17591],
							"rotation": [-0.47673, -2.3972, -0.83159],
							"uv": {
								"north": {"uv": [4, 29], "uv_size": [1.125, 3.375]},
								"east": {"uv": [6, 29], "uv_size": [1.125, 3.375]},
								"south": {"uv": [8, 29], "uv_size": [1.125, 3.375]},
								"west": {"uv": [31, 2], "uv_size": [1.125, 3.375]},
								"up": {"uv": [24, 31], "uv_size": [1.125, 1.125]},
								"down": {"uv": [26, 32.125], "uv_size": [1.125, -1.125]}
							}
						},
						{
							"origin": [4.55, 2.55882, -0.49518],
							"size": [0.60713, 0.22255, 0.60713],
							"pivot": [4.83492, 2.33967, -0.17591],
							"rotation": [-0.47673, -2.3972, -0.83159],
							"uv": {
								"north": {"uv": [33, 2], "uv_size": [0.625, 0.75]},
								"east": {"uv": [3, 33], "uv_size": [0.625, 0.75]},
								"south": {"uv": [33, 3], "uv_size": [0.625, 0.75]},
								"west": {"uv": [4, 33], "uv_size": [0.625, 0.75]},
								"up": {"uv": [6, 33], "uv_size": [0.625, 0.625]}
							}
						},
						{
							"origin": [4.7, 2.73382, -0.34518],
							"size": [0.30713, 0.12255, 0.30713],
							"pivot": [4.83492, 2.33967, -0.17591],
							"rotation": [-0.47673, -2.3972, -0.83159],
							"uv": {
								"north": {"uv": [33, 2], "uv_size": [0.625, 0.75]},
								"east": {"uv": [3, 33], "uv_size": [0.625, 0.75]},
								"south": {"uv": [33, 3], "uv_size": [0.625, 0.75]},
								"west": {"uv": [4, 33], "uv_size": [0.625, 0.75]},
								"up": {"uv": [6, 33], "uv_size": [0.625, 0.625]}
							}
						},
						{
							"origin": [4.71079, 2.03425, -1.84697],
							"size": [0.30713, 0.12255, 0.30713],
							"pivot": [4.85913, 1.10055, -1.69429],
							"rotation": [-10.39728, 0.47631, 89.14847],
							"uv": {
								"north": {"uv": [33, 2], "uv_size": [0.625, 0.75]},
								"east": {"uv": [3, 33], "uv_size": [0.625, 0.75]},
								"south": {"uv": [33, 3], "uv_size": [0.625, 0.75]},
								"west": {"uv": [4, 33], "uv_size": [0.625, 0.75]},
								"up": {"uv": [6, 33], "uv_size": [0.625, 0.625]}
							}
						},
						{
							"origin": [4.56079, 1.85925, -1.99697],
							"size": [0.60713, 0.22255, 0.60713],
							"pivot": [4.85913, 1.10055, -1.69429],
							"rotation": [-10.39728, 0.47631, 89.14847],
							"uv": {
								"north": {"uv": [33, 2], "uv_size": [0.625, 0.75]},
								"east": {"uv": [3, 33], "uv_size": [0.625, 0.75]},
								"south": {"uv": [33, 3], "uv_size": [0.625, 0.75]},
								"west": {"uv": [4, 33], "uv_size": [0.625, 0.75]},
								"up": {"uv": [6, 33], "uv_size": [0.625, 0.625]}
							}
						},
						{
							"origin": [4.48082, 0.29215, -2.06846],
							"size": [0.74844, 1.17016, 0.74844],
							"pivot": [4.85913, 1.10055, -1.69429],
							"rotation": [-10.39728, 0.47631, 89.14847],
							"uv": {
								"north": {"uv": [4, 29], "uv_size": [1.125, 3.375]},
								"east": {"uv": [6, 29], "uv_size": [1.125, 3.375]},
								"south": {"uv": [8, 29], "uv_size": [1.125, 3.375]},
								"west": {"uv": [31, 2], "uv_size": [1.125, 3.375]},
								"up": {"uv": [24, 31], "uv_size": [1.125, 1.125]},
								"down": {"uv": [26, 32.125], "uv_size": [1.125, -1.125]}
							}
						},
						{
							"origin": [4.50816, 1.28428, -2.0448],
							"size": [0.70713, 0.59755, 0.70713],
							"pivot": [4.85913, 1.10055, -1.69429],
							"rotation": [-10.39728, 0.47631, 89.14847],
							"uv": {
								"north": {"uv": [33, 2], "uv_size": [0.625, 0.75]},
								"east": {"uv": [3, 33], "uv_size": [0.625, 0.75]},
								"south": {"uv": [33, 3], "uv_size": [0.625, 0.75]},
								"west": {"uv": [4, 33], "uv_size": [0.625, 0.75]},
								"up": {"uv": [6, 33], "uv_size": [0.625, 0.625]}
							}
						},
						{
							"origin": [4.48082, 0.04338, -2.06846],
							"size": [0.74844, 0.12438, 0.74844],
							"pivot": [4.85913, 1.10055, -1.69429],
							"rotation": [-10.39728, 0.47631, 89.14847],
							"uv": {
								"north": {"uv": [33, 28], "uv_size": [1.125, 0.125]},
								"east": {"uv": [29, 33], "uv_size": [1.125, 0.125]},
								"south": {"uv": [33, 29], "uv_size": [1.125, 0.125]},
								"west": {"uv": [31, 33], "uv_size": [1.125, 0.125]},
								"up": {"uv": [28, 31], "uv_size": [1.125, 1.125]},
								"down": {"uv": [31, 29.125], "uv_size": [1.125, -1.125]}
							}
						},
						{
							"origin": [4.56373, 0.12629, -1.98553],
							"size": [0.5826, 0.16586, 0.5826],
							"pivot": [4.85913, 1.10055, -1.69429],
							"rotation": [-10.39728, 0.47631, 89.14847],
							"uv": {
								"north": {"uv": [26, 33], "uv_size": [0.875, 0.25]},
								"east": {"uv": [33, 26], "uv_size": [0.875, 0.25]},
								"south": {"uv": [27, 33], "uv_size": [0.875, 0.25]},
								"west": {"uv": [33, 27], "uv_size": [0.875, 0.25]}
							}
						}
					]
				},
				{
					"name": "case",
					"parent": "root",
					"pivot": [-0.01277, 2.15017, 0.84796],
					"rotation": [0, -27.5, 0],
					"cubes": [
						{
							"origin": [-6.47039, 0.5, 0.34451],
							"size": [10.8, 2.6, 2.6],
							"uv": {
								"north": {"uv": [0, 0], "uv_size": [13.125, 3]},
								"east": {"uv": [28, 2], "uv_size": [2.625, 3]},
								"south": {"uv": [0, 3], "uv_size": [13.125, 3]},
								"west": {"uv": [28, 5], "uv_size": [2.625, 3]},
								"up": {"uv": [12, 16], "uv_size": [13.125, 2.625]},
								"down": {"uv": [0, 21.625], "uv_size": [13.125, -2.625]}
							}
						},
						{
							"origin": [-5.82039, 2.6, -0.85549],
							"size": [2.825, 0.501, 3.5],
							"uv": {
								"north": {"uv": [26, 18], "uv_size": [10.375, 0.875]},
								"east": {"uv": [31, 10], "uv_size": [2.25, 0.875]},
								"south": {"uv": [21, 27], "uv_size": [10.375, 0.875]},
								"west": {"uv": [19, 31], "uv_size": [2.25, 0.875]},
								"up": {"uv": [42.25, 15.5], "uv_size": [21.75, 28.375]},
								"down": {"uv": [0, 27.25], "uv_size": [10.375, -2.25]}
							}
						},
						{
							"origin": [-2.72039, 2.6, -0.35549],
							"size": [6.425, 0.501, 1.7],
							"uv": {
								"north": {"uv": [14, 11], "uv_size": [9.375, 0.875]},
								"east": {"uv": [31, 19], "uv_size": [2, 0.875]},
								"south": {"uv": [0, 28], "uv_size": [9.375, 0.875]},
								"west": {"uv": [31, 20], "uv_size": [2, 0.875]},
								"up": {"uv": [0, 51.4125], "uv_size": [43.75, 12.5875]},
								"down": {"uv": [26, 2], "uv_size": [9.375, -2]}
							}
						},
						{
							"origin": [-6.47039, 0.5, -1.05549],
							"size": [10.8, 2.6, 2.6],
							"uv": {
								"north": {"uv": [0, 6], "uv_size": [13.125, 3]},
								"east": {"uv": [28, 8], "uv_size": [2.625, 3]},
								"south": {"uv": [0, 9], "uv_size": [13.125, 3]},
								"west": {"uv": [28, 19], "uv_size": [2.625, 3]},
								"up": {"uv": [14, 19], "uv_size": [13.125, 2.625]},
								"down": {"uv": [0, 24.625], "uv_size": [13.125, -2.625]}
							}
						},
						{
							"origin": [-6.57039, 0.55, -1.00549],
							"size": [0, 2.5, 3.9],
							"uv": {
								"north": {"uv": [0, 29], "uv_size": [1.875, 2.875]},
								"east": {"uv": [14, 22], "uv_size": [8.125, 2.875]},
								"south": {"uv": [2, 29], "uv_size": [1.875, 2.875]},
								"west": {"uv": [23, 22], "uv_size": [8.125, 2.875]},
								"up": {"uv": [26, 2], "uv_size": [1.875, 8.125]},
								"down": {"uv": [11, 35.125], "uv_size": [1.875, -8.125]}
							}
						}
					]
				},
				{
					"name": "positioning",
					"pivot": [-3.025, -8.95, -11.225]
				},
				{
					"name": "ground",
					"parent": "positioning",
					"pivot": [0, 0, 2]
				},
				{
					"name": "fixed",
					"parent": "positioning",
					"pivot": [-1.25, 11, 1.5],
					"rotation": [0.89803, -22.43537, -1.73977]
				},
				{
					"name": "thirdperson_hand",
					"parent": "positioning",
					"pivot": [-0.025, 2.05, 2.025],
					"rotation": [0, 90, 0]
				}
			]
		}
	]
}