{
	"format_version": "1.12.0",
	"minecraft:geometry": [
		{
			"description": {
				"identifier": "geometry.unknown",
				"texture_width": 128,
				"texture_height": 64,
				"visible_bounds_width": 3,
				"visible_bounds_height": 3.5,
				"visible_bounds_offset": [0, 1.25, 0]
			},
			"bones": [
				{
					"name": "root",
					"pivot": [0, 0, 0],
					"rotation": [0, 50, 0]
				},
				{
					"name": "191919x19",
					"parent": "root",
					"pivot": [-0.91627, 1.84271, -7.35958],
					"cubes": [
						{
							"origin": [-2.28332, 0.45499, -7.34096],
							"size": [0.78375, 2.43364, 0.78375],
							"pivot": [-1.8954, 2.6043, -6.94329],
							"rotation": [-0.53173, -26.39632, -0.61513],
							"uv": {
								"north": {"uv": [4, 29], "uv_size": [1.125, 3.375]},
								"east": {"uv": [6, 29], "uv_size": [1.125, 3.375]},
								"south": {"uv": [8, 29], "uv_size": [1.125, 3.375]},
								"west": {"uv": [31, 2], "uv_size": [1.125, 3.375]},
								"up": {"uv": [24, 31], "uv_size": [1.125, 1.125]},
								"down": {"uv": [26, 32.125], "uv_size": [1.125, -1.125]}
							}
						},
						{
							"origin": [-1.59457, 2.7155, -7.23186],
							"size": [0.17366, 0.34734, 0.56555],
							"pivot": [-1.8954, 2.6043, -6.94329],
							"rotation": [10.27993, -24.45116, -25.47296],
							"uv": {
								"north": {"uv": [33, 32], "uv_size": [0.25, 0.5]},
								"east": {"uv": [33, 6], "uv_size": [0.75, 0.5]},
								"south": {"uv": [33, 33], "uv_size": [0.25, 0.5]},
								"west": {"uv": [7, 33], "uv_size": [0.75, 0.5]}
							}
						},
						{
							"origin": [-2.36259, 2.71853, -7.23186],
							"size": [0.17366, 0.34734, 0.56555],
							"pivot": [-1.8954, 2.6043, -6.94329],
							"rotation": [-11.22823, -24.05134, 24.15939],
							"uv": {
								"north": {"uv": [0, 34], "uv_size": [0.25, 0.5]},
								"east": {"uv": [33, 7], "uv_size": [0.75, 0.5]},
								"south": {"uv": [34, 2], "uv_size": [0.25, 0.5]},
								"west": {"uv": [8, 33], "uv_size": [0.75, 0.5]}
							}
						},
						{
							"origin": [-1.97884, 4.88363, -7.03648],
							"size": [0.17479, 0.13025, 0.17479],
							"pivot": [-1.8954, 2.6043, -6.94329],
							"rotation": [-0.53173, -26.39632, -0.61513],
							"uv": {
								"north": {"uv": [8, 34], "uv_size": [0.25, 0.125]},
								"east": {"uv": [34, 8], "uv_size": [0.25, 0.125]},
								"south": {"uv": [9, 34], "uv_size": [0.25, 0.125]},
								"west": {"uv": [34, 9], "uv_size": [0.25, 0.125]},
								"up": {"uv": [34, 7], "uv_size": [0.25, 0.25]}
							}
						},
						{
							"origin": [-2.04397, 4.70995, -7.10161],
							"size": [0.30505, 0.19537, 0.30505],
							"pivot": [-1.8954, 2.6043, -6.94329],
							"rotation": [-0.53173, -26.39632, -0.61513],
							"uv": {
								"north": {"uv": [34, 5], "uv_size": [0.375, 0.25]},
								"east": {"uv": [6, 34], "uv_size": [0.375, 0.25]},
								"south": {"uv": [34, 6], "uv_size": [0.375, 0.25]},
								"west": {"uv": [7, 34], "uv_size": [0.375, 0.25]},
								"up": {"uv": [28, 33], "uv_size": [0.375, 0.375]}
							}
						},
						{
							"origin": [-2.08737, 4.27577, -7.14502],
							"size": [0.39186, 0.43418, 0.39186],
							"pivot": [-1.8954, 2.6043, -6.94329],
							"rotation": [-0.53173, -26.39632, -0.61513],
							"uv": {
								"north": {"uv": [33, 20], "uv_size": [0.5, 0.625]},
								"east": {"uv": [33, 21], "uv_size": [0.5, 0.625]},
								"south": {"uv": [33, 22], "uv_size": [0.5, 0.625]},
								"west": {"uv": [33, 23], "uv_size": [0.5, 0.625]},
								"up": {"uv": [25, 33], "uv_size": [0.5, 0.5]}
							}
						},
						{
							"origin": [-2.17423, 2.71923, -6.65146],
							"size": [0.56555, 0.34734, 0.17366],
							"pivot": [-1.8954, 2.6043, -6.94329],
							"rotation": [21.96827, -26.39632, -0.61513],
							"uv": {
								"north": {"uv": [33, 8], "uv_size": [0.75, 0.5]},
								"east": {"uv": [3, 34], "uv_size": [0.25, 0.5]},
								"south": {"uv": [9, 33], "uv_size": [0.75, 0.5]},
								"west": {"uv": [34, 3], "uv_size": [0.25, 0.5]}
							}
						},
						{
							"origin": [-2.13079, 3.75475, -7.18844],
							"size": [0.4787, 0.52102, 0.4787],
							"pivot": [-1.8954, 2.6043, -6.94329],
							"rotation": [-0.53173, -26.39632, -0.61513],
							"uv": {
								"north": {"uv": [33, 2], "uv_size": [0.625, 0.75]},
								"east": {"uv": [3, 33], "uv_size": [0.625, 0.75]},
								"south": {"uv": [33, 3], "uv_size": [0.625, 0.75]},
								"west": {"uv": [4, 33], "uv_size": [0.625, 0.75]},
								"up": {"uv": [6, 33], "uv_size": [0.625, 0.625]}
							}
						},
						{
							"origin": [-2.17423, 2.71479, -7.41947],
							"size": [0.56555, 0.34734, 0.17366],
							"pivot": [-1.8954, 2.6043, -6.94329],
							"rotation": [-23.03173, -26.39632, -0.61513],
							"uv": {
								"north": {"uv": [33, 9], "uv_size": [0.75, 0.5]},
								"east": {"uv": [4, 34], "uv_size": [0.25, 0.5]},
								"south": {"uv": [33, 19], "uv_size": [0.75, 0.5]},
								"west": {"uv": [34, 4], "uv_size": [0.25, 0.5]}
							}
						},
						{
							"origin": [-2.17465, 2.97281, -7.23228],
							"size": [0.5664, 0.78236, 0.5664],
							"inflate": 0.001,
							"pivot": [-1.8954, 2.6043, -6.94329],
							"rotation": [-0.53173, -26.39632, -0.61513],
							"uv": {
								"north": {"uv": [21, 32], "uv_size": [0.75, 1.125]},
								"east": {"uv": [22, 32], "uv_size": [0.75, 1.125]},
								"south": {"uv": [32, 22], "uv_size": [0.75, 1.125]},
								"west": {"uv": [23, 32], "uv_size": [0.75, 1.125]},
								"up": {"uv": [32, 32], "uv_size": [0.75, 0.75]},
								"down": {"uv": [0, 33.75], "uv_size": [0.75, -0.75]}
							}
						},
						{
							"origin": [-2.28332, 0.19448, -7.34096],
							"size": [0.78375, 0.13024, 0.78375],
							"pivot": [-1.8954, 2.6043, -6.94329],
							"rotation": [-0.53173, -26.39632, -0.61513],
							"uv": {
								"north": {"uv": [33, 28], "uv_size": [1.125, 0.125]},
								"east": {"uv": [29, 33], "uv_size": [1.125, 0.125]},
								"south": {"uv": [33, 29], "uv_size": [1.125, 0.125]},
								"west": {"uv": [31, 33], "uv_size": [1.125, 0.125]},
								"up": {"uv": [28, 31], "uv_size": [1.125, 1.125]},
								"down": {"uv": [31, 29.125], "uv_size": [1.125, -1.125]}
							}
						},
						{
							"origin": [-2.1965, 0.28131, -7.25412],
							"size": [0.61009, 0.17368, 0.61009],
							"pivot": [-1.8954, 2.6043, -6.94329],
							"rotation": [-0.53173, -26.39632, -0.61513],
							"uv": {
								"north": {"uv": [26, 33], "uv_size": [0.875, 0.25]},
								"east": {"uv": [33, 26], "uv_size": [0.875, 0.25]},
								"south": {"uv": [27, 33], "uv_size": [0.875, 0.25]},
								"west": {"uv": [33, 27], "uv_size": [0.875, 0.25]}
							}
						},
						{
							"origin": [-0.629, -1.63665, -8.16827],
							"size": [0.61009, 0.17368, 0.61009],
							"pivot": [-0.32391, 0.6863, -7.85748],
							"rotation": [-92.67958, -78.0445, -178.08019],
							"uv": {
								"north": {"uv": [26, 33], "uv_size": [0.875, 0.25]},
								"east": {"uv": [33, 26], "uv_size": [0.875, 0.25]},
								"south": {"uv": [27, 33], "uv_size": [0.875, 0.25]},
								"west": {"uv": [33, 27], "uv_size": [0.875, 0.25]}
							}
						},
						{
							"origin": [-0.71582, -1.72347, -8.25511],
							"size": [0.78375, 0.13024, 0.78375],
							"pivot": [-0.32391, 0.6863, -7.85748],
							"rotation": [-92.67958, -78.0445, -178.08019],
							"uv": {
								"north": {"uv": [33, 28], "uv_size": [1.125, 0.125]},
								"east": {"uv": [29, 33], "uv_size": [1.125, 0.125]},
								"south": {"uv": [33, 29], "uv_size": [1.125, 0.125]},
								"west": {"uv": [31, 33], "uv_size": [1.125, 0.125]},
								"up": {"uv": [28, 31], "uv_size": [1.125, 1.125]},
								"down": {"uv": [31, 29.125], "uv_size": [1.125, -1.125]}
							}
						},
						{
							"origin": [-0.60715, 1.05485, -8.14644],
							"size": [0.5664, 0.78236, 0.5664],
							"inflate": 0.001,
							"pivot": [-0.32391, 0.6863, -7.85748],
							"rotation": [-92.67958, -78.0445, -178.08019],
							"uv": {
								"north": {"uv": [21, 32], "uv_size": [0.75, 1.125]},
								"east": {"uv": [22, 32], "uv_size": [0.75, 1.125]},
								"south": {"uv": [32, 22], "uv_size": [0.75, 1.125]},
								"west": {"uv": [23, 32], "uv_size": [0.75, 1.125]},
								"up": {"uv": [32, 32], "uv_size": [0.75, 0.75]},
								"down": {"uv": [0, 33.75], "uv_size": [0.75, -0.75]}
							}
						},
						{
							"origin": [-0.60673, 0.79684, -8.33365],
							"size": [0.56555, 0.34734, 0.17366],
							"pivot": [-0.32391, 0.6863, -7.85748],
							"rotation": [-115.17958, -78.0445, -178.08019],
							"uv": {
								"north": {"uv": [33, 9], "uv_size": [0.75, 0.5]},
								"east": {"uv": [4, 34], "uv_size": [0.25, 0.5]},
								"south": {"uv": [33, 19], "uv_size": [0.75, 0.5]},
								"west": {"uv": [34, 4], "uv_size": [0.25, 0.5]}
							}
						},
						{
							"origin": [-0.56329, 1.83679, -8.1026],
							"size": [0.4787, 0.52102, 0.4787],
							"pivot": [-0.32391, 0.6863, -7.85748],
							"rotation": [-92.67958, -78.0445, -178.08019],
							"uv": {
								"north": {"uv": [33, 2], "uv_size": [0.625, 0.75]},
								"east": {"uv": [3, 33], "uv_size": [0.625, 0.75]},
								"south": {"uv": [33, 3], "uv_size": [0.625, 0.75]},
								"west": {"uv": [4, 33], "uv_size": [0.625, 0.75]},
								"up": {"uv": [6, 33], "uv_size": [0.625, 0.625]}
							}
						},
						{
							"origin": [-0.60673, 0.80125, -7.56561],
							"size": [0.56555, 0.34734, 0.17366],
							"pivot": [-0.32391, 0.6863, -7.85748],
							"rotation": [-70.17958, -78.0445, -178.08019],
							"uv": {
								"north": {"uv": [33, 8], "uv_size": [0.75, 0.5]},
								"east": {"uv": [3, 34], "uv_size": [0.25, 0.5]},
								"south": {"uv": [9, 33], "uv_size": [0.75, 0.5]},
								"west": {"uv": [34, 3], "uv_size": [0.25, 0.5]}
							}
						},
						{
							"origin": [-0.51987, 2.35781, -8.05918],
							"size": [0.39186, 0.43418, 0.39186],
							"pivot": [-0.32391, 0.6863, -7.85748],
							"rotation": [-92.67958, -78.0445, -178.08019],
							"uv": {
								"north": {"uv": [33, 20], "uv_size": [0.5, 0.625]},
								"east": {"uv": [33, 21], "uv_size": [0.5, 0.625]},
								"south": {"uv": [33, 22], "uv_size": [0.5, 0.625]},
								"west": {"uv": [33, 23], "uv_size": [0.5, 0.625]},
								"up": {"uv": [25, 33], "uv_size": [0.5, 0.5]}
							}
						},
						{
							"origin": [-0.47647, 2.79199, -8.01577],
							"size": [0.30505, 0.19537, 0.30505],
							"pivot": [-0.32391, 0.6863, -7.85748],
							"rotation": [-92.67958, -78.0445, -178.08019],
							"uv": {
								"north": {"uv": [34, 5], "uv_size": [0.375, 0.25]},
								"east": {"uv": [6, 34], "uv_size": [0.375, 0.25]},
								"south": {"uv": [34, 6], "uv_size": [0.375, 0.25]},
								"west": {"uv": [7, 34], "uv_size": [0.375, 0.25]},
								"up": {"uv": [28, 33], "uv_size": [0.375, 0.375]}
							}
						},
						{
							"origin": [-0.41134, 2.96567, -7.95063],
							"size": [0.17479, 0.13025, 0.17479],
							"pivot": [-0.32391, 0.6863, -7.85748],
							"rotation": [-92.67958, -78.0445, -178.08019],
							"uv": {
								"north": {"uv": [8, 34], "uv_size": [0.25, 0.125]},
								"east": {"uv": [34, 8], "uv_size": [0.25, 0.125]},
								"south": {"uv": [9, 34], "uv_size": [0.25, 0.125]},
								"west": {"uv": [34, 9], "uv_size": [0.25, 0.125]},
								"up": {"uv": [34, 7], "uv_size": [0.25, 0.25]}
							}
						},
						{
							"origin": [-0.7948, 0.79904, -8.14602],
							"size": [0.17366, 0.34734, 0.56555],
							"pivot": [-0.32391, 0.6863, -7.85748],
							"rotation": [-90.98102, -55.55327, -179.89271],
							"uv": {
								"north": {"uv": [0, 34], "uv_size": [0.25, 0.5]},
								"east": {"uv": [33, 7], "uv_size": [0.75, 0.5]},
								"south": {"uv": [34, 2], "uv_size": [0.25, 0.5]},
								"west": {"uv": [8, 33], "uv_size": [0.75, 0.5]}
							}
						},
						{
							"origin": [-0.02676, 0.79907, -8.14602],
							"size": [0.17366, 0.34734, 0.56555],
							"pivot": [-0.32391, 0.6863, -7.85748],
							"rotation": [93.02588, -79.4284, -3.67636],
							"uv": {
								"north": {"uv": [33, 32], "uv_size": [0.25, 0.5]},
								"east": {"uv": [33, 6], "uv_size": [0.75, 0.5]},
								"south": {"uv": [33, 33], "uv_size": [0.25, 0.5]},
								"west": {"uv": [7, 33], "uv_size": [0.75, 0.5]}
							}
						},
						{
							"origin": [-0.71582, -1.46297, -8.25511],
							"size": [0.78375, 2.43364, 0.78375],
							"pivot": [-0.32391, 0.6863, -7.85748],
							"rotation": [-92.67958, -78.0445, -178.08019],
							"uv": {
								"north": {"uv": [4, 29], "uv_size": [1.125, 3.375]},
								"east": {"uv": [6, 29], "uv_size": [1.125, 3.375]},
								"south": {"uv": [8, 29], "uv_size": [1.125, 3.375]},
								"west": {"uv": [31, 2], "uv_size": [1.125, 3.375]},
								"up": {"uv": [24, 31], "uv_size": [1.125, 1.125]},
								"down": {"uv": [26, 32.125], "uv_size": [1.125, -1.125]}
							}
						}
					]
				},
				{
					"name": "case",
					"parent": "root",
					"pivot": [-1.90528, 4.29293, -1.40707],
					"rotation": [90, 60, -180],
					"cubes": [
						{
							"origin": [-11.00778, 2.6, -1.4035],
							"size": [13.1, 3, 4.225],
							"uv": {
								"north": {"uv": [0, 0], "uv_size": [13.125, 3]},
								"east": {"uv": [28, 2], "uv_size": [2.625, 3]},
								"south": {"uv": [0, 3], "uv_size": [13.125, 3]},
								"west": {"uv": [28, 5], "uv_size": [2.625, 3]},
								"up": {"uv": [12, 16], "uv_size": [13.125, 2.625]},
								"down": {"uv": [0, 21.625], "uv_size": [13.125, -2.625]}
							}
						},
						{
							"origin": [-7.25778, 4.7, 0.1215],
							"size": [6.425, 0.901, 1.1],
							"pivot": [-5.84528, 5.1505, 1.1215],
							"rotation": [0, 180, 0],
							"uv": {
								"north": {"uv": [26, 18], "uv_size": [10.375, 0.875]},
								"east": {"uv": [31, 10], "uv_size": [2.25, 0.875]},
								"south": {"uv": [21, 27], "uv_size": [10.375, 0.875]},
								"west": {"uv": [19, 31], "uv_size": [2.25, 0.875]},
								"up": {"uv": [1.875, 49.75], "uv_size": [34, 6.125]},
								"down": {"uv": [0, 27.25], "uv_size": [10.375, -2.25]}
							}
						},
						{
							"origin": [-7.15778, 4.7, -0.8785],
							"size": [3.525, 0.901, 0.6],
							"pivot": [-5.94528, 5.1505, 0.1215],
							"rotation": [0, 180, 0],
							"uv": {
								"north": {"uv": [26, 18], "uv_size": [10.375, 0.875]},
								"east": {"uv": [31, 10], "uv_size": [2.25, 0.875]},
								"south": {"uv": [21, 27], "uv_size": [10.375, 0.875]},
								"west": {"uv": [19, 31], "uv_size": [2.25, 0.875]},
								"up": {"uv": [0, 39.5], "uv_size": [35.75, 6.375]},
								"down": {"uv": [0, 27.25], "uv_size": [10.375, -2.25]}
							}
						},
						{
							"origin": [-7.05778, 4.7, -2.3785],
							"size": [5.525, 0.901, 5.5],
							"pivot": [-3.14528, 5.1505, -0.0785],
							"rotation": [0, 180, 0],
							"uv": {
								"north": {"uv": [26, 18], "uv_size": [10.375, 0.875]},
								"east": {"uv": [31, 10], "uv_size": [2.25, 0.875]},
								"south": {"uv": [21, 27], "uv_size": [10.375, 0.875]},
								"west": {"uv": [19, 31], "uv_size": [2.25, 0.875]},
								"up": {"uv": [64.625, 0], "uv_size": [63.375, 64]},
								"down": {"uv": [0, 27.25], "uv_size": [10.375, -2.25]}
							}
						},
						{
							"origin": [-11.00778, 2.6, -3.3785],
							"size": [13.1, 3, 2],
							"uv": {
								"north": {"uv": [0, 6], "uv_size": [13.125, 3]},
								"east": {"uv": [28, 8], "uv_size": [2.625, 3]},
								"south": {"uv": [0, 9], "uv_size": [13.125, 3]},
								"west": {"uv": [28, 19], "uv_size": [2.625, 3]},
								"up": {"uv": [14, 19], "uv_size": [13.125, 2.625]},
								"down": {"uv": [0, 24.625], "uv_size": [13.125, -2.625]}
							}
						},
						{
							"origin": [-11.00778, 2.6, -2.8785],
							"size": [11.6, 2.7, 3.1],
							"uv": {
								"north": {"uv": [14, 8], "uv_size": [11.625, 3]},
								"east": {"uv": [13, 27], "uv_size": [3.125, 3]},
								"south": {"uv": [0, 16], "uv_size": [11.625, 3]},
								"west": {"uv": [17, 27], "uv_size": [3.125, 3]},
								"up": {"uv": [14, 0], "uv_size": [11.625, 3.125]},
								"down": {"uv": [14, 7.125], "uv_size": [11.625, -3.125]}
							}
						},
						{
							"origin": [-10.90778, 2.65, -3.5035],
							"size": [12.9, 2.9, 0.375],
							"uv": {
								"north": {"uv": [0, 29], "uv_size": [1.875, 2.875]},
								"east": {"uv": [14, 22], "uv_size": [8.125, 2.875]},
								"south": {"uv": [2, 29], "uv_size": [1.875, 2.875]},
								"west": {"uv": [23, 22], "uv_size": [8.125, 2.875]},
								"up": {"uv": [26, 2], "uv_size": [1.875, 8.125]},
								"down": {"uv": [11, 35.125], "uv_size": [1.875, -8.125]}
							}
						}
					]
				},
				{
					"name": "positioning",
					"pivot": [-3.025, -8.95, -11.225]
				},
				{
					"name": "ground",
					"parent": "positioning",
					"pivot": [0, 0, 2]
				},
				{
					"name": "fixed",
					"parent": "positioning",
					"pivot": [-1.25, 11, 1.5],
					"rotation": [0.89803, -22.43537, -1.73977]
				},
				{
					"name": "thirdperson_hand",
					"parent": "positioning",
					"pivot": [-0.025, 2.05, 2.025],
					"rotation": [0, 90, 0]
				}
			]
		}
	]
}