{
	"format_version": "1.12.0",
	"minecraft:geometry": [
		{
			"description": {
				"identifier": "geometry.unknown",
				"texture_width": 64,
				"texture_height": 64,
				"visible_bounds_width": 2,
				"visible_bounds_height": 2.5,
				"visible_bounds_offset": [0, 0.75, 0]
			},
			"bones": [
				{
					"name": "ammo",
					"pivot": [0.05, 2.706, -0.04737],
					"cubes": [
						{
							"origin": [-0.5, 1.7, -2.1],
							"size": [1.1, 0.7, 2.7],
							"uv": {
								"north": {"uv": [15, 32], "uv_size": [1, 0.75]},
								"east": {"uv": [28, 3], "uv_size": [2.75, 0.75]},
								"south": {"uv": [22, 32], "uv_size": [1, 0.75]},
								"west": {"uv": [28, 4], "uv_size": [2.75, 0.75]},
								"up": {"uv": [20, 22], "uv_size": [1, 2.75]},
								"down": {"uv": [23, 16.75], "uv_size": [1, -2.75]}
							}
						},
						{
							"origin": [-0.5, 1.7, -2.1],
							"size": [1.1, 0.7, 2.7],
							"pivot": [0.05, 1.8, -0.04737],
							"rotation": [0, 30, 0],
							"uv": {
								"north": {"uv": [32, 24], "uv_size": [1, 0.75]},
								"east": {"uv": [28, 5], "uv_size": [2.75, 0.75]},
								"south": {"uv": [32, 25], "uv_size": [1, 0.75]},
								"west": {"uv": [28, 6], "uv_size": [2.75, 0.75]},
								"up": {"uv": [23, 17], "uv_size": [1, 2.75]},
								"down": {"uv": [23, 22.75], "uv_size": [1, -2.75]}
							}
						},
						{
							"origin": [-0.5, 1.7, -2.1],
							"size": [1.1, 0.7, 2.7],
							"pivot": [0.05, 1.8, -0.04737],
							"rotation": [0, 60, 0],
							"uv": {
								"north": {"uv": [26, 32], "uv_size": [1, 0.75]},
								"east": {"uv": [28, 7], "uv_size": [2.75, 0.75]},
								"south": {"uv": [32, 26], "uv_size": [1, 0.75]},
								"west": {"uv": [28, 8], "uv_size": [2.75, 0.75]},
								"up": {"uv": [23, 23], "uv_size": [1, 2.75]},
								"down": {"uv": [24, 2.75], "uv_size": [1, -2.75]}
							}
						},
						{
							"origin": [-0.5, 1.7, -2.1],
							"size": [1.1, 0.7, 2.7],
							"pivot": [0.05, 1.8, -0.04737],
							"rotation": [0, 90, 0],
							"uv": {
								"north": {"uv": [27, 32], "uv_size": [1, 0.75]},
								"east": {"uv": [28, 9], "uv_size": [2.75, 0.75]},
								"south": {"uv": [32, 27], "uv_size": [1, 0.75]},
								"west": {"uv": [28, 10], "uv_size": [2.75, 0.75]},
								"up": {"uv": [24, 3], "uv_size": [1, 2.75]},
								"down": {"uv": [24, 8.75], "uv_size": [1, -2.75]}
							}
						},
						{
							"origin": [-0.5, 1.7, -2.1],
							"size": [1.1, 0.7, 2.7],
							"pivot": [0.05, 1.8, -0.04737],
							"rotation": [0, 120, 0],
							"uv": {
								"north": {"uv": [32, 28], "uv_size": [1, 0.75]},
								"east": {"uv": [28, 11], "uv_size": [2.75, 0.75]},
								"south": {"uv": [32, 29], "uv_size": [1, 0.75]},
								"west": {"uv": [28, 12], "uv_size": [2.75, 0.75]},
								"up": {"uv": [24, 9], "uv_size": [1, 2.75]},
								"down": {"uv": [24, 14.75], "uv_size": [1, -2.75]}
							}
						},
						{
							"origin": [-0.5, 1.7, -2.1],
							"size": [1.1, 0.7, 2.7],
							"pivot": [0.05, 1.8, -0.04737],
							"rotation": [0, 150, 0],
							"uv": {
								"north": {"uv": [31, 32], "uv_size": [1, 0.75]},
								"east": {"uv": [28, 13], "uv_size": [2.75, 0.75]},
								"south": {"uv": [32, 32], "uv_size": [1, 0.75]},
								"west": {"uv": [28, 14], "uv_size": [2.75, 0.75]},
								"up": {"uv": [24, 15], "uv_size": [1, 2.75]},
								"down": {"uv": [24, 20.75], "uv_size": [1, -2.75]}
							}
						},
						{
							"origin": [-0.5, 1.7, -2.1],
							"size": [1.1, 0.7, 2.7],
							"pivot": [0.05, 1.8, -0.04737],
							"rotation": [0, 180, 0],
							"uv": {
								"north": {"uv": [0, 33], "uv_size": [1, 0.75]},
								"east": {"uv": [28, 15], "uv_size": [2.75, 0.75]},
								"south": {"uv": [1, 33], "uv_size": [1, 0.75]},
								"west": {"uv": [28, 16], "uv_size": [2.75, 0.75]},
								"up": {"uv": [21, 24], "uv_size": [1, 2.75]},
								"down": {"uv": [24, 23.75], "uv_size": [1, -2.75]}
							}
						},
						{
							"origin": [-0.5, 1.7, -2.1],
							"size": [1.1, 0.7, 2.7],
							"pivot": [0.05, 1.8, -0.04737],
							"rotation": [0, -150, 0],
							"uv": {
								"north": {"uv": [2, 33], "uv_size": [1, 0.75]},
								"east": {"uv": [28, 17], "uv_size": [2.75, 0.75]},
								"south": {"uv": [3, 33], "uv_size": [1, 0.75]},
								"west": {"uv": [28, 18], "uv_size": [2.75, 0.75]},
								"up": {"uv": [22, 24], "uv_size": [1, 2.75]},
								"down": {"uv": [24, 26.75], "uv_size": [1, -2.75]}
							}
						},
						{
							"origin": [-0.5, 1.7, -2.1],
							"size": [1.1, 0.7, 2.7],
							"pivot": [0.05, 1.8, -0.04737],
							"rotation": [0, -120, 0],
							"uv": {
								"north": {"uv": [33, 3], "uv_size": [1, 0.75]},
								"east": {"uv": [28, 19], "uv_size": [2.75, 0.75]},
								"south": {"uv": [4, 33], "uv_size": [1, 0.75]},
								"west": {"uv": [28, 20], "uv_size": [2.75, 0.75]},
								"up": {"uv": [25, 0], "uv_size": [1, 2.75]},
								"down": {"uv": [25, 5.75], "uv_size": [1, -2.75]}
							}
						},
						{
							"origin": [-0.5, 1.7, -2.1],
							"size": [1.1, 0.7, 2.7],
							"pivot": [0.05, 1.8, -0.04737],
							"rotation": [0, -90, 0],
							"uv": {
								"north": {"uv": [33, 4], "uv_size": [1, 0.75]},
								"east": {"uv": [28, 21], "uv_size": [2.75, 0.75]},
								"south": {"uv": [5, 33], "uv_size": [1, 0.75]},
								"west": {"uv": [28, 22], "uv_size": [2.75, 0.75]},
								"up": {"uv": [25, 6], "uv_size": [1, 2.75]},
								"down": {"uv": [25, 11.75], "uv_size": [1, -2.75]}
							}
						},
						{
							"origin": [-0.5, 1.7, -2.1],
							"size": [1.1, 0.7, 2.7],
							"pivot": [0.05, 1.8, -0.04737],
							"rotation": [0, -60, 0],
							"uv": {
								"north": {"uv": [33, 5], "uv_size": [1, 0.75]},
								"east": {"uv": [28, 23], "uv_size": [2.75, 0.75]},
								"south": {"uv": [6, 33], "uv_size": [1, 0.75]},
								"west": {"uv": [28, 24], "uv_size": [2.75, 0.75]},
								"up": {"uv": [25, 12], "uv_size": [1, 2.75]},
								"down": {"uv": [25, 17.75], "uv_size": [1, -2.75]}
							}
						},
						{
							"origin": [-0.5, 1.7, -2.1],
							"size": [1.1, 0.7, 2.7],
							"pivot": [0.05, 1.8, -0.04737],
							"rotation": [0, -30, 0],
							"uv": {
								"north": {"uv": [33, 6], "uv_size": [1, 0.75]},
								"east": {"uv": [28, 25], "uv_size": [2.75, 0.75]},
								"south": {"uv": [7, 33], "uv_size": [1, 0.75]},
								"west": {"uv": [28, 26], "uv_size": [2.75, 0.75]},
								"up": {"uv": [25, 18], "uv_size": [1, 2.75]},
								"down": {"uv": [20, 27.75], "uv_size": [1, -2.75]}
							}
						},
						{
							"origin": [-0.5, 6.7, -2.1],
							"size": [1.1, 1.8, 2.7],
							"pivot": [0.05, 6.8, -0.04737],
							"rotation": [0, -30, 0],
							"uv": {
								"north": {"uv": [20, 28], "uv_size": [1, 1.75]},
								"east": {"uv": [18, 0], "uv_size": [2.75, 1.75]},
								"south": {"uv": [28, 27], "uv_size": [1, 1.75]},
								"west": {"uv": [18, 2], "uv_size": [2.75, 1.75]},
								"up": {"uv": [25, 21], "uv_size": [1, 2.75]},
								"down": {"uv": [25, 26.75], "uv_size": [1, -2.75]}
							}
						},
						{
							"origin": [-0.5, 6.7, -2.1],
							"size": [1.1, 1.8, 2.7],
							"pivot": [0.05, 6.8, -0.04737],
							"rotation": [0, -60, 0],
							"uv": {
								"north": {"uv": [29, 0], "uv_size": [1, 1.75]},
								"east": {"uv": [18, 4], "uv_size": [2.75, 1.75]},
								"south": {"uv": [23, 29], "uv_size": [1, 1.75]},
								"west": {"uv": [18, 6], "uv_size": [2.75, 1.75]},
								"up": {"uv": [26, 0], "uv_size": [1, 2.75]},
								"down": {"uv": [26, 5.75], "uv_size": [1, -2.75]}
							}
						},
						{
							"origin": [-0.5, 6.7, -2.1],
							"size": [1.1, 1.8, 2.7],
							"pivot": [0.05, 6.8, -0.04737],
							"rotation": [0, -90, 0],
							"uv": {
								"north": {"uv": [29, 27], "uv_size": [1, 1.75]},
								"east": {"uv": [18, 8], "uv_size": [2.75, 1.75]},
								"south": {"uv": [28, 29], "uv_size": [1, 1.75]},
								"west": {"uv": [18, 10], "uv_size": [2.75, 1.75]},
								"up": {"uv": [26, 6], "uv_size": [1, 2.75]},
								"down": {"uv": [26, 11.75], "uv_size": [1, -2.75]}
							}
						},
						{
							"origin": [-0.5, 6.7, -2.1],
							"size": [1.1, 1.8, 2.7],
							"pivot": [0.05, 6.8, -0.04737],
							"rotation": [0, -120, 0],
							"uv": {
								"north": {"uv": [29, 29], "uv_size": [1, 1.75]},
								"east": {"uv": [18, 12], "uv_size": [2.75, 1.75]},
								"south": {"uv": [0, 30], "uv_size": [1, 1.75]},
								"west": {"uv": [18, 14], "uv_size": [2.75, 1.75]},
								"up": {"uv": [26, 12], "uv_size": [1, 2.75]},
								"down": {"uv": [26, 17.75], "uv_size": [1, -2.75]}
							}
						},
						{
							"origin": [-0.5, 6.7, -2.1],
							"size": [1.1, 1.8, 2.7],
							"pivot": [0.05, 6.8, -0.04737],
							"rotation": [0, -150, 0],
							"uv": {
								"north": {"uv": [30, 0], "uv_size": [1, 1.75]},
								"east": {"uv": [18, 16], "uv_size": [2.75, 1.75]},
								"south": {"uv": [1, 30], "uv_size": [1, 1.75]},
								"west": {"uv": [18, 18], "uv_size": [2.75, 1.75]},
								"up": {"uv": [26, 18], "uv_size": [1, 2.75]},
								"down": {"uv": [26, 23.75], "uv_size": [1, -2.75]}
							}
						},
						{
							"origin": [-0.5, 6.7, -2.1],
							"size": [1.1, 1.8, 2.7],
							"pivot": [0.05, 6.8, -0.04737],
							"rotation": [0, 180, 0],
							"uv": {
								"north": {"uv": [2, 30], "uv_size": [1, 1.75]},
								"east": {"uv": [0, 20], "uv_size": [2.75, 1.75]},
								"south": {"uv": [3, 30], "uv_size": [1, 1.75]},
								"west": {"uv": [3, 20], "uv_size": [2.75, 1.75]},
								"up": {"uv": [23, 26], "uv_size": [1, 2.75]},
								"down": {"uv": [26, 26.75], "uv_size": [1, -2.75]}
							}
						},
						{
							"origin": [-0.5, 6.7, -2.1],
							"size": [1.1, 1.8, 2.7],
							"pivot": [0.05, 6.8, -0.04737],
							"rotation": [0, 150, 0],
							"uv": {
								"north": {"uv": [4, 30], "uv_size": [1, 1.75]},
								"east": {"uv": [6, 20], "uv_size": [2.75, 1.75]},
								"south": {"uv": [5, 30], "uv_size": [1, 1.75]},
								"west": {"uv": [9, 20], "uv_size": [2.75, 1.75]},
								"up": {"uv": [0, 27], "uv_size": [1, 2.75]},
								"down": {"uv": [27, 2.75], "uv_size": [1, -2.75]}
							}
						},
						{
							"origin": [-0.5, 6.7, -2.1],
							"size": [1.1, 1.8, 2.7],
							"pivot": [0.05, 6.8, -0.04737],
							"rotation": [0, 120, 0],
							"uv": {
								"north": {"uv": [6, 30], "uv_size": [1, 1.75]},
								"east": {"uv": [12, 20], "uv_size": [2.75, 1.75]},
								"south": {"uv": [7, 30], "uv_size": [1, 1.75]},
								"west": {"uv": [15, 20], "uv_size": [2.75, 1.75]},
								"up": {"uv": [1, 27], "uv_size": [1, 2.75]},
								"down": {"uv": [2, 29.75], "uv_size": [1, -2.75]}
							}
						},
						{
							"origin": [-0.5, 6.7, -2.1],
							"size": [1.1, 1.8, 2.7],
							"pivot": [0.05, 6.8, -0.04737],
							"rotation": [0, 90, 0],
							"uv": {
								"north": {"uv": [8, 30], "uv_size": [1, 1.75]},
								"east": {"uv": [18, 20], "uv_size": [2.75, 1.75]},
								"south": {"uv": [9, 30], "uv_size": [1, 1.75]},
								"west": {"uv": [21, 0], "uv_size": [2.75, 1.75]},
								"up": {"uv": [3, 27], "uv_size": [1, 2.75]},
								"down": {"uv": [27, 5.75], "uv_size": [1, -2.75]}
							}
						},
						{
							"origin": [-0.5, 6.7, -2.1],
							"size": [1.1, 1.8, 2.7],
							"pivot": [0.05, 6.8, -0.04737],
							"rotation": [0, 60, 0],
							"uv": {
								"north": {"uv": [10, 30], "uv_size": [1, 1.75]},
								"east": {"uv": [21, 2], "uv_size": [2.75, 1.75]},
								"south": {"uv": [11, 30], "uv_size": [1, 1.75]},
								"west": {"uv": [21, 4], "uv_size": [2.75, 1.75]},
								"up": {"uv": [4, 27], "uv_size": [1, 2.75]},
								"down": {"uv": [5, 29.75], "uv_size": [1, -2.75]}
							}
						},
						{
							"origin": [-0.5, 6.7, -2.1],
							"size": [1.1, 1.8, 2.7],
							"pivot": [0.05, 6.8, -0.04737],
							"rotation": [0, 30, 0],
							"uv": {
								"north": {"uv": [12, 30], "uv_size": [1, 1.75]},
								"east": {"uv": [21, 6], "uv_size": [2.75, 1.75]},
								"south": {"uv": [13, 30], "uv_size": [1, 1.75]},
								"west": {"uv": [21, 8], "uv_size": [2.75, 1.75]},
								"up": {"uv": [6, 27], "uv_size": [1, 2.75]},
								"down": {"uv": [27, 8.75], "uv_size": [1, -2.75]}
							}
						},
						{
							"origin": [-0.5, 6.7, -2.1],
							"size": [1.1, 1.8, 2.7],
							"uv": {
								"north": {"uv": [14, 30], "uv_size": [1, 1.75]},
								"east": {"uv": [21, 10], "uv_size": [2.75, 1.75]},
								"south": {"uv": [15, 30], "uv_size": [1, 1.75]},
								"west": {"uv": [21, 12], "uv_size": [2.75, 1.75]},
								"up": {"uv": [7, 27], "uv_size": [1, 2.75]},
								"down": {"uv": [8, 29.75], "uv_size": [1, -2.75]}
							}
						},
						{
							"origin": [-0.478, 2.418, -2.01789],
							"size": [1.056, 4.464, 2.592],
							"pivot": [0.05, 2.706, -0.04737],
							"rotation": [0, -30, 0],
							"uv": {
								"north": {"uv": [21, 14], "uv_size": [1, 4.5]},
								"east": {"uv": [0, 0], "uv_size": [2.5, 4.5]},
								"south": {"uv": [21, 19], "uv_size": [1, 4.5]},
								"west": {"uv": [3, 0], "uv_size": [2.5, 4.5]},
								"up": {"uv": [9, 27], "uv_size": [1, 2.5]},
								"down": {"uv": [27, 11.5], "uv_size": [1, -2.5]}
							}
						},
						{
							"origin": [-0.478, 2.418, -2.01789],
							"size": [1.056, 4.464, 2.592],
							"pivot": [0.05, 2.706, -0.04737],
							"rotation": [0, -60, 0],
							"uv": {
								"north": {"uv": [0, 22], "uv_size": [1, 4.5]},
								"east": {"uv": [0, 5], "uv_size": [2.5, 4.5]},
								"south": {"uv": [1, 22], "uv_size": [1, 4.5]},
								"west": {"uv": [3, 5], "uv_size": [2.5, 4.5]},
								"up": {"uv": [10, 27], "uv_size": [1, 2.5]},
								"down": {"uv": [11, 29.5], "uv_size": [1, -2.5]}
							}
						},
						{
							"origin": [-0.478, 2.418, -2.01789],
							"size": [1.056, 4.464, 2.592],
							"pivot": [0.05, 2.706, -0.04737],
							"rotation": [0, -90, 0],
							"uv": {
								"north": {"uv": [2, 22], "uv_size": [1, 4.5]},
								"east": {"uv": [6, 0], "uv_size": [2.5, 4.5]},
								"south": {"uv": [3, 22], "uv_size": [1, 4.5]},
								"west": {"uv": [6, 5], "uv_size": [2.5, 4.5]},
								"up": {"uv": [12, 27], "uv_size": [1, 2.5]},
								"down": {"uv": [27, 14.5], "uv_size": [1, -2.5]}
							}
						},
						{
							"origin": [-0.478, 2.418, -2.01789],
							"size": [1.056, 4.464, 2.592],
							"pivot": [0.05, 2.706, -0.04737],
							"rotation": [-180, -60, 180],
							"uv": {
								"north": {"uv": [4, 22], "uv_size": [1, 4.5]},
								"east": {"uv": [9, 0], "uv_size": [2.5, 4.5]},
								"south": {"uv": [5, 22], "uv_size": [1, 4.5]},
								"west": {"uv": [9, 5], "uv_size": [2.5, 4.5]},
								"up": {"uv": [13, 27], "uv_size": [1, 2.5]},
								"down": {"uv": [14, 29.5], "uv_size": [1, -2.5]}
							}
						},
						{
							"origin": [-0.478, 2.418, -2.01789],
							"size": [1.056, 4.464, 2.592],
							"pivot": [0.05, 2.706, -0.04737],
							"rotation": [-180, -30, 180],
							"uv": {
								"north": {"uv": [6, 22], "uv_size": [1, 4.5]},
								"east": {"uv": [0, 10], "uv_size": [2.5, 4.5]},
								"south": {"uv": [7, 22], "uv_size": [1, 4.5]},
								"west": {"uv": [3, 10], "uv_size": [2.5, 4.5]},
								"up": {"uv": [15, 27], "uv_size": [1, 2.5]},
								"down": {"uv": [27, 17.5], "uv_size": [1, -2.5]}
							}
						},
						{
							"origin": [-0.478, 2.418, -2.01789],
							"size": [1.056, 4.464, 2.592],
							"pivot": [0.05, 2.706, -0.04737],
							"rotation": [-180, 0, 180],
							"uv": {
								"north": {"uv": [8, 22], "uv_size": [1, 4.5]},
								"east": {"uv": [6, 10], "uv_size": [2.5, 4.5]},
								"south": {"uv": [9, 22], "uv_size": [1, 4.5]},
								"west": {"uv": [9, 10], "uv_size": [2.5, 4.5]},
								"up": {"uv": [16, 27], "uv_size": [1, 2.5]},
								"down": {"uv": [17, 29.5], "uv_size": [1, -2.5]}
							}
						},
						{
							"origin": [-0.478, 2.418, -2.01789],
							"size": [1.056, 4.464, 2.592],
							"pivot": [0.05, 2.706, -0.04737],
							"rotation": [-180, 30, 180],
							"uv": {
								"north": {"uv": [10, 22], "uv_size": [1, 4.5]},
								"east": {"uv": [12, 0], "uv_size": [2.5, 4.5]},
								"south": {"uv": [11, 22], "uv_size": [1, 4.5]},
								"west": {"uv": [12, 5], "uv_size": [2.5, 4.5]},
								"up": {"uv": [18, 27], "uv_size": [1, 2.5]},
								"down": {"uv": [27, 20.5], "uv_size": [1, -2.5]}
							}
						},
						{
							"origin": [-0.478, 2.418, -2.01789],
							"size": [1.056, 4.464, 2.592],
							"pivot": [0.05, 2.706, -0.04737],
							"rotation": [-180, 60, 180],
							"uv": {
								"north": {"uv": [12, 22], "uv_size": [1, 4.5]},
								"east": {"uv": [12, 10], "uv_size": [2.5, 4.5]},
								"south": {"uv": [13, 22], "uv_size": [1, 4.5]},
								"west": {"uv": [0, 15], "uv_size": [2.5, 4.5]},
								"up": {"uv": [19, 27], "uv_size": [1, 2.5]},
								"down": {"uv": [21, 29.5], "uv_size": [1, -2.5]}
							}
						},
						{
							"origin": [-0.478, 2.418, -2.01789],
							"size": [1.056, 4.464, 2.592],
							"pivot": [0.05, 2.706, -0.04737],
							"rotation": [0, 90, 0],
							"uv": {
								"north": {"uv": [14, 22], "uv_size": [1, 4.5]},
								"east": {"uv": [15, 0], "uv_size": [2.5, 4.5]},
								"south": {"uv": [22, 14], "uv_size": [1, 4.5]},
								"west": {"uv": [3, 15], "uv_size": [2.5, 4.5]},
								"up": {"uv": [27, 21], "uv_size": [1, 2.5]},
								"down": {"uv": [22, 29.5], "uv_size": [1, -2.5]}
							}
						},
						{
							"origin": [-0.478, 2.418, -2.01789],
							"size": [1.056, 4.464, 2.592],
							"pivot": [0.05, 2.706, -0.04737],
							"rotation": [0, 60, 0],
							"uv": {
								"north": {"uv": [15, 22], "uv_size": [1, 4.5]},
								"east": {"uv": [15, 5], "uv_size": [2.5, 4.5]},
								"south": {"uv": [16, 22], "uv_size": [1, 4.5]},
								"west": {"uv": [6, 15], "uv_size": [2.5, 4.5]},
								"up": {"uv": [24, 27], "uv_size": [1, 2.5]},
								"down": {"uv": [27, 26.5], "uv_size": [1, -2.5]}
							}
						},
						{
							"origin": [-0.478, 2.418, -2.01789],
							"size": [1.056, 4.464, 2.592],
							"pivot": [0.05, 2.706, -0.04737],
							"rotation": [0, 30, 0],
							"uv": {
								"north": {"uv": [17, 22], "uv_size": [1, 4.5]},
								"east": {"uv": [9, 15], "uv_size": [2.5, 4.5]},
								"south": {"uv": [18, 22], "uv_size": [1, 4.5]},
								"west": {"uv": [15, 10], "uv_size": [2.5, 4.5]},
								"up": {"uv": [25, 27], "uv_size": [1, 2.5]},
								"down": {"uv": [26, 29.5], "uv_size": [1, -2.5]}
							}
						},
						{
							"origin": [-0.478, 2.418, -2.01789],
							"size": [1.056, 4.464, 2.592],
							"uv": {
								"north": {"uv": [19, 22], "uv_size": [1, 4.5]},
								"east": {"uv": [12, 15], "uv_size": [2.5, 4.5]},
								"south": {"uv": [22, 19], "uv_size": [1, 4.5]},
								"west": {"uv": [15, 15], "uv_size": [2.5, 4.5]},
								"up": {"uv": [27, 27], "uv_size": [1, 2.5]},
								"down": {"uv": [28, 2.5], "uv_size": [1, -2.5]}
							}
						},
						{
							"origin": [1.10271, 1.43258, 7.73369],
							"size": [0.784, 0.16351, 0.784],
							"pivot": [-1.22782, 1.33286, 4.57844],
							"rotation": [0, 67.5, 0],
							"uv": {
								"north": {"uv": [35, 0], "uv_size": [0.75, 0.25]},
								"east": {"uv": [1, 35], "uv_size": [0.75, 0.25]},
								"south": {"uv": [35, 1], "uv_size": [0.75, 0.25]},
								"west": {"uv": [2, 35], "uv_size": [0.75, 0.25]}
							}
						},
						{
							"origin": [1.02097, 1.35084, 7.65193],
							"size": [0.9475, 0.12262, 0.94751],
							"pivot": [-1.22782, 1.33286, 4.57844],
							"rotation": [0, 67.5, 0],
							"uv": {
								"north": {"uv": [29, 34], "uv_size": [1, 0.25]},
								"east": {"uv": [34, 29], "uv_size": [1, 0.25]},
								"south": {"uv": [30, 34], "uv_size": [1, 0.25]},
								"west": {"uv": [34, 30], "uv_size": [1, 0.25]},
								"up": {"uv": [8, 32], "uv_size": [1, 1]},
								"down": {"uv": [32, 9], "uv_size": [1, -1]}
							}
						},
						{
							"origin": [3.43067, 4.1488, 2.69873],
							"size": [0.16349, 0.49471, 0.6121],
							"pivot": [3.47057, 4.45334, 3.31468],
							"rotation": [-42.7342, 58.6003, -47.2658],
							"uv": {
								"north": {"uv": [35, 15], "uv_size": [0.25, 0.5]},
								"east": {"uv": [28, 34], "uv_size": [0.5, 0.5]},
								"south": {"uv": [16, 35], "uv_size": [0.25, 0.5]},
								"west": {"uv": [34, 28], "uv_size": [0.5, 0.5]}
							}
						},
						{
							"origin": [3.00267, 4.05056, 2.92355],
							"size": [0.1635, 0.49471, 0.6121],
							"pivot": [3.36344, 4.45334, 3.51853],
							"rotation": [42.7342, 58.6003, 47.2658],
							"uv": {
								"north": {"uv": [35, 14], "uv_size": [0.25, 0.5]},
								"east": {"uv": [27, 34], "uv_size": [0.5, 0.5]},
								"south": {"uv": [15, 35], "uv_size": [0.25, 0.5]},
								"west": {"uv": [34, 27], "uv_size": [0.5, 0.5]}
							}
						},
						{
							"origin": [1.381, 6.491, 8.01195],
							"size": [0.22745, 0.90647, 0.22745],
							"pivot": [-1.22782, 0.63286, 4.57844],
							"rotation": [0, 67.5, 0],
							"uv": {
								"north": {"uv": [25, 34], "uv_size": [0.25, 1]},
								"east": {"uv": [34, 25], "uv_size": [0.25, 1]},
								"south": {"uv": [26, 34], "uv_size": [0.25, 1]},
								"west": {"uv": [34, 26], "uv_size": [0.25, 1]},
								"up": {"uv": [22, 37], "uv_size": [0.25, 0.25]}
							}
						},
						{
							"origin": [1.31969, 6.24363, 7.95063],
							"size": [0.35008, 0.48875, 0.35008],
							"pivot": [-1.22782, 0.63286, 4.57844],
							"rotation": [0, 67.5, 0],
							"uv": {
								"north": {"uv": [35, 10], "uv_size": [0.25, 0.5]},
								"east": {"uv": [35, 11], "uv_size": [0.25, 0.5]},
								"south": {"uv": [35, 12], "uv_size": [0.25, 0.5]},
								"west": {"uv": [35, 13], "uv_size": [0.25, 0.5]},
								"up": {"uv": [37, 21], "uv_size": [0.25, 0.25]}
							}
						},
						{
							"origin": [1.25785, 5.83486, 7.88881],
							"size": [0.47374, 0.40877, 0.47374],
							"pivot": [-1.22782, 0.63286, 4.57844],
							"rotation": [0, 67.5, 0],
							"uv": {
								"north": {"uv": [34, 22], "uv_size": [0.5, 0.5]},
								"east": {"uv": [23, 34], "uv_size": [0.5, 0.5]},
								"south": {"uv": [34, 23], "uv_size": [0.5, 0.5]},
								"west": {"uv": [24, 34], "uv_size": [0.5, 0.5]},
								"up": {"uv": [34, 24], "uv_size": [0.5, 0.5]}
							}
						},
						{
							"origin": [3.09819, 4.21826, 3.25689],
							"size": [0.6121, 0.49471, 0.16351],
							"pivot": [3.5326, 4.45334, 3.46448],
							"rotation": [22.5, 67.5, 0],
							"uv": {
								"north": {"uv": [34, 21], "uv_size": [0.5, 0.5]},
								"east": {"uv": [35, 9], "uv_size": [0.25, 0.5]},
								"south": {"uv": [22, 34], "uv_size": [0.5, 0.5]},
								"west": {"uv": [10, 35], "uv_size": [0.25, 0.5]}
							}
						},
						{
							"origin": [1.21697, 5.16048, 7.84793],
							"size": [0.5555, 0.67438, 0.5555],
							"pivot": [-1.22782, 0.53286, 4.57844],
							"rotation": [0, 67.5, 0],
							"uv": {
								"north": {"uv": [34, 5], "uv_size": [0.5, 0.75]},
								"east": {"uv": [6, 34], "uv_size": [0.5, 0.75]},
								"south": {"uv": [34, 6], "uv_size": [0.5, 0.75]},
								"west": {"uv": [7, 34], "uv_size": [0.5, 0.75]},
								"up": {"uv": [21, 34], "uv_size": [0.5, 0.5]}
							}
						},
						{
							"origin": [2.88632, 3.9811, 2.84827],
							"size": [0.6121, 0.49471, 0.16349],
							"pivot": [3.32073, 4.45334, 3.37672],
							"rotation": [-22.5, 67.5, 0],
							"uv": {
								"north": {"uv": [20, 34], "uv_size": [0.5, 0.5]},
								"east": {"uv": [35, 8], "uv_size": [0.25, 0.5]},
								"south": {"uv": [34, 20], "uv_size": [0.5, 0.5]},
								"west": {"uv": [9, 35], "uv_size": [0.25, 0.5]}
							}
						},
						{
							"origin": [1.18657, 4.17316, 7.81753],
							"size": [0.6163, 1.07117, 0.6163],
							"pivot": [-1.22782, 0.53286, 4.57844],
							"rotation": [0, 67.5, 0],
							"uv": {
								"north": {"uv": [19, 33], "uv_size": [0.5, 1]},
								"east": {"uv": [20, 33], "uv_size": [0.5, 1]},
								"south": {"uv": [21, 33], "uv_size": [0.5, 1]},
								"west": {"uv": [22, 33], "uv_size": [0.5, 1]},
								"up": {"uv": [19, 34], "uv_size": [0.5, 0.5]},
								"down": {"uv": [34, 19.5], "uv_size": [0.5, -0.5]}
							}
						},
						{
							"origin": [2.98522, 3.41689, 3.86336],
							"size": [0.2121, 0.52319, 0.2475],
							"pivot": [3.09127, 3.53088, 3.42061],
							"rotation": [25, 67.5, 0],
							"uv": {
								"north": {"uv": [35, 20], "uv_size": [0.25, 0.5]},
								"east": {"uv": [21, 35], "uv_size": [0.25, 0.5]},
								"south": {"uv": [35, 21], "uv_size": [0.25, 0.5]},
								"west": {"uv": [22, 35], "uv_size": [0.25, 0.5]},
								"up": {"uv": [37, 24], "uv_size": [0.25, 0.25]},
								"down": {"uv": [25, 37.25], "uv_size": [0.25, -0.25]}
							}
						},
						{
							"origin": [2.98522, 3.41689, 2.73036],
							"size": [0.2121, 0.52319, 0.24751],
							"pivot": [3.09127, 3.53088, 3.42061],
							"rotation": [-25, 67.5, 0],
							"uv": {
								"north": {"uv": [35, 22], "uv_size": [0.25, 0.5]},
								"east": {"uv": [23, 35], "uv_size": [0.25, 0.5]},
								"south": {"uv": [35, 23], "uv_size": [0.25, 0.5]},
								"west": {"uv": [24, 35], "uv_size": [0.25, 0.5]},
								"up": {"uv": [37, 25], "uv_size": [0.25, 0.25]},
								"down": {"uv": [26, 37.25], "uv_size": [0.25, -0.25]}
							}
						},
						{
							"origin": [2.98522, 2.59609, 2.74686],
							"size": [0.2121, 1.12319, 1.34751],
							"pivot": [3.09127, 3.53088, 3.42061],
							"rotation": [0, 67.5, 0],
							"uv": {
								"north": {"uv": [34, 34], "uv_size": [0.25, 1]},
								"east": {"uv": [31, 31], "uv_size": [1.25, 1]},
								"south": {"uv": [0, 35], "uv_size": [0.25, 1]},
								"west": {"uv": [0, 32], "uv_size": [1.25, 1]},
								"up": {"uv": [34, 13], "uv_size": [0.25, 1.25]},
								"down": {"uv": [14, 35.25], "uv_size": [0.25, -1.25]}
							}
						},
						{
							"origin": [2.81261, 3.64247, 3.71357],
							"size": [0.2121, 0.52319, 0.24751],
							"pivot": [2.91866, 3.90406, 3.83732],
							"rotation": [25, -22.5, 0],
							"uv": {
								"north": {"uv": [35, 18], "uv_size": [0.25, 0.5]},
								"east": {"uv": [19, 35], "uv_size": [0.25, 0.5]},
								"south": {"uv": [35, 19], "uv_size": [0.25, 0.5]},
								"west": {"uv": [20, 35], "uv_size": [0.25, 0.5]},
								"up": {"uv": [37, 23], "uv_size": [0.25, 0.25]},
								"down": {"uv": [24, 37.25], "uv_size": [0.25, -0.25]}
							}
						},
						{
							"origin": [3.16591, 3.64716, 2.86063],
							"size": [0.2121, 0.52319, 0.24751],
							"pivot": [3.27196, 3.85875, 2.98438],
							"rotation": [-25, -22.5, 0],
							"uv": {
								"north": {"uv": [35, 16], "uv_size": [0.25, 0.5]},
								"east": {"uv": [17, 35], "uv_size": [0.25, 0.5]},
								"south": {"uv": [35, 17], "uv_size": [0.25, 0.5]},
								"west": {"uv": [18, 35], "uv_size": [0.25, 0.5]},
								"up": {"uv": [37, 22], "uv_size": [0.25, 0.25]},
								"down": {"uv": [23, 37.25], "uv_size": [0.25, -0.25]}
							}
						},
						{
							"origin": [3.01075, 2.59609, 2.87521],
							"size": [0.2121, 1.12319, 1.34751],
							"pivot": [3.42667, 4.30769, 3.42061],
							"rotation": [0, -22.5, 0],
							"uv": {
								"north": {"uv": [33, 34], "uv_size": [0.25, 1]},
								"east": {"uv": [29, 2], "uv_size": [1.25, 1]},
								"south": {"uv": [34, 33], "uv_size": [0.25, 1]},
								"west": {"uv": [31, 30], "uv_size": [1.25, 1]},
								"up": {"uv": [12, 34], "uv_size": [0.25, 1.25]},
								"down": {"uv": [13, 35.25], "uv_size": [0.25, -1.25]}
							}
						},
						{
							"origin": [2.81075, 2.59609, 3.07521],
							"size": [0.6121, 1.62319, 0.94751],
							"pivot": [3.42667, 4.30769, 3.42061],
							"rotation": [0, -22.5, 0],
							"uv": {
								"north": {"uv": [33, 7], "uv_size": [0.5, 1.5]},
								"east": {"uv": [20, 30], "uv_size": [1, 1.5]},
								"south": {"uv": [8, 33], "uv_size": [0.5, 1.5]},
								"west": {"uv": [21, 30], "uv_size": [1, 1.5]},
								"up": {"uv": [23, 33], "uv_size": [0.5, 1]},
								"down": {"uv": [24, 34], "uv_size": [0.5, -1]}
							}
						},
						{
							"origin": [2.99822, 2.59609, 2.74086],
							"size": [0.23717, 1.62319, 1.10281],
							"pivot": [3.42667, 4.30769, 3.42061],
							"rotation": [0, 22.5, 0],
							"uv": {
								"north": {"uv": [34, 7], "uv_size": [0.25, 1.5]},
								"east": {"uv": [22, 30], "uv_size": [1, 1.5]},
								"south": {"uv": [34, 9], "uv_size": [0.25, 1.5]},
								"west": {"uv": [24, 30], "uv_size": [1, 1.5]},
								"up": {"uv": [31, 34], "uv_size": [0.25, 1]},
								"down": {"uv": [34, 32], "uv_size": [0.25, -1]}
							}
						},
						{
							"origin": [3.43644, 2.59609, 2.55934],
							"size": [0.23716, 1.62319, 1.10281],
							"pivot": [3.42667, 4.30769, 3.42061],
							"rotation": [-180, 67.5, 180],
							"uv": {
								"north": {"uv": [11, 34], "uv_size": [0.25, 1.5]},
								"east": {"uv": [25, 30], "uv_size": [1, 1.5]},
								"south": {"uv": [34, 11], "uv_size": [0.25, 1.5]},
								"west": {"uv": [26, 30], "uv_size": [1, 1.5]},
								"up": {"uv": [32, 34], "uv_size": [0.25, 1]},
								"down": {"uv": [34, 33], "uv_size": [0.25, -1]}
							}
						},
						{
							"origin": [1.18867, 2.59609, 7.65193],
							"size": [0.6121, 1.62319, 0.94751],
							"pivot": [-1.22782, 2.33286, 4.57844],
							"rotation": [0, 67.5, 0],
							"uv": {
								"north": {"uv": [9, 33], "uv_size": [0.5, 1.5]},
								"east": {"uv": [27, 30], "uv_size": [1, 1.5]},
								"south": {"uv": [10, 33], "uv_size": [0.5, 1.5]},
								"west": {"uv": [30, 27], "uv_size": [1, 1.5]},
								"up": {"uv": [33, 24], "uv_size": [0.5, 1]},
								"down": {"uv": [25, 34], "uv_size": [0.5, -1]}
							}
						},
						{
							"origin": [2.81075, 1.59609, 3.07521],
							"size": [0.6121, 1.02319, 0.94751],
							"pivot": [3.42667, 3.30769, 3.42061],
							"rotation": [0, -22.5, 0],
							"uv": {
								"north": {"uv": [15, 33], "uv_size": [0.5, 1]},
								"east": {"uv": [7, 32], "uv_size": [1, 1]},
								"south": {"uv": [16, 33], "uv_size": [0.5, 1]},
								"west": {"uv": [32, 7], "uv_size": [1, 1]},
								"up": {"uv": [17, 33], "uv_size": [0.5, 1]},
								"down": {"uv": [18, 34], "uv_size": [0.5, -1]}
							}
						},
						{
							"origin": [2.99822, 1.59609, 2.74086],
							"size": [0.23717, 1.02319, 1.10281],
							"pivot": [3.42667, 3.30769, 3.42061],
							"rotation": [0, 22.5, 0],
							"uv": {
								"north": {"uv": [17, 34], "uv_size": [0.25, 1]},
								"east": {"uv": [6, 32], "uv_size": [1, 1]},
								"south": {"uv": [34, 17], "uv_size": [0.25, 1]},
								"west": {"uv": [32, 6], "uv_size": [1, 1]},
								"up": {"uv": [18, 34], "uv_size": [0.25, 1]},
								"down": {"uv": [34, 19], "uv_size": [0.25, -1]}
							}
						},
						{
							"origin": [3.43644, 1.59609, 2.55934],
							"size": [0.23716, 1.02319, 1.10281],
							"pivot": [3.42667, 3.30769, 3.42061],
							"rotation": [-180, 67.5, 180],
							"uv": {
								"north": {"uv": [15, 34], "uv_size": [0.25, 1]},
								"east": {"uv": [5, 32], "uv_size": [1, 1]},
								"south": {"uv": [34, 15], "uv_size": [0.25, 1]},
								"west": {"uv": [32, 5], "uv_size": [1, 1]},
								"up": {"uv": [16, 34], "uv_size": [0.25, 1]},
								"down": {"uv": [34, 17], "uv_size": [0.25, -1]}
							}
						},
						{
							"origin": [1.18867, 1.59609, 7.65193],
							"size": [0.6121, 1.02319, 0.94751],
							"pivot": [-1.22782, 1.33286, 4.57844],
							"rotation": [0, 67.5, 0],
							"uv": {
								"north": {"uv": [11, 33], "uv_size": [0.5, 1]},
								"east": {"uv": [32, 3], "uv_size": [1, 1]},
								"south": {"uv": [12, 33], "uv_size": [0.5, 1]},
								"west": {"uv": [32, 4], "uv_size": [1, 1]},
								"up": {"uv": [13, 33], "uv_size": [0.5, 1]},
								"down": {"uv": [14, 34], "uv_size": [0.5, -1]}
							}
						},
						{
							"origin": [2.78522, -0.70391, 1.04686],
							"size": [0.6121, 1.02319, 0.94751],
							"pivot": [3.09127, 1.87819, 1.52061],
							"rotation": [42.24682, -17.04679, 75.0908],
							"uv": {
								"north": {"uv": [11, 33], "uv_size": [0.5, 1]},
								"east": {"uv": [32, 3], "uv_size": [1, 1]},
								"south": {"uv": [12, 33], "uv_size": [0.5, 1]},
								"west": {"uv": [32, 4], "uv_size": [1, 1]},
								"up": {"uv": [13, 33], "uv_size": [0.5, 1]},
								"down": {"uv": [14, 34], "uv_size": [0.5, -1]}
							}
						},
						{
							"origin": [2.97269, -0.70391, 0.96921],
							"size": [0.23716, 1.02319, 1.10281],
							"pivot": [3.09127, 1.87819, 1.52061],
							"rotation": [42.24682, 17.04679, 104.9092],
							"uv": {
								"north": {"uv": [15, 34], "uv_size": [0.25, 1]},
								"east": {"uv": [5, 32], "uv_size": [1, 1]},
								"south": {"uv": [34, 15], "uv_size": [0.25, 1]},
								"west": {"uv": [32, 5], "uv_size": [1, 1]},
								"up": {"uv": [16, 34], "uv_size": [0.25, 1]},
								"down": {"uv": [34, 17], "uv_size": [0.25, -1]}
							}
						},
						{
							"origin": [2.97268, -0.70391, 0.96921],
							"size": [0.23717, 1.02319, 1.10281],
							"pivot": [3.09127, 1.87819, 1.52061],
							"rotation": [65.48396, -45.05075, 32.79781],
							"uv": {
								"north": {"uv": [17, 34], "uv_size": [0.25, 1]},
								"east": {"uv": [6, 32], "uv_size": [1, 1]},
								"south": {"uv": [34, 17], "uv_size": [0.25, 1]},
								"west": {"uv": [32, 6], "uv_size": [1, 1]},
								"up": {"uv": [18, 34], "uv_size": [0.25, 1]},
								"down": {"uv": [34, 19], "uv_size": [0.25, -1]}
							}
						},
						{
							"origin": [2.78522, -0.70391, 1.04686],
							"size": [0.6121, 1.02319, 0.94751],
							"pivot": [3.09127, 1.87819, 1.52061],
							"rotation": [114.51604, -45.05075, -32.79781],
							"uv": {
								"north": {"uv": [15, 33], "uv_size": [0.5, 1]},
								"east": {"uv": [7, 32], "uv_size": [1, 1]},
								"south": {"uv": [16, 33], "uv_size": [0.5, 1]},
								"west": {"uv": [32, 7], "uv_size": [1, 1]},
								"up": {"uv": [17, 33], "uv_size": [0.5, 1]},
								"down": {"uv": [18, 34], "uv_size": [0.5, -1]}
							}
						},
						{
							"origin": [2.78522, 0.29609, 1.04686],
							"size": [0.6121, 1.62319, 0.94751],
							"pivot": [3.09127, 1.87819, 1.52061],
							"rotation": [42.24682, -17.04679, 75.0908],
							"uv": {
								"north": {"uv": [9, 33], "uv_size": [0.5, 1.5]},
								"east": {"uv": [27, 30], "uv_size": [1, 1.5]},
								"south": {"uv": [10, 33], "uv_size": [0.5, 1.5]},
								"west": {"uv": [30, 27], "uv_size": [1, 1.5]},
								"up": {"uv": [33, 24], "uv_size": [0.5, 1]},
								"down": {"uv": [25, 34], "uv_size": [0.5, -1]}
							}
						},
						{
							"origin": [2.97269, 0.29609, 0.96921],
							"size": [0.23716, 1.62319, 1.10281],
							"pivot": [3.09127, 1.87819, 1.52061],
							"rotation": [42.24682, 17.04679, 104.9092],
							"uv": {
								"north": {"uv": [11, 34], "uv_size": [0.25, 1.5]},
								"east": {"uv": [25, 30], "uv_size": [1, 1.5]},
								"south": {"uv": [34, 11], "uv_size": [0.25, 1.5]},
								"west": {"uv": [26, 30], "uv_size": [1, 1.5]},
								"up": {"uv": [32, 34], "uv_size": [0.25, 1]},
								"down": {"uv": [34, 33], "uv_size": [0.25, -1]}
							}
						},
						{
							"origin": [2.97268, 0.29609, 0.96921],
							"size": [0.23717, 1.62319, 1.10281],
							"pivot": [3.09127, 1.87819, 1.52061],
							"rotation": [65.48396, -45.05075, 32.79781],
							"uv": {
								"north": {"uv": [34, 7], "uv_size": [0.25, 1.5]},
								"east": {"uv": [22, 30], "uv_size": [1, 1.5]},
								"south": {"uv": [34, 9], "uv_size": [0.25, 1.5]},
								"west": {"uv": [24, 30], "uv_size": [1, 1.5]},
								"up": {"uv": [31, 34], "uv_size": [0.25, 1]},
								"down": {"uv": [34, 32], "uv_size": [0.25, -1]}
							}
						},
						{
							"origin": [2.78522, 0.29609, 1.04686],
							"size": [0.6121, 1.62319, 0.94751],
							"pivot": [3.09127, 1.87819, 1.52061],
							"rotation": [114.51604, -45.05075, -32.79781],
							"uv": {
								"north": {"uv": [33, 7], "uv_size": [0.5, 1.5]},
								"east": {"uv": [20, 30], "uv_size": [1, 1.5]},
								"south": {"uv": [8, 33], "uv_size": [0.5, 1.5]},
								"west": {"uv": [21, 30], "uv_size": [1, 1.5]},
								"up": {"uv": [23, 33], "uv_size": [0.5, 1]},
								"down": {"uv": [24, 34], "uv_size": [0.5, -1]}
							}
						},
						{
							"origin": [2.98522, 0.29609, 0.84686],
							"size": [0.2121, 1.12319, 1.34751],
							"pivot": [3.09127, 1.87819, 1.52061],
							"rotation": [114.51604, -45.05075, -32.79781],
							"uv": {
								"north": {"uv": [33, 34], "uv_size": [0.25, 1]},
								"east": {"uv": [29, 2], "uv_size": [1.25, 1]},
								"south": {"uv": [34, 33], "uv_size": [0.25, 1]},
								"west": {"uv": [31, 30], "uv_size": [1.25, 1]},
								"up": {"uv": [12, 34], "uv_size": [0.25, 1.25]},
								"down": {"uv": [13, 35.25], "uv_size": [0.25, -1.25]}
							}
						},
						{
							"origin": [2.98522, 1.17754, 1.10393],
							"size": [0.2121, 0.52319, 0.24751],
							"pivot": [3.09127, 1.87819, 1.52061],
							"rotation": [89.51604, -45.05075, -32.79781],
							"uv": {
								"north": {"uv": [35, 16], "uv_size": [0.25, 0.5]},
								"east": {"uv": [17, 35], "uv_size": [0.25, 0.5]},
								"south": {"uv": [35, 17], "uv_size": [0.25, 0.5]},
								"west": {"uv": [18, 35], "uv_size": [0.25, 0.5]},
								"up": {"uv": [37, 22], "uv_size": [0.25, 0.25]},
								"down": {"uv": [23, 37.25], "uv_size": [0.25, -0.25]}
							}
						},
						{
							"origin": [2.98522, 1.17754, 1.68979],
							"size": [0.2121, 0.52319, 0.24751],
							"pivot": [3.09127, 1.87819, 1.52061],
							"rotation": [139.51604, -45.05075, -32.79781],
							"uv": {
								"north": {"uv": [35, 18], "uv_size": [0.25, 0.5]},
								"east": {"uv": [19, 35], "uv_size": [0.25, 0.5]},
								"south": {"uv": [35, 19], "uv_size": [0.25, 0.5]},
								"west": {"uv": [20, 35], "uv_size": [0.25, 0.5]},
								"up": {"uv": [37, 23], "uv_size": [0.25, 0.25]},
								"down": {"uv": [24, 37.25], "uv_size": [0.25, -0.25]}
							}
						},
						{
							"origin": [2.98522, 0.29609, 0.84686],
							"size": [0.2121, 1.12319, 1.34751],
							"pivot": [3.09127, 1.87819, 1.52061],
							"rotation": [42.24682, -17.04679, 75.0908],
							"uv": {
								"north": {"uv": [34, 34], "uv_size": [0.25, 1]},
								"east": {"uv": [31, 31], "uv_size": [1.25, 1]},
								"south": {"uv": [0, 35], "uv_size": [0.25, 1]},
								"west": {"uv": [0, 32], "uv_size": [1.25, 1]},
								"up": {"uv": [34, 13], "uv_size": [0.25, 1.25]},
								"down": {"uv": [14, 35.25], "uv_size": [0.25, -1.25]}
							}
						},
						{
							"origin": [2.98522, 1.17754, 1.10393],
							"size": [0.2121, 0.52319, 0.24751],
							"pivot": [3.09127, 1.87819, 1.52061],
							"rotation": [17.24682, -17.04679, 75.0908],
							"uv": {
								"north": {"uv": [35, 22], "uv_size": [0.25, 0.5]},
								"east": {"uv": [23, 35], "uv_size": [0.25, 0.5]},
								"south": {"uv": [35, 23], "uv_size": [0.25, 0.5]},
								"west": {"uv": [24, 35], "uv_size": [0.25, 0.5]},
								"up": {"uv": [37, 25], "uv_size": [0.25, 0.25]},
								"down": {"uv": [26, 37.25], "uv_size": [0.25, -0.25]}
							}
						},
						{
							"origin": [2.98522, 1.17754, 1.68979],
							"size": [0.2121, 0.52319, 0.24751],
							"pivot": [3.09127, 1.87819, 1.52061],
							"rotation": [67.24682, -17.04679, 75.0908],
							"uv": {
								"north": {"uv": [35, 20], "uv_size": [0.25, 0.5]},
								"east": {"uv": [21, 35], "uv_size": [0.25, 0.5]},
								"south": {"uv": [35, 21], "uv_size": [0.25, 0.5]},
								"west": {"uv": [22, 35], "uv_size": [0.25, 0.5]},
								"up": {"uv": [37, 24], "uv_size": [0.25, 0.25]},
								"down": {"uv": [25, 37.25], "uv_size": [0.25, -0.25]}
							}
						},
						{
							"origin": [2.78312, 1.87316, 1.21246],
							"size": [0.6163, 1.07117, 0.6163],
							"pivot": [3.09127, 1.87819, 1.52061],
							"rotation": [42.24682, -17.04679, 75.0908],
							"uv": {
								"north": {"uv": [19, 33], "uv_size": [0.5, 1]},
								"east": {"uv": [20, 33], "uv_size": [0.5, 1]},
								"south": {"uv": [21, 33], "uv_size": [0.5, 1]},
								"west": {"uv": [22, 33], "uv_size": [0.5, 1]},
								"up": {"uv": [19, 34], "uv_size": [0.5, 0.5]},
								"down": {"uv": [34, 19.5], "uv_size": [0.5, -0.5]}
							}
						},
						{
							"origin": [2.78522, 1.73485, 1.0672],
							"size": [0.6121, 0.49471, 0.16349],
							"pivot": [3.09127, 1.87819, 1.52061],
							"rotation": [19.74682, -17.04679, 75.0908],
							"uv": {
								"north": {"uv": [20, 34], "uv_size": [0.5, 0.5]},
								"east": {"uv": [35, 8], "uv_size": [0.25, 0.5]},
								"south": {"uv": [34, 20], "uv_size": [0.5, 0.5]},
								"west": {"uv": [9, 35], "uv_size": [0.25, 0.5]}
							}
						},
						{
							"origin": [2.81352, 2.86048, 1.24286],
							"size": [0.5555, 0.67438, 0.5555],
							"pivot": [3.09127, 1.87819, 1.52061],
							"rotation": [42.24682, -17.04679, 75.0908],
							"uv": {
								"north": {"uv": [34, 5], "uv_size": [0.5, 0.75]},
								"east": {"uv": [6, 34], "uv_size": [0.5, 0.75]},
								"south": {"uv": [34, 6], "uv_size": [0.5, 0.75]},
								"west": {"uv": [7, 34], "uv_size": [0.5, 0.75]},
								"up": {"uv": [21, 34], "uv_size": [0.5, 0.5]}
							}
						},
						{
							"origin": [2.78522, 1.73486, 1.81052],
							"size": [0.6121, 0.49472, 0.16351],
							"pivot": [3.09127, 1.87819, 1.52061],
							"rotation": [64.74682, -17.04679, 75.0908],
							"uv": {
								"north": {"uv": [34, 21], "uv_size": [0.5, 0.5]},
								"east": {"uv": [35, 9], "uv_size": [0.25, 0.5]},
								"south": {"uv": [22, 34], "uv_size": [0.5, 0.5]},
								"west": {"uv": [10, 35], "uv_size": [0.25, 0.5]}
							}
						},
						{
							"origin": [2.8544, 3.53486, 1.28374],
							"size": [0.47374, 0.40877, 0.47374],
							"pivot": [3.09127, 1.87819, 1.52061],
							"rotation": [42.24682, -17.04679, 75.0908],
							"uv": {
								"north": {"uv": [34, 22], "uv_size": [0.5, 0.5]},
								"east": {"uv": [23, 34], "uv_size": [0.5, 0.5]},
								"south": {"uv": [34, 23], "uv_size": [0.5, 0.5]},
								"west": {"uv": [24, 34], "uv_size": [0.5, 0.5]},
								"up": {"uv": [34, 24], "uv_size": [0.5, 0.5]}
							}
						},
						{
							"origin": [2.91624, 3.94363, 1.34556],
							"size": [0.35008, 0.48875, 0.35008],
							"pivot": [3.09127, 1.87819, 1.52061],
							"rotation": [42.24682, -17.04679, 75.0908],
							"uv": {
								"north": {"uv": [35, 10], "uv_size": [0.25, 0.5]},
								"east": {"uv": [35, 11], "uv_size": [0.25, 0.5]},
								"south": {"uv": [35, 12], "uv_size": [0.25, 0.5]},
								"west": {"uv": [35, 13], "uv_size": [0.25, 0.5]},
								"up": {"uv": [37, 21], "uv_size": [0.25, 0.25]}
							}
						},
						{
							"origin": [2.97755, 4.191, 1.40688],
							"size": [0.22745, 0.90647, 0.22745],
							"pivot": [3.09127, 1.87819, 1.52061],
							"rotation": [42.24682, -17.04679, 75.0908],
							"uv": {
								"north": {"uv": [25, 34], "uv_size": [0.25, 1]},
								"east": {"uv": [34, 25], "uv_size": [0.25, 1]},
								"south": {"uv": [26, 34], "uv_size": [0.25, 1]},
								"west": {"uv": [34, 26], "uv_size": [0.25, 1]},
								"up": {"uv": [22, 37], "uv_size": [0.25, 0.25]}
							}
						},
						{
							"origin": [2.63785, 1.73486, 1.21456],
							"size": [0.1635, 0.49472, 0.6121],
							"pivot": [3.09127, 1.87819, 1.52061],
							"rotation": [34.23867, -31.11929, 94.41438],
							"uv": {
								"north": {"uv": [35, 14], "uv_size": [0.25, 0.5]},
								"east": {"uv": [27, 34], "uv_size": [0.5, 0.5]},
								"south": {"uv": [15, 35], "uv_size": [0.25, 0.5]},
								"west": {"uv": [34, 27], "uv_size": [0.5, 0.5]}
							}
						},
						{
							"origin": [3.38119, 1.73485, 1.21456],
							"size": [0.16349, 0.49471, 0.6121],
							"pivot": [3.09127, 1.87819, 1.52061],
							"rotation": [44.93153, -1.42414, 58.62932],
							"uv": {
								"north": {"uv": [35, 15], "uv_size": [0.25, 0.5]},
								"east": {"uv": [28, 34], "uv_size": [0.5, 0.5]},
								"south": {"uv": [16, 35], "uv_size": [0.25, 0.5]},
								"west": {"uv": [34, 28], "uv_size": [0.5, 0.5]}
							}
						},
						{
							"origin": [2.61752, -0.94916, 1.04686],
							"size": [0.9475, 0.12262, 0.94751],
							"pivot": [3.09127, 1.87819, 1.52061],
							"rotation": [42.24682, -17.04679, 75.0908],
							"uv": {
								"north": {"uv": [29, 34], "uv_size": [1, 0.25]},
								"east": {"uv": [34, 29], "uv_size": [1, 0.25]},
								"south": {"uv": [30, 34], "uv_size": [1, 0.25]},
								"west": {"uv": [34, 30], "uv_size": [1, 0.25]},
								"up": {"uv": [8, 32], "uv_size": [1, 1]},
								"down": {"uv": [32, 9], "uv_size": [1, -1]}
							}
						},
						{
							"origin": [2.69926, -0.86742, 1.12862],
							"size": [0.784, 0.16351, 0.784],
							"pivot": [3.09127, 1.87819, 1.52061],
							"rotation": [42.24682, -17.04679, 75.0908],
							"uv": {
								"north": {"uv": [35, 0], "uv_size": [0.75, 0.25]},
								"east": {"uv": [1, 35], "uv_size": [0.75, 0.25]},
								"south": {"uv": [35, 1], "uv_size": [0.75, 0.25]},
								"west": {"uv": [2, 35], "uv_size": [0.75, 0.25]}
							}
						}
					]
				},
				{
					"name": "bone",
					"parent": "ammo",
					"pivot": [0.05, 8.6, -0.04737],
					"cubes": [
						{
							"origin": [-0.33054, 8.27729, -1.46759],
							"size": [0.76109, 0.44542, 1.86813],
							"pivot": [0.05, 8.6, -0.04737],
							"rotation": [0, -30, 0],
							"uv": {
								"north": {"uv": [34, 4], "uv_size": [0.75, 0.5]},
								"east": {"uv": [32, 23], "uv_size": [1.75, 0.5]},
								"south": {"uv": [5, 34], "uv_size": [0.75, 0.5]},
								"west": {"uv": [24, 32], "uv_size": [1.75, 0.5]},
								"up": {"uv": [29, 31], "uv_size": [0.75, 1.75]},
								"down": {"uv": [30, 32.75], "uv_size": [0.75, -1.75]}
							}
						},
						{
							"origin": [-0.33054, 8.27729, -1.46759],
							"size": [0.76109, 0.44542, 1.86813],
							"pivot": [0.05, 8.6, -0.04737],
							"rotation": [0, -60, 0],
							"uv": {
								"north": {"uv": [34, 3], "uv_size": [0.75, 0.5]},
								"east": {"uv": [32, 21], "uv_size": [1.75, 0.5]},
								"south": {"uv": [4, 34], "uv_size": [0.75, 0.5]},
								"west": {"uv": [32, 22], "uv_size": [1.75, 0.5]},
								"up": {"uv": [28, 31], "uv_size": [0.75, 1.75]},
								"down": {"uv": [31, 29.75], "uv_size": [0.75, -1.75]}
							}
						},
						{
							"origin": [-0.33054, 8.27729, -1.46759],
							"size": [0.76109, 0.44542, 1.86813],
							"pivot": [0.05, 8.6, -0.04737],
							"rotation": [0, -90, 0],
							"uv": {
								"north": {"uv": [2, 34], "uv_size": [0.75, 0.5]},
								"east": {"uv": [20, 32], "uv_size": [1.75, 0.5]},
								"south": {"uv": [3, 34], "uv_size": [0.75, 0.5]},
								"west": {"uv": [32, 20], "uv_size": [1.75, 0.5]},
								"up": {"uv": [31, 24], "uv_size": [0.75, 1.75]},
								"down": {"uv": [31, 27.75], "uv_size": [0.75, -1.75]}
							}
						},
						{
							"origin": [-0.33054, 8.27729, -1.46759],
							"size": [0.76109, 0.44542, 1.86813],
							"pivot": [0.05, 8.6, -0.04737],
							"rotation": [0, -120, 0],
							"uv": {
								"north": {"uv": [0, 34], "uv_size": [0.75, 0.5]},
								"east": {"uv": [32, 18], "uv_size": [1.75, 0.5]},
								"south": {"uv": [1, 34], "uv_size": [0.75, 0.5]},
								"west": {"uv": [32, 19], "uv_size": [1.75, 0.5]},
								"up": {"uv": [31, 22], "uv_size": [0.75, 1.75]},
								"down": {"uv": [23, 32.75], "uv_size": [0.75, -1.75]}
							}
						},
						{
							"origin": [-0.33055, 8.27729, -1.46759],
							"size": [0.76109, 0.44542, 1.86813],
							"pivot": [0.05, 8.6, -0.04737],
							"rotation": [0, -150, 0],
							"uv": {
								"north": {"uv": [33, 32], "uv_size": [0.75, 0.5]},
								"east": {"uv": [32, 16], "uv_size": [1.75, 0.5]},
								"south": {"uv": [33, 33], "uv_size": [0.75, 0.5]},
								"west": {"uv": [32, 17], "uv_size": [1.75, 0.5]},
								"up": {"uv": [31, 18], "uv_size": [0.75, 1.75]},
								"down": {"uv": [31, 21.75], "uv_size": [0.75, -1.75]}
							}
						},
						{
							"origin": [-0.33055, 8.27729, -1.76759],
							"size": [0.76109, 0.54542, 2.16813],
							"pivot": [0.05, 8.6, -0.04737],
							"rotation": [0, 180, 0],
							"uv": {
								"north": {"uv": [33, 31], "uv_size": [0.75, 0.5]},
								"east": {"uv": [2, 32], "uv_size": [2.25, 0.5]},
								"south": {"uv": [32, 33], "uv_size": [0.75, 0.5]},
								"west": {"uv": [32, 2], "uv_size": [2.25, 0.5]},
								"up": {"uv": [18, 30], "uv_size": [0.75, 2.25]},
								"down": {"uv": [19, 32.25], "uv_size": [0.75, -2.25]}
							}
						},
						{
							"origin": [-0.33055, 8.27729, -1.46759],
							"size": [0.76109, 0.44542, 1.86813],
							"pivot": [0.05, 8.6, -0.04737],
							"rotation": [0, 150, 0],
							"uv": {
								"north": {"uv": [33, 30], "uv_size": [0.75, 0.5]},
								"east": {"uv": [32, 14], "uv_size": [1.75, 0.5]},
								"south": {"uv": [31, 33], "uv_size": [0.75, 0.5]},
								"west": {"uv": [32, 15], "uv_size": [1.75, 0.5]},
								"up": {"uv": [31, 14], "uv_size": [0.75, 1.75]},
								"down": {"uv": [31, 17.75], "uv_size": [0.75, -1.75]}
							}
						},
						{
							"origin": [-0.33055, 8.27729, -1.46759],
							"size": [0.76109, 0.44542, 1.86813],
							"pivot": [0.05, 8.6, -0.04737],
							"rotation": [0, 120, 0],
							"uv": {
								"north": {"uv": [33, 29], "uv_size": [0.75, 0.5]},
								"east": {"uv": [13, 32], "uv_size": [1.75, 0.5]},
								"south": {"uv": [30, 33], "uv_size": [0.75, 0.5]},
								"west": {"uv": [32, 13], "uv_size": [1.75, 0.5]},
								"up": {"uv": [31, 10], "uv_size": [0.75, 1.75]},
								"down": {"uv": [31, 13.75], "uv_size": [0.75, -1.75]}
							}
						},
						{
							"origin": [-0.33055, 8.27729, -1.46759],
							"size": [0.76109, 0.44542, 1.86813],
							"pivot": [0.05, 8.6, -0.04737],
							"rotation": [0, 90, 0],
							"uv": {
								"north": {"uv": [33, 28], "uv_size": [0.75, 0.5]},
								"east": {"uv": [32, 11], "uv_size": [1.75, 0.5]},
								"south": {"uv": [29, 33], "uv_size": [0.75, 0.5]},
								"west": {"uv": [32, 12], "uv_size": [1.75, 0.5]},
								"up": {"uv": [31, 6], "uv_size": [0.75, 1.75]},
								"down": {"uv": [31, 9.75], "uv_size": [0.75, -1.75]}
							}
						},
						{
							"origin": [-0.33055, 8.27729, -1.46759],
							"size": [0.76109, 0.44542, 1.86813],
							"pivot": [0.05, 8.6, -0.04737],
							"rotation": [0, 60, 0],
							"uv": {
								"north": {"uv": [33, 27], "uv_size": [0.75, 0.5]},
								"east": {"uv": [32, 10], "uv_size": [1.75, 0.5]},
								"south": {"uv": [28, 33], "uv_size": [0.75, 0.5]},
								"west": {"uv": [11, 32], "uv_size": [1.75, 0.5]},
								"up": {"uv": [31, 2], "uv_size": [0.75, 1.75]},
								"down": {"uv": [31, 5.75], "uv_size": [0.75, -1.75]}
							}
						},
						{
							"origin": [-0.33055, 8.27729, -1.46759],
							"size": [0.76109, 0.44542, 1.86813],
							"pivot": [0.05, 8.6, -0.04737],
							"rotation": [0, 30, 0],
							"uv": {
								"north": {"uv": [33, 26], "uv_size": [0.75, 0.5]},
								"east": {"uv": [9, 32], "uv_size": [1.75, 0.5]},
								"south": {"uv": [27, 33], "uv_size": [0.75, 0.5]},
								"west": {"uv": [32, 9], "uv_size": [1.75, 0.5]},
								"up": {"uv": [30, 29], "uv_size": [0.75, 1.75]},
								"down": {"uv": [31, 1.75], "uv_size": [0.75, -1.75]}
							}
						},
						{
							"origin": [-0.33055, 8.27729, -1.76759],
							"size": [0.76109, 0.54542, 2.16813],
							"uv": {
								"north": {"uv": [33, 25], "uv_size": [0.75, 0.5]},
								"east": {"uv": [32, 0], "uv_size": [2.25, 0.5]},
								"south": {"uv": [26, 33], "uv_size": [0.75, 0.5]},
								"west": {"uv": [32, 1], "uv_size": [2.25, 0.5]},
								"up": {"uv": [16, 30], "uv_size": [0.75, 2.25]},
								"down": {"uv": [17, 32.25], "uv_size": [0.75, -2.25]}
							}
						}
					]
				},
				{
					"name": "logo",
					"parent": "ammo",
					"pivot": [2.0937, 7.70221, -0.10426],
					"cubes": [
						{
							"origin": [2.02739, 7.40703, -0.29289],
							"size": [0.13261, 0.53044, 0.15155],
							"pivot": [2.1, 7.71014, -0.21712],
							"rotation": [-30, 0, 0],
							"uv": {
								"north": {"uv": [35, 2], "uv_size": [0.25, 0.5]},
								"east": {"uv": [3, 35], "uv_size": [0.25, 0.5]},
								"south": {"uv": [35, 3], "uv_size": [0.25, 0.5]},
								"west": {"uv": [4, 35], "uv_size": [0.25, 0.5]},
								"up": {"uv": [35, 24], "uv_size": [0.25, 0.25]},
								"down": {"uv": [25, 35.25], "uv_size": [0.25, -0.25]}
							}
						},
						{
							"origin": [2.02739, 7.36915, -0.17923],
							"size": [0.13261, 0.0663, 0.03789],
							"pivot": [2.1, 7.71014, -0.21712],
							"rotation": [-30, 0, 0],
							"uv": {
								"north": {"uv": [35, 25], "uv_size": [0.25, 0.25]},
								"east": {"uv": [26, 35], "uv_size": [0.25, 0.25]},
								"south": {"uv": [35, 26], "uv_size": [0.25, 0.25]},
								"west": {"uv": [27, 35], "uv_size": [0.25, 0.25]},
								"up": {"uv": [35, 27], "uv_size": [0.25, 0.25]},
								"down": {"uv": [28, 35.25], "uv_size": [0.25, -0.25]}
							}
						},
						{
							"origin": [2.02739, 7.36205, -0.16329],
							"size": [0.13261, 0.00837, 0.01721],
							"pivot": [2.1, 7.70194, -0.22185],
							"rotation": [-30, 0, 0],
							"uv": {
								"north": {"uv": [35, 28], "uv_size": [0.25, 0.25]},
								"east": {"uv": [29, 35], "uv_size": [0.25, 0.25]},
								"south": {"uv": [35, 29], "uv_size": [0.25, 0.25]},
								"west": {"uv": [30, 35], "uv_size": [0.25, 0.25]},
								"up": {"uv": [35, 30], "uv_size": [0.25, 0.25]},
								"down": {"uv": [31, 35.25], "uv_size": [0.25, -0.25]}
							}
						},
						{
							"origin": [2.02739, 7.36749, -0.40787],
							"size": [0.13261, 0.14208, 0.03789],
							"pivot": [2.1, 7.46222, -0.38893],
							"rotation": [41, 0, 0],
							"uv": {
								"north": {"uv": [35, 31], "uv_size": [0.25, 0.25]},
								"east": {"uv": [32, 35], "uv_size": [0.25, 0.25]},
								"south": {"uv": [35, 32], "uv_size": [0.25, 0.25]},
								"west": {"uv": [33, 35], "uv_size": [0.25, 0.25]},
								"up": {"uv": [35, 33], "uv_size": [0.25, 0.25]},
								"down": {"uv": [34, 35.25], "uv_size": [0.25, -0.25]}
							}
						},
						{
							"origin": [2.02739, 7.36749, 0.12257],
							"size": [0.13261, 0.14208, 0.03789],
							"pivot": [2.1, 7.46222, 0.14151],
							"rotation": [41, 0, 0],
							"uv": {
								"north": {"uv": [35, 34], "uv_size": [0.25, 0.25]},
								"east": {"uv": [35, 35], "uv_size": [0.25, 0.25]},
								"south": {"uv": [0, 36], "uv_size": [0.25, 0.25]},
								"west": {"uv": [36, 0], "uv_size": [0.25, 0.25]},
								"up": {"uv": [1, 36], "uv_size": [0.25, 0.25]},
								"down": {"uv": [36, 1.25], "uv_size": [0.25, -0.25]}
							}
						},
						{
							"origin": [2.02739, 7.36915, 0.35121],
							"size": [0.13261, 0.0663, 0.03789],
							"pivot": [2.1, 7.71014, 0.31332],
							"rotation": [-30, 0, 0],
							"uv": {
								"north": {"uv": [2, 36], "uv_size": [0.25, 0.25]},
								"east": {"uv": [36, 2], "uv_size": [0.25, 0.25]},
								"south": {"uv": [3, 36], "uv_size": [0.25, 0.25]},
								"west": {"uv": [36, 3], "uv_size": [0.25, 0.25]},
								"up": {"uv": [4, 36], "uv_size": [0.25, 0.25]},
								"down": {"uv": [36, 4.25], "uv_size": [0.25, -0.25]}
							}
						},
						{
							"origin": [2.02739, 7.36205, 0.36715],
							"size": [0.13261, 0.00837, 0.01721],
							"pivot": [2.1, 7.70194, 0.30859],
							"rotation": [-30, 0, 0],
							"uv": {
								"north": {"uv": [5, 36], "uv_size": [0.25, 0.25]},
								"east": {"uv": [36, 5], "uv_size": [0.25, 0.25]},
								"south": {"uv": [6, 36], "uv_size": [0.25, 0.25]},
								"west": {"uv": [36, 6], "uv_size": [0.25, 0.25]},
								"up": {"uv": [7, 36], "uv_size": [0.25, 0.25]},
								"down": {"uv": [36, 7.25], "uv_size": [0.25, -0.25]}
							}
						},
						{
							"origin": [2.02739, 7.40703, -0.02767],
							"size": [0.13261, 0.5448, 0.15155],
							"pivot": [2.1, 7.71014, 0.0481],
							"rotation": [-30, 0, 0],
							"uv": {
								"north": {"uv": [35, 4], "uv_size": [0.25, 0.5]},
								"east": {"uv": [5, 35], "uv_size": [0.25, 0.5]},
								"south": {"uv": [35, 5], "uv_size": [0.25, 0.5]},
								"west": {"uv": [6, 35], "uv_size": [0.25, 0.5]},
								"up": {"uv": [8, 36], "uv_size": [0.25, 0.25]},
								"down": {"uv": [36, 8.25], "uv_size": [0.25, -0.25]}
							}
						},
						{
							"origin": [2.02739, 7.40703, 0.23755],
							"size": [0.13261, 0.45008, 0.15155],
							"pivot": [2.1, 7.71014, 0.31332],
							"rotation": [-30, 0, 0],
							"uv": {
								"north": {"uv": [35, 6], "uv_size": [0.25, 0.5]},
								"east": {"uv": [7, 35], "uv_size": [0.25, 0.5]},
								"south": {"uv": [35, 7], "uv_size": [0.25, 0.5]},
								"west": {"uv": [8, 35], "uv_size": [0.25, 0.5]},
								"up": {"uv": [9, 36], "uv_size": [0.25, 0.25]},
								"down": {"uv": [36, 9.25], "uv_size": [0.25, -0.25]}
							}
						},
						{
							"origin": [2.02739, 7.36915, 0.08599],
							"size": [0.13261, 0.0663, 0.03789],
							"pivot": [2.1, 7.71014, 0.0481],
							"rotation": [-30, 0, 0],
							"uv": {
								"north": {"uv": [10, 36], "uv_size": [0.25, 0.25]},
								"east": {"uv": [36, 10], "uv_size": [0.25, 0.25]},
								"south": {"uv": [11, 36], "uv_size": [0.25, 0.25]},
								"west": {"uv": [36, 11], "uv_size": [0.25, 0.25]},
								"up": {"uv": [12, 36], "uv_size": [0.25, 0.25]},
								"down": {"uv": [36, 12.25], "uv_size": [0.25, -0.25]}
							}
						},
						{
							"origin": [2.02739, 7.36749, -0.14265],
							"size": [0.13261, 0.14208, 0.03789],
							"pivot": [2.1, 7.46222, -0.12371],
							"rotation": [41, 0, 0],
							"uv": {
								"north": {"uv": [13, 36], "uv_size": [0.25, 0.25]},
								"east": {"uv": [36, 13], "uv_size": [0.25, 0.25]},
								"south": {"uv": [14, 36], "uv_size": [0.25, 0.25]},
								"west": {"uv": [36, 14], "uv_size": [0.25, 0.25]},
								"up": {"uv": [15, 36], "uv_size": [0.25, 0.25]},
								"down": {"uv": [36, 15.25], "uv_size": [0.25, -0.25]}
							}
						},
						{
							"origin": [2.02739, 7.36205, 0.10193],
							"size": [0.13261, 0.00837, 0.01721],
							"pivot": [2.1, 7.70194, 0.04337],
							"rotation": [-30, 0, 0],
							"uv": {
								"north": {"uv": [16, 36], "uv_size": [0.25, 0.25]},
								"east": {"uv": [36, 16], "uv_size": [0.25, 0.25]},
								"south": {"uv": [17, 36], "uv_size": [0.25, 0.25]},
								"west": {"uv": [36, 17], "uv_size": [0.25, 0.25]},
								"up": {"uv": [18, 36], "uv_size": [0.25, 0.25]},
								"down": {"uv": [36, 18.25], "uv_size": [0.25, -0.25]}
							}
						},
						{
							"origin": [2.02739, 7.91853, -0.17923],
							"size": [0.13261, 0.09472, 0.03789],
							"pivot": [2.1, 7.71014, -0.21712],
							"rotation": [-30, 0, 0],
							"uv": {
								"north": {"uv": [19, 36], "uv_size": [0.25, 0.25]},
								"east": {"uv": [36, 19], "uv_size": [0.25, 0.25]},
								"south": {"uv": [20, 36], "uv_size": [0.25, 0.25]},
								"west": {"uv": [36, 20], "uv_size": [0.25, 0.25]},
								"up": {"uv": [21, 36], "uv_size": [0.25, 0.25]},
								"down": {"uv": [36, 21.25], "uv_size": [0.25, -0.25]}
							}
						},
						{
							"origin": [2.02739, 7.99431, -0.16028],
							"size": [0.13261, 0.03221, 0.01894],
							"pivot": [2.1, 7.71014, -0.21712],
							"rotation": [-30, 0, 0],
							"uv": {
								"north": {"uv": [22, 36], "uv_size": [0.25, 0.25]},
								"east": {"uv": [36, 22], "uv_size": [0.25, 0.25]},
								"south": {"uv": [23, 36], "uv_size": [0.25, 0.25]},
								"west": {"uv": [36, 23], "uv_size": [0.25, 0.25]},
								"up": {"uv": [24, 36], "uv_size": [0.25, 0.25]},
								"down": {"uv": [36, 24.25], "uv_size": [0.25, -0.25]}
							}
						},
						{
							"origin": [2.02739, 7.80486, -0.40656],
							"size": [0.13261, 0.15155, 0.30311],
							"uv": {
								"north": {"uv": [25, 36], "uv_size": [0.25, 0.25]},
								"east": {"uv": [36, 25], "uv_size": [0.25, 0.25]},
								"south": {"uv": [26, 36], "uv_size": [0.25, 0.25]},
								"west": {"uv": [36, 26], "uv_size": [0.25, 0.25]},
								"up": {"uv": [27, 36], "uv_size": [0.25, 0.25]},
								"down": {"uv": [36, 27.25], "uv_size": [0.25, -0.25]}
							}
						},
						{
							"origin": [2.02739, 7.80486, 0.10494],
							"size": [0.13261, 0.15155, 0.30311],
							"uv": {
								"north": {"uv": [28, 36], "uv_size": [0.25, 0.25]},
								"east": {"uv": [36, 28], "uv_size": [0.25, 0.25]},
								"south": {"uv": [29, 36], "uv_size": [0.25, 0.25]},
								"west": {"uv": [36, 29], "uv_size": [0.25, 0.25]},
								"up": {"uv": [30, 36], "uv_size": [0.25, 0.25]},
								"down": {"uv": [36, 30.25], "uv_size": [0.25, -0.25]}
							}
						},
						{
							"origin": [2.02739, 7.79931, -0.4597],
							"size": [0.13261, 0.18186, 0.01894],
							"pivot": [2.1, 7.87509, -0.44075],
							"rotation": [40, 0, 0],
							"uv": {
								"north": {"uv": [31, 36], "uv_size": [0.25, 0.25]},
								"east": {"uv": [36, 31], "uv_size": [0.25, 0.25]},
								"south": {"uv": [32, 36], "uv_size": [0.25, 0.25]},
								"west": {"uv": [36, 32], "uv_size": [0.25, 0.25]},
								"up": {"uv": [33, 36], "uv_size": [0.25, 0.25]},
								"down": {"uv": [36, 33.25], "uv_size": [0.25, -0.25]}
							}
						},
						{
							"origin": [2.02739, 7.81826, -0.44075],
							"size": [0.13261, 0.12503, 0.03789],
							"pivot": [2.1, 7.87509, -0.44075],
							"rotation": [40, 0, 0],
							"uv": {
								"north": {"uv": [34, 36], "uv_size": [0.25, 0.25]},
								"east": {"uv": [36, 34], "uv_size": [0.25, 0.25]},
								"south": {"uv": [35, 36], "uv_size": [0.25, 0.25]},
								"west": {"uv": [36, 35], "uv_size": [0.25, 0.25]},
								"up": {"uv": [36, 36], "uv_size": [0.25, 0.25]},
								"down": {"uv": [0, 37.25], "uv_size": [0.25, -0.25]}
							}
						},
						{
							"origin": [2.02739, 7.85614, -0.42181],
							"size": [0.13261, 0.0682, 0.03789],
							"pivot": [2.1, 7.87509, -0.44075],
							"rotation": [40, 0, 0],
							"uv": {
								"north": {"uv": [37, 0], "uv_size": [0.25, 0.25]},
								"east": {"uv": [1, 37], "uv_size": [0.25, 0.25]},
								"south": {"uv": [37, 1], "uv_size": [0.25, 0.25]},
								"west": {"uv": [2, 37], "uv_size": [0.25, 0.25]},
								"up": {"uv": [37, 2], "uv_size": [0.25, 0.25]},
								"down": {"uv": [3, 37.25], "uv_size": [0.25, -0.25]}
							}
						},
						{
							"origin": [2.02739, 7.88064, -0.12239],
							"size": [0.13261, 0.05683, 0.08525],
							"uv": {
								"north": {"uv": [37, 3], "uv_size": [0.25, 0.25]},
								"east": {"uv": [4, 37], "uv_size": [0.25, 0.25]},
								"south": {"uv": [37, 4], "uv_size": [0.25, 0.25]},
								"west": {"uv": [5, 37], "uv_size": [0.25, 0.25]},
								"up": {"uv": [37, 5], "uv_size": [0.25, 0.25]},
								"down": {"uv": [6, 37.25], "uv_size": [0.25, -0.25]}
							}
						},
						{
							"origin": [2.02739, 7.93747, -0.10345],
							"size": [0.13261, 0.01894, 0.10419],
							"uv": {
								"north": {"uv": [37, 6], "uv_size": [0.25, 0.25]},
								"east": {"uv": [7, 37], "uv_size": [0.25, 0.25]},
								"south": {"uv": [37, 7], "uv_size": [0.25, 0.25]},
								"west": {"uv": [8, 37], "uv_size": [0.25, 0.25]},
								"up": {"uv": [37, 8], "uv_size": [0.25, 0.25]},
								"down": {"uv": [9, 37.25], "uv_size": [0.25, -0.25]}
							}
						},
						{
							"origin": [2.02739, 7.79954, 0.40804],
							"size": [0.13261, 0.15688, 0.04439],
							"uv": {
								"north": {"uv": [37, 9], "uv_size": [0.25, 0.25]},
								"east": {"uv": [10, 37], "uv_size": [0.25, 0.25]},
								"south": {"uv": [37, 10], "uv_size": [0.25, 0.25]},
								"west": {"uv": [11, 37], "uv_size": [0.25, 0.25]},
								"up": {"uv": [37, 11], "uv_size": [0.25, 0.25]},
								"down": {"uv": [12, 37.25], "uv_size": [0.25, -0.25]}
							}
						},
						{
							"origin": [2.02739, 7.93747, -0.52022],
							"size": [0.13261, 0.01894, 0.11367],
							"uv": {
								"north": {"uv": [37, 12], "uv_size": [0.25, 0.25]},
								"east": {"uv": [13, 37], "uv_size": [0.25, 0.25]},
								"south": {"uv": [37, 13], "uv_size": [0.25, 0.25]},
								"west": {"uv": [14, 37], "uv_size": [0.25, 0.25]},
								"up": {"uv": [37, 14], "uv_size": [0.25, 0.25]},
								"down": {"uv": [15, 37.25], "uv_size": [0.25, -0.25]}
							}
						},
						{
							"origin": [2.02739, 7.91853, -0.50128],
							"size": [0.13261, 0.01894, 0.11367],
							"uv": {
								"north": {"uv": [37, 15], "uv_size": [0.25, 0.25]},
								"east": {"uv": [16, 37], "uv_size": [0.25, 0.25]},
								"south": {"uv": [37, 16], "uv_size": [0.25, 0.25]},
								"west": {"uv": [17, 37], "uv_size": [0.25, 0.25]},
								"up": {"uv": [37, 17], "uv_size": [0.25, 0.25]},
								"down": {"uv": [18, 37.25], "uv_size": [0.25, -0.25]}
							}
						},
						{
							"origin": [2.02739, 7.93747, -0.02767],
							"size": [0.13261, 0.01894, 0.01894],
							"uv": {
								"north": {"uv": [37, 18], "uv_size": [0.25, 0.25]},
								"east": {"uv": [19, 37], "uv_size": [0.25, 0.25]},
								"south": {"uv": [37, 19], "uv_size": [0.25, 0.25]},
								"west": {"uv": [20, 37], "uv_size": [0.25, 0.25]},
								"up": {"uv": [37, 20], "uv_size": [0.25, 0.25]},
								"down": {"uv": [21, 37.25], "uv_size": [0.25, -0.25]}
							}
						}
					]
				}
			]
		}
	]
}