{
	"format_version": "1.12.0",
	"minecraft:geometry": [
		{
			"description": {
				"identifier": "geometry.unknown",
				"texture_width": 128,
				"texture_height": 257,
				"visible_bounds_width": 8,
				"visible_bounds_height": 4,
				"visible_bounds_offset": [0, 1, 0]
			},
			"bones": [
				{
					"name": "main",
					"pivot": [0, 0, 0],
					"cubes": [
						{
							"origin": [-1.3, 12.3, -2.4],
							"size": [0.3, 3.3, 9.4],
							"pivot": [-2, 0, 1],
							"rotation": [0, 15, 0],
							"uv": {
								"north": {"uv": [28, 79], "uv_size": [0.25, 3.25]},
								"east": {"uv": [20, 0], "uv_size": [9.5, 3.25]},
								"south": {"uv": [29, 79], "uv_size": [0.25, 3.25]},
								"west": {"uv": [20, 4], "uv_size": [9.5, 3.25]},
								"up": {"uv": [72, 6], "uv_size": [0.25, 9.5]},
								"down": {"uv": [7, 81.5], "uv_size": [0.25, -9.5]}
							}
						},
						{
							"origin": [-4.6, 12.3, -2.4],
							"size": [0.3, 3.3, 9.4],
							"pivot": [-2, 0, 1],
							"rotation": [0, 15, 0],
							"uv": {
								"north": {"uv": [31, 79], "uv_size": [0.25, 3.25]},
								"east": {"uv": [20, 8], "uv_size": [9.5, 3.25]},
								"south": {"uv": [32, 79], "uv_size": [0.25, 3.25]},
								"west": {"uv": [16, 21], "uv_size": [9.5, 3.25]},
								"up": {"uv": [8, 72], "uv_size": [0.25, 9.5]},
								"down": {"uv": [9, 81.5], "uv_size": [0.25, -9.5]}
							}
						},
						{
							"origin": [-5.068, 15.21556, -1.57226],
							"size": [0.3, 3.4, 9.4],
							"pivot": [-4.918, 16.86556, 3.12774],
							"rotation": [-8.73739, 12.2403, -35.93866],
							"uv": {
								"north": {"uv": [26, 79], "uv_size": [0.25, 3.5]},
								"east": {"uv": [16, 13], "uv_size": [9.5, 3.5]},
								"south": {"uv": [27, 79], "uv_size": [0.25, 3.5]},
								"west": {"uv": [16, 17], "uv_size": [9.5, 3.5]},
								"up": {"uv": [10, 72], "uv_size": [0.25, 9.5]},
								"down": {"uv": [11, 81.5], "uv_size": [0.25, -9.5]}
							}
						},
						{
							"origin": [-5.71877, 18.07938, -0.79789],
							"size": [0.3, 1.5, 8.2],
							"pivot": [-5.56877, 18.82938, 3.30211],
							"rotation": [6.46066, 13.56626, 25.76926],
							"uv": {
								"north": {"uv": [27, 83], "uv_size": [0.25, 1.5]},
								"east": {"uv": [42, 36], "uv_size": [8.25, 1.5]},
								"south": {"uv": [83, 27], "uv_size": [0.25, 1.5]},
								"west": {"uv": [42, 38], "uv_size": [8.25, 1.5]},
								"up": {"uv": [37, 75], "uv_size": [0.25, 8.25]},
								"down": {"uv": [68, 83.25], "uv_size": [0.25, -8.25]}
							}
						},
						{
							"origin": [-4.5, 12.3, -2.4],
							"size": [3.2, 3.3, 0.5],
							"pivot": [-2, 0, 1],
							"rotation": [0, 15, 0],
							"uv": {
								"north": {"uv": [54, 45], "uv_size": [3.25, 3.25]},
								"east": {"uv": [6, 78], "uv_size": [0.5, 3.25]},
								"south": {"uv": [54, 49], "uv_size": [3.25, 3.25]},
								"west": {"uv": [12, 78], "uv_size": [0.5, 3.25]},
								"up": {"uv": [20, 12], "uv_size": [3.25, 0.5]},
								"down": {"uv": [78, 14.5], "uv_size": [3.25, -0.5]}
							}
						},
						{
							"origin": [-4.5, 12.3, 6.5],
							"size": [3.2, 3.3, 0.5],
							"pivot": [-2, 0, 1],
							"rotation": [0, 15, 0],
							"uv": {
								"north": {"uv": [52, 54], "uv_size": [3.25, 3.25]},
								"east": {"uv": [13, 78], "uv_size": [0.5, 3.25]},
								"south": {"uv": [56, 0], "uv_size": [3.25, 3.25]},
								"west": {"uv": [78, 15], "uv_size": [0.5, 3.25]},
								"up": {"uv": [78, 19], "uv_size": [3.25, 0.5]},
								"down": {"uv": [20, 78.5], "uv_size": [3.25, -0.5]}
							}
						},
						{
							"origin": [-2.85298, 15.17452, 7.11524],
							"size": [3.2, 1.9, 0.3],
							"pivot": [-1.25298, 16.32452, 7.26524],
							"rotation": [-30, 15, 0],
							"uv": {
								"north": {"uv": [64, 35], "uv_size": [3.25, 2]},
								"east": {"uv": [82, 15], "uv_size": [0.25, 2]},
								"south": {"uv": [64, 37], "uv_size": [3.25, 2]},
								"west": {"uv": [82, 17], "uv_size": [0.25, 2]},
								"up": {"uv": [79, 25], "uv_size": [3.25, 0.25]},
								"down": {"uv": [33, 79.25], "uv_size": [3.25, -0.25]}
							}
						},
						{
							"origin": [-5.41275, 15.17452, -2.43796],
							"size": [3.2, 1.9, 0.3],
							"pivot": [-3.81275, 16.32452, -2.28796],
							"rotation": [30, 15, 0],
							"uv": {
								"north": {"uv": [64, 39], "uv_size": [3.25, 2]},
								"east": {"uv": [82, 19], "uv_size": [0.25, 2]},
								"south": {"uv": [64, 41], "uv_size": [3.25, 2]},
								"west": {"uv": [82, 21], "uv_size": [0.25, 2]},
								"up": {"uv": [79, 36], "uv_size": [3.25, 0.25]},
								"down": {"uv": [79, 37.25], "uv_size": [3.25, -0.25]}
							}
						},
						{
							"origin": [-4.6, -0.1, -2.4],
							"size": [3.6, 12.4, 9.4],
							"pivot": [-2, 0, 1],
							"rotation": [0, 15, 0],
							"uv": {
								"north": {"uv": [0, 13], "uv_size": [3.5, 12.5]},
								"east": {"uv": [0, 0], "uv_size": [9.5, 12.5]},
								"south": {"uv": [4, 13], "uv_size": [3.5, 12.5]},
								"west": {"uv": [10, 0], "uv_size": [9.5, 12.5]},
								"up": {"uv": [8, 13], "uv_size": [3.5, 9.5]},
								"down": {"uv": [12, 22.5], "uv_size": [3.5, -9.5]}
							}
						},
						{
							"origin": [-0.60031, 2.8, -1.51606],
							"size": [0.001, 8.1, 7],
							"pivot": [-0.64931, 6.1, 1.98394],
							"rotation": [0, -165, 0],
							"uv": {
								"east": {"uv": [1.25, 100.25], "uv_size": [126.75, 151]}
							}
						}
					]
				},
				{
					"name": "ammo",
					"parent": "main",
					"pivot": [0.55, 2.75, -2.79904],
					"cubes": [
						{
							"origin": [-2.5, 1, -6],
							"size": [1.5, 6.4, 1.6],
							"uv": {
								"north": {"uv": [40, 54], "uv_size": [1.5, 6.5]},
								"east": {"uv": [56, 4], "uv_size": [1.5, 6.5]},
								"south": {"uv": [56, 11], "uv_size": [1.5, 6.5]},
								"west": {"uv": [56, 18], "uv_size": [1.5, 6.5]},
								"up": {"uv": [66, 33], "uv_size": [1.5, 1.5]},
								"down": {"uv": [14, 73.5], "uv_size": [1.5, -1.5]}
							}
						},
						{
							"origin": [-2.80394, 1, -5.82452],
							"size": [1.5, 6.4, 1.6],
							"pivot": [-2.05394, 2.9, -5.87452],
							"rotation": [0, 60, 0],
							"uv": {
								"north": {"uv": [56, 25], "uv_size": [1.5, 6.5]},
								"east": {"uv": [56, 32], "uv_size": [1.5, 6.5]},
								"south": {"uv": [56, 53], "uv_size": [1.5, 6.5]},
								"west": {"uv": [26, 57], "uv_size": [1.5, 6.5]},
								"up": {"uv": [72, 16], "uv_size": [1.5, 1.5]},
								"down": {"uv": [72, 19.5], "uv_size": [1.5, -1.5]}
							}
						},
						{
							"origin": [-2.80394, 1, -5.47356],
							"size": [1.5, 6.4, 1.6],
							"pivot": [-2.05394, 2.9, -5.52356],
							"rotation": [0, 120, 0],
							"uv": {
								"north": {"uv": [28, 57], "uv_size": [1.5, 6.5]},
								"east": {"uv": [58, 4], "uv_size": [1.5, 6.5]},
								"south": {"uv": [58, 11], "uv_size": [1.5, 6.5]},
								"west": {"uv": [58, 18], "uv_size": [1.5, 6.5]},
								"up": {"uv": [72, 20], "uv_size": [1.5, 1.5]},
								"down": {"uv": [72, 23.5], "uv_size": [1.5, -1.5]}
							}
						},
						{
							"origin": [-2.5, 1, -5.29808],
							"size": [1.5, 6.4, 1.6],
							"pivot": [-1.75, 2.9, -5.34808],
							"rotation": [0, 180, 0],
							"uv": {
								"north": {"uv": [58, 25], "uv_size": [1.5, 6.5]},
								"east": {"uv": [58, 32], "uv_size": [1.5, 6.5]},
								"south": {"uv": [58, 39], "uv_size": [1.5, 6.5]},
								"west": {"uv": [42, 58], "uv_size": [1.5, 6.5]},
								"up": {"uv": [72, 24], "uv_size": [1.5, 1.5]},
								"down": {"uv": [72, 27.5], "uv_size": [1.5, -1.5]}
							}
						},
						{
							"origin": [-2.19606, 1, -5.47356],
							"size": [1.5, 6.4, 1.6],
							"pivot": [-1.44606, 2.9, -5.52356],
							"rotation": [0, -120, 0],
							"uv": {
								"north": {"uv": [44, 58], "uv_size": [1.5, 6.5]},
								"east": {"uv": [46, 58], "uv_size": [1.5, 6.5]},
								"south": {"uv": [58, 46], "uv_size": [1.5, 6.5]},
								"west": {"uv": [48, 58], "uv_size": [1.5, 6.5]},
								"up": {"uv": [72, 28], "uv_size": [1.5, 1.5]},
								"down": {"uv": [72, 31.5], "uv_size": [1.5, -1.5]}
							}
						},
						{
							"origin": [-2.19606, 1, -5.82452],
							"size": [1.5, 6.4, 1.6],
							"pivot": [-1.44606, 2.9, -5.87452],
							"rotation": [0, -60, 0],
							"uv": {
								"north": {"uv": [50, 58], "uv_size": [1.5, 6.5]},
								"east": {"uv": [52, 58], "uv_size": [1.5, 6.5]},
								"south": {"uv": [58, 53], "uv_size": [1.5, 6.5]},
								"west": {"uv": [54, 58], "uv_size": [1.5, 6.5]},
								"up": {"uv": [72, 32], "uv_size": [1.5, 1.5]},
								"down": {"uv": [72, 35.5], "uv_size": [1.5, -1.5]}
							}
						},
						{
							"origin": [-2.5, 0.3, -6],
							"size": [1.5, 0.5, 1.6],
							"uv": {
								"north": {"uv": [79, 74], "uv_size": [1.5, 0.5]},
								"east": {"uv": [75, 79], "uv_size": [1.5, 0.5]},
								"south": {"uv": [79, 75], "uv_size": [1.5, 0.5]},
								"west": {"uv": [79, 76], "uv_size": [1.5, 0.5]},
								"up": {"uv": [34, 73], "uv_size": [1.5, 1.5]},
								"down": {"uv": [36, 74.5], "uv_size": [1.5, -1.5]}
							}
						},
						{
							"origin": [-2.80394, 0.3, -5.82452],
							"size": [1.5, 0.5, 1.6],
							"pivot": [-2.05394, 2.2, -5.87452],
							"rotation": [0, 60, 0],
							"uv": {
								"north": {"uv": [66, 79], "uv_size": [1.5, 0.5]},
								"east": {"uv": [69, 79], "uv_size": [1.5, 0.5]},
								"south": {"uv": [71, 79], "uv_size": [1.5, 0.5]},
								"west": {"uv": [73, 79], "uv_size": [1.5, 0.5]},
								"up": {"uv": [30, 73], "uv_size": [1.5, 1.5]},
								"down": {"uv": [32, 74.5], "uv_size": [1.5, -1.5]}
							}
						},
						{
							"origin": [-2.80394, 0.3, -5.47356],
							"size": [1.5, 0.5, 1.6],
							"pivot": [-2.05394, 2.2, -5.52356],
							"rotation": [0, 120, 0],
							"uv": {
								"north": {"uv": [58, 79], "uv_size": [1.5, 0.5]},
								"east": {"uv": [60, 79], "uv_size": [1.5, 0.5]},
								"south": {"uv": [62, 79], "uv_size": [1.5, 0.5]},
								"west": {"uv": [64, 79], "uv_size": [1.5, 0.5]},
								"up": {"uv": [73, 12], "uv_size": [1.5, 1.5]},
								"down": {"uv": [73, 15.5], "uv_size": [1.5, -1.5]}
							}
						},
						{
							"origin": [-2.5, 0.3, -5.29808],
							"size": [1.5, 0.5, 1.6],
							"pivot": [-1.75, 2.2, -5.34808],
							"rotation": [0, 180, 0],
							"uv": {
								"north": {"uv": [50, 79], "uv_size": [1.5, 0.5]},
								"east": {"uv": [52, 79], "uv_size": [1.5, 0.5]},
								"south": {"uv": [54, 79], "uv_size": [1.5, 0.5]},
								"west": {"uv": [56, 79], "uv_size": [1.5, 0.5]},
								"up": {"uv": [73, 8], "uv_size": [1.5, 1.5]},
								"down": {"uv": [73, 11.5], "uv_size": [1.5, -1.5]}
							}
						},
						{
							"origin": [-2.19606, 0.3, -5.47356],
							"size": [1.5, 0.5, 1.6],
							"pivot": [-1.44606, 2.2, -5.52356],
							"rotation": [0, -120, 0],
							"uv": {
								"north": {"uv": [46, 79], "uv_size": [1.5, 0.5]},
								"east": {"uv": [79, 46], "uv_size": [1.5, 0.5]},
								"south": {"uv": [79, 47], "uv_size": [1.5, 0.5]},
								"west": {"uv": [48, 79], "uv_size": [1.5, 0.5]},
								"up": {"uv": [71, 72], "uv_size": [1.5, 1.5]},
								"down": {"uv": [73, 7.5], "uv_size": [1.5, -1.5]}
							}
						},
						{
							"origin": [-2.19606, 0.3, -5.82452],
							"size": [1.5, 0.5, 1.6],
							"pivot": [-1.44606, 2.2, -5.87452],
							"rotation": [0, -60, 0],
							"uv": {
								"north": {"uv": [79, 43], "uv_size": [1.5, 0.5]},
								"east": {"uv": [44, 79], "uv_size": [1.5, 0.5]},
								"south": {"uv": [79, 44], "uv_size": [1.5, 0.5]},
								"west": {"uv": [79, 45], "uv_size": [1.5, 0.5]},
								"up": {"uv": [69, 72], "uv_size": [1.5, 1.5]},
								"down": {"uv": [72, 70.5], "uv_size": [1.5, -1.5]}
							}
						},
						{
							"origin": [-0.3, 1, -3.4],
							"size": [1.5, 6.4, 1.6],
							"uv": {
								"north": {"uv": [64, 21], "uv_size": [1.5, 6.5]},
								"east": {"uv": [26, 64], "uv_size": [1.5, 6.5]},
								"south": {"uv": [28, 64], "uv_size": [1.5, 6.5]},
								"west": {"uv": [64, 28], "uv_size": [1.5, 6.5]},
								"up": {"uv": [76, 4], "uv_size": [1.5, 1.5]},
								"down": {"uv": [76, 7.5], "uv_size": [1.5, -1.5]}
							}
						},
						{
							"origin": [-0.60394, 1, -3.22452],
							"size": [1.5, 6.4, 1.6],
							"pivot": [0.14606, 2.9, -3.27452],
							"rotation": [0, 60, 0],
							"uv": {
								"north": {"uv": [62, 63], "uv_size": [1.5, 6.5]},
								"east": {"uv": [64, 0], "uv_size": [1.5, 6.5]},
								"south": {"uv": [64, 7], "uv_size": [1.5, 6.5]},
								"west": {"uv": [64, 14], "uv_size": [1.5, 6.5]},
								"up": {"uv": [75, 46], "uv_size": [1.5, 1.5]},
								"down": {"uv": [75, 75.5], "uv_size": [1.5, -1.5]}
							}
						},
						{
							"origin": [-0.60394, 1, -2.87356],
							"size": [1.5, 6.4, 1.6],
							"pivot": [0.14606, 2.9, -2.92356],
							"rotation": [0, 120, 0],
							"uv": {
								"north": {"uv": [34, 63], "uv_size": [1.5, 6.5]},
								"east": {"uv": [36, 63], "uv_size": [1.5, 6.5]},
								"south": {"uv": [38, 63], "uv_size": [1.5, 6.5]},
								"west": {"uv": [60, 63], "uv_size": [1.5, 6.5]},
								"up": {"uv": [75, 42], "uv_size": [1.5, 1.5]},
								"down": {"uv": [75, 45.5], "uv_size": [1.5, -1.5]}
							}
						},
						{
							"origin": [-0.3, 1, -2.69808],
							"size": [1.5, 6.4, 1.6],
							"pivot": [0.45, 2.9, -2.74808],
							"rotation": [0, 180, 0],
							"uv": {
								"north": {"uv": [62, 49], "uv_size": [1.5, 6.5]},
								"east": {"uv": [62, 56], "uv_size": [1.5, 6.5]},
								"south": {"uv": [30, 63], "uv_size": [1.5, 6.5]},
								"west": {"uv": [32, 63], "uv_size": [1.5, 6.5]},
								"up": {"uv": [75, 38], "uv_size": [1.5, 1.5]},
								"down": {"uv": [75, 41.5], "uv_size": [1.5, -1.5]}
							}
						},
						{
							"origin": [0.00394, 1, -2.87356],
							"size": [1.5, 6.4, 1.6],
							"pivot": [0.75394, 2.9, -2.92356],
							"rotation": [0, -120, 0],
							"uv": {
								"north": {"uv": [62, 21], "uv_size": [1.5, 6.5]},
								"east": {"uv": [62, 28], "uv_size": [1.5, 6.5]},
								"south": {"uv": [62, 35], "uv_size": [1.5, 6.5]},
								"west": {"uv": [62, 42], "uv_size": [1.5, 6.5]},
								"up": {"uv": [35, 75], "uv_size": [1.5, 1.5]},
								"down": {"uv": [75, 37.5], "uv_size": [1.5, -1.5]}
							}
						},
						{
							"origin": [0.00394, 1, -3.22452],
							"size": [1.5, 6.4, 1.6],
							"pivot": [0.75394, 2.9, -3.27452],
							"rotation": [0, -60, 0],
							"uv": {
								"north": {"uv": [4, 62], "uv_size": [1.5, 6.5]},
								"east": {"uv": [6, 62], "uv_size": [1.5, 6.5]},
								"south": {"uv": [62, 7], "uv_size": [1.5, 6.5]},
								"west": {"uv": [62, 14], "uv_size": [1.5, 6.5]},
								"up": {"uv": [31, 75], "uv_size": [1.5, 1.5]},
								"down": {"uv": [33, 76.5], "uv_size": [1.5, -1.5]}
							}
						},
						{
							"origin": [0.00394, 0.3, -3.22452],
							"size": [1.5, 0.5, 1.6],
							"pivot": [0.75394, 2.2, -3.27452],
							"rotation": [0, -60, 0],
							"uv": {
								"north": {"uv": [80, 50], "uv_size": [1.5, 0.5]},
								"east": {"uv": [80, 51], "uv_size": [1.5, 0.5]},
								"south": {"uv": [52, 80], "uv_size": [1.5, 0.5]},
								"west": {"uv": [80, 52], "uv_size": [1.5, 0.5]},
								"up": {"uv": [2, 75], "uv_size": [1.5, 1.5]},
								"down": {"uv": [75, 3.5], "uv_size": [1.5, -1.5]}
							}
						},
						{
							"origin": [0.00394, 0.3, -2.87356],
							"size": [1.5, 0.5, 1.6],
							"pivot": [0.75394, 2.2, -2.92356],
							"rotation": [0, -120, 0],
							"uv": {
								"north": {"uv": [48, 80], "uv_size": [1.5, 0.5]},
								"east": {"uv": [80, 48], "uv_size": [1.5, 0.5]},
								"south": {"uv": [80, 49], "uv_size": [1.5, 0.5]},
								"west": {"uv": [50, 80], "uv_size": [1.5, 0.5]},
								"up": {"uv": [0, 75], "uv_size": [1.5, 1.5]},
								"down": {"uv": [75, 1.5], "uv_size": [1.5, -1.5]}
							}
						},
						{
							"origin": [-0.3, 0.3, -2.69808],
							"size": [1.5, 0.5, 1.6],
							"pivot": [0.45, 2.2, -2.74808],
							"rotation": [0, 180, 0],
							"uv": {
								"north": {"uv": [80, 41], "uv_size": [1.5, 0.5]},
								"east": {"uv": [80, 42], "uv_size": [1.5, 0.5]},
								"south": {"uv": [44, 80], "uv_size": [1.5, 0.5]},
								"west": {"uv": [46, 80], "uv_size": [1.5, 0.5]},
								"up": {"uv": [74, 72], "uv_size": [1.5, 1.5]},
								"down": {"uv": [73, 75.5], "uv_size": [1.5, -1.5]}
							}
						},
						{
							"origin": [-0.60394, 0.3, -2.87356],
							"size": [1.5, 0.5, 1.6],
							"pivot": [0.14606, 2.2, -2.92356],
							"rotation": [0, 120, 0],
							"uv": {
								"north": {"uv": [80, 35], "uv_size": [1.5, 0.5]},
								"east": {"uv": [38, 80], "uv_size": [1.5, 0.5]},
								"south": {"uv": [80, 39], "uv_size": [1.5, 0.5]},
								"west": {"uv": [80, 40], "uv_size": [1.5, 0.5]},
								"up": {"uv": [74, 70], "uv_size": [1.5, 1.5]},
								"down": {"uv": [71, 75.5], "uv_size": [1.5, -1.5]}
							}
						},
						{
							"origin": [-0.60394, 0.3, -3.22452],
							"size": [1.5, 0.5, 1.6],
							"pivot": [0.14606, 2.2, -3.27452],
							"rotation": [0, 60, 0],
							"uv": {
								"north": {"uv": [33, 80], "uv_size": [1.5, 0.5]},
								"east": {"uv": [80, 33], "uv_size": [1.5, 0.5]},
								"south": {"uv": [80, 34], "uv_size": [1.5, 0.5]},
								"west": {"uv": [35, 80], "uv_size": [1.5, 0.5]},
								"up": {"uv": [74, 68], "uv_size": [1.5, 1.5]},
								"down": {"uv": [69, 75.5], "uv_size": [1.5, -1.5]}
							}
						},
						{
							"origin": [-0.3, 0.3, -3.4],
							"size": [1.5, 0.5, 1.6],
							"uv": {
								"north": {"uv": [80, 29], "uv_size": [1.5, 0.5]},
								"east": {"uv": [80, 30], "uv_size": [1.5, 0.5]},
								"south": {"uv": [80, 31], "uv_size": [1.5, 0.5]},
								"west": {"uv": [80, 32], "uv_size": [1.5, 0.5]},
								"up": {"uv": [74, 64], "uv_size": [1.5, 1.5]},
								"down": {"uv": [74, 67.5], "uv_size": [1.5, -1.5]}
							}
						},
						{
							"origin": [4, -3.6, -4.3],
							"size": [1.5, 6.4, 1.6],
							"pivot": [4.78647, 1.95689, -4.0201],
							"rotation": [-90, 45, 0],
							"uv": {
								"north": {"uv": [40, 61], "uv_size": [1.5, 6.5]},
								"east": {"uv": [0, 62], "uv_size": [1.5, 6.5]},
								"south": {"uv": [62, 0], "uv_size": [1.5, 6.5]},
								"west": {"uv": [2, 62], "uv_size": [1.5, 6.5]},
								"up": {"uv": [74, 60], "uv_size": [1.5, 1.5]},
								"down": {"uv": [74, 63.5], "uv_size": [1.5, -1.5]}
							}
						},
						{
							"origin": [4, -3.6, -4.34212],
							"size": [1.5, 6.4, 1.6],
							"pivot": [4.78647, 1.95689, -4.0201],
							"rotation": [-130.89339, 20.70481, -67.79235],
							"uv": {
								"north": {"uv": [18, 61], "uv_size": [1.5, 6.5]},
								"east": {"uv": [20, 61], "uv_size": [1.5, 6.5]},
								"south": {"uv": [22, 61], "uv_size": [1.5, 6.5]},
								"west": {"uv": [24, 61], "uv_size": [1.5, 6.5]},
								"up": {"uv": [74, 56], "uv_size": [1.5, 1.5]},
								"down": {"uv": [74, 59.5], "uv_size": [1.5, -1.5]}
							}
						},
						{
							"origin": [4.03647, -3.6, -4.36317],
							"size": [1.5, 6.4, 1.6],
							"pivot": [4.78647, 1.95689, -4.0201],
							"rotation": [-130.89339, -20.70481, -112.20765],
							"uv": {
								"north": {"uv": [56, 60], "uv_size": [1.5, 6.5]},
								"east": {"uv": [60, 56], "uv_size": [1.5, 6.5]},
								"south": {"uv": [58, 60], "uv_size": [1.5, 6.5]},
								"west": {"uv": [16, 61], "uv_size": [1.5, 6.5]},
								"up": {"uv": [54, 74], "uv_size": [1.5, 1.5]},
								"down": {"uv": [74, 55.5], "uv_size": [1.5, -1.5]}
							}
						},
						{
							"origin": [4.07295, -3.6, -4.34212],
							"size": [1.5, 6.4, 1.6],
							"pivot": [4.78647, 1.95689, -4.0201],
							"rotation": [-90, -45, 180],
							"uv": {
								"north": {"uv": [60, 28], "uv_size": [1.5, 6.5]},
								"east": {"uv": [60, 35], "uv_size": [1.5, 6.5]},
								"south": {"uv": [60, 42], "uv_size": [1.5, 6.5]},
								"west": {"uv": [60, 49], "uv_size": [1.5, 6.5]},
								"up": {"uv": [52, 74], "uv_size": [1.5, 1.5]},
								"down": {"uv": [74, 53.5], "uv_size": [1.5, -1.5]}
							}
						},
						{
							"origin": [4.07295, -3.6, -4.3],
							"size": [1.5, 6.4, 1.6],
							"pivot": [4.78647, 1.95689, -4.0201],
							"rotation": [-49.10661, -20.70481, 112.20765],
							"uv": {
								"north": {"uv": [60, 0], "uv_size": [1.5, 6.5]},
								"east": {"uv": [60, 7], "uv_size": [1.5, 6.5]},
								"south": {"uv": [60, 14], "uv_size": [1.5, 6.5]},
								"west": {"uv": [60, 21], "uv_size": [1.5, 6.5]},
								"up": {"uv": [50, 74], "uv_size": [1.5, 1.5]},
								"down": {"uv": [74, 51.5], "uv_size": [1.5, -1.5]}
							}
						},
						{
							"origin": [4.03647, -3.6, -4.27894],
							"size": [1.5, 6.4, 1.6],
							"pivot": [4.78647, 1.95689, -4.0201],
							"rotation": [-49.10661, 20.70481, 67.79235],
							"uv": {
								"north": {"uv": [8, 59], "uv_size": [1.5, 6.5]},
								"east": {"uv": [10, 59], "uv_size": [1.5, 6.5]},
								"south": {"uv": [12, 59], "uv_size": [1.5, 6.5]},
								"west": {"uv": [14, 59], "uv_size": [1.5, 6.5]},
								"up": {"uv": [48, 74], "uv_size": [1.5, 1.5]},
								"down": {"uv": [74, 49.5], "uv_size": [1.5, -1.5]}
							}
						},
						{
							"origin": [4.03647, -4.3, -4.27894],
							"size": [1.5, 0.5, 1.6],
							"pivot": [4.78647, 1.95689, -4.0201],
							"rotation": [-49.10661, 20.70481, 67.79235],
							"uv": {
								"north": {"uv": [80, 24], "uv_size": [1.5, 0.5]},
								"east": {"uv": [80, 26], "uv_size": [1.5, 0.5]},
								"south": {"uv": [80, 27], "uv_size": [1.5, 0.5]},
								"west": {"uv": [80, 28], "uv_size": [1.5, 0.5]},
								"up": {"uv": [74, 32], "uv_size": [1.5, 1.5]},
								"down": {"uv": [74, 35.5], "uv_size": [1.5, -1.5]}
							}
						},
						{
							"origin": [4.07295, -4.3, -4.3],
							"size": [1.5, 0.5, 1.6],
							"pivot": [4.78647, 1.95689, -4.0201],
							"rotation": [-49.10661, -20.70481, 112.20765],
							"uv": {
								"north": {"uv": [80, 21], "uv_size": [1.5, 0.5]},
								"east": {"uv": [80, 22], "uv_size": [1.5, 0.5]},
								"south": {"uv": [80, 23], "uv_size": [1.5, 0.5]},
								"west": {"uv": [24, 80], "uv_size": [1.5, 0.5]},
								"up": {"uv": [74, 28], "uv_size": [1.5, 1.5]},
								"down": {"uv": [74, 31.5], "uv_size": [1.5, -1.5]}
							}
						},
						{
							"origin": [4.07295, -4.3, -4.34212],
							"size": [1.5, 0.5, 1.6],
							"pivot": [4.78647, 1.95689, -4.0201],
							"rotation": [-90, -45, 180],
							"uv": {
								"north": {"uv": [16, 80], "uv_size": [1.5, 0.5]},
								"east": {"uv": [80, 17], "uv_size": [1.5, 0.5]},
								"south": {"uv": [80, 18], "uv_size": [1.5, 0.5]},
								"west": {"uv": [20, 80], "uv_size": [1.5, 0.5]},
								"up": {"uv": [74, 26], "uv_size": [1.5, 1.5]},
								"down": {"uv": [28, 75.5], "uv_size": [1.5, -1.5]}
							}
						},
						{
							"origin": [4.03647, -4.3, -4.36317],
							"size": [1.5, 0.5, 1.6],
							"pivot": [4.78647, 1.95689, -4.0201],
							"rotation": [-130.89339, -20.70481, -112.20765],
							"uv": {
								"north": {"uv": [80, 5], "uv_size": [1.5, 0.5]},
								"east": {"uv": [80, 6], "uv_size": [1.5, 0.5]},
								"south": {"uv": [80, 7], "uv_size": [1.5, 0.5]},
								"west": {"uv": [14, 80], "uv_size": [1.5, 0.5]},
								"up": {"uv": [74, 24], "uv_size": [1.5, 1.5]},
								"down": {"uv": [26, 75.5], "uv_size": [1.5, -1.5]}
							}
						},
						{
							"origin": [4, -4.3, -4.34212],
							"size": [1.5, 0.5, 1.6],
							"pivot": [4.78647, 1.95689, -4.0201],
							"rotation": [-130.89339, 20.70481, -67.79235],
							"uv": {
								"north": {"uv": [0, 80], "uv_size": [1.5, 0.5]},
								"east": {"uv": [2, 80], "uv_size": [1.5, 0.5]},
								"south": {"uv": [4, 80], "uv_size": [1.5, 0.5]},
								"west": {"uv": [80, 4], "uv_size": [1.5, 0.5]},
								"up": {"uv": [74, 22], "uv_size": [1.5, 1.5]},
								"down": {"uv": [24, 75.5], "uv_size": [1.5, -1.5]}
							}
						},
						{
							"origin": [4, -4.3, -4.3],
							"size": [1.5, 0.5, 1.6],
							"pivot": [4.78647, 1.95689, -4.0201],
							"rotation": [-90, 45, 0],
							"uv": {
								"north": {"uv": [77, 79], "uv_size": [1.5, 0.5]},
								"east": {"uv": [79, 77], "uv_size": [1.5, 0.5]},
								"south": {"uv": [79, 78], "uv_size": [1.5, 0.5]},
								"west": {"uv": [79, 79], "uv_size": [1.5, 0.5]},
								"up": {"uv": [20, 74], "uv_size": [1.5, 1.5]},
								"down": {"uv": [22, 75.5], "uv_size": [1.5, -1.5]}
							}
						}
					]
				},
				{
					"name": "bone",
					"parent": "main",
					"pivot": [0.85394, 6.3, -2.97452],
					"cubes": [
						{
							"origin": [-2.37353, 0.52, -5.98494],
							"size": [1.32, 8.672, 1.408],
							"uv": {
								"north": {"uv": [6, 44], "uv_size": [1.25, 8.75]},
								"east": {"uv": [2, 26], "uv_size": [1.5, 8.75]},
								"south": {"uv": [44, 9], "uv_size": [1.25, 8.75]},
								"west": {"uv": [4, 26], "uv_size": [1.5, 8.75]},
								"up": {"uv": [76, 26], "uv_size": [1.25, 1.5]},
								"down": {"uv": [28, 77.5], "uv_size": [1.25, -1.5]}
							}
						},
						{
							"origin": [-2.641, 0.52, -5.83052],
							"size": [1.32, 8.672, 1.408],
							"pivot": [-1.981, 8.2, -5.87452],
							"rotation": [0, 60, 0],
							"uv": {
								"north": {"uv": [2, 44], "uv_size": [1.25, 8.75]},
								"east": {"uv": [24, 25], "uv_size": [1.5, 8.75]},
								"south": {"uv": [4, 44], "uv_size": [1.25, 8.75]},
								"west": {"uv": [0, 26], "uv_size": [1.5, 8.75]},
								"up": {"uv": [76, 24], "uv_size": [1.25, 1.5]},
								"down": {"uv": [26, 77.5], "uv_size": [1.25, -1.5]}
							}
						},
						{
							"origin": [-2.641, 0.52, -5.52167],
							"size": [1.32, 8.672, 1.408],
							"pivot": [-1.981, 8.2, -5.56567],
							"rotation": [0, 120, 0],
							"uv": {
								"north": {"uv": [0, 44], "uv_size": [1.25, 8.75]},
								"east": {"uv": [20, 25], "uv_size": [1.5, 8.75]},
								"south": {"uv": [44, 0], "uv_size": [1.25, 8.75]},
								"west": {"uv": [22, 25], "uv_size": [1.5, 8.75]},
								"up": {"uv": [76, 22], "uv_size": [1.25, 1.5]},
								"down": {"uv": [24, 77.5], "uv_size": [1.25, -1.5]}
							}
						},
						{
							"origin": [-2.37353, 0.52, -5.36725],
							"size": [1.32, 8.672, 1.408],
							"pivot": [-1.71353, 8.2, -5.41125],
							"rotation": [0, 180, 0],
							"uv": {
								"north": {"uv": [22, 43], "uv_size": [1.25, 8.75]},
								"east": {"uv": [16, 25], "uv_size": [1.5, 8.75]},
								"south": {"uv": [24, 43], "uv_size": [1.25, 8.75]},
								"west": {"uv": [18, 25], "uv_size": [1.5, 8.75]},
								"up": {"uv": [76, 20], "uv_size": [1.25, 1.5]},
								"down": {"uv": [22, 77.5], "uv_size": [1.25, -1.5]}
							}
						},
						{
							"origin": [-2.10606, 0.52, -5.52167],
							"size": [1.32, 8.672, 1.408],
							"pivot": [-1.44606, 8.2, -5.56567],
							"rotation": [0, -120, 0],
							"uv": {
								"north": {"uv": [18, 43], "uv_size": [1.25, 8.75]},
								"east": {"uv": [12, 23], "uv_size": [1.5, 8.75]},
								"south": {"uv": [20, 43], "uv_size": [1.25, 8.75]},
								"west": {"uv": [14, 23], "uv_size": [1.5, 8.75]},
								"up": {"uv": [76, 18], "uv_size": [1.25, 1.5]},
								"down": {"uv": [20, 77.5], "uv_size": [1.25, -1.5]}
							}
						},
						{
							"origin": [-2.10606, 0.52, -5.83052],
							"size": [1.32, 8.672, 1.408],
							"pivot": [-1.44606, 8.2, -5.87452],
							"rotation": [0, -60, 0],
							"uv": {
								"north": {"uv": [42, 40], "uv_size": [1.25, 8.75]},
								"east": {"uv": [8, 23], "uv_size": [1.5, 8.75]},
								"south": {"uv": [16, 43], "uv_size": [1.25, 8.75]},
								"west": {"uv": [10, 23], "uv_size": [1.5, 8.75]},
								"up": {"uv": [76, 14], "uv_size": [1.25, 1.5]},
								"down": {"uv": [76, 17.5], "uv_size": [1.25, -1.5]}
							}
						},
						{
							"origin": [0.09394, 0.52, -3.23052],
							"size": [1.32, 8.672, 1.408],
							"pivot": [0.75394, 8.2, -3.27452],
							"rotation": [0, -60, 0],
							"uv": {
								"north": {"uv": [54, 36], "uv_size": [1.25, 8.75]},
								"east": {"uv": [42, 18], "uv_size": [1.5, 8.75]},
								"south": {"uv": [38, 54], "uv_size": [1.25, 8.75]},
								"west": {"uv": [42, 27], "uv_size": [1.5, 8.75]},
								"up": {"uv": [78, 4], "uv_size": [1.25, 1.5]},
								"down": {"uv": [78, 7.5], "uv_size": [1.25, -1.5]}
							}
						},
						{
							"origin": [0.09394, 0.52, -2.92167],
							"size": [1.32, 8.672, 1.408],
							"pivot": [0.75394, 8.2, -2.96567],
							"rotation": [0, -120, 0],
							"uv": {
								"north": {"uv": [34, 54], "uv_size": [1.25, 8.75]},
								"east": {"uv": [42, 0], "uv_size": [1.5, 8.75]},
								"south": {"uv": [36, 54], "uv_size": [1.25, 8.75]},
								"west": {"uv": [42, 9], "uv_size": [1.5, 8.75]},
								"up": {"uv": [77, 76], "uv_size": [1.25, 1.5]},
								"down": {"uv": [4, 79.5], "uv_size": [1.25, -1.5]}
							}
						},
						{
							"origin": [-0.17353, 0.52, -2.76725],
							"size": [1.32, 8.672, 1.408],
							"pivot": [0.48647, 8.2, -2.81125],
							"rotation": [0, 180, 0],
							"uv": {
								"north": {"uv": [30, 54], "uv_size": [1.25, 8.75]},
								"east": {"uv": [12, 41], "uv_size": [1.5, 8.75]},
								"south": {"uv": [32, 54], "uv_size": [1.25, 8.75]},
								"west": {"uv": [14, 41], "uv_size": [1.5, 8.75]},
								"up": {"uv": [77, 46], "uv_size": [1.25, 1.5]},
								"down": {"uv": [77, 75.5], "uv_size": [1.25, -1.5]}
							}
						},
						{
							"origin": [-0.441, 0.52, -2.92167],
							"size": [1.32, 8.672, 1.408],
							"pivot": [0.219, 8.2, -2.96567],
							"rotation": [0, 120, 0],
							"uv": {
								"north": {"uv": [54, 18], "uv_size": [1.25, 8.75]},
								"east": {"uv": [8, 41], "uv_size": [1.5, 8.75]},
								"south": {"uv": [54, 27], "uv_size": [1.25, 8.75]},
								"west": {"uv": [10, 41], "uv_size": [1.5, 8.75]},
								"up": {"uv": [77, 44], "uv_size": [1.25, 1.5]},
								"down": {"uv": [46, 78.5], "uv_size": [1.25, -1.5]}
							}
						},
						{
							"origin": [-0.441, 0.52, -3.23052],
							"size": [1.32, 8.672, 1.408],
							"pivot": [0.219, 8.2, -3.27452],
							"rotation": [0, 60, 0],
							"uv": {
								"north": {"uv": [54, 0], "uv_size": [1.25, 8.75]},
								"east": {"uv": [40, 27], "uv_size": [1.5, 8.75]},
								"south": {"uv": [54, 9], "uv_size": [1.25, 8.75]},
								"west": {"uv": [40, 36], "uv_size": [1.5, 8.75]},
								"up": {"uv": [77, 42], "uv_size": [1.25, 1.5]},
								"down": {"uv": [44, 78.5], "uv_size": [1.25, -1.5]}
							}
						},
						{
							"origin": [-0.17353, 0.52, -3.38494],
							"size": [1.32, 8.672, 1.408],
							"uv": {
								"north": {"uv": [4, 53], "uv_size": [1.25, 8.75]},
								"east": {"uv": [40, 9], "uv_size": [1.5, 8.75]},
								"south": {"uv": [6, 53], "uv_size": [1.25, 8.75]},
								"west": {"uv": [40, 18], "uv_size": [1.5, 8.75]},
								"up": {"uv": [77, 40], "uv_size": [1.25, 1.5]},
								"down": {"uv": [42, 78.5], "uv_size": [1.25, -1.5]}
							}
						},
						{
							"origin": [4.12647, -4.08, -4.28494],
							"size": [1.32, 8.672, 1.408],
							"pivot": [4.78647, 1.95689, -4.0201],
							"rotation": [-49.10661, 20.70481, 67.79235],
							"uv": {
								"north": {"uv": [0, 53], "uv_size": [1.25, 8.75]},
								"east": {"uv": [28, 39], "uv_size": [1.5, 8.75]},
								"south": {"uv": [2, 53], "uv_size": [1.25, 8.75]},
								"west": {"uv": [40, 0], "uv_size": [1.5, 8.75]},
								"up": {"uv": [77, 38], "uv_size": [1.25, 1.5]},
								"down": {"uv": [40, 78.5], "uv_size": [1.25, -1.5]}
							}
						},
						{
							"origin": [4.12647, -4.08, -4.28494],
							"size": [1.32, 8.672, 1.408],
							"pivot": [4.78647, 1.95689, -4.0201],
							"rotation": [-49.10661, -20.70481, 112.20765],
							"uv": {
								"north": {"uv": [52, 36], "uv_size": [1.25, 8.75]},
								"east": {"uv": [38, 36], "uv_size": [1.5, 8.75]},
								"south": {"uv": [52, 45], "uv_size": [1.25, 8.75]},
								"west": {"uv": [26, 39], "uv_size": [1.5, 8.75]},
								"up": {"uv": [35, 77], "uv_size": [1.25, 1.5]},
								"down": {"uv": [77, 37.5], "uv_size": [1.25, -1.5]}
							}
						},
						{
							"origin": [4.12647, -4.08, -4.28494],
							"size": [1.32, 8.672, 1.408],
							"pivot": [4.78647, 1.95689, -4.0201],
							"rotation": [-90, -45, 180],
							"uv": {
								"north": {"uv": [24, 52], "uv_size": [1.25, 8.75]},
								"east": {"uv": [38, 18], "uv_size": [1.5, 8.75]},
								"south": {"uv": [52, 27], "uv_size": [1.25, 8.75]},
								"west": {"uv": [38, 27], "uv_size": [1.5, 8.75]},
								"up": {"uv": [31, 77], "uv_size": [1.25, 1.5]},
								"down": {"uv": [33, 78.5], "uv_size": [1.25, -1.5]}
							}
						},
						{
							"origin": [4.12647, -4.08, -4.28494],
							"size": [1.32, 8.672, 1.408],
							"pivot": [4.78647, 1.95689, -4.0201],
							"rotation": [-130.89339, -20.70481, -112.20765],
							"uv": {
								"north": {"uv": [20, 52], "uv_size": [1.25, 8.75]},
								"east": {"uv": [38, 0], "uv_size": [1.5, 8.75]},
								"south": {"uv": [22, 52], "uv_size": [1.25, 8.75]},
								"west": {"uv": [38, 9], "uv_size": [1.5, 8.75]},
								"up": {"uv": [16, 77], "uv_size": [1.25, 1.5]},
								"down": {"uv": [18, 78.5], "uv_size": [1.25, -1.5]}
							}
						},
						{
							"origin": [4.12647, -4.08, -4.28494],
							"size": [1.32, 8.672, 1.408],
							"pivot": [4.78647, 1.95689, -4.0201],
							"rotation": [-130.89339, 20.70481, -67.79235],
							"uv": {
								"north": {"uv": [18, 52], "uv_size": [1.25, 8.75]},
								"east": {"uv": [34, 36], "uv_size": [1.5, 8.75]},
								"south": {"uv": [52, 18], "uv_size": [1.25, 8.75]},
								"west": {"uv": [36, 36], "uv_size": [1.5, 8.75]},
								"up": {"uv": [77, 12], "uv_size": [1.25, 1.5]},
								"down": {"uv": [14, 78.5], "uv_size": [1.25, -1.5]}
							}
						},
						{
							"origin": [4.12647, -4.08, -4.28494],
							"size": [1.32, 8.672, 1.408],
							"pivot": [4.78647, 1.95689, -4.0201],
							"rotation": [-90, 45, 0],
							"uv": {
								"north": {"uv": [52, 9], "uv_size": [1.25, 8.75]},
								"east": {"uv": [30, 36], "uv_size": [1.5, 8.75]},
								"south": {"uv": [16, 52], "uv_size": [1.25, 8.75]},
								"west": {"uv": [32, 36], "uv_size": [1.5, 8.75]},
								"up": {"uv": [77, 8], "uv_size": [1.25, 1.5]},
								"down": {"uv": [77, 11.5], "uv_size": [1.25, -1.5]}
							}
						},
						{
							"origin": [-3.30606, 1.22, -0.53052],
							"size": [1.32, 8.672, 1.408],
							"pivot": [-2.64606, 8.9, -0.57452],
							"rotation": [0, -60, 0],
							"uv": {
								"north": {"uv": [46, 9], "uv_size": [1.25, 8.75]},
								"east": {"uv": [28, 30], "uv_size": [1.5, 8.75]},
								"south": {"uv": [46, 18], "uv_size": [1.25, 8.75]},
								"west": {"uv": [32, 0], "uv_size": [1.5, 8.75]},
								"up": {"uv": [76, 52], "uv_size": [1.25, 1.5]},
								"down": {"uv": [54, 77.5], "uv_size": [1.25, -1.5]}
							}
						},
						{
							"origin": [-3.30606, 1.22, -0.22167],
							"size": [1.32, 8.672, 1.408],
							"pivot": [-2.64606, 8.9, -0.26567],
							"rotation": [0, -120, 0],
							"uv": {
								"north": {"uv": [40, 45], "uv_size": [1.25, 8.75]},
								"east": {"uv": [26, 30], "uv_size": [1.5, 8.75]},
								"south": {"uv": [46, 0], "uv_size": [1.25, 8.75]},
								"west": {"uv": [30, 27], "uv_size": [1.5, 8.75]},
								"up": {"uv": [76, 50], "uv_size": [1.25, 1.5]},
								"down": {"uv": [52, 77.5], "uv_size": [1.25, -1.5]}
							}
						},
						{
							"origin": [-3.57353, 1.22, -0.06725],
							"size": [1.32, 8.672, 1.408],
							"pivot": [-2.91353, 8.9, -0.11125],
							"rotation": [0, 180, 0],
							"uv": {
								"north": {"uv": [36, 45], "uv_size": [1.25, 8.75]},
								"east": {"uv": [30, 9], "uv_size": [1.5, 8.75]},
								"south": {"uv": [38, 45], "uv_size": [1.25, 8.75]},
								"west": {"uv": [30, 18], "uv_size": [1.5, 8.75]},
								"up": {"uv": [76, 48], "uv_size": [1.25, 1.5]},
								"down": {"uv": [50, 77.5], "uv_size": [1.25, -1.5]}
							}
						},
						{
							"origin": [-3.841, 1.22, -0.22167],
							"size": [1.32, 8.672, 1.408],
							"pivot": [-3.181, 8.9, -0.26567],
							"rotation": [0, 120, 0],
							"uv": {
								"north": {"uv": [32, 45], "uv_size": [1.25, 8.75]},
								"east": {"uv": [28, 21], "uv_size": [1.5, 8.75]},
								"south": {"uv": [34, 45], "uv_size": [1.25, 8.75]},
								"west": {"uv": [30, 0], "uv_size": [1.5, 8.75]},
								"up": {"uv": [38, 76], "uv_size": [1.25, 1.5]},
								"down": {"uv": [48, 77.5], "uv_size": [1.25, -1.5]}
							}
						},
						{
							"origin": [-3.841, 1.22, -0.53052],
							"size": [1.32, 8.672, 1.408],
							"pivot": [-3.181, 8.9, -0.57452],
							"rotation": [0, 60, 0],
							"uv": {
								"north": {"uv": [44, 40], "uv_size": [1.25, 8.75]},
								"east": {"uv": [26, 21], "uv_size": [1.5, 8.75]},
								"south": {"uv": [30, 45], "uv_size": [1.25, 8.75]},
								"west": {"uv": [28, 12], "uv_size": [1.5, 8.75]},
								"up": {"uv": [76, 32], "uv_size": [1.25, 1.5]},
								"down": {"uv": [76, 35.5], "uv_size": [1.25, -1.5]}
							}
						},
						{
							"origin": [-3.57353, 1.22, -0.68494],
							"size": [1.32, 8.672, 1.408],
							"uv": {
								"north": {"uv": [44, 18], "uv_size": [1.25, 8.75]},
								"east": {"uv": [6, 26], "uv_size": [1.5, 8.75]},
								"south": {"uv": [44, 27], "uv_size": [1.25, 8.75]},
								"west": {"uv": [26, 12], "uv_size": [1.5, 8.75]},
								"up": {"uv": [76, 28], "uv_size": [1.25, 1.5]},
								"down": {"uv": [76, 31.5], "uv_size": [1.25, -1.5]}
							}
						},
						{
							"origin": [-2.70606, 1.22, 2.06948],
							"size": [1.32, 8.672, 1.408],
							"pivot": [-2.04606, 8.9, 2.02548],
							"rotation": [0, -60, 0],
							"uv": {
								"north": {"uv": [44, 49], "uv_size": [1.25, 8.75]},
								"east": {"uv": [18, 34], "uv_size": [1.5, 8.75]},
								"south": {"uv": [46, 49], "uv_size": [1.25, 8.75]},
								"west": {"uv": [34, 18], "uv_size": [1.5, 8.75]},
								"up": {"uv": [76, 64], "uv_size": [1.25, 1.5]},
								"down": {"uv": [66, 77.5], "uv_size": [1.25, -1.5]}
							}
						},
						{
							"origin": [-2.70606, 1.22, 2.37833],
							"size": [1.32, 8.672, 1.408],
							"pivot": [-2.04606, 8.9, 2.33433],
							"rotation": [0, -120, 0],
							"uv": {
								"north": {"uv": [48, 40], "uv_size": [1.25, 8.75]},
								"east": {"uv": [34, 9], "uv_size": [1.5, 8.75]},
								"south": {"uv": [42, 49], "uv_size": [1.25, 8.75]},
								"west": {"uv": [16, 34], "uv_size": [1.5, 8.75]},
								"up": {"uv": [76, 62], "uv_size": [1.25, 1.5]},
								"down": {"uv": [64, 77.5], "uv_size": [1.25, -1.5]}
							}
						},
						{
							"origin": [-2.97353, 1.22, 2.53275],
							"size": [1.32, 8.672, 1.408],
							"pivot": [-2.31353, 8.9, 2.48875],
							"rotation": [0, 180, 0],
							"uv": {
								"north": {"uv": [48, 27], "uv_size": [1.25, 8.75]},
								"east": {"uv": [32, 27], "uv_size": [1.5, 8.75]},
								"south": {"uv": [28, 48], "uv_size": [1.25, 8.75]},
								"west": {"uv": [34, 0], "uv_size": [1.5, 8.75]},
								"up": {"uv": [76, 60], "uv_size": [1.25, 1.5]},
								"down": {"uv": [62, 77.5], "uv_size": [1.25, -1.5]}
							}
						},
						{
							"origin": [-3.241, 1.22, 2.37833],
							"size": [1.32, 8.672, 1.408],
							"pivot": [-2.581, 8.9, 2.33433],
							"rotation": [0, 120, 0],
							"uv": {
								"north": {"uv": [48, 18], "uv_size": [1.25, 8.75]},
								"east": {"uv": [14, 32], "uv_size": [1.5, 8.75]},
								"south": {"uv": [26, 48], "uv_size": [1.25, 8.75]},
								"west": {"uv": [32, 18], "uv_size": [1.5, 8.75]},
								"up": {"uv": [76, 58], "uv_size": [1.25, 1.5]},
								"down": {"uv": [60, 77.5], "uv_size": [1.25, -1.5]}
							}
						},
						{
							"origin": [-3.241, 1.22, 2.06948],
							"size": [1.32, 8.672, 1.408],
							"pivot": [-2.581, 8.9, 2.02548],
							"rotation": [0, 60, 0],
							"uv": {
								"north": {"uv": [48, 0], "uv_size": [1.25, 8.75]},
								"east": {"uv": [10, 32], "uv_size": [1.5, 8.75]},
								"south": {"uv": [48, 9], "uv_size": [1.25, 8.75]},
								"west": {"uv": [12, 32], "uv_size": [1.5, 8.75]},
								"up": {"uv": [76, 56], "uv_size": [1.25, 1.5]},
								"down": {"uv": [58, 77.5], "uv_size": [1.25, -1.5]}
							}
						},
						{
							"origin": [-2.97353, 1.22, 1.91506],
							"size": [1.32, 8.672, 1.408],
							"uv": {
								"north": {"uv": [46, 27], "uv_size": [1.25, 8.75]},
								"east": {"uv": [8, 32], "uv_size": [1.5, 8.75]},
								"south": {"uv": [46, 40], "uv_size": [1.25, 8.75]},
								"west": {"uv": [32, 9], "uv_size": [1.5, 8.75]},
								"up": {"uv": [76, 54], "uv_size": [1.25, 1.5]},
								"down": {"uv": [56, 77.5], "uv_size": [1.25, -1.5]}
							}
						},
						{
							"origin": [-2.10606, 1.22, 4.76948],
							"size": [1.32, 8.672, 1.408],
							"pivot": [-1.44606, 8.9, 4.72548],
							"rotation": [0, -60, 0],
							"uv": {
								"north": {"uv": [50, 49], "uv_size": [1.25, 8.75]},
								"east": {"uv": [36, 18], "uv_size": [1.5, 8.75]},
								"south": {"uv": [52, 0], "uv_size": [1.25, 8.75]},
								"west": {"uv": [36, 27], "uv_size": [1.5, 8.75]},
								"up": {"uv": [2, 77], "uv_size": [1.25, 1.5]},
								"down": {"uv": [77, 3.5], "uv_size": [1.25, -1.5]}
							}
						},
						{
							"origin": [-2.10606, 1.22, 5.07833],
							"size": [1.32, 8.672, 1.408],
							"pivot": [-1.44606, 8.9, 5.03433],
							"rotation": [0, -120, 0],
							"uv": {
								"north": {"uv": [50, 27], "uv_size": [1.25, 8.75]},
								"east": {"uv": [36, 0], "uv_size": [1.5, 8.75]},
								"south": {"uv": [50, 40], "uv_size": [1.25, 8.75]},
								"west": {"uv": [36, 9], "uv_size": [1.5, 8.75]},
								"up": {"uv": [0, 77], "uv_size": [1.25, 1.5]},
								"down": {"uv": [77, 1.5], "uv_size": [1.25, -1.5]}
							}
						},
						{
							"origin": [-2.37353, 1.22, 5.23275],
							"size": [1.32, 8.672, 1.408],
							"pivot": [-1.71353, 8.9, 5.18875],
							"rotation": [0, 180, 0],
							"uv": {
								"north": {"uv": [14, 50], "uv_size": [1.25, 8.75]},
								"east": {"uv": [4, 35], "uv_size": [1.5, 8.75]},
								"south": {"uv": [50, 18], "uv_size": [1.25, 8.75]},
								"west": {"uv": [6, 35], "uv_size": [1.5, 8.75]},
								"up": {"uv": [73, 76], "uv_size": [1.25, 1.5]},
								"down": {"uv": [75, 77.5], "uv_size": [1.25, -1.5]}
							}
						},
						{
							"origin": [-2.641, 1.22, 5.07833],
							"size": [1.32, 8.672, 1.408],
							"pivot": [-1.981, 8.9, 5.03433],
							"rotation": [0, 120, 0],
							"uv": {
								"north": {"uv": [10, 50], "uv_size": [1.25, 8.75]},
								"east": {"uv": [0, 35], "uv_size": [1.5, 8.75]},
								"south": {"uv": [12, 50], "uv_size": [1.25, 8.75]},
								"west": {"uv": [2, 35], "uv_size": [1.5, 8.75]},
								"up": {"uv": [71, 76], "uv_size": [1.25, 1.5]},
								"down": {"uv": [76, 73.5], "uv_size": [1.25, -1.5]}
							}
						},
						{
							"origin": [-2.641, 1.22, 4.76948],
							"size": [1.32, 8.672, 1.408],
							"pivot": [-1.981, 8.9, 4.72548],
							"rotation": [0, 60, 0],
							"uv": {
								"north": {"uv": [8, 50], "uv_size": [1.25, 8.75]},
								"east": {"uv": [24, 34], "uv_size": [1.5, 8.75]},
								"south": {"uv": [50, 9], "uv_size": [1.25, 8.75]},
								"west": {"uv": [34, 27], "uv_size": [1.5, 8.75]},
								"up": {"uv": [69, 76], "uv_size": [1.25, 1.5]},
								"down": {"uv": [76, 71.5], "uv_size": [1.25, -1.5]}
							}
						},
						{
							"origin": [-2.37353, 1.22, 4.61506],
							"size": [1.32, 8.672, 1.408],
							"uv": {
								"north": {"uv": [48, 49], "uv_size": [1.25, 8.75]},
								"east": {"uv": [20, 34], "uv_size": [1.5, 8.75]},
								"south": {"uv": [50, 0], "uv_size": [1.25, 8.75]},
								"west": {"uv": [22, 34], "uv_size": [1.5, 8.75]},
								"up": {"uv": [76, 66], "uv_size": [1.25, 1.5]},
								"down": {"uv": [76, 69.5], "uv_size": [1.25, -1.5]}
							}
						}
					]
				},
				{
					"name": "bone2",
					"parent": "main",
					"pivot": [0.85394, 6.3, -2.97452],
					"cubes": [
						{
							"origin": [-2.37353, 9.12, -4.88494],
							"size": [1.32, 2.372, 0.308],
							"uv": {
								"north": {"uv": [56, 39], "uv_size": [1.25, 2.25]},
								"east": {"uv": [67, 80], "uv_size": [0.25, 2.25]},
								"south": {"uv": [56, 42], "uv_size": [1.25, 2.25]},
								"west": {"uv": [69, 80], "uv_size": [0.25, 2.25]},
								"up": {"uv": [83, 44], "uv_size": [1.25, 0.25]},
								"down": {"uv": [83, 45.25], "uv_size": [1.25, -0.25]}
							}
						},
						{
							"origin": [-2.641, 9.12, -4.73052],
							"size": [1.32, 2.372, 0.308],
							"pivot": [-1.981, 8.2, -5.87452],
							"rotation": [0, 60, 0],
							"uv": {
								"north": {"uv": [64, 43], "uv_size": [1.25, 2.25]},
								"east": {"uv": [80, 69], "uv_size": [0.25, 2.25]},
								"south": {"uv": [64, 46], "uv_size": [1.25, 2.25]},
								"west": {"uv": [70, 80], "uv_size": [0.25, 2.25]},
								"up": {"uv": [83, 46], "uv_size": [1.25, 0.25]},
								"down": {"uv": [83, 47.25], "uv_size": [1.25, -0.25]}
							}
						},
						{
							"origin": [-2.641, 9.12, -4.42167],
							"size": [1.32, 2.372, 0.308],
							"pivot": [-1.981, 8.2, -5.56567],
							"rotation": [0, 120, 0],
							"uv": {
								"north": {"uv": [42, 65], "uv_size": [1.25, 2.25]},
								"east": {"uv": [77, 80], "uv_size": [0.25, 2.25]},
								"south": {"uv": [44, 65], "uv_size": [1.25, 2.25]},
								"west": {"uv": [78, 80], "uv_size": [0.25, 2.25]},
								"up": {"uv": [54, 83], "uv_size": [1.25, 0.25]},
								"down": {"uv": [83, 54.25], "uv_size": [1.25, -0.25]}
							}
						},
						{
							"origin": [-2.37353, 9.12, -4.26725],
							"size": [1.32, 2.372, 0.308],
							"pivot": [-1.71353, 8.2, -5.41125],
							"rotation": [0, 180, 0],
							"uv": {
								"north": {"uv": [64, 49], "uv_size": [1.25, 2.25]},
								"east": {"uv": [71, 80], "uv_size": [0.25, 2.25]},
								"south": {"uv": [64, 52], "uv_size": [1.25, 2.25]},
								"west": {"uv": [72, 80], "uv_size": [0.25, 2.25]},
								"up": {"uv": [83, 48], "uv_size": [1.25, 0.25]},
								"down": {"uv": [83, 49.25], "uv_size": [1.25, -0.25]}
							}
						},
						{
							"origin": [-2.10606, 9.12, -4.42167],
							"size": [1.32, 2.372, 0.308],
							"pivot": [-1.44606, 8.2, -5.56567],
							"rotation": [0, -120, 0],
							"uv": {
								"north": {"uv": [64, 55], "uv_size": [1.25, 2.25]},
								"east": {"uv": [73, 80], "uv_size": [0.25, 2.25]},
								"south": {"uv": [64, 58], "uv_size": [1.25, 2.25]},
								"west": {"uv": [74, 80], "uv_size": [0.25, 2.25]},
								"up": {"uv": [83, 50], "uv_size": [1.25, 0.25]},
								"down": {"uv": [83, 51.25], "uv_size": [1.25, -0.25]}
							}
						},
						{
							"origin": [-2.10606, 9.12, -4.73052],
							"size": [1.32, 2.372, 0.308],
							"pivot": [-1.44606, 8.2, -5.87452],
							"rotation": [0, -60, 0],
							"uv": {
								"north": {"uv": [64, 61], "uv_size": [1.25, 2.25]},
								"east": {"uv": [75, 80], "uv_size": [0.25, 2.25]},
								"south": {"uv": [64, 64], "uv_size": [1.25, 2.25]},
								"west": {"uv": [76, 80], "uv_size": [0.25, 2.25]},
								"up": {"uv": [83, 52], "uv_size": [1.25, 0.25]},
								"down": {"uv": [83, 53.25], "uv_size": [1.25, -0.25]}
							}
						},
						{
							"origin": [-2.37353, 11.44724, -5.88855],
							"size": [1.32, 2.372, 1.108],
							"pivot": [-1.71353, 12.63324, -4.93455],
							"rotation": [10, 0, 0],
							"uv": {
								"north": {"uv": [10, 66], "uv_size": [1.25, 2.25]},
								"east": {"uv": [72, 66], "uv_size": [1, 2.25]},
								"south": {"uv": [12, 66], "uv_size": [1.25, 2.25]},
								"west": {"uv": [68, 72], "uv_size": [1, 2.25]},
								"up": {"uv": [78, 32], "uv_size": [1.25, 1]},
								"down": {"uv": [78, 34], "uv_size": [1.25, -1]}
							}
						},
						{
							"origin": [-1.69322, 11.44724, -6.28132],
							"size": [1.32, 2.372, 1.108],
							"pivot": [-1.03322, 12.63324, -5.32732],
							"rotation": [10, 60, 0],
							"uv": {
								"north": {"uv": [8, 66], "uv_size": [1.25, 2.25]},
								"east": {"uv": [72, 60], "uv_size": [1, 2.25]},
								"south": {"uv": [66, 9], "uv_size": [1.25, 2.25]},
								"west": {"uv": [72, 63], "uv_size": [1, 2.25]},
								"up": {"uv": [78, 30], "uv_size": [1.25, 1]},
								"down": {"uv": [78, 32], "uv_size": [1.25, -1]}
							}
						},
						{
							"origin": [-2.37353, 11.44724, -7.45964],
							"size": [1.32, 2.372, 1.108],
							"pivot": [-1.71353, 12.63324, -6.50564],
							"rotation": [-170, 0, 180],
							"uv": {
								"north": {"uv": [66, 3], "uv_size": [1.25, 2.25]},
								"east": {"uv": [72, 54], "uv_size": [1, 2.25]},
								"south": {"uv": [66, 6], "uv_size": [1.25, 2.25]},
								"west": {"uv": [72, 57], "uv_size": [1, 2.25]},
								"up": {"uv": [78, 28], "uv_size": [1.25, 1]},
								"down": {"uv": [78, 30], "uv_size": [1.25, -1]}
							}
						},
						{
							"origin": [-3.05383, 11.44724, -7.06687],
							"size": [1.32, 2.372, 1.108],
							"pivot": [-2.39383, 12.63324, -6.11287],
							"rotation": [-170, -60, 180],
							"uv": {
								"north": {"uv": [54, 65], "uv_size": [1.25, 2.25]},
								"east": {"uv": [72, 48], "uv_size": [1, 2.25]},
								"south": {"uv": [66, 0], "uv_size": [1.25, 2.25]},
								"west": {"uv": [72, 51], "uv_size": [1, 2.25]},
								"up": {"uv": [78, 27], "uv_size": [1.25, 1]},
								"down": {"uv": [28, 79], "uv_size": [1.25, -1]}
							}
						},
						{
							"origin": [-3.05383, 11.44724, -6.28132],
							"size": [1.32, 2.372, 1.108],
							"pivot": [-2.39383, 12.63324, -5.32732],
							"rotation": [10, -60, 0],
							"uv": {
								"north": {"uv": [50, 65], "uv_size": [1.25, 2.25]},
								"east": {"uv": [72, 42], "uv_size": [1, 2.25]},
								"south": {"uv": [52, 65], "uv_size": [1.25, 2.25]},
								"west": {"uv": [72, 45], "uv_size": [1, 2.25]},
								"up": {"uv": [26, 78], "uv_size": [1.25, 1]},
								"down": {"uv": [78, 27], "uv_size": [1.25, -1]}
							}
						},
						{
							"origin": [-1.69322, 11.44724, -7.06687],
							"size": [1.32, 2.372, 1.108],
							"pivot": [-1.03322, 12.63324, -6.11287],
							"rotation": [-170, 60, 180],
							"uv": {
								"north": {"uv": [46, 65], "uv_size": [1.25, 2.25]},
								"east": {"uv": [72, 36], "uv_size": [1, 2.25]},
								"south": {"uv": [48, 65], "uv_size": [1.25, 2.25]},
								"west": {"uv": [72, 39], "uv_size": [1, 2.25]},
								"up": {"uv": [24, 12], "uv_size": [1.25, 1]},
								"down": {"uv": [54, 54], "uv_size": [1.25, -1]}
							}
						},
						{
							"origin": [-0.17353, 9.12, -2.28494],
							"size": [1.32, 2.372, 0.308],
							"uv": {
								"north": {"uv": [72, 3], "uv_size": [1.25, 2.25]},
								"east": {"uv": [6, 82], "uv_size": [0.25, 2.25]},
								"south": {"uv": [4, 72], "uv_size": [1.25, 2.25]},
								"west": {"uv": [82, 6], "uv_size": [0.25, 2.25]},
								"up": {"uv": [84, 13], "uv_size": [1.25, 0.25]},
								"down": {"uv": [84, 14.25], "uv_size": [1.25, -0.25]}
							}
						},
						{
							"origin": [-0.441, 9.12, -2.13052],
							"size": [1.32, 2.372, 0.308],
							"pivot": [0.219, 8.2, -3.27452],
							"rotation": [0, 60, 0],
							"uv": {
								"north": {"uv": [72, 0], "uv_size": [1.25, 2.25]},
								"east": {"uv": [82, 0], "uv_size": [0.25, 2.25]},
								"south": {"uv": [2, 72], "uv_size": [1.25, 2.25]},
								"west": {"uv": [82, 3], "uv_size": [0.25, 2.25]},
								"up": {"uv": [84, 12], "uv_size": [1.25, 0.25]},
								"down": {"uv": [13, 84.25], "uv_size": [1.25, -0.25]}
							}
						},
						{
							"origin": [-0.17353, 9.12, -1.66725],
							"size": [1.32, 2.372, 0.308],
							"pivot": [0.48647, 8.2, -2.81125],
							"rotation": [0, 180, 0],
							"uv": {
								"north": {"uv": [54, 71], "uv_size": [1.25, 2.25]},
								"east": {"uv": [81, 77], "uv_size": [0.25, 2.25]},
								"south": {"uv": [0, 72], "uv_size": [1.25, 2.25]},
								"west": {"uv": [81, 80], "uv_size": [0.25, 2.25]},
								"up": {"uv": [84, 10], "uv_size": [1.25, 0.25]},
								"down": {"uv": [84, 11.25], "uv_size": [1.25, -0.25]}
							}
						},
						{
							"origin": [0.09394, 9.12, -1.82167],
							"size": [1.32, 2.372, 0.308],
							"pivot": [0.75394, 8.2, -2.96567],
							"rotation": [0, -120, 0],
							"uv": {
								"north": {"uv": [50, 71], "uv_size": [1.25, 2.25]},
								"east": {"uv": [81, 71], "uv_size": [0.25, 2.25]},
								"south": {"uv": [52, 71], "uv_size": [1.25, 2.25]},
								"west": {"uv": [81, 74], "uv_size": [0.25, 2.25]},
								"up": {"uv": [84, 9], "uv_size": [1.25, 0.25]},
								"down": {"uv": [10, 84.25], "uv_size": [1.25, -0.25]}
							}
						},
						{
							"origin": [0.09394, 9.12, -2.13052],
							"size": [1.32, 2.372, 0.308],
							"pivot": [0.75394, 8.2, -3.27452],
							"rotation": [0, -60, 0],
							"uv": {
								"north": {"uv": [46, 71], "uv_size": [1.25, 2.25]},
								"east": {"uv": [81, 65], "uv_size": [0.25, 2.25]},
								"south": {"uv": [48, 71], "uv_size": [1.25, 2.25]},
								"west": {"uv": [81, 68], "uv_size": [0.25, 2.25]},
								"up": {"uv": [84, 7], "uv_size": [1.25, 0.25]},
								"down": {"uv": [84, 8.25], "uv_size": [1.25, -0.25]}
							}
						},
						{
							"origin": [-0.441, 9.12, -1.82167],
							"size": [1.32, 2.372, 0.308],
							"pivot": [0.219, 8.2, -2.96567],
							"rotation": [0, 120, 0],
							"uv": {
								"north": {"uv": [42, 71], "uv_size": [1.25, 2.25]},
								"east": {"uv": [81, 62], "uv_size": [0.25, 2.25]},
								"south": {"uv": [44, 71], "uv_size": [1.25, 2.25]},
								"west": {"uv": [63, 81], "uv_size": [0.25, 2.25]},
								"up": {"uv": [84, 6], "uv_size": [1.25, 0.25]},
								"down": {"uv": [7, 84.25], "uv_size": [1.25, -0.25]}
							}
						},
						{
							"origin": [0.50678, 11.44724, -4.46687],
							"size": [1.32, 2.372, 1.108],
							"pivot": [1.16678, 12.63324, -3.51287],
							"rotation": [-170, 60, 180],
							"uv": {
								"north": {"uv": [28, 71], "uv_size": [1.25, 2.25]},
								"east": {"uv": [75, 19], "uv_size": [1, 2.25]},
								"south": {"uv": [40, 71], "uv_size": [1.25, 2.25]},
								"west": {"uv": [30, 75], "uv_size": [1, 2.25]},
								"up": {"uv": [16, 79], "uv_size": [1.25, 1]},
								"down": {"uv": [79, 17], "uv_size": [1.25, -1]}
							}
						},
						{
							"origin": [-0.85383, 11.44724, -3.68132],
							"size": [1.32, 2.372, 1.108],
							"pivot": [-0.19383, 12.63324, -2.72732],
							"rotation": [10, -60, 0],
							"uv": {
								"north": {"uv": [24, 71], "uv_size": [1.25, 2.25]},
								"east": {"uv": [75, 13], "uv_size": [1, 2.25]},
								"south": {"uv": [26, 71], "uv_size": [1.25, 2.25]},
								"west": {"uv": [75, 16], "uv_size": [1, 2.25]},
								"up": {"uv": [14, 79], "uv_size": [1.25, 1]},
								"down": {"uv": [79, 16], "uv_size": [1.25, -1]}
							}
						},
						{
							"origin": [-0.85383, 11.44724, -4.46687],
							"size": [1.32, 2.372, 1.108],
							"pivot": [-0.19383, 12.63324, -3.51287],
							"rotation": [-170, -60, 180],
							"uv": {
								"north": {"uv": [20, 71], "uv_size": [1.25, 2.25]},
								"east": {"uv": [12, 75], "uv_size": [1, 2.25]},
								"south": {"uv": [22, 71], "uv_size": [1.25, 2.25]},
								"west": {"uv": [13, 75], "uv_size": [1, 2.25]},
								"up": {"uv": [79, 12], "uv_size": [1.25, 1]},
								"down": {"uv": [79, 14], "uv_size": [1.25, -1]}
							}
						},
						{
							"origin": [-0.17353, 11.44724, -4.85964],
							"size": [1.32, 2.372, 1.108],
							"pivot": [0.48647, 12.63324, -3.90564],
							"rotation": [-170, 0, 180],
							"uv": {
								"north": {"uv": [16, 71], "uv_size": [1.25, 2.25]},
								"east": {"uv": [75, 7], "uv_size": [1, 2.25]},
								"south": {"uv": [18, 71], "uv_size": [1.25, 2.25]},
								"west": {"uv": [75, 10], "uv_size": [1, 2.25]},
								"up": {"uv": [79, 10], "uv_size": [1.25, 1]},
								"down": {"uv": [79, 12], "uv_size": [1.25, -1]}
							}
						},
						{
							"origin": [0.50678, 11.44724, -3.68132],
							"size": [1.32, 2.372, 1.108],
							"pivot": [1.16678, 12.63324, -2.72732],
							"rotation": [10, 60, 0],
							"uv": {
								"north": {"uv": [70, 66], "uv_size": [1.25, 2.25]},
								"east": {"uv": [5, 75], "uv_size": [1, 2.25]},
								"south": {"uv": [70, 69], "uv_size": [1.25, 2.25]},
								"west": {"uv": [6, 75], "uv_size": [1, 2.25]},
								"up": {"uv": [79, 8], "uv_size": [1.25, 1]},
								"down": {"uv": [79, 10], "uv_size": [1.25, -1]}
							}
						},
						{
							"origin": [-0.17353, 11.44724, -3.28855],
							"size": [1.32, 2.372, 1.108],
							"pivot": [0.48647, 12.63324, -2.33455],
							"rotation": [10, 0, 0],
							"uv": {
								"north": {"uv": [64, 70], "uv_size": [1.25, 2.25]},
								"east": {"uv": [4, 75], "uv_size": [1, 2.25]},
								"south": {"uv": [66, 70], "uv_size": [1.25, 2.25]},
								"west": {"uv": [75, 4], "uv_size": [1, 2.25]},
								"up": {"uv": [79, 2], "uv_size": [1.25, 1]},
								"down": {"uv": [79, 4], "uv_size": [1.25, -1]}
							}
						},
						{
							"origin": [4.12647, 4.52, -3.18494],
							"size": [1.32, 2.372, 0.308],
							"pivot": [4.78647, 1.95689, -4.0201],
							"rotation": [-90, 45, 0],
							"uv": {
								"north": {"uv": [62, 70], "uv_size": [1.25, 2.25]},
								"east": {"uv": [60, 81], "uv_size": [0.25, 2.25]},
								"south": {"uv": [70, 63], "uv_size": [1.25, 2.25]},
								"west": {"uv": [62, 81], "uv_size": [0.25, 2.25]},
								"up": {"uv": [84, 4], "uv_size": [1.25, 0.25]},
								"down": {"uv": [84, 5.25], "uv_size": [1.25, -0.25]}
							}
						},
						{
							"origin": [4.12647, 4.52, -3.18494],
							"size": [1.32, 2.372, 0.308],
							"pivot": [4.78647, 1.95689, -4.0201],
							"rotation": [-130.89339, 20.70481, -67.79235],
							"uv": {
								"north": {"uv": [60, 70], "uv_size": [1.25, 2.25]},
								"east": {"uv": [81, 53], "uv_size": [0.25, 2.25]},
								"south": {"uv": [70, 60], "uv_size": [1.25, 2.25]},
								"west": {"uv": [59, 81], "uv_size": [0.25, 2.25]},
								"up": {"uv": [84, 3], "uv_size": [1.25, 0.25]},
								"down": {"uv": [4, 84.25], "uv_size": [1.25, -0.25]}
							}
						},
						{
							"origin": [4.12647, 4.52, -3.18494],
							"size": [1.32, 2.372, 0.308],
							"pivot": [4.78647, 1.95689, -4.0201],
							"rotation": [-90, -45, 180],
							"uv": {
								"north": {"uv": [70, 57], "uv_size": [1.25, 2.25]},
								"east": {"uv": [52, 81], "uv_size": [0.25, 2.25]},
								"south": {"uv": [58, 70], "uv_size": [1.25, 2.25]},
								"west": {"uv": [53, 81], "uv_size": [0.25, 2.25]},
								"up": {"uv": [2, 84], "uv_size": [1.25, 0.25]},
								"down": {"uv": [84, 2.25], "uv_size": [1.25, -0.25]}
							}
						},
						{
							"origin": [4.12647, 4.52, -3.18494],
							"size": [1.32, 2.372, 0.308],
							"pivot": [4.78647, 1.95689, -4.0201],
							"rotation": [-49.10661, -20.70481, 112.20765],
							"uv": {
								"north": {"uv": [70, 54], "uv_size": [1.25, 2.25]},
								"east": {"uv": [50, 81], "uv_size": [0.25, 2.25]},
								"south": {"uv": [56, 70], "uv_size": [1.25, 2.25]},
								"west": {"uv": [51, 81], "uv_size": [0.25, 2.25]},
								"up": {"uv": [84, 0], "uv_size": [1.25, 0.25]},
								"down": {"uv": [84, 1.25], "uv_size": [1.25, -0.25]}
							}
						},
						{
							"origin": [4.12647, 4.52, -3.18494],
							"size": [1.32, 2.372, 0.308],
							"pivot": [4.78647, 1.95689, -4.0201],
							"rotation": [-49.10661, 20.70481, 67.79235],
							"uv": {
								"north": {"uv": [70, 48], "uv_size": [1.25, 2.25]},
								"east": {"uv": [48, 81], "uv_size": [0.25, 2.25]},
								"south": {"uv": [70, 51], "uv_size": [1.25, 2.25]},
								"west": {"uv": [49, 81], "uv_size": [0.25, 2.25]},
								"up": {"uv": [83, 83], "uv_size": [1.25, 0.25]},
								"down": {"uv": [0, 84.25], "uv_size": [1.25, -0.25]}
							}
						},
						{
							"origin": [4.12647, 4.52, -3.18494],
							"size": [1.32, 2.372, 0.308],
							"pivot": [4.78647, 1.95689, -4.0201],
							"rotation": [-130.89339, -20.70481, -112.20765],
							"uv": {
								"north": {"uv": [70, 42], "uv_size": [1.25, 2.25]},
								"east": {"uv": [46, 81], "uv_size": [0.25, 2.25]},
								"south": {"uv": [70, 45], "uv_size": [1.25, 2.25]},
								"west": {"uv": [47, 81], "uv_size": [0.25, 2.25]},
								"up": {"uv": [83, 81], "uv_size": [1.25, 0.25]},
								"down": {"uv": [83, 82.25], "uv_size": [1.25, -0.25]}
							}
						},
						{
							"origin": [4.12647, 6.61852, -3.14534],
							"size": [1.32, 2.372, 1.108],
							"pivot": [4.78647, 1.95689, -4.0201],
							"rotation": [-120.89339, -20.70481, -112.20765],
							"uv": {
								"north": {"uv": [38, 70], "uv_size": [1.25, 2.25]},
								"east": {"uv": [46, 74], "uv_size": [1, 2.25]},
								"south": {"uv": [70, 39], "uv_size": [1.25, 2.25]},
								"west": {"uv": [47, 74], "uv_size": [1, 2.25]},
								"up": {"uv": [79, 1], "uv_size": [1.25, 1]},
								"down": {"uv": [2, 80], "uv_size": [1.25, -1]}
							}
						},
						{
							"origin": [4.12647, 6.61852, -3.14534],
							"size": [1.32, 2.372, 1.108],
							"pivot": [4.78647, 1.95689, -4.0201],
							"rotation": [-39.10661, 20.70481, 67.79235],
							"uv": {
								"north": {"uv": [36, 70], "uv_size": [1.25, 2.25]},
								"east": {"uv": [45, 74], "uv_size": [1, 2.25]},
								"south": {"uv": [70, 36], "uv_size": [1.25, 2.25]},
								"west": {"uv": [74, 45], "uv_size": [1, 2.25]},
								"up": {"uv": [0, 79], "uv_size": [1.25, 1]},
								"down": {"uv": [79, 1], "uv_size": [1.25, -1]}
							}
						},
						{
							"origin": [4.12647, 6.61852, -3.14534],
							"size": [1.32, 2.372, 1.108],
							"pivot": [4.78647, 1.95689, -4.0201],
							"rotation": [-39.10661, -20.70481, 112.20765],
							"uv": {
								"north": {"uv": [70, 33], "uv_size": [1.25, 2.25]},
								"east": {"uv": [43, 74], "uv_size": [1, 2.25]},
								"south": {"uv": [34, 70], "uv_size": [1.25, 2.25]},
								"west": {"uv": [44, 74], "uv_size": [1, 2.25]},
								"up": {"uv": [75, 78], "uv_size": [1.25, 1]},
								"down": {"uv": [77, 79], "uv_size": [1.25, -1]}
							}
						},
						{
							"origin": [4.12647, 6.61852, -3.14534],
							"size": [1.32, 2.372, 1.108],
							"pivot": [4.78647, 1.95689, -4.0201],
							"rotation": [-80, -45, 180],
							"uv": {
								"north": {"uv": [70, 30], "uv_size": [1.25, 2.25]},
								"east": {"uv": [42, 74], "uv_size": [1, 2.25]},
								"south": {"uv": [32, 70], "uv_size": [1.25, 2.25]},
								"west": {"uv": [74, 42], "uv_size": [1, 2.25]},
								"up": {"uv": [73, 78], "uv_size": [1.25, 1]},
								"down": {"uv": [78, 74], "uv_size": [1.25, -1]}
							}
						},
						{
							"origin": [4.12647, 6.61852, -3.14534],
							"size": [1.32, 2.372, 1.108],
							"pivot": [4.78647, 1.95689, -4.0201],
							"rotation": [-120.89339, 20.70481, -67.79235],
							"uv": {
								"north": {"uv": [70, 27], "uv_size": [1.25, 2.25]},
								"east": {"uv": [40, 74], "uv_size": [1, 2.25]},
								"south": {"uv": [30, 70], "uv_size": [1.25, 2.25]},
								"west": {"uv": [41, 74], "uv_size": [1, 2.25]},
								"up": {"uv": [78, 71], "uv_size": [1.25, 1]},
								"down": {"uv": [78, 73], "uv_size": [1.25, -1]}
							}
						},
						{
							"origin": [4.12647, 6.61852, -3.14534],
							"size": [1.32, 2.372, 1.108],
							"pivot": [4.78647, 1.95689, -4.0201],
							"rotation": [-80, 45, 0],
							"uv": {
								"north": {"uv": [70, 21], "uv_size": [1.25, 2.25]},
								"east": {"uv": [74, 36], "uv_size": [1, 2.25]},
								"south": {"uv": [70, 24], "uv_size": [1.25, 2.25]},
								"west": {"uv": [74, 39], "uv_size": [1, 2.25]},
								"up": {"uv": [78, 70], "uv_size": [1.25, 1]},
								"down": {"uv": [71, 79], "uv_size": [1.25, -1]}
							}
						},
						{
							"origin": [-3.57353, 9.82, 0.41506],
							"size": [1.32, 2.372, 0.308],
							"uv": {
								"north": {"uv": [68, 6], "uv_size": [1.25, 2.25]},
								"east": {"uv": [81, 11], "uv_size": [0.25, 2.25]},
								"south": {"uv": [68, 9], "uv_size": [1.25, 2.25]},
								"west": {"uv": [14, 81], "uv_size": [0.25, 2.25]},
								"up": {"uv": [64, 83], "uv_size": [1.25, 0.25]},
								"down": {"uv": [83, 64.25], "uv_size": [1.25, -0.25]}
							}
						},
						{
							"origin": [-3.841, 9.82, 0.56948],
							"size": [1.32, 2.372, 0.308],
							"pivot": [-3.181, 8.9, -0.57452],
							"rotation": [0, 60, 0],
							"uv": {
								"north": {"uv": [68, 0], "uv_size": [1.25, 2.25]},
								"east": {"uv": [5, 81], "uv_size": [0.25, 2.25]},
								"south": {"uv": [68, 3], "uv_size": [1.25, 2.25]},
								"west": {"uv": [81, 8], "uv_size": [0.25, 2.25]},
								"up": {"uv": [83, 62], "uv_size": [1.25, 0.25]},
								"down": {"uv": [83, 63.25], "uv_size": [1.25, -0.25]}
							}
						},
						{
							"origin": [-3.57353, 9.82, 1.03275],
							"size": [1.32, 2.372, 0.308],
							"pivot": [-2.91353, 8.9, -0.11125],
							"rotation": [0, 180, 0],
							"uv": {
								"north": {"uv": [64, 67], "uv_size": [1.25, 2.25]},
								"east": {"uv": [3, 81], "uv_size": [0.25, 2.25]},
								"south": {"uv": [66, 67], "uv_size": [1.25, 2.25]},
								"west": {"uv": [4, 81], "uv_size": [0.25, 2.25]},
								"up": {"uv": [83, 60], "uv_size": [1.25, 0.25]},
								"down": {"uv": [83, 61.25], "uv_size": [1.25, -0.25]}
							}
						},
						{
							"origin": [-3.30606, 9.82, 0.87833],
							"size": [1.32, 2.372, 0.308],
							"pivot": [-2.64606, 8.9, -0.26567],
							"rotation": [0, -120, 0],
							"uv": {
								"north": {"uv": [56, 67], "uv_size": [1.25, 2.25]},
								"east": {"uv": [1, 81], "uv_size": [0.25, 2.25]},
								"south": {"uv": [58, 67], "uv_size": [1.25, 2.25]},
								"west": {"uv": [2, 81], "uv_size": [0.25, 2.25]},
								"up": {"uv": [83, 58], "uv_size": [1.25, 0.25]},
								"down": {"uv": [83, 59.25], "uv_size": [1.25, -0.25]}
							}
						},
						{
							"origin": [-3.30606, 9.82, 0.56948],
							"size": [1.32, 2.372, 0.308],
							"pivot": [-2.64606, 8.9, -0.57452],
							"rotation": [0, -60, 0],
							"uv": {
								"north": {"uv": [66, 61], "uv_size": [1.25, 2.25]},
								"east": {"uv": [0, 81], "uv_size": [0.25, 2.25]},
								"south": {"uv": [66, 64], "uv_size": [1.25, 2.25]},
								"west": {"uv": [81, 0], "uv_size": [0.25, 2.25]},
								"up": {"uv": [83, 56], "uv_size": [1.25, 0.25]},
								"down": {"uv": [83, 57.25], "uv_size": [1.25, -0.25]}
							}
						},
						{
							"origin": [-3.841, 9.82, 0.87833],
							"size": [1.32, 2.372, 0.308],
							"pivot": [-3.181, 8.9, -0.26567],
							"rotation": [0, 120, 0],
							"uv": {
								"north": {"uv": [66, 55], "uv_size": [1.25, 2.25]},
								"east": {"uv": [79, 80], "uv_size": [0.25, 2.25]},
								"south": {"uv": [66, 58], "uv_size": [1.25, 2.25]},
								"west": {"uv": [80, 80], "uv_size": [0.25, 2.25]},
								"up": {"uv": [83, 55], "uv_size": [1.25, 0.25]},
								"down": {"uv": [56, 83.25], "uv_size": [1.25, -0.25]}
							}
						},
						{
							"origin": [-2.89322, 12.14724, -1.76687],
							"size": [1.32, 2.372, 1.108],
							"pivot": [-2.23322, 13.33324, -0.81287],
							"rotation": [-170, 60, 180],
							"uv": {
								"north": {"uv": [66, 49], "uv_size": [1.25, 2.25]},
								"east": {"uv": [57, 73], "uv_size": [1, 2.25]},
								"south": {"uv": [66, 52], "uv_size": [1.25, 2.25]},
								"west": {"uv": [73, 57], "uv_size": [1, 2.25]},
								"up": {"uv": [78, 52], "uv_size": [1.25, 1]},
								"down": {"uv": [78, 54], "uv_size": [1.25, -1]}
							}
						},
						{
							"origin": [-4.25383, 12.14724, -0.98132],
							"size": [1.32, 2.372, 1.108],
							"pivot": [-3.59383, 13.33324, -0.02732],
							"rotation": [10, -60, 0],
							"uv": {
								"north": {"uv": [66, 43], "uv_size": [1.25, 2.25]},
								"east": {"uv": [73, 54], "uv_size": [1, 2.25]},
								"south": {"uv": [66, 46], "uv_size": [1.25, 2.25]},
								"west": {"uv": [56, 73], "uv_size": [1, 2.25]},
								"up": {"uv": [78, 51], "uv_size": [1.25, 1]},
								"down": {"uv": [52, 79], "uv_size": [1.25, -1]}
							}
						},
						{
							"origin": [-4.25383, 12.14724, -1.76687],
							"size": [1.32, 2.372, 1.108],
							"pivot": [-3.59383, 13.33324, -0.81287],
							"rotation": [-170, -60, 180],
							"uv": {
								"north": {"uv": [66, 27], "uv_size": [1.25, 2.25]},
								"east": {"uv": [73, 48], "uv_size": [1, 2.25]},
								"south": {"uv": [66, 30], "uv_size": [1.25, 2.25]},
								"west": {"uv": [73, 51], "uv_size": [1, 2.25]},
								"up": {"uv": [50, 78], "uv_size": [1.25, 1]},
								"down": {"uv": [78, 51], "uv_size": [1.25, -1]}
							}
						},
						{
							"origin": [-3.57353, 12.14724, -2.15964],
							"size": [1.32, 2.372, 1.108],
							"pivot": [-2.91353, 13.33324, -1.20564],
							"rotation": [-170, 0, 180],
							"uv": {
								"north": {"uv": [66, 21], "uv_size": [1.25, 2.25]},
								"east": {"uv": [73, 42], "uv_size": [1, 2.25]},
								"south": {"uv": [66, 24], "uv_size": [1.25, 2.25]},
								"west": {"uv": [73, 45], "uv_size": [1, 2.25]},
								"up": {"uv": [78, 48], "uv_size": [1.25, 1]},
								"down": {"uv": [78, 50], "uv_size": [1.25, -1]}
							}
						},
						{
							"origin": [-2.89322, 12.14724, -0.98132],
							"size": [1.32, 2.372, 1.108],
							"pivot": [-2.23322, 13.33324, -0.02732],
							"rotation": [10, 60, 0],
							"uv": {
								"north": {"uv": [66, 15], "uv_size": [1.25, 2.25]},
								"east": {"uv": [39, 73], "uv_size": [1, 2.25]},
								"south": {"uv": [66, 18], "uv_size": [1.25, 2.25]},
								"west": {"uv": [73, 39], "uv_size": [1, 2.25]},
								"up": {"uv": [38, 78], "uv_size": [1.25, 1]},
								"down": {"uv": [48, 79], "uv_size": [1.25, -1]}
							}
						},
						{
							"origin": [-3.57353, 12.14724, -0.58855],
							"size": [1.32, 2.372, 1.108],
							"pivot": [-2.91353, 13.33324, 0.36545],
							"rotation": [10, 0, 0],
							"uv": {
								"north": {"uv": [66, 12], "uv_size": [1.25, 2.25]},
								"east": {"uv": [73, 36], "uv_size": [1, 2.25]},
								"south": {"uv": [14, 66], "uv_size": [1.25, 2.25]},
								"west": {"uv": [38, 73], "uv_size": [1, 2.25]},
								"up": {"uv": [78, 34], "uv_size": [1.25, 1]},
								"down": {"uv": [78, 36], "uv_size": [1.25, -1]}
							}
						},
						{
							"origin": [-2.97353, 9.82, 3.01506],
							"size": [1.32, 2.372, 0.308],
							"uv": {
								"north": {"uv": [68, 48], "uv_size": [1.25, 2.25]},
								"east": {"uv": [25, 81], "uv_size": [0.25, 2.25]},
								"south": {"uv": [50, 68], "uv_size": [1.25, 2.25]},
								"west": {"uv": [33, 81], "uv_size": [0.25, 2.25]},
								"up": {"uv": [83, 72], "uv_size": [1.25, 0.25]},
								"down": {"uv": [73, 83.25], "uv_size": [1.25, -0.25]}
							}
						},
						{
							"origin": [-3.241, 9.82, 3.16948],
							"size": [1.32, 2.372, 0.308],
							"pivot": [-2.581, 8.9, 2.02548],
							"rotation": [0, 60, 0],
							"uv": {
								"north": {"uv": [46, 68], "uv_size": [1.25, 2.25]},
								"east": {"uv": [23, 81], "uv_size": [0.25, 2.25]},
								"south": {"uv": [48, 68], "uv_size": [1.25, 2.25]},
								"west": {"uv": [24, 81], "uv_size": [0.25, 2.25]},
								"up": {"uv": [71, 83], "uv_size": [1.25, 0.25]},
								"down": {"uv": [83, 71.25], "uv_size": [1.25, -0.25]}
							}
						},
						{
							"origin": [-2.97353, 9.82, 3.63275],
							"size": [1.32, 2.372, 0.308],
							"pivot": [-2.31353, 8.9, 2.48875],
							"rotation": [0, 180, 0],
							"uv": {
								"north": {"uv": [44, 68], "uv_size": [1.25, 2.25]},
								"east": {"uv": [21, 81], "uv_size": [0.25, 2.25]},
								"south": {"uv": [68, 45], "uv_size": [1.25, 2.25]},
								"west": {"uv": [22, 81], "uv_size": [0.25, 2.25]},
								"up": {"uv": [83, 69], "uv_size": [1.25, 0.25]},
								"down": {"uv": [83, 70.25], "uv_size": [1.25, -0.25]}
							}
						},
						{
							"origin": [-2.70606, 9.82, 3.47833],
							"size": [1.32, 2.372, 0.308],
							"pivot": [-2.04606, 8.9, 2.33433],
							"rotation": [0, -120, 0],
							"uv": {
								"north": {"uv": [42, 68], "uv_size": [1.25, 2.25]},
								"east": {"uv": [19, 81], "uv_size": [0.25, 2.25]},
								"south": {"uv": [68, 42], "uv_size": [1.25, 2.25]},
								"west": {"uv": [20, 81], "uv_size": [0.25, 2.25]},
								"up": {"uv": [83, 68], "uv_size": [1.25, 0.25]},
								"down": {"uv": [69, 83.25], "uv_size": [1.25, -0.25]}
							}
						},
						{
							"origin": [-2.70606, 9.82, 3.16948],
							"size": [1.32, 2.372, 0.308],
							"pivot": [-2.04606, 8.9, 2.02548],
							"rotation": [0, -60, 0],
							"uv": {
								"north": {"uv": [68, 39], "uv_size": [1.25, 2.25]},
								"east": {"uv": [17, 81], "uv_size": [0.25, 2.25]},
								"south": {"uv": [40, 68], "uv_size": [1.25, 2.25]},
								"west": {"uv": [18, 81], "uv_size": [0.25, 2.25]},
								"up": {"uv": [83, 66], "uv_size": [1.25, 0.25]},
								"down": {"uv": [83, 67.25], "uv_size": [1.25, -0.25]}
							}
						},
						{
							"origin": [-3.241, 9.82, 3.47833],
							"size": [1.32, 2.372, 0.308],
							"pivot": [-2.581, 8.9, 2.33433],
							"rotation": [0, 120, 0],
							"uv": {
								"north": {"uv": [68, 33], "uv_size": [1.25, 2.25]},
								"east": {"uv": [15, 81], "uv_size": [0.25, 2.25]},
								"south": {"uv": [68, 36], "uv_size": [1.25, 2.25]},
								"west": {"uv": [16, 81], "uv_size": [0.25, 2.25]},
								"up": {"uv": [83, 65], "uv_size": [1.25, 0.25]},
								"down": {"uv": [66, 83.25], "uv_size": [1.25, -0.25]}
							}
						},
						{
							"origin": [-2.29322, 12.14724, 0.83313],
							"size": [1.32, 2.372, 1.108],
							"pivot": [-1.63322, 13.33324, 1.78713],
							"rotation": [-170, 60, 180],
							"uv": {
								"north": {"uv": [68, 27], "uv_size": [1.25, 2.25]},
								"east": {"uv": [66, 73], "uv_size": [1, 2.25]},
								"south": {"uv": [68, 30], "uv_size": [1.25, 2.25]},
								"west": {"uv": [73, 66], "uv_size": [1, 2.25]},
								"up": {"uv": [78, 60], "uv_size": [1.25, 1]},
								"down": {"uv": [78, 62], "uv_size": [1.25, -1]}
							}
						},
						{
							"origin": [-3.65383, 12.14724, 1.61868],
							"size": [1.32, 2.372, 1.108],
							"pivot": [-2.99383, 13.33324, 2.57268],
							"rotation": [10, -60, 0],
							"uv": {
								"north": {"uv": [24, 68], "uv_size": [1.25, 2.25]},
								"east": {"uv": [64, 73], "uv_size": [1, 2.25]},
								"south": {"uv": [68, 24], "uv_size": [1.25, 2.25]},
								"west": {"uv": [65, 73], "uv_size": [1, 2.25]},
								"up": {"uv": [78, 59], "uv_size": [1.25, 1]},
								"down": {"uv": [60, 79], "uv_size": [1.25, -1]}
							}
						},
						{
							"origin": [-3.65383, 12.14724, 0.83313],
							"size": [1.32, 2.372, 1.108],
							"pivot": [-2.99383, 13.33324, 1.78713],
							"rotation": [-170, -60, 180],
							"uv": {
								"north": {"uv": [68, 21], "uv_size": [1.25, 2.25]},
								"east": {"uv": [63, 73], "uv_size": [1, 2.25]},
								"south": {"uv": [22, 68], "uv_size": [1.25, 2.25]},
								"west": {"uv": [73, 63], "uv_size": [1, 2.25]},
								"up": {"uv": [58, 78], "uv_size": [1.25, 1]},
								"down": {"uv": [78, 59], "uv_size": [1.25, -1]}
							}
						},
						{
							"origin": [-2.97353, 12.14724, 0.44036],
							"size": [1.32, 2.372, 1.108],
							"pivot": [-2.31353, 13.33324, 1.39436],
							"rotation": [-170, 0, 180],
							"uv": {
								"north": {"uv": [68, 18], "uv_size": [1.25, 2.25]},
								"east": {"uv": [61, 73], "uv_size": [1, 2.25]},
								"south": {"uv": [20, 68], "uv_size": [1.25, 2.25]},
								"west": {"uv": [62, 73], "uv_size": [1, 2.25]},
								"up": {"uv": [78, 56], "uv_size": [1.25, 1]},
								"down": {"uv": [78, 58], "uv_size": [1.25, -1]}
							}
						},
						{
							"origin": [-2.29322, 12.14724, 1.61868],
							"size": [1.32, 2.372, 1.108],
							"pivot": [-1.63322, 13.33324, 2.57268],
							"rotation": [10, 60, 0],
							"uv": {
								"north": {"uv": [16, 68], "uv_size": [1.25, 2.25]},
								"east": {"uv": [60, 73], "uv_size": [1, 2.25]},
								"south": {"uv": [18, 68], "uv_size": [1.25, 2.25]},
								"west": {"uv": [73, 60], "uv_size": [1, 2.25]},
								"up": {"uv": [78, 55], "uv_size": [1.25, 1]},
								"down": {"uv": [56, 79], "uv_size": [1.25, -1]}
							}
						},
						{
							"origin": [-2.97353, 12.14724, 2.01145],
							"size": [1.32, 2.372, 1.108],
							"pivot": [-2.31353, 13.33324, 2.96545],
							"rotation": [10, 0, 0],
							"uv": {
								"north": {"uv": [68, 12], "uv_size": [1.25, 2.25]},
								"east": {"uv": [58, 73], "uv_size": [1, 2.25]},
								"south": {"uv": [68, 15], "uv_size": [1.25, 2.25]},
								"west": {"uv": [59, 73], "uv_size": [1, 2.25]},
								"up": {"uv": [54, 78], "uv_size": [1.25, 1]},
								"down": {"uv": [78, 55], "uv_size": [1.25, -1]}
							}
						},
						{
							"origin": [-2.37353, 9.82, 5.71506],
							"size": [1.32, 2.372, 0.308],
							"uv": {
								"north": {"uv": [70, 15], "uv_size": [1.25, 2.25]},
								"east": {"uv": [44, 81], "uv_size": [0.25, 2.25]},
								"south": {"uv": [70, 18], "uv_size": [1.25, 2.25]},
								"west": {"uv": [45, 81], "uv_size": [0.25, 2.25]},
								"up": {"uv": [83, 80], "uv_size": [1.25, 0.25]},
								"down": {"uv": [81, 83.25], "uv_size": [1.25, -0.25]}
							}
						},
						{
							"origin": [-2.641, 9.82, 5.86948],
							"size": [1.32, 2.372, 0.308],
							"pivot": [-1.981, 8.9, 4.72548],
							"rotation": [0, 60, 0],
							"uv": {
								"north": {"uv": [70, 9], "uv_size": [1.25, 2.25]},
								"east": {"uv": [43, 81], "uv_size": [0.25, 2.25]},
								"south": {"uv": [70, 12], "uv_size": [1.25, 2.25]},
								"west": {"uv": [81, 43], "uv_size": [0.25, 2.25]},
								"up": {"uv": [79, 83], "uv_size": [1.25, 0.25]},
								"down": {"uv": [83, 79.25], "uv_size": [1.25, -0.25]}
							}
						},
						{
							"origin": [-2.37353, 9.82, 6.33275],
							"size": [1.32, 2.372, 0.308],
							"pivot": [-1.71353, 8.9, 5.18875],
							"rotation": [0, 180, 0],
							"uv": {
								"north": {"uv": [70, 3], "uv_size": [1.25, 2.25]},
								"east": {"uv": [41, 81], "uv_size": [0.25, 2.25]},
								"south": {"uv": [70, 6], "uv_size": [1.25, 2.25]},
								"west": {"uv": [42, 81], "uv_size": [0.25, 2.25]},
								"up": {"uv": [83, 77], "uv_size": [1.25, 0.25]},
								"down": {"uv": [83, 78.25], "uv_size": [1.25, -0.25]}
							}
						},
						{
							"origin": [-2.10606, 9.82, 6.17833],
							"size": [1.32, 2.372, 0.308],
							"pivot": [-1.44606, 8.9, 5.03433],
							"rotation": [0, -120, 0],
							"uv": {
								"north": {"uv": [68, 69], "uv_size": [1.25, 2.25]},
								"east": {"uv": [39, 81], "uv_size": [0.25, 2.25]},
								"south": {"uv": [70, 0], "uv_size": [1.25, 2.25]},
								"west": {"uv": [40, 81], "uv_size": [0.25, 2.25]},
								"up": {"uv": [83, 76], "uv_size": [1.25, 0.25]},
								"down": {"uv": [77, 83.25], "uv_size": [1.25, -0.25]}
							}
						},
						{
							"origin": [-2.10606, 9.82, 5.86948],
							"size": [1.32, 2.372, 0.308],
							"pivot": [-1.44606, 8.9, 4.72548],
							"rotation": [0, -60, 0],
							"uv": {
								"north": {"uv": [12, 69], "uv_size": [1.25, 2.25]},
								"east": {"uv": [36, 81], "uv_size": [0.25, 2.25]},
								"south": {"uv": [14, 69], "uv_size": [1.25, 2.25]},
								"west": {"uv": [38, 81], "uv_size": [0.25, 2.25]},
								"up": {"uv": [75, 83], "uv_size": [1.25, 0.25]},
								"down": {"uv": [83, 75.25], "uv_size": [1.25, -0.25]}
							}
						},
						{
							"origin": [-2.641, 9.82, 6.17833],
							"size": [1.32, 2.372, 0.308],
							"pivot": [-1.981, 8.9, 5.03433],
							"rotation": [0, 120, 0],
							"uv": {
								"north": {"uv": [8, 69], "uv_size": [1.25, 2.25]},
								"east": {"uv": [34, 81], "uv_size": [0.25, 2.25]},
								"south": {"uv": [10, 69], "uv_size": [1.25, 2.25]},
								"west": {"uv": [35, 81], "uv_size": [0.25, 2.25]},
								"up": {"uv": [83, 73], "uv_size": [1.25, 0.25]},
								"down": {"uv": [83, 74.25], "uv_size": [1.25, -0.25]}
							}
						},
						{
							"origin": [-1.69322, 12.14724, 3.53313],
							"size": [1.32, 2.372, 1.108],
							"pivot": [-1.03322, 13.33324, 4.48713],
							"rotation": [-170, 60, 180],
							"uv": {
								"north": {"uv": [4, 69], "uv_size": [1.25, 2.25]},
								"east": {"uv": [19, 74], "uv_size": [1, 2.25]},
								"south": {"uv": [6, 69], "uv_size": [1.25, 2.25]},
								"west": {"uv": [74, 19], "uv_size": [1, 2.25]},
								"up": {"uv": [69, 78], "uv_size": [1.25, 1]},
								"down": {"uv": [78, 70], "uv_size": [1.25, -1]}
							}
						},
						{
							"origin": [-3.05383, 12.14724, 4.31868],
							"size": [1.32, 2.372, 1.108],
							"pivot": [-2.39383, 13.33324, 5.27268],
							"rotation": [10, -60, 0],
							"uv": {
								"north": {"uv": [0, 69], "uv_size": [1.25, 2.25]},
								"east": {"uv": [17, 74], "uv_size": [1, 2.25]},
								"south": {"uv": [2, 69], "uv_size": [1.25, 2.25]},
								"west": {"uv": [18, 74], "uv_size": [1, 2.25]},
								"up": {"uv": [78, 67], "uv_size": [1.25, 1]},
								"down": {"uv": [78, 69], "uv_size": [1.25, -1]}
							}
						},
						{
							"origin": [-3.05383, 12.14724, 3.53313],
							"size": [1.32, 2.372, 1.108],
							"pivot": [-2.39383, 13.33324, 4.48713],
							"rotation": [-170, -60, 180],
							"uv": {
								"north": {"uv": [68, 63], "uv_size": [1.25, 2.25]},
								"east": {"uv": [16, 74], "uv_size": [1, 2.25]},
								"south": {"uv": [68, 66], "uv_size": [1.25, 2.25]},
								"west": {"uv": [74, 16], "uv_size": [1, 2.25]},
								"up": {"uv": [66, 78], "uv_size": [1.25, 1]},
								"down": {"uv": [78, 67], "uv_size": [1.25, -1]}
							}
						},
						{
							"origin": [-2.37353, 12.14724, 3.14036],
							"size": [1.32, 2.372, 1.108],
							"pivot": [-1.71353, 13.33324, 4.09436],
							"rotation": [-170, 0, 180],
							"uv": {
								"north": {"uv": [68, 57], "uv_size": [1.25, 2.25]},
								"east": {"uv": [14, 74], "uv_size": [1, 2.25]},
								"south": {"uv": [68, 60], "uv_size": [1.25, 2.25]},
								"west": {"uv": [15, 74], "uv_size": [1, 2.25]},
								"up": {"uv": [78, 64], "uv_size": [1.25, 1]},
								"down": {"uv": [78, 66], "uv_size": [1.25, -1]}
							}
						},
						{
							"origin": [-1.69322, 12.14724, 4.31868],
							"size": [1.32, 2.372, 1.108],
							"pivot": [-1.03322, 13.33324, 5.27268],
							"rotation": [10, 60, 0],
							"uv": {
								"north": {"uv": [54, 68], "uv_size": [1.25, 2.25]},
								"east": {"uv": [74, 0], "uv_size": [1, 2.25]},
								"south": {"uv": [68, 54], "uv_size": [1.25, 2.25]},
								"west": {"uv": [74, 3], "uv_size": [1, 2.25]},
								"up": {"uv": [78, 63], "uv_size": [1.25, 1]},
								"down": {"uv": [64, 79], "uv_size": [1.25, -1]}
							}
						},
						{
							"origin": [-2.37353, 12.14724, 4.71145],
							"size": [1.32, 2.372, 1.108],
							"pivot": [-1.71353, 13.33324, 5.66545],
							"rotation": [10, 0, 0],
							"uv": {
								"north": {"uv": [68, 51], "uv_size": [1.25, 2.25]},
								"east": {"uv": [67, 73], "uv_size": [1, 2.25]},
								"south": {"uv": [52, 68], "uv_size": [1.25, 2.25]},
								"west": {"uv": [73, 71], "uv_size": [1, 2.25]},
								"up": {"uv": [62, 78], "uv_size": [1.25, 1]},
								"down": {"uv": [78, 63], "uv_size": [1.25, -1]}
							}
						}
					]
				}
			],
			"item_display_transforms": {
				"thirdperson_righthand": {
					"rotation": [0, 12, -26],
					"translation": [0.25, -0.25, 1],
					"scale": [0.2, 0.2, 0.25],
					"rotation_pivot": [0, 0, 0],
					"scale_pivot": [0, 0, 0]
				},
				"thirdperson_lefthand": {
					"rotation": [0, 0, 0],
					"translation": [0.25, -4.75, 1],
					"scale": [0.25, 0.25, 0.25],
					"rotation_pivot": [0, 0, 0],
					"scale_pivot": [0, 0, 0]
				},
				"firstperson_righthand": {
					"rotation": [0, 0, 3.5],
					"translation": [2.75, -5.5, -3],
					"scale": [1, 1, 1],
					"rotation_pivot": [0, 0, 0],
					"scale_pivot": [0, 0, 0]
				},
				"firstperson_lefthand": {
					"rotation": [0, 0, 3.5],
					"translation": [0, -26, -6],
					"scale": [1, 1, 1],
					"rotation_pivot": [0, 0, 0],
					"scale_pivot": [0, 0, 0]
				},
				"ground": {
					"rotation": [0, 0, 0],
					"translation": [0, -2.25, -0.25],
					"scale": [0.4, 0.4, 0.4],
					"rotation_pivot": [0, 0, 0],
					"scale_pivot": [0, 0, 0]
				},
				"gui": {
					"rotation": [44, 91, -31],
					"translation": [0.25, -7, 0],
					"scale": [0.7, 0.7, 0.7],
					"rotation_pivot": [0, 0, 0],
					"scale_pivot": [0, 0, 0],
					"fit_to_frame": false
				},
				"fixed": {
					"rotation": [-180, -90, -180],
					"translation": [-5.5, -10.25, -1],
					"scale": [0.62, 0.62, 0.62],
					"rotation_pivot": [0, 0, 0],
					"scale_pivot": [0, 0, 0]
				}
			}
		}
	]
}