{
	"format_version": "1.12.0",
	"minecraft:geometry": [
		{
			"description": {
				"identifier": "geometry.unknown",
				"texture_width": 64,
				"texture_height": 64,
				"visible_bounds_width": 8,
				"visible_bounds_height": 4,
				"visible_bounds_offset": [0, 1, 0]
			},
			"bones": [
				{
					"name": "root",
					"pivot": [0, 0, 0]
				},
				{
					"name": "bone",
					"parent": "root",
					"pivot": [0, 3.98756, 0],
					"cubes": [
						{
							"origin": [-2.46334, 4.57018, -0.18434],
							"size": [8.92668, 0.10534, 0.36868],
							"pivot": [0, 3.98756, 0],
							"rotation": [0, -90, -90],
							"uv": {
								"north": {"uv": [0, 0], "uv_size": [9, 1]},
								"east": {"uv": [10, 32], "uv_size": [1, 1]},
								"south": {"uv": [0, 1], "uv_size": [9, 1]},
								"west": {"uv": [32, 10], "uv_size": [1, 1]},
								"up": {"uv": [0, 2], "uv_size": [9, 1]},
								"down": {"uv": [0, 4], "uv_size": [9, -1]}
							}
						},
						{
							"origin": [-2.46334, 4.57018, -0.18434],
							"size": [8.92668, 0.10534, 0.36868],
							"pivot": [0, 3.98756, 0],
							"rotation": [0, -90, -120],
							"uv": {
								"north": {"uv": [0, 4], "uv_size": [9, 1]},
								"east": {"uv": [11, 32], "uv_size": [1, 1]},
								"south": {"uv": [0, 5], "uv_size": [9, 1]},
								"west": {"uv": [32, 11], "uv_size": [1, 1]},
								"up": {"uv": [0, 6], "uv_size": [9, 1]},
								"down": {"uv": [0, 8], "uv_size": [9, -1]}
							}
						},
						{
							"origin": [-2.46334, 4.57018, -0.18434],
							"size": [8.92668, 0.10534, 0.36868],
							"pivot": [0, 3.98756, 0],
							"rotation": [0, -90, -150],
							"uv": {
								"north": {"uv": [0, 8], "uv_size": [9, 1]},
								"east": {"uv": [12, 32], "uv_size": [1, 1]},
								"south": {"uv": [0, 9], "uv_size": [9, 1]},
								"west": {"uv": [32, 12], "uv_size": [1, 1]},
								"up": {"uv": [9, 0], "uv_size": [9, 1]},
								"down": {"uv": [9, 2], "uv_size": [9, -1]}
							}
						},
						{
							"origin": [-2.46334, 4.57018, -0.18434],
							"size": [8.92668, 0.10534, 0.36868],
							"pivot": [0, 3.98756, 0],
							"rotation": [0, -90, -180],
							"uv": {
								"north": {"uv": [9, 2], "uv_size": [9, 1]},
								"east": {"uv": [13, 32], "uv_size": [1, 1]},
								"south": {"uv": [9, 3], "uv_size": [9, 1]},
								"west": {"uv": [32, 13], "uv_size": [1, 1]},
								"up": {"uv": [9, 4], "uv_size": [9, 1]},
								"down": {"uv": [9, 6], "uv_size": [9, -1]}
							}
						},
						{
							"origin": [-2.46334, 4.57018, -0.18434],
							"size": [8.92668, 0.10534, 0.36868],
							"pivot": [0, 3.98756, 0],
							"rotation": [0, -90, 150],
							"uv": {
								"north": {"uv": [9, 6], "uv_size": [9, 1]},
								"east": {"uv": [14, 32], "uv_size": [1, 1]},
								"south": {"uv": [9, 7], "uv_size": [9, 1]},
								"west": {"uv": [32, 14], "uv_size": [1, 1]},
								"up": {"uv": [9, 8], "uv_size": [9, 1]},
								"down": {"uv": [9, 10], "uv_size": [9, -1]}
							}
						},
						{
							"origin": [-2.46334, 4.57018, -0.18434],
							"size": [8.92668, 0.10534, 0.36868],
							"pivot": [0, 3.98756, 0],
							"rotation": [0, -90, 120],
							"uv": {
								"north": {"uv": [0, 10], "uv_size": [9, 1]},
								"east": {"uv": [15, 32], "uv_size": [1, 1]},
								"south": {"uv": [9, 10], "uv_size": [9, 1]},
								"west": {"uv": [32, 15], "uv_size": [1, 1]},
								"up": {"uv": [0, 11], "uv_size": [9, 1]},
								"down": {"uv": [9, 12], "uv_size": [9, -1]}
							}
						},
						{
							"origin": [-2.46334, 4.57018, -0.18434],
							"size": [8.92668, 0.10534, 0.36868],
							"pivot": [0, 3.98756, 0],
							"rotation": [0, -90, 90],
							"uv": {
								"north": {"uv": [0, 12], "uv_size": [9, 1]},
								"east": {"uv": [16, 32], "uv_size": [1, 1]},
								"south": {"uv": [9, 12], "uv_size": [9, 1]},
								"west": {"uv": [32, 16], "uv_size": [1, 1]},
								"up": {"uv": [0, 13], "uv_size": [9, 1]},
								"down": {"uv": [9, 14], "uv_size": [9, -1]}
							}
						},
						{
							"origin": [-2.46334, 4.57018, -0.18434],
							"size": [8.92668, 0.10534, 0.36868],
							"pivot": [0, 3.98756, 0],
							"rotation": [0, -90, 60],
							"uv": {
								"north": {"uv": [0, 14], "uv_size": [9, 1]},
								"east": {"uv": [17, 32], "uv_size": [1, 1]},
								"south": {"uv": [9, 14], "uv_size": [9, 1]},
								"west": {"uv": [32, 17], "uv_size": [1, 1]},
								"up": {"uv": [0, 15], "uv_size": [9, 1]},
								"down": {"uv": [9, 16], "uv_size": [9, -1]}
							}
						},
						{
							"origin": [-2.46334, 4.57018, -0.18434],
							"size": [8.92668, 0.10534, 0.36868],
							"pivot": [0, 3.98756, 0],
							"rotation": [0, -90, 30],
							"uv": {
								"north": {"uv": [0, 16], "uv_size": [9, 1]},
								"east": {"uv": [18, 32], "uv_size": [1, 1]},
								"south": {"uv": [9, 16], "uv_size": [9, 1]},
								"west": {"uv": [32, 18], "uv_size": [1, 1]},
								"up": {"uv": [0, 17], "uv_size": [9, 1]},
								"down": {"uv": [9, 18], "uv_size": [9, -1]}
							}
						},
						{
							"origin": [-2.46334, 4.57018, -0.18434],
							"size": [8.92668, 0.10534, 0.36868],
							"pivot": [0, 3.98756, 0],
							"rotation": [0, -90, 0],
							"uv": {
								"north": {"uv": [0, 18], "uv_size": [9, 1]},
								"east": {"uv": [19, 32], "uv_size": [1, 1]},
								"south": {"uv": [18, 0], "uv_size": [9, 1]},
								"west": {"uv": [32, 19], "uv_size": [1, 1]},
								"up": {"uv": [18, 1], "uv_size": [9, 1]},
								"down": {"uv": [18, 3], "uv_size": [9, -1]}
							}
						},
						{
							"origin": [-2.46334, 4.57018, -0.18434],
							"size": [8.92668, 0.10534, 0.36868],
							"pivot": [0, 3.98756, 0],
							"rotation": [0, -90, -30],
							"uv": {
								"north": {"uv": [18, 3], "uv_size": [9, 1]},
								"east": {"uv": [20, 32], "uv_size": [1, 1]},
								"south": {"uv": [18, 4], "uv_size": [9, 1]},
								"west": {"uv": [32, 20], "uv_size": [1, 1]},
								"up": {"uv": [18, 5], "uv_size": [9, 1]},
								"down": {"uv": [18, 7], "uv_size": [9, -1]}
							}
						},
						{
							"origin": [-2.46334, 4.57018, -0.18434],
							"size": [8.92668, 0.10534, 0.36868],
							"pivot": [0, 3.98756, 0],
							"rotation": [0, -90, -60],
							"uv": {
								"north": {"uv": [18, 7], "uv_size": [9, 1]},
								"east": {"uv": [21, 32], "uv_size": [1, 1]},
								"south": {"uv": [18, 8], "uv_size": [9, 1]},
								"west": {"uv": [32, 21], "uv_size": [1, 1]},
								"up": {"uv": [9, 18], "uv_size": [9, 1]},
								"down": {"uv": [18, 10], "uv_size": [9, -1]}
							}
						},
						{
							"origin": [-1.36334, 4.57018, -3.38434],
							"size": [2.12668, 0.10534, 0.36868],
							"pivot": [0, 3.98756, -3.2],
							"rotation": [0, -90, -90],
							"uv": {
								"north": {"uv": [0, 28], "uv_size": [2, 1]},
								"east": {"uv": [21, 34], "uv_size": [1, 1]},
								"south": {"uv": [2, 28], "uv_size": [2, 1]},
								"west": {"uv": [34, 21], "uv_size": [1, 1]},
								"up": {"uv": [4, 28], "uv_size": [2, 1]},
								"down": {"uv": [6, 29], "uv_size": [2, -1]}
							}
						},
						{
							"origin": [-1.36334, 4.57018, -3.38434],
							"size": [2.12668, 0.10534, 0.36868],
							"pivot": [0, 3.98756, -3.2],
							"rotation": [0, -90, -120],
							"uv": {
								"north": {"uv": [20, 27], "uv_size": [2, 1]},
								"east": {"uv": [20, 34], "uv_size": [1, 1]},
								"south": {"uv": [22, 27], "uv_size": [2, 1]},
								"west": {"uv": [34, 20], "uv_size": [1, 1]},
								"up": {"uv": [24, 27], "uv_size": [2, 1]},
								"down": {"uv": [26, 28], "uv_size": [2, -1]}
							}
						},
						{
							"origin": [-1.36334, 4.57018, -3.38434],
							"size": [2.12668, 0.10534, 0.36868],
							"pivot": [0, 3.98756, -3.2],
							"rotation": [0, -90, -150],
							"uv": {
								"north": {"uv": [12, 27], "uv_size": [2, 1]},
								"east": {"uv": [19, 34], "uv_size": [1, 1]},
								"south": {"uv": [14, 27], "uv_size": [2, 1]},
								"west": {"uv": [34, 19], "uv_size": [1, 1]},
								"up": {"uv": [16, 27], "uv_size": [2, 1]},
								"down": {"uv": [18, 28], "uv_size": [2, -1]}
							}
						},
						{
							"origin": [-1.36334, 4.57018, -3.38434],
							"size": [2.12668, 0.10534, 0.36868],
							"pivot": [0, 3.98756, -3.2],
							"rotation": [0, -90, -180],
							"uv": {
								"north": {"uv": [8, 27], "uv_size": [2, 1]},
								"east": {"uv": [18, 34], "uv_size": [1, 1]},
								"south": {"uv": [27, 8], "uv_size": [2, 1]},
								"west": {"uv": [34, 18], "uv_size": [1, 1]},
								"up": {"uv": [27, 9], "uv_size": [2, 1]},
								"down": {"uv": [10, 28], "uv_size": [2, -1]}
							}
						},
						{
							"origin": [-1.36334, 4.57018, -3.38434],
							"size": [2.12668, 0.10534, 0.36868],
							"pivot": [0, 3.98756, -3.2],
							"rotation": [0, -90, 150],
							"uv": {
								"north": {"uv": [27, 5], "uv_size": [2, 1]},
								"east": {"uv": [17, 34], "uv_size": [1, 1]},
								"south": {"uv": [6, 27], "uv_size": [2, 1]},
								"west": {"uv": [34, 17], "uv_size": [1, 1]},
								"up": {"uv": [27, 6], "uv_size": [2, 1]},
								"down": {"uv": [27, 8], "uv_size": [2, -1]}
							}
						},
						{
							"origin": [-1.36334, 4.57018, -3.38434],
							"size": [2.12668, 0.10534, 0.36868],
							"pivot": [0, 3.98756, -3.2],
							"rotation": [0, -90, 120],
							"uv": {
								"north": {"uv": [27, 2], "uv_size": [2, 1]},
								"east": {"uv": [16, 34], "uv_size": [1, 1]},
								"south": {"uv": [27, 3], "uv_size": [2, 1]},
								"west": {"uv": [34, 16], "uv_size": [1, 1]},
								"up": {"uv": [4, 27], "uv_size": [2, 1]},
								"down": {"uv": [27, 5], "uv_size": [2, -1]}
							}
						},
						{
							"origin": [-1.36334, 4.57018, -3.38434],
							"size": [2.12668, 0.10534, 0.36868],
							"pivot": [0, 3.98756, -3.2],
							"rotation": [0, -90, 90],
							"uv": {
								"north": {"uv": [0, 27], "uv_size": [2, 1]},
								"east": {"uv": [15, 34], "uv_size": [1, 1]},
								"south": {"uv": [27, 0], "uv_size": [2, 1]},
								"west": {"uv": [34, 15], "uv_size": [1, 1]},
								"up": {"uv": [27, 1], "uv_size": [2, 1]},
								"down": {"uv": [2, 28], "uv_size": [2, -1]}
							}
						},
						{
							"origin": [-1.36334, 4.57018, -3.38434],
							"size": [2.12668, 0.10534, 0.36868],
							"pivot": [0, 3.98756, -3.2],
							"rotation": [0, -90, 60],
							"uv": {
								"north": {"uv": [22, 26], "uv_size": [2, 1]},
								"east": {"uv": [14, 34], "uv_size": [1, 1]},
								"south": {"uv": [24, 26], "uv_size": [2, 1]},
								"west": {"uv": [34, 14], "uv_size": [1, 1]},
								"up": {"uv": [26, 25], "uv_size": [2, 1]},
								"down": {"uv": [26, 27], "uv_size": [2, -1]}
							}
						},
						{
							"origin": [-1.36334, 4.57018, -3.38434],
							"size": [2.12668, 0.10534, 0.36868],
							"pivot": [0, 3.98756, -3.2],
							"rotation": [0, -90, 30],
							"uv": {
								"north": {"uv": [14, 26], "uv_size": [2, 1]},
								"east": {"uv": [13, 34], "uv_size": [1, 1]},
								"south": {"uv": [16, 26], "uv_size": [2, 1]},
								"west": {"uv": [34, 13], "uv_size": [1, 1]},
								"up": {"uv": [18, 26], "uv_size": [2, 1]},
								"down": {"uv": [20, 27], "uv_size": [2, -1]}
							}
						},
						{
							"origin": [-1.36334, 4.57018, -3.38434],
							"size": [2.12668, 0.10534, 0.36868],
							"pivot": [0, 3.98756, -3.2],
							"rotation": [0, -90, 0],
							"uv": {
								"north": {"uv": [24, 25], "uv_size": [2, 1]},
								"east": {"uv": [12, 34], "uv_size": [1, 1]},
								"south": {"uv": [8, 26], "uv_size": [2, 1]},
								"west": {"uv": [34, 12], "uv_size": [1, 1]},
								"up": {"uv": [10, 26], "uv_size": [2, 1]},
								"down": {"uv": [12, 27], "uv_size": [2, -1]}
							}
						},
						{
							"origin": [-1.36334, 4.57018, -3.38434],
							"size": [2.12668, 0.10534, 0.36868],
							"pivot": [0, 3.98756, -3.2],
							"rotation": [0, -90, -30],
							"uv": {
								"north": {"uv": [16, 25], "uv_size": [2, 1]},
								"east": {"uv": [11, 34], "uv_size": [1, 1]},
								"south": {"uv": [18, 25], "uv_size": [2, 1]},
								"west": {"uv": [34, 11], "uv_size": [1, 1]},
								"up": {"uv": [20, 25], "uv_size": [2, 1]},
								"down": {"uv": [22, 26], "uv_size": [2, -1]}
							}
						},
						{
							"origin": [-1.36334, 4.57018, -3.38434],
							"size": [2.12668, 0.10534, 0.36868],
							"pivot": [0, 3.98756, -3.2],
							"rotation": [0, -90, -60],
							"uv": {
								"north": {"uv": [8, 25], "uv_size": [2, 1]},
								"east": {"uv": [10, 34], "uv_size": [1, 1]},
								"south": {"uv": [10, 25], "uv_size": [2, 1]},
								"west": {"uv": [34, 10], "uv_size": [1, 1]},
								"up": {"uv": [12, 25], "uv_size": [2, 1]},
								"down": {"uv": [14, 26], "uv_size": [2, -1]}
							}
						},
						{
							"origin": [-10.66334, 4.57018, -0.18434],
							"size": [6.12668, 0.10534, 0.36868],
							"pivot": [0, 3.98756, 0],
							"rotation": [0, -90, -90],
							"uv": {
								"north": {"uv": [24, 21], "uv_size": [6, 1]},
								"east": {"uv": [9, 34], "uv_size": [1, 1]},
								"south": {"uv": [24, 22], "uv_size": [6, 1]},
								"west": {"uv": [34, 9], "uv_size": [1, 1]},
								"up": {"uv": [24, 23], "uv_size": [6, 1]},
								"down": {"uv": [24, 25], "uv_size": [6, -1]}
							}
						},
						{
							"origin": [-10.66334, 4.57018, -0.18434],
							"size": [6.12668, 0.10534, 0.36868],
							"pivot": [0, 3.98756, 0],
							"rotation": [0, -90, -120],
							"uv": {
								"north": {"uv": [18, 24], "uv_size": [6, 1]},
								"east": {"uv": [8, 34], "uv_size": [1, 1]},
								"south": {"uv": [24, 18], "uv_size": [6, 1]},
								"west": {"uv": [34, 8], "uv_size": [1, 1]},
								"up": {"uv": [24, 19], "uv_size": [6, 1]},
								"down": {"uv": [24, 21], "uv_size": [6, -1]}
							}
						},
						{
							"origin": [-10.66334, 4.57018, -0.18434],
							"size": [6.12668, 0.10534, 0.36868],
							"pivot": [0, 3.98756, 0],
							"rotation": [0, -90, -150],
							"uv": {
								"north": {"uv": [24, 14], "uv_size": [6, 1]},
								"east": {"uv": [7, 34], "uv_size": [1, 1]},
								"south": {"uv": [24, 15], "uv_size": [6, 1]},
								"west": {"uv": [34, 7], "uv_size": [1, 1]},
								"up": {"uv": [24, 16], "uv_size": [6, 1]},
								"down": {"uv": [24, 18], "uv_size": [6, -1]}
							}
						},
						{
							"origin": [-10.66334, 4.57018, -0.18434],
							"size": [6.12668, 0.10534, 0.36868],
							"pivot": [0, 3.98756, 0],
							"rotation": [0, -90, -180],
							"uv": {
								"north": {"uv": [24, 11], "uv_size": [6, 1]},
								"east": {"uv": [6, 34], "uv_size": [1, 1]},
								"south": {"uv": [12, 24], "uv_size": [6, 1]},
								"west": {"uv": [34, 6], "uv_size": [1, 1]},
								"up": {"uv": [24, 12], "uv_size": [6, 1]},
								"down": {"uv": [24, 14], "uv_size": [6, -1]}
							}
						},
						{
							"origin": [-10.66334, 4.57018, -0.18434],
							"size": [6.12668, 0.10534, 0.36868],
							"pivot": [0, 3.98756, 0],
							"rotation": [0, -90, 150],
							"uv": {
								"north": {"uv": [18, 23], "uv_size": [6, 1]},
								"east": {"uv": [5, 34], "uv_size": [1, 1]},
								"south": {"uv": [0, 24], "uv_size": [6, 1]},
								"west": {"uv": [34, 5], "uv_size": [1, 1]},
								"up": {"uv": [6, 24], "uv_size": [6, 1]},
								"down": {"uv": [24, 11], "uv_size": [6, -1]}
							}
						},
						{
							"origin": [-10.66334, 4.57018, -0.18434],
							"size": [6.12668, 0.10534, 0.36868],
							"pivot": [0, 3.98756, 0],
							"rotation": [0, -90, 120],
							"uv": {
								"north": {"uv": [18, 22], "uv_size": [6, 1]},
								"east": {"uv": [4, 34], "uv_size": [1, 1]},
								"south": {"uv": [0, 23], "uv_size": [6, 1]},
								"west": {"uv": [34, 4], "uv_size": [1, 1]},
								"up": {"uv": [6, 23], "uv_size": [6, 1]},
								"down": {"uv": [12, 24], "uv_size": [6, -1]}
							}
						},
						{
							"origin": [-10.66334, 4.57018, -0.18434],
							"size": [6.12668, 0.10534, 0.36868],
							"pivot": [0, 3.98756, 0],
							"rotation": [0, -90, 90],
							"uv": {
								"north": {"uv": [18, 21], "uv_size": [6, 1]},
								"east": {"uv": [3, 34], "uv_size": [1, 1]},
								"south": {"uv": [0, 22], "uv_size": [6, 1]},
								"west": {"uv": [34, 3], "uv_size": [1, 1]},
								"up": {"uv": [6, 22], "uv_size": [6, 1]},
								"down": {"uv": [12, 23], "uv_size": [6, -1]}
							}
						},
						{
							"origin": [-10.66334, 4.57018, -0.18434],
							"size": [6.12668, 0.10534, 0.36868],
							"pivot": [0, 3.98756, 0],
							"rotation": [0, -90, 60],
							"uv": {
								"north": {"uv": [18, 20], "uv_size": [6, 1]},
								"east": {"uv": [2, 34], "uv_size": [1, 1]},
								"south": {"uv": [0, 21], "uv_size": [6, 1]},
								"west": {"uv": [34, 2], "uv_size": [1, 1]},
								"up": {"uv": [6, 21], "uv_size": [6, 1]},
								"down": {"uv": [12, 22], "uv_size": [6, -1]}
							}
						},
						{
							"origin": [-10.66334, 4.57018, -0.18434],
							"size": [6.12668, 0.10534, 0.36868],
							"pivot": [0, 3.98756, 0],
							"rotation": [0, -90, 30],
							"uv": {
								"north": {"uv": [18, 19], "uv_size": [6, 1]},
								"east": {"uv": [1, 34], "uv_size": [1, 1]},
								"south": {"uv": [0, 20], "uv_size": [6, 1]},
								"west": {"uv": [34, 1], "uv_size": [1, 1]},
								"up": {"uv": [6, 20], "uv_size": [6, 1]},
								"down": {"uv": [12, 21], "uv_size": [6, -1]}
							}
						},
						{
							"origin": [-10.66334, 4.57018, -0.18434],
							"size": [6.12668, 0.10534, 0.36868],
							"pivot": [0, 3.98756, 0],
							"rotation": [0, -90, 0],
							"uv": {
								"north": {"uv": [18, 18], "uv_size": [6, 1]},
								"east": {"uv": [0, 34], "uv_size": [1, 1]},
								"south": {"uv": [0, 19], "uv_size": [6, 1]},
								"west": {"uv": [34, 0], "uv_size": [1, 1]},
								"up": {"uv": [6, 19], "uv_size": [6, 1]},
								"down": {"uv": [12, 20], "uv_size": [6, -1]}
							}
						},
						{
							"origin": [-0.99768, 3.19518, -8.775],
							"size": [2.02668, 1.58034, 0.05],
							"pivot": [0.01566, 3.98535, -8.75],
							"rotation": [0, -90, 0],
							"uv": {
								"north": {"uv": [0, 25], "uv_size": [2, 2]},
								"east": {"uv": [22, 31], "uv_size": [1, 2]},
								"south": {"uv": [2, 25], "uv_size": [2, 2]},
								"west": {"uv": [23, 31], "uv_size": [1, 2]},
								"up": {"uv": [24, 31], "uv_size": [2, 1]},
								"down": {"uv": [26, 32], "uv_size": [2, -1]}
							}
						},
						{
							"origin": [-0.99768, 3.19518, -8.775],
							"size": [2.02668, 1.58034, 0.05],
							"pivot": [0.01566, 3.98535, -8.75],
							"rotation": [0, -90, 90],
							"uv": {
								"north": {"uv": [4, 25], "uv_size": [2, 2]},
								"east": {"uv": [28, 31], "uv_size": [1, 2]},
								"south": {"uv": [6, 25], "uv_size": [2, 2]},
								"west": {"uv": [29, 31], "uv_size": [1, 2]},
								"up": {"uv": [30, 31], "uv_size": [2, 1]},
								"down": {"uv": [0, 33], "uv_size": [2, -1]}
							}
						},
						{
							"origin": [-0.06899, 2.79518, 7.89631],
							"size": [0.42668, 2.38034, 0.05],
							"pivot": [0.01566, 3.98535, 7.92131],
							"rotation": [0, -90, 0],
							"uv": {
								"north": {"uv": [2, 32], "uv_size": [1, 2]},
								"east": {"uv": [3, 32], "uv_size": [1, 2]},
								"south": {"uv": [4, 32], "uv_size": [1, 2]},
								"west": {"uv": [5, 32], "uv_size": [1, 2]},
								"up": {"uv": [12, 36], "uv_size": [1, 1]},
								"down": {"uv": [36, 13], "uv_size": [1, -1]}
							}
						},
						{
							"origin": [-0.47094, 4.19445, 7.89631],
							"size": [0.22668, 0.88034, 0.05],
							"pivot": [0.01566, 3.98535, 7.92131],
							"rotation": [-90, -70, 90],
							"uv": {
								"north": {"uv": [13, 36], "uv_size": [1, 1]},
								"east": {"uv": [36, 13], "uv_size": [1, 1]},
								"south": {"uv": [14, 36], "uv_size": [1, 1]},
								"west": {"uv": [36, 14], "uv_size": [1, 1]},
								"up": {"uv": [15, 36], "uv_size": [1, 1]},
								"down": {"uv": [36, 16], "uv_size": [1, -1]}
							}
						},
						{
							"origin": [-0.47094, 2.89591, 7.89631],
							"size": [0.22668, 0.88034, 0.05],
							"pivot": [0.01566, 3.98535, 7.92131],
							"rotation": [90, -70, -90],
							"uv": {
								"north": {"uv": [16, 36], "uv_size": [1, 1]},
								"east": {"uv": [36, 16], "uv_size": [1, 1]},
								"south": {"uv": [17, 36], "uv_size": [1, 1]},
								"west": {"uv": [36, 17], "uv_size": [1, 1]},
								"up": {"uv": [18, 36], "uv_size": [1, 1]},
								"down": {"uv": [36, 19], "uv_size": [1, -1]}
							}
						},
						{
							"origin": [-0.47094, 4.19445, 7.89631],
							"size": [0.22668, 0.88034, 0.05],
							"pivot": [0.01566, 3.98535, 7.92131],
							"rotation": [-90, -70, 180],
							"uv": {
								"north": {"uv": [23, 36], "uv_size": [1, 1]},
								"east": {"uv": [36, 23], "uv_size": [1, 1]},
								"south": {"uv": [24, 36], "uv_size": [1, 1]},
								"west": {"uv": [36, 24], "uv_size": [1, 1]},
								"up": {"uv": [25, 36], "uv_size": [1, 1]},
								"down": {"uv": [36, 26], "uv_size": [1, -1]}
							}
						},
						{
							"origin": [-0.47094, 2.89591, 7.89631],
							"size": [0.22668, 0.88034, 0.05],
							"pivot": [0.01566, 3.98535, 7.92131],
							"rotation": [90, -70, 0],
							"uv": {
								"north": {"uv": [20, 36], "uv_size": [1, 1]},
								"east": {"uv": [36, 20], "uv_size": [1, 1]},
								"south": {"uv": [21, 36], "uv_size": [1, 1]},
								"west": {"uv": [36, 21], "uv_size": [1, 1]},
								"up": {"uv": [22, 36], "uv_size": [1, 1]},
								"down": {"uv": [36, 23], "uv_size": [1, -1]}
							}
						},
						{
							"origin": [-0.06899, 2.79518, 7.89631],
							"size": [0.42668, 2.38034, 0.05],
							"pivot": [0.01566, 3.98535, 7.92131],
							"rotation": [0, -90, 90],
							"uv": {
								"north": {"uv": [6, 32], "uv_size": [1, 2]},
								"east": {"uv": [7, 32], "uv_size": [1, 2]},
								"south": {"uv": [8, 32], "uv_size": [1, 2]},
								"west": {"uv": [9, 32], "uv_size": [1, 2]},
								"up": {"uv": [19, 36], "uv_size": [1, 1]},
								"down": {"uv": [36, 20], "uv_size": [1, -1]}
							}
						},
						{
							"origin": [-10.66334, 4.57018, -0.18434],
							"size": [6.12668, 0.10534, 0.36868],
							"pivot": [0, 3.98756, 0],
							"rotation": [0, -90, -30],
							"uv": {
								"north": {"uv": [18, 14], "uv_size": [6, 1]},
								"east": {"uv": [33, 32], "uv_size": [1, 1]},
								"south": {"uv": [18, 15], "uv_size": [6, 1]},
								"west": {"uv": [33, 33], "uv_size": [1, 1]},
								"up": {"uv": [18, 16], "uv_size": [6, 1]},
								"down": {"uv": [18, 18], "uv_size": [6, -1]}
							}
						},
						{
							"origin": [-10.66334, 4.57018, -0.18434],
							"size": [6.12668, 0.10534, 0.36868],
							"pivot": [0, 3.98756, 0],
							"rotation": [0, -90, -60],
							"uv": {
								"north": {"uv": [18, 10], "uv_size": [6, 1]},
								"east": {"uv": [33, 31], "uv_size": [1, 1]},
								"south": {"uv": [18, 11], "uv_size": [6, 1]},
								"west": {"uv": [32, 33], "uv_size": [1, 1]},
								"up": {"uv": [18, 12], "uv_size": [6, 1]},
								"down": {"uv": [18, 14], "uv_size": [6, -1]}
							}
						},
						{
							"origin": [-0.50913, 3.43489, -11.35903],
							"size": [0.62668, 0.60534, 0.36868],
							"pivot": [-0.44579, 3.98756, -11.17469],
							"rotation": [90, -70, 180],
							"uv": {
								"north": {"uv": [33, 28], "uv_size": [1, 1]},
								"east": {"uv": [29, 33], "uv_size": [1, 1]},
								"south": {"uv": [33, 29], "uv_size": [1, 1]},
								"west": {"uv": [30, 33], "uv_size": [1, 1]},
								"up": {"uv": [33, 30], "uv_size": [1, 1]},
								"down": {"uv": [31, 34], "uv_size": [1, -1]}
							}
						},
						{
							"origin": [-0.44941, 3.21199, -11.35903],
							"size": [0.62668, 0.60534, 0.36868],
							"pivot": [-0.38607, 3.76466, -11.17469],
							"rotation": [90, -70, 150],
							"uv": {
								"north": {"uv": [33, 25], "uv_size": [1, 1]},
								"east": {"uv": [26, 33], "uv_size": [1, 1]},
								"south": {"uv": [33, 26], "uv_size": [1, 1]},
								"west": {"uv": [27, 33], "uv_size": [1, 1]},
								"up": {"uv": [33, 27], "uv_size": [1, 1]},
								"down": {"uv": [28, 34], "uv_size": [1, -1]}
							}
						},
						{
							"origin": [-0.28624, 3.04882, -11.35903],
							"size": [0.62668, 0.60534, 0.36868],
							"pivot": [-0.2229, 3.60149, -11.17469],
							"rotation": [90, -70, 120],
							"uv": {
								"north": {"uv": [33, 22], "uv_size": [1, 1]},
								"east": {"uv": [23, 33], "uv_size": [1, 1]},
								"south": {"uv": [33, 23], "uv_size": [1, 1]},
								"west": {"uv": [24, 33], "uv_size": [1, 1]},
								"up": {"uv": [33, 24], "uv_size": [1, 1]},
								"down": {"uv": [25, 34], "uv_size": [1, -1]}
							}
						},
						{
							"origin": [-0.06334, 2.98909, -11.35903],
							"size": [0.62668, 0.60534, 0.36868],
							"pivot": [0, 3.54176, -11.17469],
							"rotation": [90.00001, -70, 89.99999],
							"uv": {
								"north": {"uv": [33, 19], "uv_size": [1, 1]},
								"east": {"uv": [20, 33], "uv_size": [1, 1]},
								"south": {"uv": [33, 20], "uv_size": [1, 1]},
								"west": {"uv": [21, 33], "uv_size": [1, 1]},
								"up": {"uv": [33, 21], "uv_size": [1, 1]},
								"down": {"uv": [22, 34], "uv_size": [1, -1]}
							}
						},
						{
							"origin": [0.15956, 3.04882, -11.35903],
							"size": [0.62668, 0.60534, 0.36868],
							"pivot": [0.2229, 3.60149, -11.17469],
							"rotation": [90, -70, 60],
							"uv": {
								"north": {"uv": [33, 16], "uv_size": [1, 1]},
								"east": {"uv": [17, 33], "uv_size": [1, 1]},
								"south": {"uv": [33, 17], "uv_size": [1, 1]},
								"west": {"uv": [18, 33], "uv_size": [1, 1]},
								"up": {"uv": [33, 18], "uv_size": [1, 1]},
								"down": {"uv": [19, 34], "uv_size": [1, -1]}
							}
						},
						{
							"origin": [0.32273, 3.21199, -11.35903],
							"size": [0.62668, 0.60534, 0.36868],
							"pivot": [0.38607, 3.76466, -11.17469],
							"rotation": [90, -70, 30],
							"uv": {
								"north": {"uv": [33, 13], "uv_size": [1, 1]},
								"east": {"uv": [14, 33], "uv_size": [1, 1]},
								"south": {"uv": [33, 14], "uv_size": [1, 1]},
								"west": {"uv": [15, 33], "uv_size": [1, 1]},
								"up": {"uv": [33, 15], "uv_size": [1, 1]},
								"down": {"uv": [16, 34], "uv_size": [1, -1]}
							}
						},
						{
							"origin": [0.38245, 3.43489, -11.35903],
							"size": [0.62668, 0.60534, 0.36868],
							"pivot": [0.44579, 3.98756, -11.17469],
							"rotation": [90, -70, 0],
							"uv": {
								"north": {"uv": [33, 10], "uv_size": [1, 1]},
								"east": {"uv": [11, 33], "uv_size": [1, 1]},
								"south": {"uv": [33, 11], "uv_size": [1, 1]},
								"west": {"uv": [12, 33], "uv_size": [1, 1]},
								"up": {"uv": [33, 12], "uv_size": [1, 1]},
								"down": {"uv": [13, 34], "uv_size": [1, -1]}
							}
						},
						{
							"origin": [0.32273, 3.65778, -11.35903],
							"size": [0.62668, 0.60534, 0.36868],
							"pivot": [0.38607, 4.21045, -11.17469],
							"rotation": [90, -70, -30],
							"uv": {
								"north": {"uv": [33, 5], "uv_size": [1, 1]},
								"east": {"uv": [33, 6], "uv_size": [1, 1]},
								"south": {"uv": [33, 7], "uv_size": [1, 1]},
								"west": {"uv": [33, 8], "uv_size": [1, 1]},
								"up": {"uv": [33, 9], "uv_size": [1, 1]},
								"down": {"uv": [10, 34], "uv_size": [1, -1]}
							}
						},
						{
							"origin": [0.15956, 3.82096, -11.35903],
							"size": [0.62668, 0.60534, 0.36868],
							"pivot": [0.2229, 4.37362, -11.17469],
							"rotation": [90, -70, -60],
							"uv": {
								"north": {"uv": [33, 0], "uv_size": [1, 1]},
								"east": {"uv": [1, 33], "uv_size": [1, 1]},
								"south": {"uv": [33, 1], "uv_size": [1, 1]},
								"west": {"uv": [33, 2], "uv_size": [1, 1]},
								"up": {"uv": [33, 3], "uv_size": [1, 1]},
								"down": {"uv": [33, 5], "uv_size": [1, -1]}
							}
						},
						{
							"origin": [-0.06334, 3.88068, -11.35903],
							"size": [0.62668, 0.60534, 0.36868],
							"pivot": [0, 4.43335, -11.17469],
							"rotation": [90, -70, -90],
							"uv": {
								"north": {"uv": [30, 32], "uv_size": [1, 1]},
								"east": {"uv": [32, 30], "uv_size": [1, 1]},
								"south": {"uv": [31, 32], "uv_size": [1, 1]},
								"west": {"uv": [32, 31], "uv_size": [1, 1]},
								"up": {"uv": [32, 32], "uv_size": [1, 1]},
								"down": {"uv": [0, 34], "uv_size": [1, -1]}
							}
						},
						{
							"origin": [-0.28624, 3.82096, -11.35903],
							"size": [0.62668, 0.60534, 0.36868],
							"pivot": [-0.2229, 4.37362, -11.17469],
							"rotation": [90, -70, -120],
							"uv": {
								"north": {"uv": [26, 32], "uv_size": [1, 1]},
								"east": {"uv": [32, 26], "uv_size": [1, 1]},
								"south": {"uv": [27, 32], "uv_size": [1, 1]},
								"west": {"uv": [32, 27], "uv_size": [1, 1]},
								"up": {"uv": [32, 28], "uv_size": [1, 1]},
								"down": {"uv": [32, 30], "uv_size": [1, -1]}
							}
						},
						{
							"origin": [-0.44941, 3.65778, -11.35903],
							"size": [0.62668, 0.60534, 0.36868],
							"pivot": [-0.38607, 4.21045, -11.17469],
							"rotation": [90, -70, -150],
							"uv": {
								"north": {"uv": [32, 22], "uv_size": [1, 1]},
								"east": {"uv": [32, 23], "uv_size": [1, 1]},
								"south": {"uv": [24, 32], "uv_size": [1, 1]},
								"west": {"uv": [32, 24], "uv_size": [1, 1]},
								"up": {"uv": [25, 32], "uv_size": [1, 1]},
								"down": {"uv": [32, 26], "uv_size": [1, -1]}
							}
						},
						{
							"origin": [-0.21197, 3.96339, 6.46993],
							"size": [0.62668, 0.60534, 0.36868],
							"pivot": [0, 3.98756, 6.65426],
							"rotation": [-90, 70, -30],
							"uv": {
								"north": {"uv": [35, 20], "uv_size": [1, 1]},
								"east": {"uv": [21, 35], "uv_size": [1, 1]},
								"south": {"uv": [35, 21], "uv_size": [1, 1]},
								"west": {"uv": [22, 35], "uv_size": [1, 1]},
								"up": {"uv": [35, 22], "uv_size": [1, 1]},
								"down": {"uv": [23, 36], "uv_size": [1, -1]}
							}
						},
						{
							"origin": [-0.21197, 3.96339, 6.46993],
							"size": [0.62668, 0.60534, 0.36868],
							"pivot": [0, 3.98756, 6.65426],
							"rotation": [-90, 70, -60],
							"uv": {
								"north": {"uv": [35, 17], "uv_size": [1, 1]},
								"east": {"uv": [18, 35], "uv_size": [1, 1]},
								"south": {"uv": [35, 18], "uv_size": [1, 1]},
								"west": {"uv": [19, 35], "uv_size": [1, 1]},
								"up": {"uv": [35, 19], "uv_size": [1, 1]},
								"down": {"uv": [20, 36], "uv_size": [1, -1]}
							}
						},
						{
							"origin": [-0.21197, 3.96339, 6.46993],
							"size": [0.62668, 0.60534, 0.36868],
							"pivot": [0, 3.98756, 6.65426],
							"rotation": [-90, 70, -90],
							"uv": {
								"north": {"uv": [35, 14], "uv_size": [1, 1]},
								"east": {"uv": [15, 35], "uv_size": [1, 1]},
								"south": {"uv": [35, 15], "uv_size": [1, 1]},
								"west": {"uv": [16, 35], "uv_size": [1, 1]},
								"up": {"uv": [35, 16], "uv_size": [1, 1]},
								"down": {"uv": [17, 36], "uv_size": [1, -1]}
							}
						},
						{
							"origin": [-0.21197, 3.96339, 6.46993],
							"size": [0.62668, 0.60534, 0.36868],
							"pivot": [0, 3.98756, 6.65426],
							"rotation": [-90, 70, -120],
							"uv": {
								"north": {"uv": [35, 11], "uv_size": [1, 1]},
								"east": {"uv": [12, 35], "uv_size": [1, 1]},
								"south": {"uv": [35, 12], "uv_size": [1, 1]},
								"west": {"uv": [13, 35], "uv_size": [1, 1]},
								"up": {"uv": [35, 13], "uv_size": [1, 1]},
								"down": {"uv": [14, 36], "uv_size": [1, -1]}
							}
						},
						{
							"origin": [-0.21197, 3.96339, 6.46993],
							"size": [0.62668, 0.60534, 0.36868],
							"pivot": [0, 3.98756, 6.65426],
							"rotation": [-90, 70, -150],
							"uv": {
								"north": {"uv": [35, 8], "uv_size": [1, 1]},
								"east": {"uv": [9, 35], "uv_size": [1, 1]},
								"south": {"uv": [35, 9], "uv_size": [1, 1]},
								"west": {"uv": [10, 35], "uv_size": [1, 1]},
								"up": {"uv": [35, 10], "uv_size": [1, 1]},
								"down": {"uv": [11, 36], "uv_size": [1, -1]}
							}
						},
						{
							"origin": [-0.21197, 3.96339, 6.46993],
							"size": [0.62668, 0.60534, 0.36868],
							"pivot": [0, 3.98756, 6.65426],
							"rotation": [-90, 70, -180],
							"uv": {
								"north": {"uv": [35, 5], "uv_size": [1, 1]},
								"east": {"uv": [6, 35], "uv_size": [1, 1]},
								"south": {"uv": [35, 6], "uv_size": [1, 1]},
								"west": {"uv": [7, 35], "uv_size": [1, 1]},
								"up": {"uv": [35, 7], "uv_size": [1, 1]},
								"down": {"uv": [8, 36], "uv_size": [1, -1]}
							}
						},
						{
							"origin": [-0.21197, 3.96339, 6.46993],
							"size": [0.62668, 0.60534, 0.36868],
							"pivot": [0, 3.98756, 6.65426],
							"rotation": [-90, 70, 150],
							"uv": {
								"north": {"uv": [35, 2], "uv_size": [1, 1]},
								"east": {"uv": [3, 35], "uv_size": [1, 1]},
								"south": {"uv": [35, 3], "uv_size": [1, 1]},
								"west": {"uv": [4, 35], "uv_size": [1, 1]},
								"up": {"uv": [35, 4], "uv_size": [1, 1]},
								"down": {"uv": [5, 36], "uv_size": [1, -1]}
							}
						},
						{
							"origin": [-0.21197, 3.96339, 6.46993],
							"size": [0.62668, 0.60534, 0.36868],
							"pivot": [0, 3.98756, 6.65426],
							"rotation": [-90, 70, 120],
							"uv": {
								"north": {"uv": [34, 34], "uv_size": [1, 1]},
								"east": {"uv": [0, 35], "uv_size": [1, 1]},
								"south": {"uv": [35, 0], "uv_size": [1, 1]},
								"west": {"uv": [1, 35], "uv_size": [1, 1]},
								"up": {"uv": [35, 1], "uv_size": [1, 1]},
								"down": {"uv": [2, 36], "uv_size": [1, -1]}
							}
						},
						{
							"origin": [-0.21197, 3.96339, 6.46993],
							"size": [0.62668, 0.60534, 0.36868],
							"pivot": [0, 3.98756, 6.65426],
							"rotation": [-89.99999, 70, 90.00001],
							"uv": {
								"north": {"uv": [31, 34], "uv_size": [1, 1]},
								"east": {"uv": [34, 31], "uv_size": [1, 1]},
								"south": {"uv": [32, 34], "uv_size": [1, 1]},
								"west": {"uv": [34, 32], "uv_size": [1, 1]},
								"up": {"uv": [33, 34], "uv_size": [1, 1]},
								"down": {"uv": [34, 34], "uv_size": [1, -1]}
							}
						},
						{
							"origin": [-0.21197, 3.96339, 6.46993],
							"size": [0.62668, 0.60534, 0.36868],
							"pivot": [0, 3.98756, 6.65426],
							"rotation": [-90, 70, 60],
							"uv": {
								"north": {"uv": [28, 34], "uv_size": [1, 1]},
								"east": {"uv": [34, 28], "uv_size": [1, 1]},
								"south": {"uv": [29, 34], "uv_size": [1, 1]},
								"west": {"uv": [34, 29], "uv_size": [1, 1]},
								"up": {"uv": [30, 34], "uv_size": [1, 1]},
								"down": {"uv": [34, 31], "uv_size": [1, -1]}
							}
						},
						{
							"origin": [-0.21197, 3.96339, 6.46993],
							"size": [0.62668, 0.60534, 0.36868],
							"pivot": [0, 3.98756, 6.65426],
							"rotation": [-90, 70, 30],
							"uv": {
								"north": {"uv": [25, 34], "uv_size": [1, 1]},
								"east": {"uv": [34, 25], "uv_size": [1, 1]},
								"south": {"uv": [26, 34], "uv_size": [1, 1]},
								"west": {"uv": [34, 26], "uv_size": [1, 1]},
								"up": {"uv": [27, 34], "uv_size": [1, 1]},
								"down": {"uv": [34, 28], "uv_size": [1, -1]}
							}
						},
						{
							"origin": [-0.21197, 3.96339, 6.46993],
							"size": [0.62668, 0.60534, 0.36868],
							"pivot": [0, 3.98756, 6.65426],
							"rotation": [-90, 70, 0],
							"uv": {
								"north": {"uv": [22, 34], "uv_size": [1, 1]},
								"east": {"uv": [34, 22], "uv_size": [1, 1]},
								"south": {"uv": [23, 34], "uv_size": [1, 1]},
								"west": {"uv": [34, 23], "uv_size": [1, 1]},
								"up": {"uv": [24, 34], "uv_size": [1, 1]},
								"down": {"uv": [34, 25], "uv_size": [1, -1]}
							}
						}
					]
				},
				{
					"name": "bone2",
					"parent": "bone",
					"pivot": [0, 3.98756, 10.5],
					"cubes": [
						{
							"origin": [1.3025, 4.42452, 5.28675],
							"size": [1.94501, 0.079, 0.27651],
							"pivot": [0, 3.98756, 5.425],
							"rotation": [0, -90, -90],
							"uv": {
								"north": {"uv": [10, 30], "uv_size": [2, 1]},
								"east": {"uv": [35, 34], "uv_size": [1, 1]},
								"south": {"uv": [30, 10], "uv_size": [2, 1]},
								"west": {"uv": [35, 35], "uv_size": [1, 1]},
								"up": {"uv": [30, 11], "uv_size": [2, 1]},
								"down": {"uv": [12, 31], "uv_size": [2, -1]}
							}
						},
						{
							"origin": [1.3025, 4.42452, 5.28675],
							"size": [1.94501, 0.079, 0.27651],
							"pivot": [0, 3.98756, 5.425],
							"rotation": [0, -90, -120],
							"uv": {
								"north": {"uv": [2, 30], "uv_size": [2, 1]},
								"east": {"uv": [35, 33], "uv_size": [1, 1]},
								"south": {"uv": [4, 30], "uv_size": [2, 1]},
								"west": {"uv": [34, 35], "uv_size": [1, 1]},
								"up": {"uv": [6, 30], "uv_size": [2, 1]},
								"down": {"uv": [8, 31], "uv_size": [2, -1]}
							}
						},
						{
							"origin": [1.3025, 4.42452, 5.28675],
							"size": [1.94501, 0.079, 0.27651],
							"pivot": [0, 3.98756, 5.425],
							"rotation": [0, -90, -150],
							"uv": {
								"north": {"uv": [24, 29], "uv_size": [2, 1]},
								"east": {"uv": [35, 32], "uv_size": [1, 1]},
								"south": {"uv": [26, 29], "uv_size": [2, 1]},
								"west": {"uv": [33, 35], "uv_size": [1, 1]},
								"up": {"uv": [28, 29], "uv_size": [2, 1]},
								"down": {"uv": [0, 31], "uv_size": [2, -1]}
							}
						},
						{
							"origin": [1.3025, 4.42452, 5.28675],
							"size": [1.94501, 0.079, 0.27651],
							"pivot": [0, 3.98756, 5.425],
							"rotation": [0, -90, -180],
							"uv": {
								"north": {"uv": [16, 29], "uv_size": [2, 1]},
								"east": {"uv": [35, 31], "uv_size": [1, 1]},
								"south": {"uv": [18, 29], "uv_size": [2, 1]},
								"west": {"uv": [32, 35], "uv_size": [1, 1]},
								"up": {"uv": [20, 29], "uv_size": [2, 1]},
								"down": {"uv": [22, 30], "uv_size": [2, -1]}
							}
						},
						{
							"origin": [1.3025, 4.42452, 5.28675],
							"size": [1.94501, 0.079, 0.27651],
							"pivot": [0, 3.98756, 5.425],
							"rotation": [0, -90, 150],
							"uv": {
								"north": {"uv": [29, 9], "uv_size": [2, 1]},
								"east": {"uv": [35, 30], "uv_size": [1, 1]},
								"south": {"uv": [10, 29], "uv_size": [2, 1]},
								"west": {"uv": [31, 35], "uv_size": [1, 1]},
								"up": {"uv": [12, 29], "uv_size": [2, 1]},
								"down": {"uv": [14, 30], "uv_size": [2, -1]}
							}
						},
						{
							"origin": [1.3025, 4.42452, 5.28675],
							"size": [1.94501, 0.079, 0.27651],
							"pivot": [0, 3.98756, 5.425],
							"rotation": [0, -90, 120],
							"uv": {
								"north": {"uv": [29, 6], "uv_size": [2, 1]},
								"east": {"uv": [35, 29], "uv_size": [1, 1]},
								"south": {"uv": [29, 7], "uv_size": [2, 1]},
								"west": {"uv": [30, 35], "uv_size": [1, 1]},
								"up": {"uv": [8, 29], "uv_size": [2, 1]},
								"down": {"uv": [29, 9], "uv_size": [2, -1]}
							}
						},
						{
							"origin": [1.3025, 4.42452, 5.28675],
							"size": [1.94501, 0.079, 0.27651],
							"pivot": [0, 3.98756, 5.425],
							"rotation": [0, -90, 90],
							"uv": {
								"north": {"uv": [4, 29], "uv_size": [2, 1]},
								"east": {"uv": [35, 28], "uv_size": [1, 1]},
								"south": {"uv": [29, 4], "uv_size": [2, 1]},
								"west": {"uv": [29, 35], "uv_size": [1, 1]},
								"up": {"uv": [29, 5], "uv_size": [2, 1]},
								"down": {"uv": [6, 30], "uv_size": [2, -1]}
							}
						},
						{
							"origin": [1.3025, 4.42452, 5.28675],
							"size": [1.94501, 0.079, 0.27651],
							"pivot": [0, 3.98756, 5.425],
							"rotation": [0, -90, 60],
							"uv": {
								"north": {"uv": [29, 1], "uv_size": [2, 1]},
								"east": {"uv": [35, 27], "uv_size": [1, 1]},
								"south": {"uv": [2, 29], "uv_size": [2, 1]},
								"west": {"uv": [28, 35], "uv_size": [1, 1]},
								"up": {"uv": [29, 2], "uv_size": [2, 1]},
								"down": {"uv": [29, 4], "uv_size": [2, -1]}
							}
						},
						{
							"origin": [1.3025, 4.42452, 5.28675],
							"size": [1.94501, 0.079, 0.27651],
							"pivot": [0, 3.98756, 5.425],
							"rotation": [0, -90, 30],
							"uv": {
								"north": {"uv": [28, 27], "uv_size": [2, 1]},
								"east": {"uv": [35, 26], "uv_size": [1, 1]},
								"south": {"uv": [28, 28], "uv_size": [2, 1]},
								"west": {"uv": [27, 35], "uv_size": [1, 1]},
								"up": {"uv": [0, 29], "uv_size": [2, 1]},
								"down": {"uv": [29, 1], "uv_size": [2, -1]}
							}
						},
						{
							"origin": [1.3025, 4.42452, 5.28675],
							"size": [1.94501, 0.079, 0.27651],
							"pivot": [0, 3.98756, 5.425],
							"rotation": [0, -90, 0],
							"uv": {
								"north": {"uv": [24, 28], "uv_size": [2, 1]},
								"east": {"uv": [35, 25], "uv_size": [1, 1]},
								"south": {"uv": [28, 25], "uv_size": [2, 1]},
								"west": {"uv": [26, 35], "uv_size": [1, 1]},
								"up": {"uv": [26, 28], "uv_size": [2, 1]},
								"down": {"uv": [28, 27], "uv_size": [2, -1]}
							}
						},
						{
							"origin": [1.3025, 4.42452, 5.28675],
							"size": [1.94501, 0.079, 0.27651],
							"pivot": [0, 3.98756, 5.425],
							"rotation": [0, -90, -30],
							"uv": {
								"north": {"uv": [16, 28], "uv_size": [2, 1]},
								"east": {"uv": [35, 24], "uv_size": [1, 1]},
								"south": {"uv": [18, 28], "uv_size": [2, 1]},
								"west": {"uv": [25, 35], "uv_size": [1, 1]},
								"up": {"uv": [20, 28], "uv_size": [2, 1]},
								"down": {"uv": [22, 29], "uv_size": [2, -1]}
							}
						},
						{
							"origin": [1.3025, 4.42452, 5.28675],
							"size": [1.94501, 0.079, 0.27651],
							"pivot": [0, 3.98756, 5.425],
							"rotation": [0, -90, -60],
							"uv": {
								"north": {"uv": [8, 28], "uv_size": [2, 1]},
								"east": {"uv": [35, 23], "uv_size": [1, 1]},
								"south": {"uv": [10, 28], "uv_size": [2, 1]},
								"west": {"uv": [24, 35], "uv_size": [1, 1]},
								"up": {"uv": [12, 28], "uv_size": [2, 1]},
								"down": {"uv": [14, 29], "uv_size": [2, -1]}
							}
						}
					]
				},
				{
					"name": "bone3",
					"parent": "bone",
					"pivot": [0, 3.98756, 11.5],
					"cubes": [
						{
							"origin": [1.54997, 3.80755, 6.62823],
							"size": [2.31456, 0.79401, 0.32904],
							"pivot": [0, 3.98756, 6.79275],
							"rotation": [0, -90, -90],
							"uv": {
								"north": {"uv": [30, 12], "uv_size": [2, 1]},
								"east": {"uv": [0, 36], "uv_size": [1, 1]},
								"south": {"uv": [30, 13], "uv_size": [2, 1]},
								"west": {"uv": [36, 0], "uv_size": [1, 1]},
								"up": {"uv": [14, 30], "uv_size": [2, 1]},
								"down": {"uv": [30, 15], "uv_size": [2, -1]}
							}
						},
						{
							"origin": [1.54997, 3.80755, 6.62823],
							"size": [2.31456, 0.79401, 0.32904],
							"pivot": [0, 3.98756, 6.79275],
							"rotation": [0, -90, -120],
							"uv": {
								"north": {"uv": [30, 15], "uv_size": [2, 1]},
								"east": {"uv": [1, 36], "uv_size": [1, 1]},
								"south": {"uv": [16, 30], "uv_size": [2, 1]},
								"west": {"uv": [36, 1], "uv_size": [1, 1]},
								"up": {"uv": [30, 16], "uv_size": [2, 1]},
								"down": {"uv": [30, 18], "uv_size": [2, -1]}
							}
						},
						{
							"origin": [1.54997, 3.80755, 6.62823],
							"size": [2.31456, 0.79401, 0.32904],
							"pivot": [0, 3.98756, 6.79275],
							"rotation": [0, -90, -150],
							"uv": {
								"north": {"uv": [18, 30], "uv_size": [2, 1]},
								"east": {"uv": [2, 36], "uv_size": [1, 1]},
								"south": {"uv": [30, 18], "uv_size": [2, 1]},
								"west": {"uv": [36, 2], "uv_size": [1, 1]},
								"up": {"uv": [30, 19], "uv_size": [2, 1]},
								"down": {"uv": [20, 31], "uv_size": [2, -1]}
							}
						},
						{
							"origin": [1.54997, 3.80755, 6.62823],
							"size": [2.31456, 0.79401, 0.32904],
							"pivot": [0, 3.98756, 6.79275],
							"rotation": [0, -90, -180],
							"uv": {
								"north": {"uv": [30, 20], "uv_size": [2, 1]},
								"east": {"uv": [3, 36], "uv_size": [1, 1]},
								"south": {"uv": [30, 21], "uv_size": [2, 1]},
								"west": {"uv": [36, 3], "uv_size": [1, 1]},
								"up": {"uv": [22, 30], "uv_size": [2, 1]},
								"down": {"uv": [30, 23], "uv_size": [2, -1]}
							}
						},
						{
							"origin": [1.54997, 3.80755, 6.62823],
							"size": [2.31456, 0.79401, 0.32904],
							"pivot": [0, 3.98756, 6.79275],
							"rotation": [0, -90, 150],
							"uv": {
								"north": {"uv": [30, 23], "uv_size": [2, 1]},
								"east": {"uv": [4, 36], "uv_size": [1, 1]},
								"south": {"uv": [24, 30], "uv_size": [2, 1]},
								"west": {"uv": [36, 4], "uv_size": [1, 1]},
								"up": {"uv": [30, 24], "uv_size": [2, 1]},
								"down": {"uv": [30, 26], "uv_size": [2, -1]}
							}
						},
						{
							"origin": [1.54997, 3.80755, 6.62823],
							"size": [2.31456, 0.79401, 0.32904],
							"pivot": [0, 3.98756, 6.79275],
							"rotation": [0, -90, 120],
							"uv": {
								"north": {"uv": [26, 30], "uv_size": [2, 1]},
								"east": {"uv": [5, 36], "uv_size": [1, 1]},
								"south": {"uv": [30, 26], "uv_size": [2, 1]},
								"west": {"uv": [36, 5], "uv_size": [1, 1]},
								"up": {"uv": [30, 27], "uv_size": [2, 1]},
								"down": {"uv": [28, 31], "uv_size": [2, -1]}
							}
						},
						{
							"origin": [1.54997, 3.80755, 6.62823],
							"size": [2.31456, 0.79401, 0.32904],
							"pivot": [0, 3.98756, 6.79275],
							"rotation": [0, -90, 90],
							"uv": {
								"north": {"uv": [30, 28], "uv_size": [2, 1]},
								"east": {"uv": [6, 36], "uv_size": [1, 1]},
								"south": {"uv": [30, 29], "uv_size": [2, 1]},
								"west": {"uv": [36, 6], "uv_size": [1, 1]},
								"up": {"uv": [30, 30], "uv_size": [2, 1]},
								"down": {"uv": [0, 32], "uv_size": [2, -1]}
							}
						},
						{
							"origin": [1.54997, 3.80755, 6.62823],
							"size": [2.31456, 0.79401, 0.32904],
							"pivot": [0, 3.98756, 6.79275],
							"rotation": [0, -90, 60],
							"uv": {
								"north": {"uv": [31, 0], "uv_size": [2, 1]},
								"east": {"uv": [7, 36], "uv_size": [1, 1]},
								"south": {"uv": [31, 1], "uv_size": [2, 1]},
								"west": {"uv": [36, 7], "uv_size": [1, 1]},
								"up": {"uv": [2, 31], "uv_size": [2, 1]},
								"down": {"uv": [31, 3], "uv_size": [2, -1]}
							}
						},
						{
							"origin": [1.54997, 3.80755, 6.62823],
							"size": [2.31456, 0.79401, 0.32904],
							"pivot": [0, 3.98756, 6.79275],
							"rotation": [0, -90, 30],
							"uv": {
								"north": {"uv": [31, 3], "uv_size": [2, 1]},
								"east": {"uv": [8, 36], "uv_size": [1, 1]},
								"south": {"uv": [4, 31], "uv_size": [2, 1]},
								"west": {"uv": [36, 8], "uv_size": [1, 1]},
								"up": {"uv": [31, 4], "uv_size": [2, 1]},
								"down": {"uv": [31, 6], "uv_size": [2, -1]}
							}
						},
						{
							"origin": [1.54997, 3.80755, 6.62823],
							"size": [2.31456, 0.79401, 0.32904],
							"pivot": [0, 3.98756, 6.79275],
							"rotation": [0, -90, 0],
							"uv": {
								"north": {"uv": [6, 31], "uv_size": [2, 1]},
								"east": {"uv": [9, 36], "uv_size": [1, 1]},
								"south": {"uv": [31, 6], "uv_size": [2, 1]},
								"west": {"uv": [36, 9], "uv_size": [1, 1]},
								"up": {"uv": [31, 7], "uv_size": [2, 1]},
								"down": {"uv": [8, 32], "uv_size": [2, -1]}
							}
						},
						{
							"origin": [1.54997, 3.80755, 6.62823],
							"size": [2.31456, 0.79401, 0.32904],
							"pivot": [0, 3.98756, 6.79275],
							"rotation": [0, -90, -30],
							"uv": {
								"north": {"uv": [31, 8], "uv_size": [2, 1]},
								"east": {"uv": [10, 36], "uv_size": [1, 1]},
								"south": {"uv": [31, 9], "uv_size": [2, 1]},
								"west": {"uv": [36, 10], "uv_size": [1, 1]},
								"up": {"uv": [10, 31], "uv_size": [2, 1]},
								"down": {"uv": [12, 32], "uv_size": [2, -1]}
							}
						},
						{
							"origin": [1.54997, 3.80755, 6.62823],
							"size": [2.31456, 0.79401, 0.32904],
							"pivot": [0, 3.98756, 6.79275],
							"rotation": [0, -90, -60],
							"uv": {
								"north": {"uv": [14, 31], "uv_size": [2, 1]},
								"east": {"uv": [11, 36], "uv_size": [1, 1]},
								"south": {"uv": [16, 31], "uv_size": [2, 1]},
								"west": {"uv": [36, 11], "uv_size": [1, 1]},
								"up": {"uv": [18, 31], "uv_size": [2, 1]},
								"down": {"uv": [20, 32], "uv_size": [2, -1]}
							}
						}
					]
				}
			]
		}
	]
}