{
    "model": "bluearchivejp:gun/atsuko_evo3_geo",
    "texture": "bluearchivejp:gun/uv/atsuko_evo3",
    "slot": "bluearchivejp:gun/slot/atsuko_evo3",
    "hud": "bluearchivejp:gun/hud/atsuko_evo3",
    "muzzle_flash": {
      "texture": "tacz:flash/common_muzzle_flash",
      "scale": 1
    },
    "animation": "bluearchivejp:atsuko_evo3",
    "use_default_animation": "rifle",
    "transform": {
        "scale": {
            "thirdperson": [
                0.6,
                0.6,
                0.6
            ],
            "ground": [
                0.4,
                0.4,
                0.4
            ],
            "fixed": [
                0.9,
                0.9,
                0.9
            ]
        }
    },
  "shell": {
    "initial_velocity": [5, 2, 1],
    "random_velocity": [1, 1, 0.25],
    "acceleration": [0.0, -10, 0.0],
    "angular_velocity": [360, -1200, 90],
    "living_time": 1.0
  },
    "sounds": {
        "draw": "tacz:hk_mp5a5/hk_mp5a5_draw",
        "put_away": "tacz:hk_mp5a5/hk_mp5a5_put_away",
        "shoot": "tacz:hk_mp5a5/hk_mp5a5_shoot",
        "shoot_3p": "tacz:hk_mp5a5/hk_mp5a5_shoot_3p",
        "dry_fire": "bluearchivejp:sounds/ba_dry_fire",
        "silence": "tacz:hk_mp5a5/hk_mp5a5_silence",
        "silence_3p": "tacz:hk_mp5a5/hk_mp5a5_silence_3p",
        "reload_tactical":"bluearchivejp:sounds/atsuko_evo3_reload_tactical",
        "reload_empty":"bluearchivejp:sounds/atsuko_evo3_reload_empty",
        "inspect": "bluearchivejp:sounds/atsuko_evo3_inspect",
        "inspect_empty": "bluearchivejp:sounds/atsuko_evo3_inspect"
    },
    "third_person_animation": "default"
}