{
    "model": "bluearchivejp:gun/bf465_geo",
    "texture": "bluearchivejp:gun/uv/bf465",
    "slot": "bluearchivejp:gun/slot/bf465",
    "hud": "bluearchivejp:gun/hud/wf465",
    "muzzle_flash": {
      "texture": "bluearchivejp:flash/bajp_flash_bf465",
      "scale": 1
    },
    "animation": "bluearchivejp:wf465",
    "use_default_animation": "rifle",
    "transform": {
        "scale": {
            "thirdperson": [
                0.6,
                0.6,
                0.6
            ],
            "ground": [
                0.5,
                0.5,
                0.5
            ],
            "fixed": [
                1,
                1,
                1
            ]
        }
    },
  "shell": {
    "initial_velocity": [5, 2, 1],
    "random_velocity": [1, 1, 0.25],
    "acceleration": [0.0, -10, 0.0],
    "angular_velocity": [360, -1200, 90],
    "living_time": 1.0
  },
    "sounds": {
        "draw": "tacz:m4a1/m4a1_draw",
        "put_away": "tacz:m4a1/m4a1_put_away",
        "shoot": "tacz:m4a1/m4a1_shoot",
        "shoot_3p": "tacz:m4a1/m4a1_shoot_3p",
        "dry_fire": "bluearchivejp:sounds/ba_dry_fire",
        "silence": "tacz:m4a1/m4a1_silence",
        "silence_3p": "tacz:m4a1/m4a1_silence_3p",
        "reload_tactical":"bluearchivejp:sounds/wf465_reload",
        "reload_empty":"bluearchivejp:sounds/wf465_reload_empty",
        "inspect": "bluearchivejp:sounds/wf465_inspect",
        "inspect_empty": "bluearchivejp:sounds/wf465_inspect"
    },
    "third_person_animation": "default"
}