{
    "model": "bluearchivejp:gun/flame_geo",
    "texture": "bluearchivejp:gun/uv/flame",
    "slot": "bluearchivejp:gun/slot/flame",
    "ammo_count_style":"percent",
    "hud": "bluearchivejp:gun/hud/flame",
    "animation": "bluearchivejp:flame",
    "use_default_animation": "rifle",
    "transform": {
        "scale": {
            "thirdperson": [
                0.6,
                0.6,
                0.6
            ],
            "ground": [
                0.5,
                0.5,
                0.5
            ],
            "fixed": [
                1,
                1,
                1
            ]
        }
    },
    "sounds": {
        "draw": "tacz:type_81/type_81_draw",
        "put_away": "tacz:type_81/type_81_put_away",
        "shoot": "bluearchivejp:sounds/flame",
        "dry_fire": "bluearchivejp:sounds/ba_dry_fire",
        "reload_tactical":"bluearchivejp:sounds/flame_reload",
        "reload_empty":"bluearchivejp:sounds/flame_reload",
        "inspect": "bluearchivejp:sounds/flame_inspect",
        "inspectempty": "bluearchivejp:sounds/flame_inspect"
    },
    "third_person_animation": "default"
}