{
    "model": "bluearchivejp:gun/hawkeye_geo",
    "texture": "bluearchivejp:gun/uv/hawkeye",
    "slot": "bluearchivejp:gun/slot/hawkeye",
    "hud": "bluearchivejp:gun/hud/hawkeye",
    "muzzle_flash": {
      "texture": "tacz:flash/common_muzzle_flash",
      "scale": 1
    },
    "animation": "bluearchivejp:hawkeye",
    "use_default_animation": "rifle",
    "transform": {
        "scale": {
            "thirdperson": [
                0.6,
                0.6,
                0.6
            ],
            "ground": [
                0.5,
                0.5,
                0.5
            ],
            "fixed": [
                1,
                1,
                1
            ]
        }
    },
  "shell": {
    "initial_velocity": [5, 2, 1],
    "random_velocity": [1, 1, 0.25],
    "acceleration": [0.0, -10, 0.0],
    "angular_velocity": [360, -1200, 90],
    "living_time": 1.0
  },
    "sounds": {
        "draw": "tacz:m107/m107_draw",
        "put_away": "tacz:m107/m107_put_away",
        "shoot": "bluearchivejp:sounds/hawkeye_shoot",
        "shoot_3p": "bluearchivejp:sounds/hawkeye_shoot",
        "dry_fire": "bluearchivejp:sounds/ba_dry_fire",
        "reload_tactical":"bluearchivejp:sounds/hawkeye_reload_tactical",
        "reload_empty":"bluearchivejp:sounds/hawkeye_reload_empty",
        "inspect": "bluearchivejp:sounds/hawkeye_inspect"
    },
    "third_person_animation": "default"
}