{
    "model": "bluearchivejp:gun/hinamg_geo",
    "texture": "bluearchivejp:gun/uv/hinamg",
    "slot": "bluearchivejp:gun/slot/hinamg",
    "hud": "bluearchivejp:gun/hud/hinamg",
    "muzzle_flash": {
      "texture": "bluearchivejp:flash/bajp_flash_hina",
      "scale": 2
    },
    "animation": "bluearchivejp:hinamg",
    "use_default_animation": "rifle",
    "transform": {
        "scale": {
            "thirdperson": [
                0.6,
                0.6,
                0.6
            ],
            "ground": [
                0.7,
                0.7,
                0.7
            ],
            "fixed": [
                1,
                1,
                1
            ]
        }
    },
  "shell": {
    "initial_velocity": [5, 2, 1],
    "random_velocity": [1, 1, 0.25],
    "acceleration": [0.0, -10, 0.0],
    "angular_velocity": [360, -1200, 90],
    "living_time": 1.0
  },
    "sounds": {
        "draw": "tacz:m249/m249_draw",
        "put_away": "tacz:m249/m249_put_away",
        "shoot": "tacz:rpk/rpk_shoot",
        "shoot_3p": "tacz:rpk/rpk_shoot_3p",
        "dry_fire": "bluearchivejp:sounds/ba_dry_fire",
        "silence": "tacz:rpk/rpk_silence",
        "silence_3p": "tacz:rpk/rpk_silence_3p",
        "reload_tactical":"bluearchivejp:sounds/hinamg_reload_tactical",
        "reload_empty":"bluearchivejp:sounds/hinamg_reload_empty",
        "inspect": "bluearchivejp:sounds/hinamg_inspect",
        "inspect_empty": "bluearchivejp:sounds/hinamg_inspect"
    },
    "third_person_animation": "default"
}