{
    "model": "bluearchivejp:gun/hiyori_20_geo",
    "texture": "bluearchivejp:gun/uv/hiyori_20",
    "slot": "bluearchivejp:gun/slot/hiyori_20",
    "hud": "bluearchivejp:gun/hud/hiyori_20",
    "muzzle_flash": {
      "texture": "tacz:flash/common_muzzle_flash",
      "scale": 1.5
    },
    "animation": "bluearchivejp:hiyori_20",
    "use_default_animation": "rifle",
    "transform": {
        "scale": {
            "thirdperson": [
                0.6,
                0.6,
                0.6
            ],
            "ground": [
                0.5,
                0.5,
                0.5
            ],
            "fixed": [
                1,
                1,
                1
            ]
        }
    },
    "sounds": {
    "draw": "tacz:m107/m107_draw",
    "put_away": "tacz:m107/m107_put_away",
    "shoot": "bluearchivejp:sounds/hiyori_20_shoot",
    "shoot_3p": "tacz:m107/m107_shoot_3p",
    "silence": "tacz:m107/m107_silence",
    "silence_3p": "tacz:m107/m107_silence_3p",
    "dry_fire": "bluearchivejp:sounds/ba_dry_fire",
    "reload_tactical":"bluearchivejp:sounds/hiyori_20_reload_tactical",
    "reload_empty":"bluearchivejp:sounds/hiyori_20_reload_empty",
    "inspect": "bluearchivejp:sounds/hiyori_20_inspect",
    "inspect_empty": "bluearchivejp:sounds/hiyori_20_inspect"
    },
    "third_person_animation": "default"
}