{
    "model": "bluearchivejp:gun/misaki_92_geo",
    "texture": "bluearchivejp:gun/uv/misaki_92",
    "slot": "bluearchivejp:gun/slot/misaki_92",
    "hud": "bluearchivejp:gun/hud/misaki_92",
    "animation": "bluearchivejp:misaki_92",
    "use_default_animation": "rifle",
    "transform": {
        "scale": {
            "thirdperson": [
                0.6,
                0.6,
                0.6
            ],
            "ground": [
                0.5,
                0.5,
                0.5
            ],
            "fixed": [
                0.9,
                0.9,
                0.9
            ]
        }
    },
  "sounds": {
    "reload_empty": "bluearchivejp:sounds/misaki_92_reload_empty",
    "inspect": "tacz:rpg7/rpg7_inspect",
    "inspect_empty": "tacz:rpg7/rpg7_inspect",
    "draw": "tacz:rpg7/rpg7_draw",
    "put_away": "tacz:rpg7/rpg7_put_away",
    "shoot": "tacz:rpg7/rpg7_shoot",
    "shoot_3p": "tacz:rpg7/rpg7_shoot"
  },
    "third_person_animation": "default"
}