{
    "model": "bluearchivejp:gun/nagisa_ppk_geo",
    "texture": "bluearchivejp:gun/uv/nagisa_ppk",
    "slot": "bluearchivejp:gun/slot/nagisa_ppk",
    "hud": "bluearchivejp:gun/hud/nagisa_ppk",
    "muzzle_flash": {
      "texture": "tacz:flash/common_muzzle_flash",
      "scale": 1
    },
    "animation": "bluearchivejp:nagisa_ppk",
    "use_default_animation": "pistol",
    "transform": {
        "scale": {
            "thirdperson": [
                0.6,
                0.6,
                0.6
            ],
            "ground": [
                0.5,
                0.5,
                0.5
            ],
            "fixed": [
                1,
                1,
                1
            ]
        }
    },
  "shell": {
    "initial_velocity": [5, 2, 1],
    "random_velocity": [1, 1, 0.25],
    "acceleration": [0.0, -10, 0.0],
    "angular_velocity": [360, -1200, 90],
    "living_time": 1.0
  },
    "sounds": {
    "draw": "tacz:m1911/m1911_draw",
    "put_away": "tacz:m1911/m1911_put_away",
    "shoot": "tacz:b93r/b93r_shoot",
    "shoot_3p": "tacz:b93r/b93r_shoot_3p",
    "silence": "tacz:b93r/b93r_silence",
    "silence_3p": "tacz:b93r/b93r_silence_3p",
        "reload_tactical":"bluearchivejp:sounds/rb224_moe_reload_tactical",
        "reload_empty":"bluearchivejp:sounds/nagisa_ppk_reload_empty",
        "inspect": "bluearchivejp:sounds/rb224_moe_inspect",
        "inspect_empty": "bluearchivejp:sounds/rb224_moe_inspect",
        "dry_fire": "bluearchivejp:sounds/ba_dry_fire"
    },
    "third_person_animation": "default"
}