{
    "model": "bluearchivejp:gun/saori_400_geo",
    "texture": "bluearchivejp:gun/uv/saori_400",
    "slot": "bluearchivejp:gun/slot/saori_400",
    "hud": "bluearchivejp:gun/hud/saori_400",
    "muzzle_flash": {
      "texture": "tacz:flash/common_muzzle_flash",
      "scale": 1
    },
    "animation": "bluearchivejp:saori_400",
    "use_default_animation": "rifle",
    "transform": {
        "scale": {
            "thirdperson": [
                0.6,
                0.6,
                0.6
            ],
            "ground": [
                0.5,
                0.5,
                0.5
            ],
            "fixed": [
                1,
                1,
                1
            ]
        }
    },
  "shell": {
    "initial_velocity": [5, 2, 1],
    "random_velocity": [1, 1, 0.25],
    "acceleration": [0.0, -10, 0.0],
    "angular_velocity": [360, -1200, 90],
    "living_time": 1.0
  },
    "sounds": {
    "shoot": "tacz:spr15hb/spr15hb_shoot",
    "shoot_3p": "tacz:spr15hb/spr15hb_shoot_3p",
    "silence": "tacz:spr15hb/spr15hb_silence",
    "silence_3p": "tacz:spr15hb/spr15hb_silence_3p",
    "draw": "tacz:spr15hb/spr15hb_draw",
    "put_away": "tacz:spr15hb/spr15hb_put_away",
        "dry_fire": "bluearchivejp:sounds/ba_dry_fire",
        "reload_tactical":"bluearchivejp:sounds/saori_400_reload_tactical",
        "reload_empty":"bluearchivejp:sounds/saori_400_reload_empty",
        "inspect": "bluearchivejp:sounds/saori_400_inspect",
        "inspect_empty": "bluearchivejp:sounds/saori_400_inspect_empty"
    },
    "third_person_animation": "default"
}