{
	"format_version": "1.12.0",
	"minecraft:geometry": [
		{
			"description": {
				"identifier": "geometry.unknown",
				"texture_width": 64,
				"texture_height": 64,
				"visible_bounds_width": 2,
				"visible_bounds_height": 1.5,
				"visible_bounds_offset": [0, 0.25, 0]
			},
			"bones": [
				{
					"name": "root",
					"pivot": [0.05626, 2.87406, -2.77032],
					"cubes": [
						{
							"origin": [-0.46709, 1.08795, -5.3783],
							"size": [0.15488, 3.94944, 10.8416],
							"uv": {
								"north": {"uv": [28, 10], "uv_size": [0.25, 5]},
								"east": {"uv": [0, 0], "uv_size": [14, 5]},
								"south": {"uv": [28, 20], "uv_size": [0.25, 5]},
								"west": {"uv": [0, 5], "uv_size": [14, 5]},
								"up": {"uv": [6, 21], "uv_size": [0.25, 14]},
								"down": {"uv": [7, 35], "uv_size": [0.25, -14]}
							}
						},
						{
							"origin": [-0.31221, 1.55259, -5.30086],
							"size": [0.7744, 3.17504, 6.42752],
							"uv": {
								"north": {"uv": [14, 15], "uv_size": [1, 4]},
								"east": {"uv": [14, 0], "uv_size": [8.25, 4]},
								"south": {"uv": [15, 15], "uv_size": [1, 4]},
								"west": {"uv": [14, 4], "uv_size": [8.25, 4]},
								"up": {"uv": [4, 15], "uv_size": [1, 8.25]},
								"down": {"uv": [5, 23.25], "uv_size": [1, -8.25]}
							}
						},
						{
							"origin": [0.15243, 0.46843, -5.53318],
							"size": [0.46464, 0.54208, 0.15488],
							"uv": {
								"north": {"uv": [33, 24], "uv_size": [0.5, 0.75]},
								"east": {"uv": [37, 5], "uv_size": [0.25, 0.75]},
								"south": {"uv": [25, 33], "uv_size": [0.5, 0.75]},
								"west": {"uv": [6, 37], "uv_size": [0.25, 0.75]},
								"up": {"uv": [29, 38], "uv_size": [0.5, 0.25]},
								"down": {"uv": [38, 29.25], "uv_size": [0.5, -0.25]}
							}
						},
						{
							"origin": [-0.46709, 0.46843, -5.53318],
							"size": [0.46464, 0.54208, 0.15488],
							"uv": {
								"north": {"uv": [33, 27], "uv_size": [0.5, 0.75]},
								"east": {"uv": [37, 8], "uv_size": [0.25, 0.75]},
								"south": {"uv": [28, 33], "uv_size": [0.5, 0.75]},
								"west": {"uv": [9, 37], "uv_size": [0.25, 0.75]},
								"up": {"uv": [34, 38], "uv_size": [0.5, 0.25]},
								"down": {"uv": [38, 34.25], "uv_size": [0.5, -0.25]}
							}
						},
						{
							"origin": [0.38475, 0.85563, -5.53318],
							"size": [0.23232, 4.33664, 0.15488],
							"uv": {
								"north": {"uv": [12, 26], "uv_size": [0.25, 5.5]},
								"east": {"uv": [13, 26], "uv_size": [0.25, 5.5]},
								"south": {"uv": [14, 26], "uv_size": [0.25, 5.5]},
								"west": {"uv": [15, 26], "uv_size": [0.25, 5.5]},
								"up": {"uv": [39, 37], "uv_size": [0.25, 0.25]},
								"down": {"uv": [38, 39.25], "uv_size": [0.25, -0.25]}
							}
						},
						{
							"origin": [-0.23477, 0.85563, -5.53318],
							"size": [0.61952, 1.62624, 0.15488],
							"uv": {
								"north": {"uv": [16, 24], "uv_size": [0.75, 2]},
								"east": {"uv": [33, 20], "uv_size": [0.25, 2]},
								"south": {"uv": [24, 16], "uv_size": [0.75, 2]},
								"west": {"uv": [21, 33], "uv_size": [0.25, 2]},
								"up": {"uv": [37, 9], "uv_size": [0.75, 0.25]},
								"down": {"uv": [10, 37.25], "uv_size": [0.75, -0.25]}
							}
						},
						{
							"origin": [-0.07989, 1.24283, -5.68806],
							"size": [0.3872, 1.1616, 0.23232],
							"uv": {
								"north": {"uv": [31, 12], "uv_size": [0.5, 1.5]},
								"east": {"uv": [33, 28], "uv_size": [0.25, 1.5]},
								"south": {"uv": [31, 14], "uv_size": [0.5, 1.5]},
								"west": {"uv": [29, 33], "uv_size": [0.25, 1.5]},
								"up": {"uv": [35, 38], "uv_size": [0.5, 0.25]},
								"down": {"uv": [38, 35.25], "uv_size": [0.5, -0.25]}
							}
						},
						{
							"origin": [-0.23477, 2.63675, -5.53318],
							"size": [0.61952, 0.15488, 0.15488],
							"uv": {
								"north": {"uv": [37, 10], "uv_size": [0.75, 0.25]},
								"east": {"uv": [0, 40], "uv_size": [0.25, 0.25]},
								"south": {"uv": [11, 37], "uv_size": [0.75, 0.25]},
								"west": {"uv": [40, 0], "uv_size": [0.25, 0.25]},
								"up": {"uv": [37, 11], "uv_size": [0.75, 0.25]},
								"down": {"uv": [12, 37.25], "uv_size": [0.75, -0.25]}
							}
						},
						{
							"origin": [-0.23477, 2.94651, -5.53318],
							"size": [0.61952, 0.15488, 0.15488],
							"uv": {
								"north": {"uv": [37, 12], "uv_size": [0.75, 0.25]},
								"east": {"uv": [1, 40], "uv_size": [0.25, 0.25]},
								"south": {"uv": [13, 37], "uv_size": [0.75, 0.25]},
								"west": {"uv": [40, 1], "uv_size": [0.25, 0.25]},
								"up": {"uv": [37, 13], "uv_size": [0.75, 0.25]},
								"down": {"uv": [14, 37.25], "uv_size": [0.75, -0.25]}
							}
						},
						{
							"origin": [-0.23477, 3.25627, -5.53318],
							"size": [0.61952, 0.15488, 0.15488],
							"uv": {
								"north": {"uv": [37, 14], "uv_size": [0.75, 0.25]},
								"east": {"uv": [2, 40], "uv_size": [0.25, 0.25]},
								"south": {"uv": [15, 37], "uv_size": [0.75, 0.25]},
								"west": {"uv": [40, 2], "uv_size": [0.25, 0.25]},
								"up": {"uv": [37, 15], "uv_size": [0.75, 0.25]},
								"down": {"uv": [16, 37.25], "uv_size": [0.75, -0.25]}
							}
						},
						{
							"origin": [-0.23477, 4.18555, -5.53318],
							"size": [0.61952, 0.15488, 0.15488],
							"uv": {
								"north": {"uv": [37, 20], "uv_size": [0.75, 0.25]},
								"east": {"uv": [5, 40], "uv_size": [0.25, 0.25]},
								"south": {"uv": [21, 37], "uv_size": [0.75, 0.25]},
								"west": {"uv": [40, 5], "uv_size": [0.25, 0.25]},
								"up": {"uv": [37, 21], "uv_size": [0.75, 0.25]},
								"down": {"uv": [22, 37.25], "uv_size": [0.75, -0.25]}
							}
						},
						{
							"origin": [-0.23477, 4.49531, -5.53318],
							"size": [0.61952, 0.15488, 0.15488],
							"uv": {
								"north": {"uv": [37, 22], "uv_size": [0.75, 0.25]},
								"east": {"uv": [6, 40], "uv_size": [0.25, 0.25]},
								"south": {"uv": [23, 37], "uv_size": [0.75, 0.25]},
								"west": {"uv": [40, 6], "uv_size": [0.25, 0.25]},
								"up": {"uv": [37, 23], "uv_size": [0.75, 0.25]},
								"down": {"uv": [24, 37.25], "uv_size": [0.75, -0.25]}
							}
						},
						{
							"origin": [-0.23477, 4.80507, -5.53318],
							"size": [0.61952, 0.23232, 0.15488],
							"uv": {
								"north": {"uv": [37, 24], "uv_size": [0.75, 0.25]},
								"east": {"uv": [7, 40], "uv_size": [0.25, 0.25]},
								"south": {"uv": [25, 37], "uv_size": [0.75, 0.25]},
								"west": {"uv": [40, 7], "uv_size": [0.25, 0.25]},
								"up": {"uv": [37, 25], "uv_size": [0.75, 0.25]},
								"down": {"uv": [26, 37.25], "uv_size": [0.75, -0.25]}
							}
						},
						{
							"origin": [-0.23477, 3.87579, -5.53318],
							"size": [0.61952, 0.15488, 0.15488],
							"uv": {
								"north": {"uv": [37, 18], "uv_size": [0.75, 0.25]},
								"east": {"uv": [4, 40], "uv_size": [0.25, 0.25]},
								"south": {"uv": [19, 37], "uv_size": [0.75, 0.25]},
								"west": {"uv": [40, 4], "uv_size": [0.25, 0.25]},
								"up": {"uv": [37, 19], "uv_size": [0.75, 0.25]},
								"down": {"uv": [20, 37.25], "uv_size": [0.75, -0.25]}
							}
						},
						{
							"origin": [-0.23477, 3.56603, -5.53318],
							"size": [0.61952, 0.15488, 0.15488],
							"uv": {
								"north": {"uv": [37, 16], "uv_size": [0.75, 0.25]},
								"east": {"uv": [3, 40], "uv_size": [0.25, 0.25]},
								"south": {"uv": [17, 37], "uv_size": [0.75, 0.25]},
								"west": {"uv": [40, 3], "uv_size": [0.25, 0.25]},
								"up": {"uv": [37, 17], "uv_size": [0.75, 0.25]},
								"down": {"uv": [18, 37.25], "uv_size": [0.75, -0.25]}
							}
						},
						{
							"origin": [-0.46709, 0.85563, -5.53318],
							"size": [0.23232, 4.33664, 0.15488],
							"uv": {
								"north": {"uv": [16, 26], "uv_size": [0.25, 5.5]},
								"east": {"uv": [26, 20], "uv_size": [0.25, 5.5]},
								"south": {"uv": [24, 26], "uv_size": [0.25, 5.5]},
								"west": {"uv": [25, 26], "uv_size": [0.25, 5.5]},
								"up": {"uv": [39, 38], "uv_size": [0.25, 0.25]},
								"down": {"uv": [39, 39.25], "uv_size": [0.25, -0.25]}
							}
						},
						{
							"origin": [0.15243, 5.03739, -6.1527],
							"size": [0.46464, 0.15488, 0.61952],
							"uv": {
								"north": {"uv": [30, 38], "uv_size": [0.5, 0.25]},
								"east": {"uv": [37, 6], "uv_size": [0.75, 0.25]},
								"south": {"uv": [38, 30], "uv_size": [0.5, 0.25]},
								"west": {"uv": [7, 37], "uv_size": [0.75, 0.25]},
								"up": {"uv": [33, 25], "uv_size": [0.5, 0.75]},
								"down": {"uv": [26, 33.75], "uv_size": [0.5, -0.75]}
							}
						},
						{
							"origin": [-0.46709, 5.03739, -6.1527],
							"size": [0.46464, 0.15488, 0.61952],
							"uv": {
								"north": {"uv": [31, 38], "uv_size": [0.5, 0.25]},
								"east": {"uv": [37, 7], "uv_size": [0.75, 0.25]},
								"south": {"uv": [38, 31], "uv_size": [0.5, 0.25]},
								"west": {"uv": [8, 37], "uv_size": [0.75, 0.25]},
								"up": {"uv": [33, 26], "uv_size": [0.5, 0.75]},
								"down": {"uv": [27, 33.75], "uv_size": [0.5, -0.75]}
							}
						},
						{
							"origin": [-0.23477, 5.03739, -5.92038],
							"size": [0.61952, 0.15488, 0.54208],
							"uv": {
								"north": {"uv": [39, 36], "uv_size": [0.25, 0.25]},
								"east": {"uv": [32, 38], "uv_size": [0.5, 0.25]},
								"south": {"uv": [37, 39], "uv_size": [0.25, 0.25]},
								"west": {"uv": [38, 32], "uv_size": [0.5, 0.25]},
								"up": {"uv": [33, 38], "uv_size": [0.25, 0.5]},
								"down": {"uv": [38, 33.5], "uv_size": [0.25, -0.5]}
							}
						},
						{
							"origin": [0.53963, 1.16539, -5.3783],
							"size": [0.07744, 3.94944, 7.43424],
							"uv": {
								"north": {"uv": [22, 28], "uv_size": [0.25, 5]},
								"east": {"uv": [0, 10], "uv_size": [9.5, 5]},
								"south": {"uv": [28, 25], "uv_size": [0.25, 5]},
								"west": {"uv": [10, 10], "uv_size": [9.5, 5]},
								"up": {"uv": [23, 20], "uv_size": [0.25, 9.5]},
								"down": {"uv": [21, 32.5], "uv_size": [0.25, -9.5]}
							}
						},
						{
							"origin": [0.53963, 1.16539, 4.61146],
							"size": [0.07744, 3.94944, 1.00672],
							"uv": {
								"north": {"uv": [26, 28], "uv_size": [0.25, 5]},
								"east": {"uv": [6, 15], "uv_size": [1.25, 5]},
								"south": {"uv": [27, 28], "uv_size": [0.25, 5]},
								"west": {"uv": [8, 15], "uv_size": [1.25, 5]},
								"up": {"uv": [14, 34], "uv_size": [0.25, 1.25]},
								"down": {"uv": [34, 15.25], "uv_size": [0.25, -1.25]}
							}
						},
						{
							"origin": [0.53963, 4.41787, 2.05594],
							"size": [0.07744, 0.69696, 3.17504],
							"uv": {
								"north": {"uv": [25, 36], "uv_size": [0.25, 1]},
								"east": {"uv": [14, 8], "uv_size": [4, 1]},
								"south": {"uv": [36, 25], "uv_size": [0.25, 1]},
								"west": {"uv": [14, 9], "uv_size": [4, 1]},
								"up": {"uv": [9, 29], "uv_size": [0.25, 4]},
								"down": {"uv": [10, 33], "uv_size": [0.25, -4]}
							}
						},
						{
							"origin": [0.53963, 1.16539, 2.05594],
							"size": [0.07744, 0.69696, 3.17504],
							"uv": {
								"north": {"uv": [26, 36], "uv_size": [0.25, 1]},
								"east": {"uv": [16, 15], "uv_size": [4, 1]},
								"south": {"uv": [36, 26], "uv_size": [0.25, 1]},
								"west": {"uv": [16, 16], "uv_size": [4, 1]},
								"up": {"uv": [29, 10], "uv_size": [0.25, 4]},
								"down": {"uv": [11, 33], "uv_size": [0.25, -4]}
							}
						},
						{
							"origin": [-0.31221, 5.03739, -5.3783],
							"size": [0.85184, 0.07744, 10.99648],
							"uv": {
								"north": {"uv": [23, 36], "uv_size": [1, 0.25]},
								"east": {"uv": [18, 9], "uv_size": [14.25, 0.25]},
								"south": {"uv": [36, 23], "uv_size": [1, 0.25]},
								"west": {"uv": [16, 18], "uv_size": [14.25, 0.25]},
								"up": {"uv": [0, 15], "uv_size": [1, 14.25]},
								"down": {"uv": [1, 29.25], "uv_size": [1, -14.25]}
							}
						},
						{
							"origin": [-0.31221, 1.16539, -5.3783],
							"size": [0.85184, 0.07744, 10.99648],
							"uv": {
								"north": {"uv": [24, 36], "uv_size": [1, 0.25]},
								"east": {"uv": [14, 19], "uv_size": [14.25, 0.25]},
								"south": {"uv": [36, 24], "uv_size": [1, 0.25]},
								"west": {"uv": [6, 20], "uv_size": [14.25, 0.25]},
								"up": {"uv": [2, 15], "uv_size": [1, 14.25]},
								"down": {"uv": [3, 29.25], "uv_size": [1, -14.25]}
							}
						},
						{
							"origin": [-0.31221, 1.16539, 5.61818],
							"size": [0.92928, 3.94944, 0.07744],
							"uv": {
								"north": {"uv": [10, 15], "uv_size": [1.25, 5]},
								"east": {"uv": [29, 0], "uv_size": [0.25, 5]},
								"south": {"uv": [12, 15], "uv_size": [1.25, 5]},
								"west": {"uv": [4, 29], "uv_size": [0.25, 5]},
								"up": {"uv": [15, 34], "uv_size": [1.25, 0.25]},
								"down": {"uv": [34, 16.25], "uv_size": [1.25, -0.25]}
							}
						},
						{
							"origin": [-0.46709, 0.46843, -3.28742],
							"size": [0.15488, 0.61952, 3.71712],
							"uv": {
								"north": {"uv": [27, 36], "uv_size": [0.25, 0.75]},
								"east": {"uv": [16, 17], "uv_size": [4.75, 0.75]},
								"south": {"uv": [36, 27], "uv_size": [0.25, 0.75]},
								"west": {"uv": [18, 8], "uv_size": [4.75, 0.75]},
								"up": {"uv": [5, 29], "uv_size": [0.25, 4.75]},
								"down": {"uv": [8, 33.75], "uv_size": [0.25, -4.75]}
							}
						},
						{
							"origin": [-0.46709, 0.46843, -3.90694],
							"size": [0.15488, 0.61952, 0.54208],
							"uv": {
								"north": {"uv": [28, 36], "uv_size": [0.25, 0.75]},
								"east": {"uv": [19, 31], "uv_size": [0.75, 0.75]},
								"south": {"uv": [36, 28], "uv_size": [0.25, 0.75]},
								"west": {"uv": [31, 19], "uv_size": [0.75, 0.75]},
								"up": {"uv": [29, 36], "uv_size": [0.25, 0.75]},
								"down": {"uv": [36, 29.75], "uv_size": [0.25, -0.75]}
							}
						},
						{
							"origin": [-0.46709, 0.93307, -3.36486],
							"size": [0.15488, 0.15488, 0.07744],
							"uv": {
								"north": {"uv": [39, 21], "uv_size": [0.25, 0.25]},
								"east": {"uv": [22, 39], "uv_size": [0.25, 0.25]},
								"south": {"uv": [39, 22], "uv_size": [0.25, 0.25]},
								"west": {"uv": [23, 39], "uv_size": [0.25, 0.25]},
								"up": {"uv": [39, 23], "uv_size": [0.25, 0.25]},
								"down": {"uv": [24, 39.25], "uv_size": [0.25, -0.25]}
							}
						},
						{
							"origin": [-0.46709, 0.62331, 0.58458],
							"size": [0.15488, 0.46464, 0.30976],
							"uv": {
								"north": {"uv": [37, 28], "uv_size": [0.25, 0.5]},
								"east": {"uv": [34, 19], "uv_size": [0.5, 0.5]},
								"south": {"uv": [29, 37], "uv_size": [0.25, 0.5]},
								"west": {"uv": [20, 34], "uv_size": [0.5, 0.5]},
								"up": {"uv": [37, 29], "uv_size": [0.25, 0.5]},
								"down": {"uv": [30, 37.5], "uv_size": [0.25, -0.5]}
							}
						},
						{
							"origin": [-0.46709, 0.62331, 0.89434],
							"size": [0.15488, 0.15488, 0.23232],
							"uv": {
								"north": {"uv": [39, 18], "uv_size": [0.25, 0.25]},
								"east": {"uv": [19, 39], "uv_size": [0.25, 0.25]},
								"south": {"uv": [39, 19], "uv_size": [0.25, 0.25]},
								"west": {"uv": [20, 39], "uv_size": [0.25, 0.25]},
								"up": {"uv": [39, 20], "uv_size": [0.25, 0.25]},
								"down": {"uv": [21, 39.25], "uv_size": [0.25, -0.25]}
							}
						}
					]
				},
				{
					"name": "bone",
					"parent": "root",
					"pivot": [0.07499, 3.1692, 3.29498],
					"cubes": [
						{
							"origin": [-0.29471, 2.81082, 3.03618],
							"size": [0.73941, 1.3242, 0.51759],
							"uv": {
								"north": {"uv": [21, 16], "uv_size": [1, 1.75]},
								"east": {"uv": [25, 16], "uv_size": [0.75, 1.75]},
								"south": {"uv": [22, 16], "uv_size": [1, 1.75]},
								"west": {"uv": [26, 13], "uv_size": [0.75, 1.75]},
								"up": {"uv": [20, 16], "uv_size": [1, 0.75]},
								"down": {"uv": [24, 8.75], "uv_size": [1, -0.75]}
							}
						},
						{
							"origin": [-0.29471, 2.79039, 3.11244],
							"size": [0.73941, 1.3242, 0.51757],
							"pivot": [0.07499, 3.30126, 3.37121],
							"rotation": [-30, 0, 0],
							"uv": {
								"north": {"uv": [23, 10], "uv_size": [1, 1.75]},
								"east": {"uv": [26, 15], "uv_size": [0.75, 1.75]},
								"south": {"uv": [23, 12], "uv_size": [1, 1.75]},
								"west": {"uv": [26, 26], "uv_size": [0.75, 1.75]},
								"up": {"uv": [26, 17], "uv_size": [1, 0.75]},
								"down": {"uv": [30, 7.75], "uv_size": [1, -0.75]}
							}
						},
						{
							"origin": [-0.29471, 2.73459, 3.16824],
							"size": [0.73941, 1.32418, 0.51757],
							"pivot": [0.07499, 3.24543, 3.42704],
							"rotation": [-60, 0, 0],
							"uv": {
								"north": {"uv": [23, 14], "uv_size": [1, 1.75]},
								"east": {"uv": [27, 0], "uv_size": [0.75, 1.75]},
								"south": {"uv": [23, 16], "uv_size": [1, 1.75]},
								"west": {"uv": [27, 2], "uv_size": [0.75, 1.75]},
								"up": {"uv": [30, 14], "uv_size": [1, 0.75]},
								"down": {"uv": [30, 15.75], "uv_size": [1, -0.75]}
							}
						},
						{
							"origin": [-0.29471, 2.65833, 3.18867],
							"size": [0.73941, 1.3242, 0.51759],
							"pivot": [0.07499, 3.1692, 3.44746],
							"rotation": [-90, 0, 0],
							"uv": {
								"north": {"uv": [22, 23], "uv_size": [1, 1.75]},
								"east": {"uv": [27, 4], "uv_size": [0.75, 1.75]},
								"south": {"uv": [24, 0], "uv_size": [1, 1.75]},
								"west": {"uv": [27, 6], "uv_size": [0.75, 1.75]},
								"up": {"uv": [30, 16], "uv_size": [1, 0.75]},
								"down": {"uv": [17, 30.75], "uv_size": [1, -0.75]}
							}
						},
						{
							"origin": [-0.29471, 2.5821, 3.16824],
							"size": [0.73941, 1.3242, 0.51757],
							"pivot": [0.07499, 3.09297, 3.42704],
							"rotation": [-120, 0, 0],
							"uv": {
								"north": {"uv": [24, 2], "uv_size": [1, 1.75]},
								"east": {"uv": [27, 10], "uv_size": [0.75, 1.75]},
								"south": {"uv": [4, 24], "uv_size": [1, 1.75]},
								"west": {"uv": [27, 12], "uv_size": [0.75, 1.75]},
								"up": {"uv": [30, 17], "uv_size": [1, 0.75]},
								"down": {"uv": [18, 30.75], "uv_size": [1, -0.75]}
							}
						},
						{
							"origin": [-0.29471, 2.5263, 3.11244],
							"size": [0.73941, 1.3242, 0.51757],
							"pivot": [0.07499, 3.03716, 3.37121],
							"rotation": [-150, 0, 0],
							"uv": {
								"north": {"uv": [24, 4], "uv_size": [1, 1.75]},
								"east": {"uv": [27, 14], "uv_size": [0.75, 1.75]},
								"south": {"uv": [5, 24], "uv_size": [1, 1.75]},
								"west": {"uv": [27, 16], "uv_size": [0.75, 1.75]},
								"up": {"uv": [19, 30], "uv_size": [1, 0.75]},
								"down": {"uv": [20, 30.75], "uv_size": [1, -0.75]}
							}
						},
						{
							"origin": [-0.29471, 2.50587, 3.03618],
							"size": [0.73941, 1.32418, 0.51759],
							"pivot": [0.07499, 3.01671, 3.29498],
							"rotation": [180, 0, 0],
							"uv": {
								"north": {"uv": [24, 6], "uv_size": [1, 1.75]},
								"east": {"uv": [17, 27], "uv_size": [0.75, 1.75]},
								"south": {"uv": [8, 24], "uv_size": [1, 1.75]},
								"west": {"uv": [18, 27], "uv_size": [0.75, 1.75]},
								"up": {"uv": [23, 30], "uv_size": [1, 0.75]},
								"down": {"uv": [28, 30.75], "uv_size": [1, -0.75]}
							}
						},
						{
							"origin": [-0.29471, 2.5263, 2.95995],
							"size": [0.73941, 1.3242, 0.51757],
							"pivot": [0.07499, 3.03716, 3.21875],
							"rotation": [150, 0, 0],
							"uv": {
								"north": {"uv": [9, 24], "uv_size": [1, 1.75]},
								"east": {"uv": [19, 27], "uv_size": [0.75, 1.75]},
								"south": {"uv": [10, 24], "uv_size": [1, 1.75]},
								"west": {"uv": [20, 27], "uv_size": [0.75, 1.75]},
								"up": {"uv": [29, 30], "uv_size": [1, 0.75]},
								"down": {"uv": [30, 30.75], "uv_size": [1, -0.75]}
							}
						},
						{
							"origin": [-0.29471, 2.5821, 2.90415],
							"size": [0.73941, 1.3242, 0.51757],
							"pivot": [0.07499, 3.09297, 3.16292],
							"rotation": [120, 0, 0],
							"uv": {
								"north": {"uv": [24, 10], "uv_size": [1, 1.75]},
								"east": {"uv": [27, 20], "uv_size": [0.75, 1.75]},
								"south": {"uv": [11, 24], "uv_size": [1, 1.75]},
								"west": {"uv": [27, 22], "uv_size": [0.75, 1.75]},
								"up": {"uv": [0, 31], "uv_size": [1, 0.75]},
								"down": {"uv": [1, 31.75], "uv_size": [1, -0.75]}
							}
						},
						{
							"origin": [-0.29471, 2.65833, 2.8837],
							"size": [0.73941, 1.3242, 0.51759],
							"pivot": [0.07499, 3.1692, 3.14249],
							"rotation": [90, 0, 0],
							"uv": {
								"north": {"uv": [12, 24], "uv_size": [1, 1.75]},
								"east": {"uv": [27, 24], "uv_size": [0.75, 1.75]},
								"south": {"uv": [24, 12], "uv_size": [1, 1.75]},
								"west": {"uv": [27, 26], "uv_size": [0.75, 1.75]},
								"up": {"uv": [2, 31], "uv_size": [1, 0.75]},
								"down": {"uv": [3, 31.75], "uv_size": [1, -0.75]}
							}
						},
						{
							"origin": [-0.29471, 2.73459, 2.90415],
							"size": [0.73941, 1.32418, 0.51757],
							"pivot": [0.07499, 3.24543, 3.16292],
							"rotation": [60, 0, 0],
							"uv": {
								"north": {"uv": [13, 24], "uv_size": [1, 1.75]},
								"east": {"uv": [28, 0], "uv_size": [0.75, 1.75]},
								"south": {"uv": [14, 24], "uv_size": [1, 1.75]},
								"west": {"uv": [28, 2], "uv_size": [0.75, 1.75]},
								"up": {"uv": [31, 7], "uv_size": [1, 0.75]},
								"down": {"uv": [31, 8.75], "uv_size": [1, -0.75]}
							}
						},
						{
							"origin": [-0.29471, 2.79039, 2.95995],
							"size": [0.73941, 1.3242, 0.51757],
							"pivot": [0.07499, 3.30126, 3.21875],
							"rotation": [30, 0, 0],
							"uv": {
								"north": {"uv": [24, 14], "uv_size": [1, 1.75]},
								"east": {"uv": [28, 4], "uv_size": [0.75, 1.75]},
								"south": {"uv": [15, 24], "uv_size": [1, 1.75]},
								"west": {"uv": [28, 6], "uv_size": [0.75, 1.75]},
								"up": {"uv": [31, 10], "uv_size": [1, 0.75]},
								"down": {"uv": [31, 11.75], "uv_size": [1, -0.75]}
							}
						}
					]
				},
				{
					"name": "fan",
					"parent": "root",
					"pivot": [-0.04117, 3.1692, 3.29498],
					"cubes": [
						{
							"origin": [-0.31359, 4.34607, 3.61151],
							"size": [0.69972, 0.32031, 0.06389],
							"uv": {
								"north": {"uv": [32, 7], "uv_size": [1, 0.5]},
								"east": {"uv": [37, 30], "uv_size": [0.25, 0.5]},
								"south": {"uv": [32, 8], "uv_size": [1, 0.5]},
								"west": {"uv": [31, 37], "uv_size": [0.25, 0.5]},
								"up": {"uv": [34, 20], "uv_size": [1, 0.25]},
								"down": {"uv": [34, 21.25], "uv_size": [1, -0.25]}
							}
						},
						{
							"origin": [-0.31359, 4.31603, 3.72358],
							"size": [0.69972, 0.32031, 0.06389],
							"pivot": [0.07499, 3.3633, 3.40705],
							"rotation": [-30, 0, 0],
							"uv": {
								"north": {"uv": [32, 10], "uv_size": [1, 0.5]},
								"east": {"uv": [37, 31], "uv_size": [0.25, 0.5]},
								"south": {"uv": [32, 11], "uv_size": [1, 0.5]},
								"west": {"uv": [32, 37], "uv_size": [0.25, 0.5]},
								"up": {"uv": [34, 22], "uv_size": [1, 0.25]},
								"down": {"uv": [34, 23.25], "uv_size": [1, -0.25]}
							}
						},
						{
							"origin": [-0.31359, 4.234, 3.80562],
							"size": [0.69972, 0.32031, 0.06389],
							"pivot": [0.07499, 3.28127, 3.48909],
							"rotation": [-60, 0, 0],
							"uv": {
								"north": {"uv": [12, 32], "uv_size": [1, 0.5]},
								"east": {"uv": [37, 32], "uv_size": [0.25, 0.5]},
								"south": {"uv": [32, 12], "uv_size": [1, 0.5]},
								"west": {"uv": [33, 37], "uv_size": [0.25, 0.5]},
								"up": {"uv": [34, 24], "uv_size": [1, 0.25]},
								"down": {"uv": [25, 34.25], "uv_size": [1, -0.25]}
							}
						},
						{
							"origin": [-0.31359, 4.12193, 3.83565],
							"size": [0.69972, 0.32031, 0.06389],
							"pivot": [0.07499, 3.1692, 3.51912],
							"rotation": [-90, 0, 0],
							"uv": {
								"north": {"uv": [13, 32], "uv_size": [1, 0.5]},
								"east": {"uv": [37, 33], "uv_size": [0.25, 0.5]},
								"south": {"uv": [32, 13], "uv_size": [1, 0.5]},
								"west": {"uv": [34, 37], "uv_size": [0.25, 0.5]},
								"up": {"uv": [34, 25], "uv_size": [1, 0.25]},
								"down": {"uv": [26, 34.25], "uv_size": [1, -0.25]}
							}
						},
						{
							"origin": [-0.31359, 4.00986, 3.80562],
							"size": [0.69972, 0.32031, 0.06389],
							"pivot": [0.07499, 3.05713, 3.48909],
							"rotation": [-120, 0, 0],
							"uv": {
								"north": {"uv": [14, 32], "uv_size": [1, 0.5]},
								"east": {"uv": [37, 34], "uv_size": [0.25, 0.5]},
								"south": {"uv": [32, 14], "uv_size": [1, 0.5]},
								"west": {"uv": [35, 37], "uv_size": [0.25, 0.5]},
								"up": {"uv": [34, 26], "uv_size": [1, 0.25]},
								"down": {"uv": [27, 34.25], "uv_size": [1, -0.25]}
							}
						},
						{
							"origin": [-0.31359, 3.92779, 3.72358],
							"size": [0.69972, 0.32034, 0.06389],
							"pivot": [0.07499, 2.97509, 3.40705],
							"rotation": [-150, 0, 0],
							"uv": {
								"north": {"uv": [15, 32], "uv_size": [1, 0.5]},
								"east": {"uv": [37, 35], "uv_size": [0.25, 0.5]},
								"south": {"uv": [32, 15], "uv_size": [1, 0.5]},
								"west": {"uv": [36, 37], "uv_size": [0.25, 0.5]},
								"up": {"uv": [34, 27], "uv_size": [1, 0.25]},
								"down": {"uv": [28, 34.25], "uv_size": [1, -0.25]}
							}
						},
						{
							"origin": [-0.31359, 3.89779, 3.61151],
							"size": [0.69972, 0.32031, 0.06389],
							"pivot": [0.07499, 2.94506, 3.29498],
							"rotation": [180, 0, 0],
							"uv": {
								"north": {"uv": [16, 32], "uv_size": [1, 0.5]},
								"east": {"uv": [37, 36], "uv_size": [0.25, 0.5]},
								"south": {"uv": [17, 32], "uv_size": [1, 0.5]},
								"west": {"uv": [37, 37], "uv_size": [0.25, 0.5]},
								"up": {"uv": [34, 28], "uv_size": [1, 0.25]},
								"down": {"uv": [34, 29.25], "uv_size": [1, -0.25]}
							}
						},
						{
							"origin": [-0.31359, 3.92779, 3.49944],
							"size": [0.69972, 0.32034, 0.06389],
							"pivot": [0.07499, 2.97509, 3.18291],
							"rotation": [150, 0, 0],
							"uv": {
								"north": {"uv": [18, 32], "uv_size": [1, 0.5]},
								"east": {"uv": [0, 38], "uv_size": [0.25, 0.5]},
								"south": {"uv": [19, 32], "uv_size": [1, 0.5]},
								"west": {"uv": [38, 0], "uv_size": [0.25, 0.5]},
								"up": {"uv": [34, 30], "uv_size": [1, 0.25]},
								"down": {"uv": [34, 31.25], "uv_size": [1, -0.25]}
							}
						},
						{
							"origin": [-0.31359, 4.00986, 3.41741],
							"size": [0.69972, 0.32031, 0.06389],
							"pivot": [0.07499, 3.05713, 3.10087],
							"rotation": [120, 0, 0],
							"uv": {
								"north": {"uv": [32, 19], "uv_size": [1, 0.5]},
								"east": {"uv": [1, 38], "uv_size": [0.25, 0.5]},
								"south": {"uv": [32, 20], "uv_size": [1, 0.5]},
								"west": {"uv": [38, 1], "uv_size": [0.25, 0.5]},
								"up": {"uv": [34, 32], "uv_size": [1, 0.25]},
								"down": {"uv": [33, 34.25], "uv_size": [1, -0.25]}
							}
						},
						{
							"origin": [-0.31359, 4.12193, 3.38737],
							"size": [0.69972, 0.32031, 0.06389],
							"pivot": [0.07499, 3.1692, 3.07084],
							"rotation": [90, 0, 0],
							"uv": {
								"north": {"uv": [32, 21], "uv_size": [1, 0.5]},
								"east": {"uv": [2, 38], "uv_size": [0.25, 0.5]},
								"south": {"uv": [32, 22], "uv_size": [1, 0.5]},
								"west": {"uv": [38, 2], "uv_size": [0.25, 0.5]},
								"up": {"uv": [34, 33], "uv_size": [1, 0.25]},
								"down": {"uv": [34, 34.25], "uv_size": [1, -0.25]}
							}
						},
						{
							"origin": [-0.31359, 4.234, 3.41741],
							"size": [0.69972, 0.32031, 0.06389],
							"pivot": [0.07499, 3.28127, 3.10087],
							"rotation": [60, 0, 0],
							"uv": {
								"north": {"uv": [23, 32], "uv_size": [1, 0.5]},
								"east": {"uv": [3, 38], "uv_size": [0.25, 0.5]},
								"south": {"uv": [32, 23], "uv_size": [1, 0.5]},
								"west": {"uv": [38, 3], "uv_size": [0.25, 0.5]},
								"up": {"uv": [35, 0], "uv_size": [1, 0.25]},
								"down": {"uv": [35, 1.25], "uv_size": [1, -0.25]}
							}
						},
						{
							"origin": [-0.31359, 4.31603, 3.49944],
							"size": [0.69972, 0.32031, 0.06389],
							"pivot": [0.07499, 3.3633, 3.18291],
							"rotation": [30, 0, 0],
							"uv": {
								"north": {"uv": [24, 32], "uv_size": [1, 0.5]},
								"east": {"uv": [4, 38], "uv_size": [0.25, 0.5]},
								"south": {"uv": [32, 24], "uv_size": [1, 0.5]},
								"west": {"uv": [38, 4], "uv_size": [0.25, 0.5]},
								"up": {"uv": [35, 2], "uv_size": [1, 0.25]},
								"down": {"uv": [35, 3.25], "uv_size": [1, -0.25]}
							}
						},
						{
							"origin": [-0.31359, 4.34195, 3.56875],
							"size": [0.69972, 0.32031, 0.06389],
							"pivot": [0.07499, 3.38922, 3.25222],
							"rotation": [11, 0, 0],
							"uv": {
								"north": {"uv": [25, 32], "uv_size": [1, 0.5]},
								"east": {"uv": [5, 38], "uv_size": [0.25, 0.5]},
								"south": {"uv": [32, 25], "uv_size": [1, 0.5]},
								"west": {"uv": [38, 5], "uv_size": [0.25, 0.5]},
								"up": {"uv": [35, 4], "uv_size": [1, 0.25]},
								"down": {"uv": [35, 5.25], "uv_size": [1, -0.25]}
							}
						},
						{
							"origin": [-0.31359, 4.33385, 3.6845],
							"size": [0.69972, 0.32034, 0.06386],
							"pivot": [0.07499, 3.38112, 3.36794],
							"rotation": [-19, 0, 0],
							"uv": {
								"north": {"uv": [32, 26], "uv_size": [1, 0.5]},
								"east": {"uv": [6, 38], "uv_size": [0.25, 0.5]},
								"south": {"uv": [32, 27], "uv_size": [1, 0.5]},
								"west": {"uv": [38, 6], "uv_size": [0.25, 0.5]},
								"up": {"uv": [6, 35], "uv_size": [1, 0.25]},
								"down": {"uv": [35, 6.25], "uv_size": [1, -0.25]}
							}
						},
						{
							"origin": [-0.31359, 4.26897, 3.78067],
							"size": [0.69972, 0.32034, 0.06389],
							"pivot": [0.07499, 3.31624, 3.46414],
							"rotation": [-49, 0, 0],
							"uv": {
								"north": {"uv": [28, 32], "uv_size": [1, 0.5]},
								"east": {"uv": [7, 38], "uv_size": [0.25, 0.5]},
								"south": {"uv": [32, 28], "uv_size": [1, 0.5]},
								"west": {"uv": [38, 7], "uv_size": [0.25, 0.5]},
								"up": {"uv": [7, 35], "uv_size": [1, 0.25]},
								"down": {"uv": [35, 7.25], "uv_size": [1, -0.25]}
							}
						},
						{
							"origin": [-0.31359, 4.16469, 3.83154],
							"size": [0.69972, 0.32031, 0.06389],
							"pivot": [0.07499, 3.21196, 3.515],
							"rotation": [-79, 0, 0],
							"uv": {
								"north": {"uv": [29, 32], "uv_size": [1, 0.5]},
								"east": {"uv": [8, 38], "uv_size": [0.25, 0.5]},
								"south": {"uv": [32, 29], "uv_size": [1, 0.5]},
								"west": {"uv": [38, 8], "uv_size": [0.25, 0.5]},
								"up": {"uv": [35, 8], "uv_size": [1, 0.25]},
								"down": {"uv": [35, 9.25], "uv_size": [1, -0.25]}
							}
						},
						{
							"origin": [-0.31359, 4.04894, 3.82343],
							"size": [0.69972, 0.32034, 0.06389],
							"pivot": [0.07499, 3.09623, 3.5069],
							"rotation": [-109, 0, 0],
							"uv": {
								"north": {"uv": [30, 32], "uv_size": [1, 0.5]},
								"east": {"uv": [9, 38], "uv_size": [0.25, 0.5]},
								"south": {"uv": [32, 30], "uv_size": [1, 0.5]},
								"west": {"uv": [38, 9], "uv_size": [0.25, 0.5]},
								"up": {"uv": [35, 10], "uv_size": [1, 0.25]},
								"down": {"uv": [35, 11.25], "uv_size": [1, -0.25]}
							}
						},
						{
							"origin": [-0.31359, 3.95274, 3.75855],
							"size": [0.69972, 0.32034, 0.06389],
							"pivot": [0.07499, 3.00004, 3.44202],
							"rotation": [-139, 0, 0],
							"uv": {
								"north": {"uv": [31, 32], "uv_size": [1, 0.5]},
								"east": {"uv": [10, 38], "uv_size": [0.25, 0.5]},
								"south": {"uv": [32, 31], "uv_size": [1, 0.5]},
								"west": {"uv": [38, 10], "uv_size": [0.25, 0.5]},
								"up": {"uv": [35, 12], "uv_size": [1, 0.25]},
								"down": {"uv": [35, 13.25], "uv_size": [1, -0.25]}
							}
						},
						{
							"origin": [-0.31359, 3.9019, 3.65428],
							"size": [0.69972, 0.32034, 0.06389],
							"pivot": [0.07499, 2.94917, 3.33774],
							"rotation": [-169, 0, 0],
							"uv": {
								"north": {"uv": [32, 32], "uv_size": [1, 0.5]},
								"east": {"uv": [11, 38], "uv_size": [0.25, 0.5]},
								"south": {"uv": [0, 33], "uv_size": [1, 0.5]},
								"west": {"uv": [38, 11], "uv_size": [0.25, 0.5]},
								"up": {"uv": [35, 14], "uv_size": [1, 0.25]},
								"down": {"uv": [15, 35.25], "uv_size": [1, -0.25]}
							}
						},
						{
							"origin": [-0.31359, 3.90998, 3.53855],
							"size": [0.69972, 0.32034, 0.06386],
							"pivot": [0.07499, 2.95728, 3.22202],
							"rotation": [161, 0, 0],
							"uv": {
								"north": {"uv": [33, 0], "uv_size": [1, 0.5]},
								"east": {"uv": [12, 38], "uv_size": [0.25, 0.5]},
								"south": {"uv": [1, 33], "uv_size": [1, 0.5]},
								"west": {"uv": [38, 12], "uv_size": [0.25, 0.5]},
								"up": {"uv": [35, 15], "uv_size": [1, 0.25]},
								"down": {"uv": [16, 35.25], "uv_size": [1, -0.25]}
							}
						},
						{
							"origin": [-0.31359, 3.97486, 3.44236],
							"size": [0.69972, 0.32034, 0.06389],
							"pivot": [0.07499, 3.02216, 3.12582],
							"rotation": [131, 0, 0],
							"uv": {
								"north": {"uv": [33, 1], "uv_size": [1, 0.5]},
								"east": {"uv": [13, 38], "uv_size": [0.25, 0.5]},
								"south": {"uv": [2, 33], "uv_size": [1, 0.5]},
								"west": {"uv": [38, 13], "uv_size": [0.25, 0.5]},
								"up": {"uv": [35, 17], "uv_size": [1, 0.25]},
								"down": {"uv": [35, 18.25], "uv_size": [1, -0.25]}
							}
						},
						{
							"origin": [-0.31359, 4.07917, 3.39149],
							"size": [0.69972, 0.32031, 0.06389],
							"pivot": [0.07499, 3.12644, 3.07495],
							"rotation": [101, 0, 0],
							"uv": {
								"north": {"uv": [33, 2], "uv_size": [1, 0.5]},
								"east": {"uv": [14, 38], "uv_size": [0.25, 0.5]},
								"south": {"uv": [3, 33], "uv_size": [1, 0.5]},
								"west": {"uv": [38, 14], "uv_size": [0.25, 0.5]},
								"up": {"uv": [35, 19], "uv_size": [1, 0.25]},
								"down": {"uv": [20, 35.25], "uv_size": [1, -0.25]}
							}
						},
						{
							"origin": [-0.31359, 4.19489, 3.39959],
							"size": [0.69972, 0.32034, 0.06389],
							"pivot": [0.07499, 3.24218, 3.08306],
							"rotation": [71, 0, 0],
							"uv": {
								"north": {"uv": [33, 3], "uv_size": [1, 0.5]},
								"east": {"uv": [15, 38], "uv_size": [0.25, 0.5]},
								"south": {"uv": [33, 4], "uv_size": [1, 0.5]},
								"west": {"uv": [38, 15], "uv_size": [0.25, 0.5]},
								"up": {"uv": [35, 20], "uv_size": [1, 0.25]},
								"down": {"uv": [21, 35.25], "uv_size": [1, -0.25]}
							}
						},
						{
							"origin": [-0.31359, 4.29108, 3.46447],
							"size": [0.69972, 0.32031, 0.06389],
							"pivot": [0.07499, 3.33835, 3.14794],
							"rotation": [41, 0, 0],
							"uv": {
								"north": {"uv": [33, 5], "uv_size": [1, 0.5]},
								"east": {"uv": [16, 38], "uv_size": [0.25, 0.5]},
								"south": {"uv": [33, 6], "uv_size": [1, 0.5]},
								"west": {"uv": [38, 16], "uv_size": [0.25, 0.5]},
								"up": {"uv": [35, 21], "uv_size": [1, 0.25]},
								"down": {"uv": [22, 35.25], "uv_size": [1, -0.25]}
							}
						},
						{
							"origin": [-0.31359, 4.33254, 3.53485],
							"size": [0.69972, 0.32034, 0.06389],
							"pivot": [0.07499, 3.37983, 3.21831],
							"rotation": [20, 0, 0],
							"uv": {
								"north": {"uv": [33, 7], "uv_size": [1, 0.5]},
								"east": {"uv": [17, 38], "uv_size": [0.25, 0.5]},
								"south": {"uv": [33, 8], "uv_size": [1, 0.5]},
								"west": {"uv": [38, 17], "uv_size": [0.25, 0.5]},
								"up": {"uv": [35, 22], "uv_size": [1, 0.25]},
								"down": {"uv": [23, 35.25], "uv_size": [1, -0.25]}
							}
						},
						{
							"origin": [-0.31359, 4.34265, 3.65045],
							"size": [0.69972, 0.32034, 0.06386],
							"pivot": [0.07499, 3.38995, 3.33389],
							"rotation": [-10, 0, 0],
							"uv": {
								"north": {"uv": [9, 33], "uv_size": [1, 0.5]},
								"east": {"uv": [18, 38], "uv_size": [0.25, 0.5]},
								"south": {"uv": [33, 9], "uv_size": [1, 0.5]},
								"west": {"uv": [38, 18], "uv_size": [0.25, 0.5]},
								"up": {"uv": [35, 23], "uv_size": [1, 0.25]},
								"down": {"uv": [24, 35.25], "uv_size": [1, -0.25]}
							}
						},
						{
							"origin": [-0.31359, 4.29363, 3.7556],
							"size": [0.69972, 0.32031, 0.06386],
							"pivot": [0.07499, 3.3409, 3.43906],
							"rotation": [-40, 0, 0],
							"uv": {
								"north": {"uv": [10, 33], "uv_size": [1, 0.5]},
								"east": {"uv": [19, 38], "uv_size": [0.25, 0.5]},
								"south": {"uv": [33, 10], "uv_size": [1, 0.5]},
								"west": {"uv": [38, 19], "uv_size": [0.25, 0.5]},
								"up": {"uv": [35, 24], "uv_size": [1, 0.25]},
								"down": {"uv": [25, 35.25], "uv_size": [1, -0.25]}
							}
						},
						{
							"origin": [-0.31359, 4.19859, 3.82215],
							"size": [0.69972, 0.32031, 0.06386],
							"pivot": [0.07499, 3.24586, 3.50559],
							"rotation": [-70, 0, 0],
							"uv": {
								"north": {"uv": [11, 33], "uv_size": [1, 0.5]},
								"east": {"uv": [20, 38], "uv_size": [0.25, 0.5]},
								"south": {"uv": [33, 11], "uv_size": [1, 0.5]},
								"west": {"uv": [38, 20], "uv_size": [0.25, 0.5]},
								"up": {"uv": [35, 25], "uv_size": [1, 0.25]},
								"down": {"uv": [26, 35.25], "uv_size": [1, -0.25]}
							}
						},
						{
							"origin": [-0.31359, 4.08299, 3.83227],
							"size": [0.69972, 0.32034, 0.06386],
							"pivot": [0.07499, 3.13028, 3.51571],
							"rotation": [-100, 0, 0],
							"uv": {
								"north": {"uv": [12, 33], "uv_size": [1, 0.5]},
								"east": {"uv": [21, 38], "uv_size": [0.25, 0.5]},
								"south": {"uv": [33, 12], "uv_size": [1, 0.5]},
								"west": {"uv": [38, 21], "uv_size": [0.25, 0.5]},
								"up": {"uv": [35, 26], "uv_size": [1, 0.25]},
								"down": {"uv": [27, 35.25], "uv_size": [1, -0.25]}
							}
						},
						{
							"origin": [-0.31359, 3.97784, 3.78321],
							"size": [0.69972, 0.32034, 0.06389],
							"pivot": [0.07499, 3.02513, 3.46668],
							"rotation": [-130, 0, 0],
							"uv": {
								"north": {"uv": [13, 33], "uv_size": [1, 0.5]},
								"east": {"uv": [22, 38], "uv_size": [0.25, 0.5]},
								"south": {"uv": [33, 13], "uv_size": [1, 0.5]},
								"west": {"uv": [38, 22], "uv_size": [0.25, 0.5]},
								"up": {"uv": [35, 27], "uv_size": [1, 0.25]},
								"down": {"uv": [28, 35.25], "uv_size": [1, -0.25]}
							}
						},
						{
							"origin": [-0.31359, 3.91129, 3.68818],
							"size": [0.69972, 0.32034, 0.06389],
							"pivot": [0.07499, 2.95858, 3.37164],
							"rotation": [-160, 0, 0],
							"uv": {
								"north": {"uv": [14, 33], "uv_size": [1, 0.5]},
								"east": {"uv": [23, 38], "uv_size": [0.25, 0.5]},
								"south": {"uv": [33, 14], "uv_size": [1, 0.5]},
								"west": {"uv": [38, 23], "uv_size": [0.25, 0.5]},
								"up": {"uv": [35, 28], "uv_size": [1, 0.25]},
								"down": {"uv": [29, 35.25], "uv_size": [1, -0.25]}
							}
						},
						{
							"origin": [-0.31359, 3.90117, 3.5726],
							"size": [0.69972, 0.32034, 0.06386],
							"pivot": [0.07499, 2.94847, 3.25606],
							"rotation": [170, 0, 0],
							"uv": {
								"north": {"uv": [15, 33], "uv_size": [1, 0.5]},
								"east": {"uv": [24, 38], "uv_size": [0.25, 0.5]},
								"south": {"uv": [33, 15], "uv_size": [1, 0.5]},
								"west": {"uv": [38, 24], "uv_size": [0.25, 0.5]},
								"up": {"uv": [35, 29], "uv_size": [1, 0.25]},
								"down": {"uv": [30, 35.25], "uv_size": [1, -0.25]}
							}
						},
						{
							"origin": [-0.31359, 3.95023, 3.46745],
							"size": [0.69972, 0.32031, 0.06386],
							"pivot": [0.07499, 2.9975, 3.15089],
							"rotation": [140, 0, 0],
							"uv": {
								"north": {"uv": [16, 33], "uv_size": [1, 0.5]},
								"east": {"uv": [25, 38], "uv_size": [0.25, 0.5]},
								"south": {"uv": [33, 16], "uv_size": [1, 0.5]},
								"west": {"uv": [38, 25], "uv_size": [0.25, 0.5]},
								"up": {"uv": [35, 30], "uv_size": [1, 0.25]},
								"down": {"uv": [31, 35.25], "uv_size": [1, -0.25]}
							}
						},
						{
							"origin": [-0.31359, 4.04526, 3.4009],
							"size": [0.69972, 0.32031, 0.06386],
							"pivot": [0.07499, 3.09253, 3.08437],
							"rotation": [110, 0, 0],
							"uv": {
								"north": {"uv": [17, 33], "uv_size": [1, 0.5]},
								"east": {"uv": [26, 38], "uv_size": [0.25, 0.5]},
								"south": {"uv": [33, 17], "uv_size": [1, 0.5]},
								"west": {"uv": [38, 26], "uv_size": [0.25, 0.5]},
								"up": {"uv": [35, 31], "uv_size": [1, 0.25]},
								"down": {"uv": [32, 35.25], "uv_size": [1, -0.25]}
							}
						},
						{
							"origin": [-0.31359, 4.16084, 3.39079],
							"size": [0.69972, 0.32034, 0.06386],
							"pivot": [0.07499, 3.20811, 3.07425],
							"rotation": [80, 0, 0],
							"uv": {
								"north": {"uv": [18, 33], "uv_size": [1, 0.5]},
								"east": {"uv": [27, 38], "uv_size": [0.25, 0.5]},
								"south": {"uv": [33, 18], "uv_size": [1, 0.5]},
								"west": {"uv": [38, 27], "uv_size": [0.25, 0.5]},
								"up": {"uv": [35, 32], "uv_size": [1, 0.25]},
								"down": {"uv": [33, 35.25], "uv_size": [1, -0.25]}
							}
						},
						{
							"origin": [-0.31359, 4.26599, 3.43982],
							"size": [0.69972, 0.32034, 0.06389],
							"pivot": [0.07499, 3.31328, 3.12328],
							"rotation": [50, 0, 0],
							"uv": {
								"north": {"uv": [19, 33], "uv_size": [1, 0.5]},
								"east": {"uv": [28, 38], "uv_size": [0.25, 0.5]},
								"south": {"uv": [33, 19], "uv_size": [1, 0.5]},
								"west": {"uv": [38, 28], "uv_size": [0.25, 0.5]},
								"up": {"uv": [35, 33], "uv_size": [1, 0.25]},
								"down": {"uv": [34, 35.25], "uv_size": [1, -0.25]}
							}
						}
					]
				},
				{
					"name": "bone2",
					"parent": "root",
					"pivot": [-0.27349, 3.1692, 3.29498],
					"cubes": [
						{
							"origin": [-0.43234, 2.5922, 2.87833],
							"size": [0.3177, 2.13197, 0.8333],
							"uv": {
								"north": {"uv": [17, 24], "uv_size": [0.5, 2.75]},
								"east": {"uv": [20, 10], "uv_size": [1, 2.75]},
								"south": {"uv": [18, 24], "uv_size": [0.5, 2.75]},
								"west": {"uv": [20, 13], "uv_size": [1, 2.75]},
								"up": {"uv": [23, 31], "uv_size": [0.5, 1]},
								"down": {"uv": [31, 24], "uv_size": [0.5, -1]}
							}
						},
						{
							"origin": [-0.43234, 2.55931, 3.00107],
							"size": [0.3177, 2.13197, 0.8333],
							"pivot": [0.16289, 3.38179, 3.41772],
							"rotation": [-30, 0, 0],
							"uv": {
								"north": {"uv": [19, 24], "uv_size": [0.5, 2.75]},
								"east": {"uv": [8, 21], "uv_size": [1, 2.75]},
								"south": {"uv": [20, 24], "uv_size": [0.5, 2.75]},
								"west": {"uv": [9, 21], "uv_size": [1, 2.75]},
								"up": {"uv": [31, 24], "uv_size": [0.5, 1]},
								"down": {"uv": [31, 26], "uv_size": [0.5, -1]}
							}
						},
						{
							"origin": [-0.43234, 2.46945, 3.09092],
							"size": [0.3177, 2.13197, 0.8333],
							"pivot": [0.16289, 3.29194, 3.50758],
							"rotation": [-60, 0, 0],
							"uv": {
								"north": {"uv": [24, 20], "uv_size": [0.5, 2.75]},
								"east": {"uv": [10, 21], "uv_size": [1, 2.75]},
								"south": {"uv": [24, 23], "uv_size": [0.5, 2.75]},
								"west": {"uv": [21, 10], "uv_size": [1, 2.75]},
								"up": {"uv": [31, 26], "uv_size": [0.5, 1]},
								"down": {"uv": [31, 28], "uv_size": [0.5, -1]}
							}
						},
						{
							"origin": [-0.43234, 2.34671, 3.12381],
							"size": [0.3177, 2.13197, 0.8333],
							"pivot": [0.16289, 3.1692, 3.54046],
							"rotation": [-90, 0, 0],
							"uv": {
								"north": {"uv": [25, 0], "uv_size": [0.5, 2.75]},
								"east": {"uv": [11, 21], "uv_size": [1, 2.75]},
								"south": {"uv": [25, 3], "uv_size": [0.5, 2.75]},
								"west": {"uv": [12, 21], "uv_size": [1, 2.75]},
								"up": {"uv": [28, 31], "uv_size": [0.5, 1]},
								"down": {"uv": [31, 29], "uv_size": [0.5, -1]}
							}
						},
						{
							"origin": [-0.43234, 2.22397, 3.09092],
							"size": [0.3177, 2.13195, 0.8333],
							"pivot": [0.16289, 3.04645, 3.50758],
							"rotation": [-120, 0, 0],
							"uv": {
								"north": {"uv": [25, 6], "uv_size": [0.5, 2.75]},
								"east": {"uv": [13, 21], "uv_size": [1, 2.75]},
								"south": {"uv": [25, 10], "uv_size": [0.5, 2.75]},
								"west": {"uv": [21, 13], "uv_size": [1, 2.75]},
								"up": {"uv": [29, 31], "uv_size": [0.5, 1]},
								"down": {"uv": [31, 30], "uv_size": [0.5, -1]}
							}
						},
						{
							"origin": [-0.43234, 2.13411, 3.00107],
							"size": [0.3177, 2.13195, 0.8333],
							"pivot": [0.16289, 2.9566, 3.41772],
							"rotation": [-150, 0, 0],
							"uv": {
								"north": {"uv": [25, 13], "uv_size": [0.5, 2.75]},
								"east": {"uv": [14, 21], "uv_size": [1, 2.75]},
								"south": {"uv": [25, 20], "uv_size": [0.5, 2.75]},
								"west": {"uv": [15, 21], "uv_size": [1, 2.75]},
								"up": {"uv": [30, 31], "uv_size": [0.5, 1]},
								"down": {"uv": [31, 31], "uv_size": [0.5, -1]}
							}
						},
						{
							"origin": [-0.43234, 2.10123, 2.87833],
							"size": [0.3177, 2.13195, 0.8333],
							"pivot": [0.16289, 2.92371, 3.29498],
							"rotation": [180, 0, 0],
							"uv": {
								"north": {"uv": [22, 25], "uv_size": [0.5, 2.75]},
								"east": {"uv": [16, 21], "uv_size": [1, 2.75]},
								"south": {"uv": [25, 23], "uv_size": [0.5, 2.75]},
								"west": {"uv": [17, 21], "uv_size": [1, 2.75]},
								"up": {"uv": [31, 31], "uv_size": [0.5, 1]},
								"down": {"uv": [0, 33], "uv_size": [0.5, -1]}
							}
						},
						{
							"origin": [-0.43234, 2.13411, 2.75558],
							"size": [0.3177, 2.13195, 0.8333],
							"pivot": [0.16289, 2.9566, 3.17224],
							"rotation": [150, 0, 0],
							"uv": {
								"north": {"uv": [26, 0], "uv_size": [0.5, 2.75]},
								"east": {"uv": [18, 21], "uv_size": [1, 2.75]},
								"south": {"uv": [26, 3], "uv_size": [0.5, 2.75]},
								"west": {"uv": [19, 21], "uv_size": [1, 2.75]},
								"up": {"uv": [32, 0], "uv_size": [0.5, 1]},
								"down": {"uv": [1, 33], "uv_size": [0.5, -1]}
							}
						},
						{
							"origin": [-0.43234, 2.22397, 2.66573],
							"size": [0.3177, 2.13195, 0.8333],
							"pivot": [0.16289, 3.04645, 3.08238],
							"rotation": [120, 0, 0],
							"uv": {
								"north": {"uv": [4, 26], "uv_size": [0.5, 2.75]},
								"east": {"uv": [20, 21], "uv_size": [1, 2.75]},
								"south": {"uv": [5, 26], "uv_size": [0.5, 2.75]},
								"west": {"uv": [21, 20], "uv_size": [1, 2.75]},
								"up": {"uv": [32, 1], "uv_size": [0.5, 1]},
								"down": {"uv": [2, 33], "uv_size": [0.5, -1]}
							}
						},
						{
							"origin": [-0.43234, 2.34671, 2.63284],
							"size": [0.3177, 2.13197, 0.8333],
							"pivot": [0.16289, 3.1692, 3.04949],
							"rotation": [90, 0, 0],
							"uv": {
								"north": {"uv": [26, 6], "uv_size": [0.5, 2.75]},
								"east": {"uv": [22, 10], "uv_size": [1, 2.75]},
								"south": {"uv": [8, 26], "uv_size": [0.5, 2.75]},
								"west": {"uv": [22, 13], "uv_size": [1, 2.75]},
								"up": {"uv": [32, 2], "uv_size": [0.5, 1]},
								"down": {"uv": [3, 33], "uv_size": [0.5, -1]}
							}
						},
						{
							"origin": [-0.43234, 2.46945, 2.66573],
							"size": [0.3177, 2.13197, 0.8333],
							"pivot": [0.16289, 3.29194, 3.08238],
							"rotation": [60, 0, 0],
							"uv": {
								"north": {"uv": [9, 26], "uv_size": [0.5, 2.75]},
								"east": {"uv": [22, 20], "uv_size": [1, 2.75]},
								"south": {"uv": [10, 26], "uv_size": [0.5, 2.75]},
								"west": {"uv": [23, 0], "uv_size": [1, 2.75]},
								"up": {"uv": [32, 3], "uv_size": [0.5, 1]},
								"down": {"uv": [32, 5], "uv_size": [0.5, -1]}
							}
						},
						{
							"origin": [-0.43234, 2.55931, 2.75558],
							"size": [0.3177, 2.13197, 0.8333],
							"pivot": [0.16289, 3.38179, 3.17224],
							"rotation": [30, 0, 0],
							"uv": {
								"north": {"uv": [26, 10], "uv_size": [0.5, 2.75]},
								"east": {"uv": [23, 3], "uv_size": [1, 2.75]},
								"south": {"uv": [11, 26], "uv_size": [0.5, 2.75]},
								"west": {"uv": [23, 6], "uv_size": [1, 2.75]},
								"up": {"uv": [32, 5], "uv_size": [0.5, 1]},
								"down": {"uv": [32, 7], "uv_size": [0.5, -1]}
							}
						}
					]
				},
				{
					"name": "cover",
					"parent": "root",
					"pivot": [0.69451, 3.1692, 3.29498],
					"rotation": [-15, 0, 0],
					"cubes": [
						{
							"origin": [0.58583, 4.32876, 2.91799],
							"size": [0.21736, 0.24737, 0.75398],
							"uv": {
								"north": {"uv": [39, 24], "uv_size": [0.25, 0.25]},
								"east": {"uv": [35, 34], "uv_size": [1, 0.25]},
								"south": {"uv": [25, 39], "uv_size": [0.25, 0.25]},
								"west": {"uv": [35, 35], "uv_size": [1, 0.25]},
								"up": {"uv": [0, 36], "uv_size": [0.25, 1]},
								"down": {"uv": [36, 1], "uv_size": [0.25, -1]}
							}
						},
						{
							"origin": [0.58583, 4.299, 3.02904],
							"size": [0.21736, 0.24737, 0.75398],
							"pivot": [1.05432, 3.36156, 3.40603],
							"rotation": [-30, 0, 0],
							"uv": {
								"north": {"uv": [39, 25], "uv_size": [0.25, 0.25]},
								"east": {"uv": [1, 36], "uv_size": [1, 0.25]},
								"south": {"uv": [26, 39], "uv_size": [0.25, 0.25]},
								"west": {"uv": [36, 1], "uv_size": [1, 0.25]},
								"up": {"uv": [2, 36], "uv_size": [0.25, 1]},
								"down": {"uv": [36, 3], "uv_size": [0.25, -1]}
							}
						},
						{
							"origin": [0.58583, 4.21771, 3.11036],
							"size": [0.21736, 0.24735, 0.75398],
							"pivot": [1.05432, 3.28025, 3.48734],
							"rotation": [-60, 0, 0],
							"uv": {
								"north": {"uv": [39, 26], "uv_size": [0.25, 0.25]},
								"east": {"uv": [3, 36], "uv_size": [1, 0.25]},
								"south": {"uv": [27, 39], "uv_size": [0.25, 0.25]},
								"west": {"uv": [36, 3], "uv_size": [1, 0.25]},
								"up": {"uv": [4, 36], "uv_size": [0.25, 1]},
								"down": {"uv": [36, 5], "uv_size": [0.25, -1]}
							}
						},
						{
							"origin": [0.58583, 4.10666, 3.14012],
							"size": [0.21736, 0.24735, 0.75395],
							"pivot": [1.05432, 3.1692, 3.51709],
							"rotation": [-90, 0, 0],
							"uv": {
								"north": {"uv": [39, 27], "uv_size": [0.25, 0.25]},
								"east": {"uv": [5, 36], "uv_size": [1, 0.25]},
								"south": {"uv": [28, 39], "uv_size": [0.25, 0.25]},
								"west": {"uv": [36, 5], "uv_size": [1, 0.25]},
								"up": {"uv": [6, 36], "uv_size": [0.25, 1]},
								"down": {"uv": [36, 7], "uv_size": [0.25, -1]}
							}
						},
						{
							"origin": [0.58583, 3.99558, 3.11036],
							"size": [0.21736, 0.24737, 0.75398],
							"pivot": [1.05432, 3.05814, 3.48734],
							"rotation": [-120, 0, 0],
							"uv": {
								"north": {"uv": [39, 28], "uv_size": [0.25, 0.25]},
								"east": {"uv": [7, 36], "uv_size": [1, 0.25]},
								"south": {"uv": [29, 39], "uv_size": [0.25, 0.25]},
								"west": {"uv": [36, 7], "uv_size": [1, 0.25]},
								"up": {"uv": [8, 36], "uv_size": [0.25, 1]},
								"down": {"uv": [36, 9], "uv_size": [0.25, -1]}
							}
						},
						{
							"origin": [0.58583, 3.91429, 3.02904],
							"size": [0.21736, 0.24735, 0.75398],
							"pivot": [1.05432, 2.97683, 3.40603],
							"rotation": [-150, 0, 0],
							"uv": {
								"north": {"uv": [39, 29], "uv_size": [0.25, 0.25]},
								"east": {"uv": [9, 36], "uv_size": [1, 0.25]},
								"south": {"uv": [30, 39], "uv_size": [0.25, 0.25]},
								"west": {"uv": [36, 9], "uv_size": [1, 0.25]},
								"up": {"uv": [10, 36], "uv_size": [0.25, 1]},
								"down": {"uv": [36, 11], "uv_size": [0.25, -1]}
							}
						},
						{
							"origin": [0.58583, 3.88452, 2.91799],
							"size": [0.21736, 0.24737, 0.75398],
							"pivot": [1.05432, 2.94709, 3.29498],
							"rotation": [180, 0, 0],
							"uv": {
								"north": {"uv": [39, 30], "uv_size": [0.25, 0.25]},
								"east": {"uv": [11, 36], "uv_size": [1, 0.25]},
								"south": {"uv": [31, 39], "uv_size": [0.25, 0.25]},
								"west": {"uv": [36, 11], "uv_size": [1, 0.25]},
								"up": {"uv": [12, 36], "uv_size": [0.25, 1]},
								"down": {"uv": [36, 13], "uv_size": [0.25, -1]}
							}
						},
						{
							"origin": [0.58583, 3.91429, 2.80694],
							"size": [0.21736, 0.24735, 0.75398],
							"pivot": [1.05432, 2.97683, 3.18392],
							"rotation": [150, 0, 0],
							"uv": {
								"north": {"uv": [39, 31], "uv_size": [0.25, 0.25]},
								"east": {"uv": [13, 36], "uv_size": [1, 0.25]},
								"south": {"uv": [32, 39], "uv_size": [0.25, 0.25]},
								"west": {"uv": [36, 13], "uv_size": [1, 0.25]},
								"up": {"uv": [14, 36], "uv_size": [0.25, 1]},
								"down": {"uv": [36, 15], "uv_size": [0.25, -1]}
							}
						},
						{
							"origin": [0.58583, 3.99558, 2.72562],
							"size": [0.21736, 0.24737, 0.75398],
							"pivot": [1.05432, 3.05814, 3.10261],
							"rotation": [120, 0, 0],
							"uv": {
								"north": {"uv": [39, 32], "uv_size": [0.25, 0.25]},
								"east": {"uv": [15, 36], "uv_size": [1, 0.25]},
								"south": {"uv": [33, 39], "uv_size": [0.25, 0.25]},
								"west": {"uv": [36, 15], "uv_size": [1, 0.25]},
								"up": {"uv": [16, 36], "uv_size": [0.25, 1]},
								"down": {"uv": [36, 17], "uv_size": [0.25, -1]}
							}
						},
						{
							"origin": [0.58583, 4.10666, 2.69588],
							"size": [0.21736, 0.24735, 0.75395],
							"pivot": [1.05432, 3.1692, 3.07287],
							"rotation": [90, 0, 0],
							"uv": {
								"north": {"uv": [39, 33], "uv_size": [0.25, 0.25]},
								"east": {"uv": [17, 36], "uv_size": [1, 0.25]},
								"south": {"uv": [34, 39], "uv_size": [0.25, 0.25]},
								"west": {"uv": [36, 17], "uv_size": [1, 0.25]},
								"up": {"uv": [18, 36], "uv_size": [0.25, 1]},
								"down": {"uv": [36, 19], "uv_size": [0.25, -1]}
							}
						},
						{
							"origin": [0.58583, 4.21771, 2.72562],
							"size": [0.21736, 0.24735, 0.75398],
							"pivot": [1.05432, 3.28025, 3.10261],
							"rotation": [60, 0, 0],
							"uv": {
								"north": {"uv": [39, 34], "uv_size": [0.25, 0.25]},
								"east": {"uv": [19, 36], "uv_size": [1, 0.25]},
								"south": {"uv": [35, 39], "uv_size": [0.25, 0.25]},
								"west": {"uv": [36, 19], "uv_size": [1, 0.25]},
								"up": {"uv": [20, 36], "uv_size": [0.25, 1]},
								"down": {"uv": [36, 21], "uv_size": [0.25, -1]}
							}
						},
						{
							"origin": [0.58583, 4.299, 2.80694],
							"size": [0.21736, 0.24737, 0.75398],
							"pivot": [1.05432, 3.36156, 3.18392],
							"rotation": [30, 0, 0],
							"uv": {
								"north": {"uv": [39, 35], "uv_size": [0.25, 0.25]},
								"east": {"uv": [21, 36], "uv_size": [1, 0.25]},
								"south": {"uv": [36, 39], "uv_size": [0.25, 0.25]},
								"west": {"uv": [36, 21], "uv_size": [1, 0.25]},
								"up": {"uv": [22, 36], "uv_size": [0.25, 1]},
								"down": {"uv": [36, 23], "uv_size": [0.25, -1]}
							}
						}
					]
				},
				{
					"name": "bone3",
					"parent": "cover",
					"pivot": [0.61707, 3.1692, 3.29498],
					"cubes": [
						{
							"origin": [0.57005, 3.76701, 2.7983],
							"size": [0.09404, 0.67051, 0.99336],
							"pivot": [1.18725, 2.87657, 3.29498],
							"rotation": [180, 0, 0],
							"uv": {
								"north": {"uv": [36, 36], "uv_size": [0.25, 0.75]},
								"east": {"uv": [29, 27], "uv_size": [1.25, 0.75]},
								"south": {"uv": [0, 37], "uv_size": [0.25, 0.75]},
								"west": {"uv": [29, 28], "uv_size": [1.25, 0.75]},
								"up": {"uv": [34, 4], "uv_size": [0.25, 1.25]},
								"down": {"uv": [5, 35.25], "uv_size": [0.25, -1.25]}
							}
						},
						{
							"origin": [0.57005, 3.80621, 2.94463],
							"size": [0.09404, 0.67051, 0.99334],
							"pivot": [1.18725, 2.91577, 3.44129],
							"rotation": [-150, 0, 0],
							"uv": {
								"north": {"uv": [35, 36], "uv_size": [0.25, 0.75]},
								"east": {"uv": [29, 25], "uv_size": [1.25, 0.75]},
								"south": {"uv": [36, 35], "uv_size": [0.25, 0.75]},
								"west": {"uv": [29, 26], "uv_size": [1.25, 0.75]},
								"up": {"uv": [3, 34], "uv_size": [0.25, 1.25]},
								"down": {"uv": [4, 35.25], "uv_size": [0.25, -1.25]}
							}
						},
						{
							"origin": [0.57005, 3.91332, 3.05174],
							"size": [0.09404, 0.67051, 0.99334],
							"pivot": [1.18725, 3.02288, 3.5484],
							"rotation": [-120, 0, 0],
							"uv": {
								"north": {"uv": [34, 36], "uv_size": [0.25, 0.75]},
								"east": {"uv": [29, 23], "uv_size": [1.25, 0.75]},
								"south": {"uv": [36, 34], "uv_size": [0.25, 0.75]},
								"west": {"uv": [29, 24], "uv_size": [1.25, 0.75]},
								"up": {"uv": [2, 34], "uv_size": [0.25, 1.25]},
								"down": {"uv": [34, 3.25], "uv_size": [0.25, -1.25]}
							}
						},
						{
							"origin": [0.57005, 4.05964, 3.09095],
							"size": [0.09404, 0.67051, 0.99334],
							"pivot": [1.18725, 3.1692, 3.5876],
							"rotation": [-90, 0, 0],
							"uv": {
								"north": {"uv": [33, 36], "uv_size": [0.25, 0.75]},
								"east": {"uv": [29, 21], "uv_size": [1.25, 0.75]},
								"south": {"uv": [36, 33], "uv_size": [0.25, 0.75]},
								"west": {"uv": [29, 22], "uv_size": [1.25, 0.75]},
								"up": {"uv": [34, 0], "uv_size": [0.25, 1.25]},
								"down": {"uv": [1, 35.25], "uv_size": [0.25, -1.25]}
							}
						},
						{
							"origin": [0.57005, 4.20597, 3.05174],
							"size": [0.09404, 0.67049, 0.99334],
							"pivot": [1.18725, 3.31551, 3.5484],
							"rotation": [-60, 0, 0],
							"uv": {
								"north": {"uv": [32, 36], "uv_size": [0.25, 0.75]},
								"east": {"uv": [29, 19], "uv_size": [1.25, 0.75]},
								"south": {"uv": [36, 32], "uv_size": [0.25, 0.75]},
								"west": {"uv": [29, 20], "uv_size": [1.25, 0.75]},
								"up": {"uv": [33, 32], "uv_size": [0.25, 1.25]},
								"down": {"uv": [0, 35.25], "uv_size": [0.25, -1.25]}
							}
						},
						{
							"origin": [0.57005, 4.31306, 2.94463],
							"size": [0.09404, 0.67051, 0.99334],
							"pivot": [1.18725, 3.42262, 3.44129],
							"rotation": [-30, 0, 0],
							"uv": {
								"north": {"uv": [31, 36], "uv_size": [0.25, 0.75]},
								"east": {"uv": [17, 29], "uv_size": [1.25, 0.75]},
								"south": {"uv": [36, 31], "uv_size": [0.25, 0.75]},
								"west": {"uv": [19, 29], "uv_size": [1.25, 0.75]},
								"up": {"uv": [31, 33], "uv_size": [0.25, 1.25]},
								"down": {"uv": [32, 34.25], "uv_size": [0.25, -1.25]}
							}
						},
						{
							"origin": [0.57005, 4.35229, 2.7983],
							"size": [0.09404, 0.67049, 0.99336],
							"uv": {
								"north": {"uv": [30, 36], "uv_size": [0.25, 0.75]},
								"east": {"uv": [27, 8], "uv_size": [1.25, 0.75]},
								"south": {"uv": [36, 30], "uv_size": [0.25, 0.75]},
								"west": {"uv": [29, 8], "uv_size": [1.25, 0.75]},
								"up": {"uv": [30, 33], "uv_size": [0.25, 1.25]},
								"down": {"uv": [33, 31.25], "uv_size": [0.25, -1.25]}
							}
						},
						{
							"origin": [0.57005, 4.31306, 2.65198],
							"size": [0.09404, 0.67051, 0.99334],
							"pivot": [1.18725, 3.42262, 3.14866],
							"rotation": [30, 0, 0],
							"uv": {
								"north": {"uv": [37, 4], "uv_size": [0.25, 0.75]},
								"east": {"uv": [30, 5], "uv_size": [1.25, 0.75]},
								"south": {"uv": [5, 37], "uv_size": [0.25, 0.75]},
								"west": {"uv": [30, 6], "uv_size": [1.25, 0.75]},
								"up": {"uv": [34, 12], "uv_size": [0.25, 1.25]},
								"down": {"uv": [13, 35.25], "uv_size": [0.25, -1.25]}
							}
						},
						{
							"origin": [0.57005, 4.20597, 2.54487],
							"size": [0.09404, 0.67049, 0.99334],
							"pivot": [1.18725, 3.31551, 3.04156],
							"rotation": [60, 0, 0],
							"uv": {
								"north": {"uv": [37, 3], "uv_size": [0.25, 0.75]},
								"east": {"uv": [30, 3], "uv_size": [1.25, 0.75]},
								"south": {"uv": [4, 37], "uv_size": [0.25, 0.75]},
								"west": {"uv": [30, 4], "uv_size": [1.25, 0.75]},
								"up": {"uv": [11, 34], "uv_size": [0.25, 1.25]},
								"down": {"uv": [12, 35.25], "uv_size": [0.25, -1.25]}
							}
						},
						{
							"origin": [0.57005, 4.05964, 2.50567],
							"size": [0.09404, 0.67051, 0.99334],
							"pivot": [1.18725, 3.1692, 3.00235],
							"rotation": [90, 0, 0],
							"uv": {
								"north": {"uv": [37, 2], "uv_size": [0.25, 0.75]},
								"east": {"uv": [2, 30], "uv_size": [1.25, 0.75]},
								"south": {"uv": [3, 37], "uv_size": [0.25, 0.75]},
								"west": {"uv": [30, 2], "uv_size": [1.25, 0.75]},
								"up": {"uv": [10, 34], "uv_size": [0.25, 1.25]},
								"down": {"uv": [34, 11.25], "uv_size": [0.25, -1.25]}
							}
						},
						{
							"origin": [0.57005, 3.91332, 2.54487],
							"size": [0.09404, 0.67051, 0.99334],
							"pivot": [1.18725, 3.02288, 3.04156],
							"rotation": [120, 0, 0],
							"uv": {
								"north": {"uv": [37, 1], "uv_size": [0.25, 0.75]},
								"east": {"uv": [30, 0], "uv_size": [1.25, 0.75]},
								"south": {"uv": [2, 37], "uv_size": [0.25, 0.75]},
								"west": {"uv": [30, 1], "uv_size": [1.25, 0.75]},
								"up": {"uv": [34, 8], "uv_size": [0.25, 1.25]},
								"down": {"uv": [9, 35.25], "uv_size": [0.25, -1.25]}
							}
						},
						{
							"origin": [0.57005, 3.80621, 2.65198],
							"size": [0.09404, 0.67051, 0.99334],
							"pivot": [1.18725, 2.91577, 3.14866],
							"rotation": [150, 0, 0],
							"uv": {
								"north": {"uv": [37, 0], "uv_size": [0.25, 0.75]},
								"east": {"uv": [29, 29], "uv_size": [1.25, 0.75]},
								"south": {"uv": [1, 37], "uv_size": [0.25, 0.75]},
								"west": {"uv": [0, 30], "uv_size": [1.25, 0.75]},
								"up": {"uv": [34, 6], "uv_size": [0.25, 1.25]},
								"down": {"uv": [8, 35.25], "uv_size": [0.25, -1.25]}
							}
						}
					]
				},
				{
					"name": "logo",
					"parent": "root",
					"pivot": [0.46219, 3.22386, -2.28399],
					"cubes": [
						{
							"origin": [0.49397, 2.33105, -2.85456],
							"size": [0.16877, 1.60439, 0.4584],
							"pivot": [0.46219, 3.24785, -2.62536],
							"rotation": [-30, 0, 0],
							"uv": {
								"north": {"uv": [22, 33], "uv_size": [0.25, 2]},
								"east": {"uv": [29, 14], "uv_size": [0.5, 2]},
								"south": {"uv": [33, 22], "uv_size": [0.25, 2]},
								"west": {"uv": [29, 16], "uv_size": [0.5, 2]},
								"up": {"uv": [36, 38], "uv_size": [0.25, 0.5]},
								"down": {"uv": [38, 36.5], "uv_size": [0.25, -0.5]}
							}
						},
						{
							"origin": [0.49397, 2.21644, -2.51077],
							"size": [0.16877, 0.20055, 0.11461],
							"pivot": [0.46219, 3.24785, -2.62536],
							"rotation": [-30, 0, 0],
							"uv": {
								"north": {"uv": [8, 40], "uv_size": [0.25, 0.25]},
								"east": {"uv": [40, 8], "uv_size": [0.25, 0.25]},
								"south": {"uv": [9, 40], "uv_size": [0.25, 0.25]},
								"west": {"uv": [40, 9], "uv_size": [0.25, 0.25]},
								"up": {"uv": [10, 40], "uv_size": [0.25, 0.25]},
								"down": {"uv": [40, 10.25], "uv_size": [0.25, -0.25]}
							}
						},
						{
							"origin": [0.49397, 2.19498, -2.46254],
							"size": [0.16877, 0.02531, 0.05205],
							"pivot": [0.46219, 3.22304, -2.63968],
							"rotation": [-30, 0, 0],
							"uv": {
								"north": {"uv": [11, 40], "uv_size": [0.25, 0.25]},
								"east": {"uv": [40, 11], "uv_size": [0.25, 0.25]},
								"south": {"uv": [12, 40], "uv_size": [0.25, 0.25]},
								"west": {"uv": [40, 12], "uv_size": [0.25, 0.25]},
								"up": {"uv": [13, 40], "uv_size": [0.25, 0.25]},
								"down": {"uv": [40, 13.25], "uv_size": [0.25, -0.25]}
							}
						},
						{
							"origin": [0.49397, 2.21146, -3.20233],
							"size": [0.16877, 0.42974, 0.11461],
							"pivot": [0.46219, 2.49796, -3.14503],
							"rotation": [41, 0, 0],
							"uv": {
								"north": {"uv": [37, 38], "uv_size": [0.25, 0.5]},
								"east": {"uv": [38, 37], "uv_size": [0.25, 0.5]},
								"south": {"uv": [38, 38], "uv_size": [0.25, 0.5]},
								"west": {"uv": [0, 39], "uv_size": [0.25, 0.5]},
								"up": {"uv": [14, 40], "uv_size": [0.25, 0.25]},
								"down": {"uv": [40, 14.25], "uv_size": [0.25, -0.25]}
							}
						},
						{
							"origin": [0.49397, 2.21146, -1.59792],
							"size": [0.16877, 0.42974, 0.11459],
							"pivot": [0.46219, 2.49796, -1.54064],
							"rotation": [41, 0, 0],
							"uv": {
								"north": {"uv": [39, 0], "uv_size": [0.25, 0.5]},
								"east": {"uv": [1, 39], "uv_size": [0.25, 0.5]},
								"south": {"uv": [39, 1], "uv_size": [0.25, 0.5]},
								"west": {"uv": [2, 39], "uv_size": [0.25, 0.5]},
								"up": {"uv": [15, 40], "uv_size": [0.25, 0.25]},
								"down": {"uv": [40, 15.25], "uv_size": [0.25, -0.25]}
							}
						},
						{
							"origin": [0.49397, 2.21644, -0.90636],
							"size": [0.16877, 0.20055, 0.11459],
							"pivot": [0.46219, 3.24785, -1.02097],
							"rotation": [-30, 0, 0],
							"uv": {
								"north": {"uv": [16, 40], "uv_size": [0.25, 0.25]},
								"east": {"uv": [40, 16], "uv_size": [0.25, 0.25]},
								"south": {"uv": [17, 40], "uv_size": [0.25, 0.25]},
								"west": {"uv": [40, 17], "uv_size": [0.25, 0.25]},
								"up": {"uv": [18, 40], "uv_size": [0.25, 0.25]},
								"down": {"uv": [40, 18.25], "uv_size": [0.25, -0.25]}
							}
						},
						{
							"origin": [0.49397, 2.19498, -0.85815],
							"size": [0.16877, 0.02531, 0.05205],
							"pivot": [0.46219, 3.22304, -1.0353],
							"rotation": [-30, 0, 0],
							"uv": {
								"north": {"uv": [19, 40], "uv_size": [0.25, 0.25]},
								"east": {"uv": [40, 19], "uv_size": [0.25, 0.25]},
								"south": {"uv": [20, 40], "uv_size": [0.25, 0.25]},
								"west": {"uv": [40, 20], "uv_size": [0.25, 0.25]},
								"up": {"uv": [21, 40], "uv_size": [0.25, 0.25]},
								"down": {"uv": [40, 21.25], "uv_size": [0.25, -0.25]}
							}
						},
						{
							"origin": [0.49397, 2.33105, -2.05235],
							"size": [0.16877, 1.64783, 0.4584],
							"pivot": [0.46219, 3.24785, -1.82315],
							"rotation": [-30, 0, 0],
							"uv": {
								"north": {"uv": [20, 31], "uv_size": [0.25, 2.25]},
								"east": {"uv": [28, 15], "uv_size": [0.5, 2.25]},
								"south": {"uv": [31, 20], "uv_size": [0.25, 2.25]},
								"west": {"uv": [29, 5], "uv_size": [0.5, 2.25]},
								"up": {"uv": [39, 2], "uv_size": [0.25, 0.5]},
								"down": {"uv": [3, 39.5], "uv_size": [0.25, -0.5]}
							}
						},
						{
							"origin": [0.49397, 2.33105, -1.25017],
							"size": [0.16877, 1.36132, 0.4584],
							"pivot": [0.46219, 3.24785, -1.02097],
							"rotation": [-30, 0, 0],
							"uv": {
								"north": {"uv": [23, 33], "uv_size": [0.25, 1.75]},
								"east": {"uv": [30, 10], "uv_size": [0.5, 1.75]},
								"south": {"uv": [24, 33], "uv_size": [0.25, 1.75]},
								"west": {"uv": [30, 12], "uv_size": [0.5, 1.75]},
								"up": {"uv": [39, 3], "uv_size": [0.25, 0.5]},
								"down": {"uv": [4, 39.5], "uv_size": [0.25, -0.5]}
							}
						},
						{
							"origin": [0.49397, 2.21644, -1.70857],
							"size": [0.16877, 0.20055, 0.11461],
							"pivot": [0.46219, 3.24785, -1.82315],
							"rotation": [-30, 0, 0],
							"uv": {
								"north": {"uv": [22, 40], "uv_size": [0.25, 0.25]},
								"east": {"uv": [40, 22], "uv_size": [0.25, 0.25]},
								"south": {"uv": [23, 40], "uv_size": [0.25, 0.25]},
								"west": {"uv": [40, 23], "uv_size": [0.25, 0.25]},
								"up": {"uv": [24, 40], "uv_size": [0.25, 0.25]},
								"down": {"uv": [40, 24.25], "uv_size": [0.25, -0.25]}
							}
						},
						{
							"origin": [0.49397, 2.21146, -2.40013],
							"size": [0.16877, 0.42974, 0.11461],
							"pivot": [0.46219, 2.49796, -2.34282],
							"rotation": [41, 0, 0],
							"uv": {
								"north": {"uv": [39, 4], "uv_size": [0.25, 0.5]},
								"east": {"uv": [5, 39], "uv_size": [0.25, 0.5]},
								"south": {"uv": [39, 5], "uv_size": [0.25, 0.5]},
								"west": {"uv": [6, 39], "uv_size": [0.25, 0.5]},
								"up": {"uv": [25, 40], "uv_size": [0.25, 0.25]},
								"down": {"uv": [40, 25.25], "uv_size": [0.25, -0.25]}
							}
						},
						{
							"origin": [0.49397, 2.19498, -1.66036],
							"size": [0.16877, 0.02531, 0.05208],
							"pivot": [0.46219, 3.22304, -1.83748],
							"rotation": [-30, 0, 0],
							"uv": {
								"north": {"uv": [26, 40], "uv_size": [0.25, 0.25]},
								"east": {"uv": [40, 26], "uv_size": [0.25, 0.25]},
								"south": {"uv": [27, 40], "uv_size": [0.25, 0.25]},
								"west": {"uv": [40, 27], "uv_size": [0.25, 0.25]},
								"up": {"uv": [28, 40], "uv_size": [0.25, 0.25]},
								"down": {"uv": [40, 28.25], "uv_size": [0.25, -0.25]}
							}
						},
						{
							"origin": [0.49397, 3.87814, -2.51077],
							"size": [0.16877, 0.2865, 0.11461],
							"pivot": [0.46219, 3.24785, -2.62536],
							"rotation": [-30, 0, 0],
							"uv": {
								"north": {"uv": [29, 40], "uv_size": [0.25, 0.25]},
								"east": {"uv": [40, 29], "uv_size": [0.25, 0.25]},
								"south": {"uv": [30, 40], "uv_size": [0.25, 0.25]},
								"west": {"uv": [40, 30], "uv_size": [0.25, 0.25]},
								"up": {"uv": [31, 40], "uv_size": [0.25, 0.25]},
								"down": {"uv": [40, 31.25], "uv_size": [0.25, -0.25]}
							}
						},
						{
							"origin": [0.49397, 4.10733, -2.45347],
							"size": [0.16877, 0.09741, 0.05731],
							"pivot": [0.46219, 3.24785, -2.62536],
							"rotation": [-30, 0, 0],
							"uv": {
								"north": {"uv": [32, 40], "uv_size": [0.25, 0.25]},
								"east": {"uv": [40, 32], "uv_size": [0.25, 0.25]},
								"south": {"uv": [33, 40], "uv_size": [0.25, 0.25]},
								"west": {"uv": [40, 33], "uv_size": [0.25, 0.25]},
								"up": {"uv": [34, 40], "uv_size": [0.25, 0.25]},
								"down": {"uv": [40, 34.25], "uv_size": [0.25, -0.25]}
							}
						},
						{
							"origin": [0.49397, 3.53435, -3.19834],
							"size": [0.16877, 0.45837, 0.91677],
							"uv": {
								"north": {"uv": [39, 6], "uv_size": [0.25, 0.5]},
								"east": {"uv": [31, 16], "uv_size": [1.25, 0.5]},
								"south": {"uv": [7, 39], "uv_size": [0.25, 0.5]},
								"west": {"uv": [17, 31], "uv_size": [1.25, 0.5]},
								"up": {"uv": [17, 34], "uv_size": [0.25, 1.25]},
								"down": {"uv": [34, 18.25], "uv_size": [0.25, -1.25]}
							}
						},
						{
							"origin": [0.49397, 3.53435, -1.65126],
							"size": [0.16877, 0.45837, 0.91679],
							"uv": {
								"north": {"uv": [39, 7], "uv_size": [0.25, 0.5]},
								"east": {"uv": [31, 17], "uv_size": [1.25, 0.5]},
								"south": {"uv": [8, 39], "uv_size": [0.25, 0.5]},
								"west": {"uv": [31, 18], "uv_size": [1.25, 0.5]},
								"up": {"uv": [18, 34], "uv_size": [0.25, 1.25]},
								"down": {"uv": [19, 35.25], "uv_size": [0.25, -1.25]}
							}
						},
						{
							"origin": [0.49397, 3.51756, -3.35908],
							"size": [0.16877, 0.55007, 0.05728],
							"pivot": [0.46219, 3.74675, -3.3018],
							"rotation": [40, 0, 0],
							"uv": {
								"north": {"uv": [37, 26], "uv_size": [0.25, 0.75]},
								"east": {"uv": [27, 37], "uv_size": [0.25, 0.75]},
								"south": {"uv": [37, 27], "uv_size": [0.25, 0.75]},
								"west": {"uv": [28, 37], "uv_size": [0.25, 0.75]},
								"up": {"uv": [35, 40], "uv_size": [0.25, 0.25]},
								"down": {"uv": [40, 35.25], "uv_size": [0.25, -0.25]}
							}
						},
						{
							"origin": [0.49397, 3.57484, -3.3018],
							"size": [0.16877, 0.3782, 0.11461],
							"pivot": [0.46219, 3.74675, -3.3018],
							"rotation": [40, 0, 0],
							"uv": {
								"north": {"uv": [39, 8], "uv_size": [0.25, 0.5]},
								"east": {"uv": [9, 39], "uv_size": [0.25, 0.5]},
								"south": {"uv": [39, 9], "uv_size": [0.25, 0.5]},
								"west": {"uv": [10, 39], "uv_size": [0.25, 0.5]},
								"up": {"uv": [36, 40], "uv_size": [0.25, 0.25]},
								"down": {"uv": [40, 36.25], "uv_size": [0.25, -0.25]}
							}
						},
						{
							"origin": [0.49397, 3.68945, -3.24449],
							"size": [0.16877, 0.20628, 0.11461],
							"pivot": [0.46219, 3.74675, -3.3018],
							"rotation": [40, 0, 0],
							"uv": {
								"north": {"uv": [37, 40], "uv_size": [0.25, 0.25]},
								"east": {"uv": [40, 37], "uv_size": [0.25, 0.25]},
								"south": {"uv": [38, 40], "uv_size": [0.25, 0.25]},
								"west": {"uv": [40, 38], "uv_size": [0.25, 0.25]},
								"up": {"uv": [39, 40], "uv_size": [0.25, 0.25]},
								"down": {"uv": [40, 39.25], "uv_size": [0.25, -0.25]}
							}
						},
						{
							"origin": [0.49397, 3.76355, -2.33885],
							"size": [0.16877, 0.17189, 0.25785],
							"uv": {
								"north": {"uv": [40, 40], "uv_size": [0.25, 0.25]},
								"east": {"uv": [0, 41], "uv_size": [0.25, 0.25]},
								"south": {"uv": [41, 0], "uv_size": [0.25, 0.25]},
								"west": {"uv": [1, 41], "uv_size": [0.25, 0.25]},
								"up": {"uv": [41, 1], "uv_size": [0.25, 0.25]},
								"down": {"uv": [2, 41.25], "uv_size": [0.25, -0.25]}
							}
						},
						{
							"origin": [0.49397, 3.93544, -2.28157],
							"size": [0.16877, 0.05728, 0.31516],
							"uv": {
								"north": {"uv": [41, 2], "uv_size": [0.25, 0.25]},
								"east": {"uv": [39, 10], "uv_size": [0.5, 0.25]},
								"south": {"uv": [3, 41], "uv_size": [0.25, 0.25]},
								"west": {"uv": [11, 39], "uv_size": [0.5, 0.25]},
								"up": {"uv": [39, 11], "uv_size": [0.25, 0.5]},
								"down": {"uv": [12, 39.5], "uv_size": [0.25, -0.5]}
							}
						},
						{
							"origin": [0.49397, 3.51823, -0.73447],
							"size": [0.16877, 0.47449, 0.13426],
							"uv": {
								"north": {"uv": [39, 12], "uv_size": [0.25, 0.5]},
								"east": {"uv": [13, 39], "uv_size": [0.25, 0.5]},
								"south": {"uv": [39, 13], "uv_size": [0.25, 0.5]},
								"west": {"uv": [14, 39], "uv_size": [0.25, 0.5]},
								"up": {"uv": [41, 3], "uv_size": [0.25, 0.25]},
								"down": {"uv": [4, 41.25], "uv_size": [0.25, -0.25]}
							}
						},
						{
							"origin": [0.49397, 3.93544, -3.54215],
							"size": [0.16877, 0.05728, 0.34381],
							"uv": {
								"north": {"uv": [41, 4], "uv_size": [0.25, 0.25]},
								"east": {"uv": [39, 14], "uv_size": [0.5, 0.25]},
								"south": {"uv": [5, 41], "uv_size": [0.25, 0.25]},
								"west": {"uv": [15, 39], "uv_size": [0.5, 0.25]},
								"up": {"uv": [39, 15], "uv_size": [0.25, 0.5]},
								"down": {"uv": [16, 39.5], "uv_size": [0.25, -0.5]}
							}
						},
						{
							"origin": [0.49397, 3.87814, -3.48485],
							"size": [0.16877, 0.05731, 0.34379],
							"uv": {
								"north": {"uv": [41, 5], "uv_size": [0.25, 0.25]},
								"east": {"uv": [39, 16], "uv_size": [0.5, 0.25]},
								"south": {"uv": [6, 41], "uv_size": [0.25, 0.25]},
								"west": {"uv": [17, 39], "uv_size": [0.5, 0.25]},
								"up": {"uv": [39, 17], "uv_size": [0.25, 0.5]},
								"down": {"uv": [18, 39.5], "uv_size": [0.25, -0.5]}
							}
						},
						{
							"origin": [0.49397, 3.93544, -2.05235],
							"size": [0.16877, 0.05728, 0.05728],
							"uv": {
								"north": {"uv": [41, 6], "uv_size": [0.25, 0.25]},
								"east": {"uv": [7, 41], "uv_size": [0.25, 0.25]},
								"south": {"uv": [41, 7], "uv_size": [0.25, 0.25]},
								"west": {"uv": [8, 41], "uv_size": [0.25, 0.25]},
								"up": {"uv": [41, 8], "uv_size": [0.25, 0.25]},
								"down": {"uv": [9, 41.25], "uv_size": [0.25, -0.25]}
							}
						}
					]
				}
			]
		}
	]
}