{
  "ammo": "bluearchivejp:99ammo",
  "ammo_amount": 5,
  "bolt": "open_bolt",
  "rpm": 30,
  "bullet": {
	    "extra_damage": {
			"armor_ignore": 0.3,
			"head_shot_multiplier": 1.1,
			"damage_adjust": [
				{"distance": 30, "damage": 25},
				{"distance": 60, "damage": 20},
				{"distance": 120, "damage": 18},
				{"distance": "infinite", "damage": 15}
			]
		},
    "life": 10,
    "damage": 25,
    "tracer_count_interval": 0,
    "speed": 700,
    "gravity": 0,
    "knockback": 0.3,
    "friction": 0.01,
    "ignite": false,
    "pierce": 2
  },
  "reload": {
    "type": "magazine",
    "feed": {
      "empty": 6.37,
      "tactical": 5.16
    },
    "cooldown": {
      "empty": 6.36,
      "tactical": 5.14
    }
  },
  "draw_time": 0.35,
  "put_away_time": 0.4,
  "aim_time": 0.2,
  "sprint_time": 0.3,
  "weight": 5,
  "fire_mode": [
    "semi"
  ],
  "recoil": {
    "pitch": [
      {"time": 0, "value": [0.8, 0.8]},
      {"time": 0.25, "value": [0.9, 0.9]},
      {"time": 0.45, "value": [-0.4, -0.4]},
      {"time": 0.6, "value": [0, 0]}
    ],
    "yaw": [
      {"time": 0, "value": [-0.55, -0.55]},
      {"time": 0.25, "value": [-0.5, -0.5]},
      {"time": 0.45, "value": [0, 0]}
    ]
  },
  "melee": {
    "distance": 1.2,
    "cooldown": 0.5,
    "default": {
      "animation_type": "melee_stock",
      "distance": 1,
      "range_angle": 30,
      "damage": 15,
      "knockback": 0.2,
      "prep": 0.1
},
    "effects": [
     {
    "id": "minecraft:wither",
    "time": 5,
    "amplifier": 1,
    "hide_particles": false
    }
  ]
},
  "inaccuracy": {
    "stand": 3,
    "move": 5,
    "sneak": 1.5,
    "lie": 0.5,
    "aim": 0.2
  }
}