{
  "ammo": "bluearchivejp:fuel",
  "ammo_amount": 300,
  "bolt": "closed_bolt",
  "rpm": 1000,
  "bullet": {
    "life": 0,
    "bullet_amount": 4,
    "damage": 1,
    "extra_damage": {
      "armor_ignore": 0,
      "head_shot_multiplier": 1,
      "damage_adjust": [
        {"distance": 15, "damage": 1},
        {"distance": "infinite", "damage": 1}
      ]
    },
    "life": 1,
    "speed": 20,
    "gravity": 0.06,
    "knockback": 0,
    "friction": 0.08,
    "ignite": true,
    "pierce": 2
  },
  "reload": {
    "type": "fuel",
    "feed": {
      "empty": 4.3,
      "tactical": 4.3
    },
    "cooldown": {
      "empty": 4.2,
      "tactical": 4.2
    }
  },
  "draw_time": 0.35,
  "put_away_time": 0.4,
  "aim_time": 0.2,
  "sprint_time": 0.3,
  "weight": 10,
  "fire_mode": [
    "auto"
  ],
  "recoil": {
    "pitch": [
      {"time": 0, "value": [0.7, 0.7]},
      {"time": 0.25, "value": [0.7, 0.7]},
      {"time": 0.45, "value": [-0.175, -0.175]},
      {"time": 0.6, "value": [0, 0]}
    ],
    "yaw": [
      {"time": 0, "value": [-0.35, -0.15]},
      {"time": 0.25, "value": [-0.35, -0.15]},
      {"time": 0.45, "value": [0, 0]}
    ]
  },
  "inaccuracy": {
    "stand": 2,
    "move": 4,
    "sneak": 1,
    "lie": 0.5,
    "aim": 0.2
  }
}