{
  "ammo": "bluearchivejp:hinamg_ammo",
  "ammo_amount": 80,
  "bolt": "closed_bolt",
  "rpm": 1200,
  "bullet": {
	    "extra_damage": {
			"armor_ignore": 0.4,
			"head_shot_multiplier": 1.3,
			"damage_adjust": [
				{"distance": 30, "damage": 9},
				{"distance": 60, "damage": 7},
				{"distance": 120, "damage": 6},
				{"distance": "infinite", "damage": 5}
			]
		},
    "life": 1,
    "damage": 9,
    "tracer_count_interval": 0,
    "speed": 400,
    "gravity": 0,
    "knockback": 0.2,
    "friction": 0.04,
    "ignite": false,
    "pierce": 2
  },
  "reload": {
    "type": "magazine",
    "feed": {
      "empty": 6.6,
      "tactical": 7
    },
    "cooldown": {
      "empty": 6.5,
      "tactical": 6.9
    }
  },
  "draw_time": 0.35,
  "put_away_time": 0.6,
  "aim_time": 0.2,
  "sprint_time": 0.3,
  "weight": 11,
  "fire_mode": [
    "auto"
  ],
  "recoil": {
    "pitch": [
      {"time": 0, "value": [1.5, 1.5]},
      {"time": 0.07, "value": [1, 1]},
      {"time": 0.16, "value": [1.25, 1.25]},
      {"time": 0.24, "value": [1, 1]},
      {"time": 0.6, "value": [-0.5, -0.5]},
      {"time": 0.71, "value": [0.25, 0.25]},
      {"time": 0.83, "value": [0, 0]},
      {"time": 0.88, "value": [0, 0]}
    ],
    "yaw": [
      {"time": 0, "value": [-1, -1]},
      {"time": 0.08, "value": [0.8, 0.8]},
      {"time": 0.17, "value": [-0.2, -0.2]},
      {"time": 0.28, "value": [0.1, 0.1]},
      {"time": 0.5, "value": [0, 0]},
      {"time": 0.8, "value": [0, 0]}
    ]
  },
  "allow_attachment_types": [
    "scope",
    "muzzle",
    "extended_mag",
    "laser"
  ],
  "inaccuracy": {
    "stand": 1,
    "move": 3,
    "sneak": 0.6,
    "lie": 0.4,
    "aim": 0.3
  }
}