{
  "ammo": "bluearchivejp:762x51mm",
  "can_crawl": false,
  "bolt": "open_bolt",
  "rpm": 900,
  "bullet": {
    "life": 0.8,
    "bullet_amount": 1,
    "damage": 8,
    "tracer_count_interval": 0,
    "extra_damage": {
      "armor_ignore": 0.5,
      "head_shot_multiplier": 1.5,
      "damage_adjust": [
        {"distance": 50, "damage": 8},
        {"distance": 95, "damage": 7},
        {"distance": "infinite", "damage": 6}
      ]
    },
    "speed": 400,
    "gravity": 0.15,
    "knockback": 0.1,
    "friction": 0.03,
    "pierce": 2
  },
  "heat":  {
    "max": 320,
    "per_shot": 2,
    "cooling_multiplier": 4,
    "cooling_delay": 400,
    "over_heat_time": 2500,
    "min_inaccuracy": 1,
    "max_inaccuracy": 1.2,
    "min_rpm_mod": 1,
    "max_rpm_mod": 1.2
  },
  "reload": {
    "type": "inventory",
    "feed": {
      "empty": 2.25,
      "tactical": 1.55
    },
    "cooldown": {
      "empty": 2.6,
      "tactical": 2.0
    }
  },
  "draw_time": 1.4,
  "put_away_time": 0.85,
  "aim_time": 0.25,
  "sprint_time": 0.44,
  "weight": 16,
  "movement_speed": {
    "base": 0.0,
    "aim": -0.5,
    "reload": -0.2
  },
  "fire_mode": [
    "auto",
    "burst"
  ],
  "burst_data": {
    "continuous_shoot": true,
    "count": 6,
    "bpm": 1200,
    "min_interval": 0.5
  },
  "crawl_recoil_multiplier": 0.5,
  "recoil": {
    "pitch": [
      {"time": 0, "value": [0.6, 0.6]},
      {"time": 0.25, "value": [0.6, 0.6]},
      {"time": 0.45, "value": [-0.15, -0.15]},
      {"time": 0.6, "value": [0, 0]}
    ],
    "yaw": [
      {"time": 0, "value": [-0.3, 0.2]},
      {"time": 0.2, "value": [-0.3, 0.2]},
      {"time": 0.4, "value": [0, 0]}
    ]
  },
  "allow_attachment_types": [
    "extended_mag",
    "laser"
  ],
  "hurt_bob_tweak_multiplier": 0.05,
  "inaccuracy": {
    "stand": 2.25,
    "move": 3,
    "sneak": 2.25,
    "lie": 2.25,
    "aim": 0.9
  },
  "melee": {
    "distance": 1,
    "cooldown": 1,
    "default": {
      "animation_type": "melee_push",
      "distance": 2,
      "range_angle": 60,
      "cooldown": 0,
      "damage": 10,
      "knockback": 1.5,
      "prep": 0.1
    }
  }
}