{
  "ammo": "bluearchivejp:380t",
  "ammo_amount": 6,
  "bolt": "closed_bolt",
  "rpm": 600,
  "bullet": {
	    "extra_damage": {
			"armor_ignore": 0.2,
			"head_shot_multiplier": 1.8,
			"damage_adjust": [
				{"distance": 30, "damage": 5.5},
				{"distance": 60, "damage": 5},
				{"distance": 120, "damage": 4},
				{"distance": "infinite", "damage": 3.5}
			]
		},
    "life": 10,
    "damage": 5,
    "tracer_count_interval": 0,
    "speed": 300,
    "gravity": 0,
    "knockback": 0,
    "friction": 0.02,
    "ignite": false,
    "pierce": 2
  },
  "reload": {
    "type": "magazine",
    "feed": {
      "empty": 1.5,
      "tactical": 1.5
    },
    "cooldown": {
      "empty": 1.7,
      "tactical": 1.4
    }
  },
  "draw_time": 0.35,
  "put_away_time": 0.4,
  "aim_time": 0.2,
  "sprint_time": 0.3,
  "weight": 5,
  "fire_mode": [
    "semi"
  ],
  "recoil": {
    "pitch": [
      {"time": 0, "value": [0.7, 0.7]},
      {"time": 0.25, "value": [0.8, 0.8]},
      {"time": 0.45, "value": [-0.275, -0.275]},
      {"time": 0.6, "value": [0, 0]}
    ],
    "yaw": [
      {"time": 0, "value": [-0.45, -0.25]},
      {"time": 0.25, "value": [-0.45, -0.25]},
      {"time": 0.45, "value": [0, 0]}
    ]
  },
  "allow_attachment_types": [
    "extended_mag"
  ],
  "inaccuracy": {
    "stand": 2,
    "move": 4,
    "sneak": 1,
    "lie": 0.5,
    "aim": 0.2
  }
}