{
  "ammo": "bluearchivejp:shiroko_missile",
    "can_slide": false,
  "ammo_amount": 1,
  "bolt": "open_bolt",
  "rpm": 100,
  "bullet": {
	    "extra_damage": {
			"armor_ignore": 0.4,
			"head_shot_multiplier": 1.1,
			"damage_adjust": [
				{"distance": 30, "damage": 240},
				{"distance": 60, "damage": 220},
				{"distance": 120, "damage": 200},
				{"distance": "infinite", "damage": 180}
			]
		},
    "life": 10,
    "bullet_amount": 8,
    "damage": 240,
    "tracer_count_interval": 0,
    "speed": 9,
    "gravity": 0,
    "knockback": 0.1,
    "friction": 0,
    "ignite": false,
    "pierce": 0,
    "explosion": {
      "explode":true,
      "damage": 40,
      "radius": 13,
      "delay": 30,
      "destroy_block":false
    }
  },
  "reload": {
    "type": "magazine",
    "feed": {
      "empty": 1,
      "tactical": 1
    },
    "cooldown": {
      "empty": 1,
      "tactical": 1
    }
  },
  "draw_time": 0.35,
  "put_away_time": 0.4,
  "aim_time": 0.2,
  "sprint_time": 0.3,
  "weight": 5,
  "fire_mode": [
    "semi"
  ],
  "recoil": {
    "pitch": [
      {"time": 0, "value": [0.7, 0.7]},
      {"time": 0.25, "value": [0.8, 0.8]},
      {"time": 0.45, "value": [-0.275, -0.275]},
      {"time": 0.6, "value": [0, 0]}
    ],
    "yaw": [
      {"time": 0, "value": [-0.45, -0.25]},
      {"time": 0.25, "value": [-0.45, -0.25]},
      {"time": 0.45, "value": [0, 0]}
    ]
  },
  "inaccuracy": {
    "stand": 3,
    "move": 3,
    "sneak": 3,
    "lie": 3,
    "aim": 3
  }
}