{
  "ammo": "tacz:556x45",
  "ammo_amount": 30,
  "bolt": "closed_bolt",
  "rpm": 750,
  "bullet": {
	    "extra_damage": {
			"armor_ignore": 0.3,
			"head_shot_multiplier": 1.5,
			"damage_adjust": [
				{"distance": 30, "damage": 7},
				{"distance": 60, "damage": 6.5},
				{"distance": 120, "damage": 6},
				{"distance": "infinite", "damage": 5}
			]
		},
    "life": 10,
    "damage": 7,
    "tracer_count_interval": 0,
    "speed": 400,
    "gravity": 0,
    "knockback": 0,
    "friction": 0.01,
    "ignite": false,
    "pierce": 2
  },
  "reload": {
    "type": "magazine",
    "feed": {
      "empty": 2.8,
      "tactical": 1.9
    },
    "cooldown": {
      "empty": 2.7,
      "tactical": 1.8
    }
  },
  "draw_time": 0.35,
  "put_away_time": 0.4,
  "aim_time": 0.2,
  "sprint_time": 0.3,
  "weight": 5,
  "fire_mode": [
    "auto",
    "burst",
    "semi"
  ],
  "burst_data": {
    "continuous_shoot": false,
    "count": 3,
    "bpm": 800,
    "min_interval": 0.4
  },
  "recoil": {
    "pitch": [
      {"time": 0, "value": [0.7, 0.7]},
      {"time": 0.25, "value": [0.7, 0.7]},
      {"time": 0.45, "value": [-0.175, -0.175]},
      {"time": 0.6, "value": [0, 0]}
    ],
    "yaw": [
      {"time": 0, "value": [-0.35, -0.15]},
      {"time": 0.25, "value": [-0.35, -0.15]},
      {"time": 0.45, "value": [0, 0]}
    ]
  },
  "allow_attachment_types": [
    "scope",
    "extended_mag",
    "muzzle",
    "grip",
    "laser"
  ],
  "extended_mag_ammo_amount": [
    45,
    70,
    100
  ],
  "melee": {
    "distance": 1.25,
    "cooldown": 0.7,
    "default": {
      "animation_type": "melee_stock",
      "distance": 1,
      "range_angle": 30,
      "damage": 2,
      "knockback": 0.6,
      "prep": 0.1
    }
  },
  "inaccuracy": {
    "stand": 2,
    "move": 4,
    "sneak": 1,
    "lie": 0.5,
    "aim": 0.2
  }
}