{
  "materials": [
    {
      "item": {
        "item": "minecraft:paper"
      },
      "count": 1
    },
    {
      "item": {
        "tag": "forge:gems/diamond"
      },
      "count": 10
    },
    {
      "item": {
        "tag": "forge:dusts/redstone"
      },
      "count": 1
    },
    {
      "item": {
        "tag": "forge:gems/emerald"
      },
      "count": 5
    }
  ],
  "result": {
    "type": "attachment",
    "id": "bluearchivejp:abydos_card_nonomi"
  },
  "type": "tacz:gun_smith_table_crafting"
}