{
  "materials": [
    {
      "item": {
        "tag": "forge:ingots/iron"
      },
      "count": 2
    },
    {
      "item": {
        "tag": "forge:ingots/gold"
      },
      "count": 1
    },
    {
      "item": {
        "tag": "forge:ingots/copper"
      },
      "count": 4
    },
    {
      "item": {
        "tag": "forge:ingots/netherite"
      },
      "count": 1
    },
    {
      "item": {
        "tag": "forge:dusts/redstone"
      },
      "count": 2
    },
    {
      "item": {
        "tag": "forge:gems/diamond"
      },
      "count": 4
    }
  ],
  "result": {
    "type": "attachment",
    "id": "bluearchivejp:al1s_p"
  },
  "type": "tacz:gun_smith_table_crafting"
}