{
	"format_version": "1.8.0",
	"animations": {
		"static_idle": {
			"animation_length": 0.0417,
			"bones": {
				"constraint": {
					"rotation": [0.2, 0.2, 0.2],
					"position": [0.2, 0.2, 0.2]
				},
				"root": {
					"rotation": [0, 0, 0],
					"position": [0, 0, 0]
				},
				"lefthand": {
					"rotation": [0, 0, 0],
					"position": [0, 0, 0]
				},
				"righthand": {
					"rotation": [0, 0, 0],
					"position": [0, 0, 0]
				},
				"strap": {
					"rotation": [0, 0, 0]
				}
			}
		},
		"reload_empty": {
			"animation_length": 6.375,
			"bones": {
				"root": {
					"rotation": {
						"0.0": [0, 0, 0],
						"0.1667": {
							"pre": [0, 0, 0],
							"post": [0, 0, 0],
							"lerp_mode": "catmullrom"
						},
						"0.375": {
							"post": [0, 0, 0],
							"lerp_mode": "catmullrom"
						},
						"0.5": {
							"post": [-1.37, 0, 0.75],
							"lerp_mode": "catmullrom"
						},
						"0.625": {
							"post": [-6, 0, 2],
							"lerp_mode": "catmullrom"
						},
						"0.8333": {
							"post": [-5, 0, 2],
							"lerp_mode": "catmullrom"
						},
						"0.9583": {
							"post": [-5, 0, 2],
							"lerp_mode": "catmullrom"
						},
						"1.25": {
							"post": [-4.41721, -2.34503, -25.90955],
							"lerp_mode": "catmullrom"
						},
						"1.5417": {
							"post": [-4.48193, -2.27512, -24.95432],
							"lerp_mode": "catmullrom"
						},
						"1.75": {
							"post": [-4.48, -2.28, -25.04],
							"lerp_mode": "catmullrom"
						},
						"1.875": {
							"post": [-2.48, -2.28, -25.08],
							"lerp_mode": "catmullrom"
						},
						"2.125": {
							"post": [-4.48, -2.28, -25.04],
							"lerp_mode": "catmullrom"
						},
						"2.375": {
							"post": [-4.48, -2.28, -25.04],
							"lerp_mode": "catmullrom"
						},
						"2.5": {
							"post": [-2.48, -2.28, -25.08],
							"lerp_mode": "catmullrom"
						},
						"2.75": {
							"post": [-4.48, -2.28, -25.04],
							"lerp_mode": "catmullrom"
						},
						"3.0417": {
							"post": [-4.48, -2.28, -25.04],
							"lerp_mode": "catmullrom"
						},
						"3.1667": {
							"post": [-2.48, -2.28, -25.08],
							"lerp_mode": "catmullrom"
						},
						"3.4167": {
							"post": [-4.48, -2.28, -25.04],
							"lerp_mode": "catmullrom"
						},
						"3.875": {
							"post": [-4.48, -2.28, -25.04],
							"lerp_mode": "catmullrom"
						},
						"4.0": {
							"post": [-2.48, -2.28, -25.08],
							"lerp_mode": "catmullrom"
						},
						"4.25": {
							"post": [-4.48, -2.28, -25.04],
							"lerp_mode": "catmullrom"
						},
						"4.5833": {
							"post": [-4.48, -2.28, -25.04],
							"lerp_mode": "catmullrom"
						},
						"4.7083": {
							"post": [-2.48, -2.28, -25.08],
							"lerp_mode": "catmullrom"
						},
						"4.875": {
							"post": [-4.48, -2.28, -25.04],
							"lerp_mode": "catmullrom"
						},
						"5.1667": {
							"post": [-5, 0, 2],
							"lerp_mode": "catmullrom"
						},
						"5.375": {
							"post": [-5, 0, 2],
							"lerp_mode": "catmullrom"
						},
						"5.4167": {
							"post": [-5, 0, 2],
							"lerp_mode": "catmullrom"
						},
						"5.5417": {
							"post": [-3, 0, 2],
							"lerp_mode": "catmullrom"
						},
						"5.7083": {
							"post": [3, 0, 2],
							"lerp_mode": "catmullrom"
						},
						"5.875": {
							"post": [3, 0, 2],
							"lerp_mode": "catmullrom"
						},
						"6.0833": {
							"post": [-1, 0, 0],
							"lerp_mode": "catmullrom"
						},
						"6.25": [0, 0, 0],
						"6.375": [0, 0, 0]
					},
					"position": {
						"0.0": [0, 0, 0],
						"0.1667": {
							"pre": [-0.5, -0.5, -0.3],
							"post": [-0.5, -0.5, -0.3],
							"lerp_mode": "catmullrom"
						},
						"0.375": {
							"post": [-0.5, -0.5, -0.3],
							"lerp_mode": "catmullrom"
						},
						"0.5": {
							"post": [-0.51, -0.63, -0.17],
							"lerp_mode": "catmullrom"
						},
						"0.625": {
							"post": [-0.5, -0.9, 0.6],
							"lerp_mode": "catmullrom"
						},
						"0.8333": {
							"post": [-0.4, -1.1, 0.4],
							"lerp_mode": "catmullrom"
						},
						"0.9583": {
							"post": [-0.4, -1.1, 0.4],
							"lerp_mode": "catmullrom"
						},
						"1.25": {
							"post": [1.7, -1.6, 0.4],
							"lerp_mode": "catmullrom"
						},
						"1.5417": {
							"post": [1.78, -1.62, 0.4],
							"lerp_mode": "catmullrom"
						},
						"1.75": {
							"post": [1.78, -1.62, 0.4],
							"lerp_mode": "catmullrom"
						},
						"1.875": {
							"post": [1.98, -1.82, 0.4],
							"lerp_mode": "catmullrom"
						},
						"2.125": {
							"post": [1.78, -1.62, 0.4],
							"lerp_mode": "catmullrom"
						},
						"2.375": {
							"post": [1.78, -1.62, 0.4],
							"lerp_mode": "catmullrom"
						},
						"2.5": {
							"post": [1.98, -1.82, 0.4],
							"lerp_mode": "catmullrom"
						},
						"2.75": {
							"post": [1.78, -1.62, 0.4],
							"lerp_mode": "catmullrom"
						},
						"3.0417": {
							"post": [1.78, -1.62, 0.4],
							"lerp_mode": "catmullrom"
						},
						"3.1667": {
							"post": [1.98, -1.82, 0.4],
							"lerp_mode": "catmullrom"
						},
						"3.4167": {
							"post": [1.78, -1.62, 0.4],
							"lerp_mode": "catmullrom"
						},
						"3.875": {
							"post": [1.78, -1.62, 0.4],
							"lerp_mode": "catmullrom"
						},
						"4.0": {
							"post": [1.98, -1.82, 0.4],
							"lerp_mode": "catmullrom"
						},
						"4.25": {
							"post": [1.78, -1.62, 0.4],
							"lerp_mode": "catmullrom"
						},
						"4.5833": {
							"post": [1.78, -1.62, 0.4],
							"lerp_mode": "catmullrom"
						},
						"4.7083": {
							"post": [1.98, -1.82, 0.4],
							"lerp_mode": "catmullrom"
						},
						"4.875": {
							"post": [1.78, -1.62, 0.4],
							"lerp_mode": "catmullrom"
						},
						"5.1667": {
							"post": [-0.4, -1.1, 0.4],
							"lerp_mode": "catmullrom"
						},
						"5.375": {
							"post": [-0.4, -1.1, 0.4],
							"lerp_mode": "catmullrom"
						},
						"5.4167": {
							"post": [-0.4, -1.1, 0.4],
							"lerp_mode": "catmullrom"
						},
						"5.5417": {
							"post": [-0.5, -0.8, 0],
							"lerp_mode": "catmullrom"
						},
						"5.7083": {
							"post": [-0.5, -1.7, -0.8],
							"lerp_mode": "catmullrom"
						},
						"5.875": {
							"post": [-0.5, -1.7, -0.8],
							"lerp_mode": "catmullrom"
						},
						"6.0833": {
							"post": [0, 0, -1.6],
							"lerp_mode": "catmullrom"
						},
						"6.25": [0, 0, 0.4],
						"6.375": [0, 0, 0]
					}
				},
				"bullet1": {
					"rotation": {
						"0.8333": [0, 0, 0],
						"1.8333": [0, 0, 0]
					},
					"position": {
						"0.8333": [0, 0, 0],
						"1.125": [-3.2, -6.3, 6.4],
						"1.625": [-0.8, 1, -0.2],
						"1.7083": [-0.2, 0.6, -0.3],
						"1.75": [-0.2, 0.4, -0.3],
						"1.8333": [0, 0, 0]
					}
				},
				"bullet2": {
					"rotation": {
						"0.8333": [0, 0, 0],
						"2.5833": [0, 0, 0]
					},
					"position": {
						"0.8333": [0, 0, 0],
						"1.125": [-3.2, -6.3, 6.4],
						"1.5833": [-1.6, 0.8, -0.2],
						"2.2083": [-1.6, 0.8, -0.2],
						"2.2917": [-1, 1.6, 0],
						"2.375": [-0.6, 1.4, 0],
						"2.4583": [-0.3, 0.9, -0.1],
						"2.5": [-0.2, 0.9, -0.3],
						"2.5833": [0, 0, 0]
					}
				},
				"bullet3": {
					"rotation": {
						"0.8333": [0, 0, 0],
						"3.3333": [0, 0, 0]
					},
					"position": {
						"0.8333": [0, 0, 0],
						"1.125": [-3.2, -6.3, 6.4],
						"1.5833": [-1.6, 1.6, -0.2],
						"2.875": [-1.6, 1.6, -0.2],
						"2.9583": [-0.5, 2.3, -0.1],
						"3.0417": [-0.3, 1.9, -0.2],
						"3.125": [0.1, 1.3, -0.2],
						"3.2083": [-0.2, 0.9, -0.3],
						"3.25": [-0.2, 0.9, -0.3],
						"3.3333": [0, 0, 0]
					}
				},
				"lefthand": {
					"rotation": {
						"1.0417": [0, 0, 0],
						"1.25": [0, 0, 15],
						"5.75": [0, 0, 15],
						"6.1667": [0, 0, 0]
					},
					"position": {
						"1.0417": [0, 0, 0],
						"1.25": [-0.7, -2, 3.3],
						"5.75": [-0.7, -2, 3.3],
						"6.1667": [0, 0, 0]
					}
				},
				"righthand": {
					"rotation": {
						"0.0": [0, 0, 0],
						"0.0833": [0, 0, 0],
						"0.3333": [0, 0, -34],
						"0.4167": [0.20056, -13.53349, -36.54616],
						"0.4583": [0.2, -13.53, -36.55],
						"0.625": [0.2, -13.53, -36.55],
						"0.75": [0.2, -13.53, -36.55],
						"0.8333": [0.20056, -13.53349, -36.54616],
						"1.625": [0.2, -6.53, -36.52],
						"1.7083": {
							"pre": [-0.50797, -8.30711, -31.793],
							"post": [-0.50797, -8.30711, -31.793],
							"lerp_mode": "catmullrom"
						},
						"1.75": {
							"post": [-0.51, -8.31, -31.79],
							"lerp_mode": "catmullrom"
						},
						"1.8333": {
							"post": [2.24647, -13.89578, -16.45391],
							"lerp_mode": "catmullrom"
						},
						"1.9167": {
							"post": [2.24647, -13.89578, -16.45391],
							"lerp_mode": "catmullrom"
						},
						"2.125": {
							"post": [0.2, -6.53, -36.52],
							"lerp_mode": "catmullrom"
						},
						"2.2083": {
							"post": [0.2, -6.53, -36.52],
							"lerp_mode": "catmullrom"
						},
						"2.3333": {
							"post": [0.2, -6.53, -36.52],
							"lerp_mode": "catmullrom"
						},
						"2.4167": {
							"post": [-0.50797, -8.30711, -31.793],
							"lerp_mode": "catmullrom"
						},
						"2.4583": {
							"post": [-0.51, -8.31, -31.79],
							"lerp_mode": "catmullrom"
						},
						"2.5417": {
							"post": [2.24647, -13.89578, -16.45391],
							"lerp_mode": "catmullrom"
						},
						"2.625": {
							"post": [2.24647, -13.89578, -16.45391],
							"lerp_mode": "catmullrom"
						},
						"2.8333": {
							"post": [0.2, -6.53, -36.52],
							"lerp_mode": "catmullrom"
						},
						"2.9167": {
							"post": [0.2, -6.53, -36.52],
							"lerp_mode": "catmullrom"
						},
						"3.0417": {
							"post": [0.2, -6.53, -36.52],
							"lerp_mode": "catmullrom"
						},
						"3.125": {
							"post": [-0.50797, -8.30711, -31.793],
							"lerp_mode": "catmullrom"
						},
						"3.1667": {
							"post": [-0.51, -8.31, -31.79],
							"lerp_mode": "catmullrom"
						},
						"3.25": {
							"post": [2.24647, -13.89578, -16.45391],
							"lerp_mode": "catmullrom"
						},
						"3.3333": {
							"post": [2.24647, -13.89578, -16.45391],
							"lerp_mode": "catmullrom"
						},
						"3.5417": {
							"post": [0.2, -6.53, -36.52],
							"lerp_mode": "catmullrom"
						},
						"3.625": {
							"post": [0.2, -6.53, -36.52],
							"lerp_mode": "catmullrom"
						},
						"3.75": {
							"post": [0.2, -6.53, -36.52],
							"lerp_mode": "catmullrom"
						},
						"3.8333": {
							"post": [-0.50797, -8.30711, -31.793],
							"lerp_mode": "catmullrom"
						},
						"3.875": {
							"post": [-0.51, -8.31, -31.79],
							"lerp_mode": "catmullrom"
						},
						"3.9583": {
							"post": [2.24647, -13.89578, -16.45391],
							"lerp_mode": "catmullrom"
						},
						"4.0417": {
							"post": [2.24647, -13.89578, -16.45391],
							"lerp_mode": "catmullrom"
						},
						"4.25": {
							"post": [0.2, -6.53, -36.52],
							"lerp_mode": "catmullrom"
						},
						"4.3333": {
							"post": [0.2, -6.53, -36.52],
							"lerp_mode": "catmullrom"
						},
						"4.4583": {
							"post": [0.2, -6.53, -36.52],
							"lerp_mode": "catmullrom"
						},
						"4.5417": {
							"post": [-0.50797, -8.30711, -31.793],
							"lerp_mode": "catmullrom"
						},
						"4.5833": {
							"post": [-0.51, -8.31, -31.79],
							"lerp_mode": "catmullrom"
						},
						"4.6667": {
							"post": [2.24647, -13.89578, -16.45391],
							"lerp_mode": "catmullrom"
						},
						"4.75": {
							"post": [2.24647, -13.89578, -16.45391],
							"lerp_mode": "catmullrom"
						},
						"4.875": [0.2, -6.53, -36.52],
						"4.9167": [0.2, -6.53, -36.52],
						"5.125": [0.2, -13.53, -36.55],
						"5.375": [0.2, -13.53, -36.55],
						"5.5": [0.2, -13.53, -36.55],
						"5.5833": [0.2, -13.53, -36.55],
						"5.7083": [0, 0, -34],
						"5.7917": [0, 0, -34],
						"6.1667": [0, 0, 0]
					},
					"position": {
						"0.0": [0, 0, 0],
						"0.0833": [0, 0, 0],
						"0.2083": [-4.17, -1.7, -1.85],
						"0.3333": [-1.8, -1.9, -0.2],
						"0.4167": [-1.7, -1.4, -2.4],
						"0.4583": [-1.7, -1.4, -2.4],
						"0.625": [-1.7, -1.4, 1.2],
						"0.75": [-1.7, -1.4, 1.2],
						"1.125": {
							"pre": [-3.2, -12.4, 6.6],
							"post": [-3.2, -12.4, 6.6],
							"lerp_mode": "catmullrom"
						},
						"1.5833": {
							"post": [-2.1, -2.4, -5.1],
							"lerp_mode": "catmullrom"
						},
						"1.625": [-2.1, -2.4, -5.1],
						"1.7083": {
							"pre": [-2.1, -2.3, -6.3],
							"post": [-2.1, -2.3, -6.3],
							"lerp_mode": "catmullrom"
						},
						"1.75": {
							"post": [-2.1, -2.3, -6.3],
							"lerp_mode": "catmullrom"
						},
						"1.8333": {
							"post": [-3.6, 0.3, -7.6],
							"lerp_mode": "catmullrom"
						},
						"1.9167": {
							"post": [-3.6, 0.3, -7.6],
							"lerp_mode": "catmullrom"
						},
						"2.125": {
							"post": [-2.1, -2.4, -5.1],
							"lerp_mode": "catmullrom"
						},
						"2.2083": {
							"post": [-2.1, -2.4, -5.1],
							"lerp_mode": "catmullrom"
						},
						"2.3333": {
							"post": [-2.1, -2.4, -5.1],
							"lerp_mode": "catmullrom"
						},
						"2.4167": {
							"post": [-2.1, -2.3, -6.3],
							"lerp_mode": "catmullrom"
						},
						"2.4583": {
							"post": [-2.1, -2.3, -6.3],
							"lerp_mode": "catmullrom"
						},
						"2.5417": {
							"post": [-3.6, 0.3, -7.6],
							"lerp_mode": "catmullrom"
						},
						"2.625": {
							"post": [-3.6, 0.3, -7.6],
							"lerp_mode": "catmullrom"
						},
						"2.8333": {
							"post": [-2.1, -2.4, -5.1],
							"lerp_mode": "catmullrom"
						},
						"2.9167": {
							"post": [-2.1, -2.4, -5.1],
							"lerp_mode": "catmullrom"
						},
						"3.0417": {
							"post": [-2.1, -2.4, -5.1],
							"lerp_mode": "catmullrom"
						},
						"3.125": {
							"post": [-2.1, -2.3, -6.3],
							"lerp_mode": "catmullrom"
						},
						"3.1667": {
							"post": [-2.1, -2.3, -6.3],
							"lerp_mode": "catmullrom"
						},
						"3.25": {
							"post": [-3.6, 0.3, -7.6],
							"lerp_mode": "catmullrom"
						},
						"3.3333": {
							"post": [-3.6, 0.3, -7.6],
							"lerp_mode": "catmullrom"
						},
						"3.5417": {
							"post": [-2.1, -2.4, -5.1],
							"lerp_mode": "catmullrom"
						},
						"3.625": {
							"post": [-2.1, -2.4, -5.1],
							"lerp_mode": "catmullrom"
						},
						"3.75": {
							"post": [-2.1, -2.4, -5.1],
							"lerp_mode": "catmullrom"
						},
						"3.8333": {
							"post": [-2.1, -2.3, -6.3],
							"lerp_mode": "catmullrom"
						},
						"3.875": {
							"post": [-2.1, -2.3, -6.3],
							"lerp_mode": "catmullrom"
						},
						"3.9583": {
							"post": [-3.6, 0.3, -7.6],
							"lerp_mode": "catmullrom"
						},
						"4.0417": {
							"post": [-3.6, 0.3, -7.6],
							"lerp_mode": "catmullrom"
						},
						"4.25": {
							"post": [-2.1, -2.4, -5.1],
							"lerp_mode": "catmullrom"
						},
						"4.3333": {
							"post": [-2.1, -2.4, -5.1],
							"lerp_mode": "catmullrom"
						},
						"4.4583": {
							"post": [-2.1, -2.4, -5.1],
							"lerp_mode": "catmullrom"
						},
						"4.5417": {
							"post": [-2.1, -2.3, -6.3],
							"lerp_mode": "catmullrom"
						},
						"4.5833": {
							"post": [-2.1, -2.3, -6.3],
							"lerp_mode": "catmullrom"
						},
						"4.6667": {
							"post": [-3.6, 0.3, -7.6],
							"lerp_mode": "catmullrom"
						},
						"4.75": {
							"post": [-3.6, 0.3, -7.6],
							"lerp_mode": "catmullrom"
						},
						"4.875": [-2.1, -2.4, -5.1],
						"4.9167": [-2.1, -2.4, -5.1],
						"5.125": [-1.7, -1.4, 1.2],
						"5.375": [-1.7, -1.4, 1.2],
						"5.5": [-1.7, -1.4, -2.4],
						"5.5833": [-1.7, -1.4, -2.4],
						"5.7083": [-1.8, -1.9, -0.2],
						"5.7917": [-1.8, -1.9, -0.2],
						"5.9583": [-2.8, -1.75, -1.6],
						"6.1667": [0, 0, 0]
					}
				},
				"bullet_shell": {
					"rotation": {
						"0.5833": [0, 0, 0],
						"0.8333": [0, 390, 0],
						"1.1667": [0, 0, 0]
					},
					"position": {
						"0.4167": [0, 0, 0],
						"0.5833": [0, 0, 2.6],
						"0.8333": [-13, 1.6, 14.6],
						"0.9583": [-29.1, -5.84, 23.78],
						"1.0833": [-7.19, -18.67, 6.95],
						"1.1667": [0, 0, 0]
					},
					"scale": {
						"0.8333": [1, 1, 1],
						"1.0417": [0, 0, 0]
					}
				},
				"camera": {
					"rotation": {
						"0.0": [0, 0, 0],
						"0.625": {
							"pre": [0, 4, 0],
							"post": [0, 4, 0],
							"lerp_mode": "catmullrom"
						},
						"1.1667": {
							"post": [1, 6, 0],
							"lerp_mode": "catmullrom"
						},
						"1.625": {
							"post": [1, 6, 0],
							"lerp_mode": "catmullrom"
						},
						"1.8333": {
							"post": [1.20951, 5.96144, 2.01057],
							"lerp_mode": "catmullrom"
						},
						"1.9167": {
							"post": [1.00217, 6.00458, -0.00087],
							"lerp_mode": "catmullrom"
						},
						"2.0833": {
							"post": [1.20951, 5.96144, 2.01057],
							"lerp_mode": "catmullrom"
						},
						"2.5": {
							"post": [1.20951, 5.96144, 2.01057],
							"lerp_mode": "catmullrom"
						},
						"2.5833": {
							"post": [1.00217, 6.00458, -0.00087],
							"lerp_mode": "catmullrom"
						},
						"2.75": {
							"post": [1.20951, 5.96144, 2.01057],
							"lerp_mode": "catmullrom"
						},
						"3.0417": {
							"post": [1.20951, 5.96144, 2.01057],
							"lerp_mode": "catmullrom"
						},
						"3.125": {
							"post": [1.00217, 6.00458, -0.00087],
							"lerp_mode": "catmullrom"
						},
						"3.2917": {
							"post": [1.20951, 5.96144, 2.01057],
							"lerp_mode": "catmullrom"
						},
						"3.9167": {
							"post": [1.20951, 5.96144, 2.01057],
							"lerp_mode": "catmullrom"
						},
						"4.0": {
							"post": [1.00217, 6.00458, -0.00087],
							"lerp_mode": "catmullrom"
						},
						"4.1667": {
							"post": [1.20951, 5.96144, 2.01057],
							"lerp_mode": "catmullrom"
						},
						"4.5833": {
							"post": [1.20951, 5.96144, 2.01057],
							"lerp_mode": "catmullrom"
						},
						"4.6667": {
							"post": [1.00217, 6.00458, -0.00087],
							"lerp_mode": "catmullrom"
						},
						"4.8333": {
							"post": [1.20951, 5.96144, 2.01057],
							"lerp_mode": "catmullrom"
						},
						"5.3333": {
							"post": [1.20634, 3.96044, 1.96767],
							"lerp_mode": "catmullrom"
						},
						"5.5833": {
							"post": [3.21, 3.96, 1.97],
							"lerp_mode": "catmullrom"
						},
						"5.8333": {
							"post": [1.21, 3.96, 1.97],
							"lerp_mode": "catmullrom"
						},
						"6.25": [0, 0, 0]
					}
				},
				"bullet4": {
					"position": {
						"3.4583": [0, 0, 0],
						"3.625": [-2.3, 2.2, 0],
						"3.7083": [-1, 2.2, 0],
						"3.75": [-0.7, 2.2, 0],
						"3.8333": [-0.2, 1.8, -0.1],
						"3.875": [-0.2, 1.8, -0.1],
						"4.0": [0, 0, 0]
					}
				},
				"bullet5": {
					"position": {
						"4.1667": [0, 0, 0],
						"4.3333": [-2.3, 2.2, 0],
						"4.4167": [-0.7, 2.8, 0],
						"4.4583": [-0.4, 2.4, 0],
						"4.5833": [-0.2, 1.8, -0.1],
						"4.7083": [0, 0, 0]
					}
				},
				"action": {
					"rotation": {
						"0.3333": [0, 0, 0],
						"0.4167": [0, 0, 90],
						"0.5": [0, 0, 90],
						"0.625": [0, 0, 90],
						"5.375": [0, 0, 90],
						"5.5": [0, 0, 90],
						"5.5833": [0, 0, 90],
						"5.6667": [0, 0, 0]
					},
					"position": {
						"0.3333": [0, 0, 0],
						"0.4167": [0, 0, 0],
						"0.5": [0, 0, 0],
						"0.625": [0, 0, 4],
						"5.375": [0, 0, 4],
						"5.5": [0, 0, 0]
					}
				},
				"strap": {
					"relative_to": {
						"rotation": "entity"
					},
					"rotation": {
						"0.0": [0, 0, 0.01],
						"0.4583": {
							"pre": [-5, 0, 0],
							"post": [-5, 0, 0],
							"lerp_mode": "catmullrom"
						},
						"0.625": {
							"post": [16, 0, 0],
							"lerp_mode": "catmullrom"
						},
						"0.8333": {
							"post": [-6.5, 0, 0],
							"lerp_mode": "catmullrom"
						},
						"1.0": {
							"post": [3.16, 0, 0],
							"lerp_mode": "catmullrom"
						},
						"1.2917": {
							"post": [-0.24777, -4.70564, 2.42263],
							"lerp_mode": "catmullrom"
						},
						"1.5": {
							"post": [-0.2285, -5.91519, -4.47131],
							"lerp_mode": "catmullrom"
						},
						"1.7083": {
							"post": [-5.25861, -4.47665, 2.82398],
							"lerp_mode": "catmullrom"
						},
						"1.8333": {
							"post": [-12.77092, -4.06456, 3.38521],
							"lerp_mode": "catmullrom"
						},
						"2.125": {
							"post": [-0.2495, -4.69717, 2.43029],
							"lerp_mode": "catmullrom"
						},
						"2.375": {
							"post": [-5.26078, -4.47039, 2.83082],
							"lerp_mode": "catmullrom"
						},
						"2.5": {
							"post": [-6.65451, -4.39623, 2.93471],
							"lerp_mode": "catmullrom"
						},
						"2.6667": {
							"post": [0.86604, -4.74464, 2.32998],
							"lerp_mode": "catmullrom"
						},
						"2.9583": {
							"post": [-1.63613, -4.63388, 2.53481],
							"lerp_mode": "catmullrom"
						},
						"3.125": {
							"post": [-6.64986, -4.39195, 2.92428],
							"lerp_mode": "catmullrom"
						},
						"3.375": {
							"post": [0.86604, -4.74464, 2.32998],
							"lerp_mode": "catmullrom"
						},
						"3.5833": {
							"post": [-1.13496, -4.65582, 2.49423],
							"lerp_mode": "catmullrom"
						},
						"3.7917": {
							"post": [0.87498, -4.74403, 2.32563],
							"lerp_mode": "catmullrom"
						},
						"4.0": {
							"post": [-3.13943, -4.56596, 2.65538],
							"lerp_mode": "catmullrom"
						},
						"4.2917": {
							"post": [-0.1331, -4.7029, 2.41689],
							"lerp_mode": "catmullrom"
						},
						"4.4583": {
							"post": [-2.13471, -4.6127, 2.58276],
							"lerp_mode": "catmullrom"
						},
						"4.5833": {
							"post": [-1.10684, -4.49809, 2.44033],
							"lerp_mode": "catmullrom"
						},
						"4.75": {
							"post": [-6.1194, -4.27028, 2.82326],
							"lerp_mode": "catmullrom"
						},
						"5.125": {
							"post": [-6.12, -4.27, -5.18],
							"lerp_mode": "catmullrom"
						},
						"5.3333": {
							"post": [-6.12, -4.27, -0.18],
							"lerp_mode": "catmullrom"
						},
						"5.4583": {
							"post": [-3.11172, -4.25472, -0.40364],
							"lerp_mode": "catmullrom"
						},
						"5.75": {
							"post": [-5.12, -4.27, -0.25],
							"lerp_mode": "catmullrom"
						},
						"5.875": {
							"post": [-1.10681, -4.23951, -0.54498],
							"lerp_mode": "catmullrom"
						},
						"6.0833": {
							"post": [-1.11, -4.24, -0.54],
							"lerp_mode": "catmullrom"
						},
						"6.2083": {
							"post": [1.39666, -4.2124, -0.72476],
							"lerp_mode": "catmullrom"
						},
						"6.3333": [0, 0, 0.01]
					}
				}
			},
			"sound_effects": {
				"0.0": {
					"effect": "rb39_reload_empty"
				}
			}
		},
		"reload_tactical": {
			"animation_length": 5.1667,
			"bones": {
				"root": {
					"rotation": {
						"0.0": [0, 0, 0],
						"0.1667": {
							"pre": [0, 0, 0],
							"post": [0, 0, 0],
							"lerp_mode": "catmullrom"
						},
						"0.375": {
							"post": [0, 0, 0],
							"lerp_mode": "catmullrom"
						},
						"0.5": {
							"post": [-1.37, 0, 0.75],
							"lerp_mode": "catmullrom"
						},
						"0.625": {
							"post": [-6, 0, 2],
							"lerp_mode": "catmullrom"
						},
						"0.8333": {
							"post": [-5, 0, 2],
							"lerp_mode": "catmullrom"
						},
						"0.9583": {
							"post": [-5, 0, 2],
							"lerp_mode": "catmullrom"
						},
						"1.25": {
							"post": [-4.41721, -2.34503, -25.90955],
							"lerp_mode": "catmullrom"
						},
						"1.5417": {
							"post": [-4.48193, -2.27512, -24.95432],
							"lerp_mode": "catmullrom"
						},
						"1.75": {
							"post": [-4.48, -2.28, -25.04],
							"lerp_mode": "catmullrom"
						},
						"1.875": {
							"post": [-2.48, -2.28, -25.08],
							"lerp_mode": "catmullrom"
						},
						"2.125": {
							"post": [-4.48, -2.28, -25.04],
							"lerp_mode": "catmullrom"
						},
						"2.375": {
							"post": [-4.48, -2.28, -25.04],
							"lerp_mode": "catmullrom"
						},
						"2.5": {
							"post": [-2.48, -2.28, -25.08],
							"lerp_mode": "catmullrom"
						},
						"2.75": {
							"post": [-4.48, -2.28, -25.04],
							"lerp_mode": "catmullrom"
						},
						"3.0417": {
							"post": [-4.48, -2.28, -25.04],
							"lerp_mode": "catmullrom"
						},
						"3.1667": {
							"post": [-2.48, -2.28, -25.08],
							"lerp_mode": "catmullrom"
						},
						"3.4167": {
							"post": [-4.48, -2.28, -25.04],
							"lerp_mode": "catmullrom"
						},
						"3.5833": {
							"post": [-4.48, -2.28, -25.04],
							"lerp_mode": "catmullrom"
						},
						"3.9167": {
							"post": [-5, 0, 2],
							"lerp_mode": "catmullrom"
						},
						"3.9583": {
							"post": [-5, 0, 2],
							"lerp_mode": "catmullrom"
						},
						"4.0833": {
							"post": [-3, 0, 2],
							"lerp_mode": "catmullrom"
						},
						"4.25": {
							"post": [3, 0, 2],
							"lerp_mode": "catmullrom"
						},
						"4.4167": {
							"post": [3, 0, 2],
							"lerp_mode": "catmullrom"
						},
						"4.625": {
							"post": [-1, 0, 0],
							"lerp_mode": "catmullrom"
						},
						"4.7917": [0, 0, 0],
						"4.9167": [0, 0, 0]
					},
					"position": {
						"0.0": [0, 0, 0],
						"0.1667": {
							"pre": [-0.5, -0.5, -0.3],
							"post": [-0.5, -0.5, -0.3],
							"lerp_mode": "catmullrom"
						},
						"0.375": {
							"post": [-0.5, -0.5, -0.3],
							"lerp_mode": "catmullrom"
						},
						"0.5": {
							"post": [-0.51, -0.63, -0.17],
							"lerp_mode": "catmullrom"
						},
						"0.625": {
							"post": [-0.5, -0.9, 0.6],
							"lerp_mode": "catmullrom"
						},
						"0.8333": {
							"post": [-0.4, -1.1, 0.4],
							"lerp_mode": "catmullrom"
						},
						"0.9583": {
							"post": [-0.4, -1.1, 0.4],
							"lerp_mode": "catmullrom"
						},
						"1.25": {
							"post": [1.7, -1.6, 0.4],
							"lerp_mode": "catmullrom"
						},
						"1.5417": {
							"post": [1.78, -1.62, 0.4],
							"lerp_mode": "catmullrom"
						},
						"1.75": {
							"post": [1.78, -1.62, 0.4],
							"lerp_mode": "catmullrom"
						},
						"1.875": {
							"post": [1.98, -1.82, 0.4],
							"lerp_mode": "catmullrom"
						},
						"2.125": {
							"post": [1.78, -1.62, 0.4],
							"lerp_mode": "catmullrom"
						},
						"2.375": {
							"post": [1.78, -1.62, 0.4],
							"lerp_mode": "catmullrom"
						},
						"2.5": {
							"post": [1.98, -1.82, 0.4],
							"lerp_mode": "catmullrom"
						},
						"2.75": {
							"post": [1.78, -1.62, 0.4],
							"lerp_mode": "catmullrom"
						},
						"3.0417": {
							"post": [1.78, -1.62, 0.4],
							"lerp_mode": "catmullrom"
						},
						"3.1667": {
							"post": [1.98, -1.82, 0.4],
							"lerp_mode": "catmullrom"
						},
						"3.4167": {
							"post": [1.78, -1.62, 0.4],
							"lerp_mode": "catmullrom"
						},
						"3.5833": {
							"post": [1.78, -1.62, 0.4],
							"lerp_mode": "catmullrom"
						},
						"3.9167": {
							"post": [-0.4, -1.1, 0.4],
							"lerp_mode": "catmullrom"
						},
						"3.9583": {
							"post": [-0.4, -1.1, 0.4],
							"lerp_mode": "catmullrom"
						},
						"4.0833": {
							"post": [-0.5, -0.8, 0],
							"lerp_mode": "catmullrom"
						},
						"4.25": {
							"post": [-0.5, -1.7, -0.8],
							"lerp_mode": "catmullrom"
						},
						"4.4167": {
							"post": [-0.5, -1.7, -0.8],
							"lerp_mode": "catmullrom"
						},
						"4.625": {
							"post": [0, 0, -1.6],
							"lerp_mode": "catmullrom"
						},
						"4.7917": [0, 0, 0.4],
						"4.9167": [0, 0, 0]
					}
				},
				"bullet1": {
					"rotation": {
						"0.8333": [0, 0, 0],
						"1.8333": [0, 0, 0]
					},
					"position": {
						"0.8333": [0, 0, 0],
						"1.125": [-3.2, -6.3, 6.4],
						"1.625": [-0.8, 1, -0.2],
						"1.7083": [-0.2, 0.6, -0.3],
						"1.75": [-0.2, 0.4, -0.3],
						"1.8333": [0, 0, 0]
					}
				},
				"bullet2": {
					"rotation": {
						"0.8333": [0, 0, 0],
						"2.5833": [0, 0, 0]
					},
					"position": {
						"0.8333": [0, 0, 0],
						"1.125": [-3.2, -6.3, 6.4],
						"1.5833": [-1.6, 0.8, -0.2],
						"2.2083": [-1.6, 0.8, -0.2],
						"2.2917": [-1, 1.6, 0],
						"2.375": [-0.6, 1.4, 0],
						"2.4583": [-0.3, 0.9, -0.1],
						"2.5": [-0.2, 0.9, -0.3],
						"2.5833": [0, 0, 0]
					}
				},
				"bullet3": {
					"rotation": {
						"0.8333": [0, 0, 0],
						"3.3333": [0, 0, 0]
					},
					"position": {
						"0.8333": [0, 0, 0],
						"1.125": [-3.2, -6.3, 6.4],
						"1.5833": [-1.6, 1.6, -0.2],
						"2.875": [-1.6, 1.6, -0.2],
						"2.9583": [-0.5, 2.3, -0.1],
						"3.0417": [-0.3, 1.9, -0.2],
						"3.125": [0.1, 1.3, -0.2],
						"3.2083": [-0.2, 0.9, -0.3],
						"3.25": [-0.2, 0.9, -0.3],
						"3.3333": [0, 0, 0]
					}
				},
				"lefthand": {
					"rotation": {
						"1.0417": [0, 0, 0],
						"1.25": [0, 0, 15],
						"3.875": [0, 0, 15],
						"4.2917": [0, 0, 0]
					},
					"position": {
						"1.0417": [0, 0, 0],
						"1.25": [-0.7, -2, 3.3],
						"3.875": [-0.7, -2, 3.3],
						"4.2917": [0, 0, 0]
					}
				},
				"righthand": {
					"rotation": {
						"0.0": [0, 0, 0],
						"0.0833": [0, 0, 0],
						"0.3333": [0, 0, -34],
						"0.4167": [0.20056, -13.53349, -36.54616],
						"0.4583": [0.2, -13.53, -36.55],
						"0.625": [0.2, -13.53, -36.55],
						"0.8333": [0.20056, -13.53349, -36.54616],
						"1.625": [0.2, -6.53, -36.52],
						"1.7083": {
							"pre": [-0.50797, -8.30711, -31.793],
							"post": [-0.50797, -8.30711, -31.793],
							"lerp_mode": "catmullrom"
						},
						"1.75": {
							"post": [-0.51, -8.31, -31.79],
							"lerp_mode": "catmullrom"
						},
						"1.8333": {
							"post": [2.24647, -13.89578, -16.45391],
							"lerp_mode": "catmullrom"
						},
						"1.9167": {
							"post": [2.24647, -13.89578, -16.45391],
							"lerp_mode": "catmullrom"
						},
						"2.125": {
							"post": [0.2, -6.53, -36.52],
							"lerp_mode": "catmullrom"
						},
						"2.2083": {
							"post": [0.2, -6.53, -36.52],
							"lerp_mode": "catmullrom"
						},
						"2.3333": {
							"post": [0.2, -6.53, -36.52],
							"lerp_mode": "catmullrom"
						},
						"2.4167": {
							"post": [-0.50797, -8.30711, -31.793],
							"lerp_mode": "catmullrom"
						},
						"2.4583": {
							"post": [-0.51, -8.31, -31.79],
							"lerp_mode": "catmullrom"
						},
						"2.5417": {
							"post": [2.24647, -13.89578, -16.45391],
							"lerp_mode": "catmullrom"
						},
						"2.625": {
							"post": [2.24647, -13.89578, -16.45391],
							"lerp_mode": "catmullrom"
						},
						"2.8333": {
							"post": [0.2, -6.53, -36.52],
							"lerp_mode": "catmullrom"
						},
						"2.9167": {
							"post": [0.2, -6.53, -36.52],
							"lerp_mode": "catmullrom"
						},
						"3.0417": {
							"post": [0.2, -6.53, -36.52],
							"lerp_mode": "catmullrom"
						},
						"3.125": {
							"post": [-0.50797, -8.30711, -31.793],
							"lerp_mode": "catmullrom"
						},
						"3.1667": {
							"post": [-0.51, -8.31, -31.79],
							"lerp_mode": "catmullrom"
						},
						"3.25": {
							"post": [2.24647, -13.89578, -16.45391],
							"lerp_mode": "catmullrom"
						},
						"3.3333": {
							"post": [2.24647, -13.89578, -16.45391],
							"lerp_mode": "catmullrom"
						},
						"3.6667": [0.2, -13.53, -36.55],
						"3.9167": [0.2, -13.53, -36.55],
						"4.0417": [0.2, -13.53, -36.55],
						"4.125": [0.2, -13.53, -36.55],
						"4.25": [0, 0, -34],
						"4.3333": [0, 0, -34],
						"4.7083": [0, 0, 0]
					},
					"position": {
						"0.0": [0, 0, 0],
						"0.0833": [0, 0, 0],
						"0.2083": [-4.17, -1.7, -1.85],
						"0.3333": [-1.8, -1.9, -0.2],
						"0.4167": [-1.7, -1.4, -2.4],
						"0.4583": [-1.7, -1.4, -2.4],
						"0.625": [-1.7, -1.4, 1.2],
						"0.75": [-1.7, -1.4, 1.2],
						"1.125": {
							"pre": [-3.2, -12.4, 6.6],
							"post": [-3.2, -12.4, 6.6],
							"lerp_mode": "catmullrom"
						},
						"1.5833": {
							"post": [-2.1, -2.4, -5.1],
							"lerp_mode": "catmullrom"
						},
						"1.625": [-2.1, -2.4, -5.1],
						"1.7083": {
							"pre": [-2.1, -2.3, -6.3],
							"post": [-2.1, -2.3, -6.3],
							"lerp_mode": "catmullrom"
						},
						"1.75": {
							"post": [-2.1, -2.3, -6.3],
							"lerp_mode": "catmullrom"
						},
						"1.8333": {
							"post": [-3.6, 0.3, -7.6],
							"lerp_mode": "catmullrom"
						},
						"1.9167": {
							"post": [-3.6, 0.3, -7.6],
							"lerp_mode": "catmullrom"
						},
						"2.125": {
							"post": [-2.1, -2.4, -5.1],
							"lerp_mode": "catmullrom"
						},
						"2.2083": {
							"post": [-2.1, -2.4, -5.1],
							"lerp_mode": "catmullrom"
						},
						"2.3333": {
							"post": [-2.1, -2.4, -5.1],
							"lerp_mode": "catmullrom"
						},
						"2.4167": {
							"post": [-2.1, -2.3, -6.3],
							"lerp_mode": "catmullrom"
						},
						"2.4583": {
							"post": [-2.1, -2.3, -6.3],
							"lerp_mode": "catmullrom"
						},
						"2.5417": {
							"post": [-3.6, 0.3, -7.6],
							"lerp_mode": "catmullrom"
						},
						"2.625": {
							"post": [-3.6, 0.3, -7.6],
							"lerp_mode": "catmullrom"
						},
						"2.8333": {
							"post": [-2.1, -2.4, -5.1],
							"lerp_mode": "catmullrom"
						},
						"2.9167": {
							"post": [-2.1, -2.4, -5.1],
							"lerp_mode": "catmullrom"
						},
						"3.0417": {
							"post": [-2.1, -2.4, -5.1],
							"lerp_mode": "catmullrom"
						},
						"3.125": {
							"post": [-2.1, -2.3, -6.3],
							"lerp_mode": "catmullrom"
						},
						"3.1667": {
							"post": [-2.1, -2.3, -6.3],
							"lerp_mode": "catmullrom"
						},
						"3.25": {
							"post": [-3.6, 0.3, -7.6],
							"lerp_mode": "catmullrom"
						},
						"3.3333": {
							"post": [-3.6, 0.3, -7.6],
							"lerp_mode": "catmullrom"
						},
						"3.6667": [-1.7, -1.4, 1.2],
						"3.9167": [-1.7, -1.4, 1.2],
						"4.0417": [-1.7, -1.4, -2.4],
						"4.125": [-1.7, -1.4, -2.4],
						"4.25": [-1.8, -1.9, -0.2],
						"4.3333": [-1.8, -1.9, -0.2],
						"4.5": [-2.8, -1.75, -1.6],
						"4.7083": [0, 0, 0]
					}
				},
				"bullet_shell": {
					"rotation": {
						"0.5833": [0, 0, 0],
						"0.8333": [0, 390, 0],
						"1.1667": [0, 0, 0]
					},
					"position": {
						"0.4167": [0, 0, 0],
						"0.5833": [0, 0, 2.6],
						"0.8333": [-13, 1.6, 14.6],
						"0.9583": [-29.1, -5.84, 23.78],
						"1.0833": [-7.19, -18.67, 6.95],
						"1.1667": [0, 0, 0]
					},
					"scale": {
						"0.8333": [1, 1, 1],
						"1.0417": [0, 0, 0]
					}
				},
				"camera": {
					"rotation": {
						"0.0": [0, 0, 0],
						"0.625": {
							"pre": [0, 4, 0],
							"post": [0, 4, 0],
							"lerp_mode": "catmullrom"
						},
						"1.1667": {
							"post": [1, 6, 0],
							"lerp_mode": "catmullrom"
						},
						"1.625": {
							"post": [1, 6, 0],
							"lerp_mode": "catmullrom"
						},
						"1.8333": {
							"post": [1.20951, 5.96144, 2.01057],
							"lerp_mode": "catmullrom"
						},
						"1.9167": {
							"post": [1.00217, 6.00458, -0.00087],
							"lerp_mode": "catmullrom"
						},
						"2.0833": {
							"post": [1.20951, 5.96144, 2.01057],
							"lerp_mode": "catmullrom"
						},
						"2.5": {
							"post": [1.20951, 5.96144, 2.01057],
							"lerp_mode": "catmullrom"
						},
						"2.5833": {
							"post": [1.00217, 6.00458, -0.00087],
							"lerp_mode": "catmullrom"
						},
						"2.75": {
							"post": [1.20951, 5.96144, 2.01057],
							"lerp_mode": "catmullrom"
						},
						"3.0417": {
							"post": [1.20951, 5.96144, 2.01057],
							"lerp_mode": "catmullrom"
						},
						"3.125": {
							"post": [1.00217, 6.00458, -0.00087],
							"lerp_mode": "catmullrom"
						},
						"3.2917": {
							"post": [1.20951, 5.96144, 2.01057],
							"lerp_mode": "catmullrom"
						},
						"3.75": {
							"post": [1.20634, 3.96044, 1.96767],
							"lerp_mode": "catmullrom"
						},
						"4.0": {
							"post": [3.21, 3.96, 1.97],
							"lerp_mode": "catmullrom"
						},
						"4.25": {
							"post": [1.21, 3.96, 1.97],
							"lerp_mode": "catmullrom"
						},
						"4.6667": [0, 0, 0]
					}
				},
				"action": {
					"rotation": {
						"0.3333": [0, 0, 0],
						"0.4167": [0, 0, 90],
						"0.5": [0, 0, 90],
						"0.625": [0, 0, 90],
						"3.9167": [0, 0, 90],
						"4.0417": [0, 0, 90],
						"4.125": [0, 0, 90],
						"4.2083": [0, 0, 0]
					},
					"position": {
						"0.3333": [0, 0, 0],
						"0.4167": [0, 0, 0],
						"0.5": [0, 0, 0],
						"0.625": [0, 0, 4],
						"3.9167": [0, 0, 4],
						"4.0417": [0, 0, 0]
					}
				},
				"strap": {
					"rotation": {
						"0.0": [0, 0, 0],
						"0.2083": {
							"pre": [0, 0, 2],
							"post": [0, 0, 2],
							"lerp_mode": "catmullrom"
						},
						"0.4583": {
							"post": [1, 0, 2],
							"lerp_mode": "catmullrom"
						},
						"0.6667": {
							"post": [8, 0, 2],
							"lerp_mode": "catmullrom"
						},
						"0.7917": {
							"post": [3, 0, 2],
							"lerp_mode": "catmullrom"
						},
						"1.0": {
							"post": [6, 0, 2],
							"lerp_mode": "catmullrom"
						},
						"1.2917": {
							"post": [5.35006, -2.71999, 28.87289],
							"lerp_mode": "catmullrom"
						},
						"1.7083": {
							"post": [5.56589, -2.24412, 23.88801],
							"lerp_mode": "catmullrom"
						},
						"1.9167": {
							"post": [-1.43, -2.24, 23.89],
							"lerp_mode": "catmullrom"
						},
						"2.1667": {
							"post": [6.57, -2.24, 23.89],
							"lerp_mode": "catmullrom"
						},
						"2.4167": {
							"post": [3.57, -2.24, 23.89],
							"lerp_mode": "catmullrom"
						},
						"2.5833": {
							"post": [-1.43, -2.24, 23.89],
							"lerp_mode": "catmullrom"
						},
						"2.8333": {
							"post": [7.57, -2.24, 23.89],
							"lerp_mode": "catmullrom"
						},
						"3.125": {
							"post": [7.94507, -2.24, 23.89],
							"lerp_mode": "catmullrom"
						},
						"3.2917": {
							"post": [-0.43, -2.24, 23.89],
							"lerp_mode": "catmullrom"
						},
						"3.7083": {
							"post": [4.57, -2.24, 23.89],
							"lerp_mode": "catmullrom"
						},
						"4.0": {
							"post": [4.96156, 1.13046, -14.97163],
							"lerp_mode": "catmullrom"
						},
						"4.3333": {
							"post": [5.03934, 0.69398, -9.9884],
							"lerp_mode": "catmullrom"
						},
						"4.5417": {
							"post": [-14.96066, 0.69398, -9.9884],
							"lerp_mode": "catmullrom"
						},
						"4.7083": {
							"post": [5.04, 0.69, -9.99],
							"lerp_mode": "catmullrom"
						},
						"4.875": {
							"post": [2.14902, 0.13863, 5.00032],
							"lerp_mode": "catmullrom"
						},
						"5.0": {
							"post": [8.06, 0.04, 3.99],
							"lerp_mode": "catmullrom"
						},
						"5.1667": [0, 0, 0]
					}
				}
			},
			"sound_effects": {
				"0.0": {
					"effect": "rb39_reload_tactical"
				}
			}
		},
		"shoot": {
			"animation_length": 2.0167,
			"bones": {
				"root": {
					"rotation": {
						"0.0": {
							"post": [0, 0, 0],
							"lerp_mode": "catmullrom"
						},
						"0.0167": {
							"post": [2.16077, 4.2903, 2.29524],
							"lerp_mode": "catmullrom"
						},
						"0.0333": {
							"post": [-1.35744, 5.48823, 7.73963],
							"lerp_mode": "catmullrom"
						},
						"0.05": {
							"post": [-3.751, 4.8655, -1.44036],
							"lerp_mode": "catmullrom"
						},
						"0.0667": {
							"post": [-4.95597, 4.73357, -4.55445],
							"lerp_mode": "catmullrom"
						},
						"0.0833": {
							"post": [-5.1225, 4.66, -3.99],
							"lerp_mode": "catmullrom"
						},
						"0.1": {
							"post": [-5.16688, 4.10196, 2.33202],
							"lerp_mode": "catmullrom"
						},
						"0.15": {
							"post": [-4.455, 2.8, 4.215],
							"lerp_mode": "catmullrom"
						},
						"0.2": {
							"post": [-5.07251, 0.8207, 0.55078],
							"lerp_mode": "catmullrom"
						},
						"0.25": {
							"post": [-4.3375, -0.05, -1.045],
							"lerp_mode": "catmullrom"
						},
						"0.3167": {
							"post": [-2.68502, -0.04686, 0.64501],
							"lerp_mode": "catmullrom"
						},
						"0.4167": {
							"post": [-0.775, 0.1, -0.925],
							"lerp_mode": "catmullrom"
						},
						"0.5667": {
							"post": [0, 0, 0],
							"lerp_mode": "catmullrom"
						},
						"0.7": {
							"post": [-1.37, 0, 0.75],
							"lerp_mode": "catmullrom"
						},
						"0.8333": {
							"post": [-6, 0, 2],
							"lerp_mode": "catmullrom"
						},
						"1.0333": {
							"post": [-5, 0, 2],
							"lerp_mode": "catmullrom"
						},
						"1.1667": {
							"post": [-3, 0, 2],
							"lerp_mode": "catmullrom"
						},
						"1.3333": {
							"post": [3, 0, 2],
							"lerp_mode": "catmullrom"
						},
						"1.5": {
							"post": [3, 0, 2],
							"lerp_mode": "catmullrom"
						},
						"1.7167": {
							"post": [-1, 0, 0],
							"lerp_mode": "catmullrom"
						},
						"1.8833": [0, 0, 0],
						"2.0167": [0, 0, 0]
					},
					"position": {
						"0.0": {
							"post": [0, 0, 0],
							"lerp_mode": "catmullrom"
						},
						"0.0167": {
							"post": [-0.1, -0.45, 1.95],
							"lerp_mode": "catmullrom"
						},
						"0.0333": [0.1, -1.375, 2.2375],
						"0.05": [0.12, -1.45, 2.2275],
						"0.0833": [0.09, -1.02, 2.205],
						"0.1333": [0.05, -0.59, 1.98],
						"0.2": {
							"pre": [0, -0.05, 1.49],
							"post": [0, -0.05, 1.49],
							"lerp_mode": "catmullrom"
						},
						"0.3": {
							"post": [0, -0.1, 0.675],
							"lerp_mode": "catmullrom"
						},
						"0.4167": {
							"post": [0, -0.025, 0.05],
							"lerp_mode": "catmullrom"
						},
						"0.5667": {
							"post": [-0.5, -0.5, -0.3],
							"lerp_mode": "catmullrom"
						},
						"0.7": {
							"post": [-0.51, -0.63, -0.17],
							"lerp_mode": "catmullrom"
						},
						"0.8333": {
							"post": [-0.5, -0.9, 0.6],
							"lerp_mode": "catmullrom"
						},
						"1.0333": {
							"post": [-0.4, -1.1, 0.4],
							"lerp_mode": "catmullrom"
						},
						"1.1667": {
							"post": [-0.5, -0.8, 0],
							"lerp_mode": "catmullrom"
						},
						"1.3333": {
							"post": [-0.5, -1.7, -0.8],
							"lerp_mode": "catmullrom"
						},
						"1.5": {
							"post": [-0.5, -1.7, -0.8],
							"lerp_mode": "catmullrom"
						},
						"1.7167": {
							"post": [0, 0, -1.6],
							"lerp_mode": "catmullrom"
						},
						"1.8833": [0, 0, 0.4],
						"2.0167": [0, 0, 0]
					}
				},
				"righthand": {
					"rotation": {
						"0.1333": [0, 0, 0],
						"0.2167": [0, 0, 0],
						"0.4667": [0, 0, -34],
						"0.55": [0.20056, -13.53349, -36.54616],
						"0.5833": [0.2, -13.53, -36.55],
						"0.7667": [0.2, -13.53, -36.55],
						"0.8333": [0.2, -13.53, -36.55],
						"0.9833": [0.2, -13.53, -36.55],
						"1.1167": [0.2, -13.53, -36.55],
						"1.1833": [0.2, -13.53, -36.55],
						"1.3167": [0, 0, -34],
						"1.3667": [0, 0, -34],
						"1.75": [0, 0, 0]
					},
					"position": {
						"0.1333": [0, 0, 0],
						"0.2167": [0, 0, 0],
						"0.3333": [-4.17, -1.7, -1.85],
						"0.4667": [-1.8, -1.9, -0.2],
						"0.55": [-1.5, -1.4, -2.8],
						"0.5833": [-1.5, -1.4, -2.8],
						"0.7667": [-1.7, -1.4, 1.2],
						"0.8333": [-1.7, -1.4, 1.2],
						"0.9833": [-1.7, -1.4, 1.2],
						"1.1167": [-1.7, -1.4, -2.4],
						"1.1833": [-1.7, -1.4, -2.4],
						"1.3167": [-1.8, -1.9, -0.2],
						"1.3667": [-1.8, -1.9, -0.2],
						"1.5333": [-2.8, -1.75, -1.6],
						"1.75": [0, 0, 0]
					}
				},
				"bullet_shell": {
					"rotation": {
						"0.0": [0, 0, 0],
						"0.7333": [0, 0, 0],
						"0.9667": [0, 390, 0],
						"1.3167": [0, 0, 0]
					},
					"position": {
						"0.0": [0, 0, 0],
						"0.6": [0, 0, 0],
						"0.7333": [0, 0, 2.6],
						"0.9667": [-13, 7, 14.6],
						"1.15": [-7.19, -18.67, 6.95],
						"1.3167": [0, 0, 0]
					},
					"scale": {
						"0.9667": [1, 1, 1],
						"1.0167": [0, 0, 0]
					}
				},
				"action": {
					"rotation": {
						"0.4667": [0, 0, 0],
						"0.55": [0, 0, 90],
						"0.6": [0, 0, 90],
						"0.7667": [0, 0, 90],
						"0.9833": [0, 0, 90],
						"1.1167": [0, 0, 90],
						"1.1667": [0, 0, 90],
						"1.2833": [0, 0, 0]
					},
					"position": {
						"0.4667": [0, 0, 0],
						"0.55": [0, 0, 0],
						"0.6": [0, 0, 0],
						"0.7667": [0, 0, 4],
						"0.9833": [0, 0, 4],
						"1.1167": [0, 0, 0],
						"1.1667": [0, 0, 0],
						"1.2833": [0, 0, 0]
					}
				},
				"camera": {
					"rotation": {
						"0.0": {
							"post": [0, 0, 0],
							"lerp_mode": "catmullrom"
						},
						"0.05": {
							"post": [-1, 0, 4.4],
							"lerp_mode": "catmullrom"
						},
						"0.0833": {
							"post": [-1, 0, 2.445],
							"lerp_mode": "catmullrom"
						},
						"0.1667": {
							"post": [-1, 0, -4.055],
							"lerp_mode": "catmullrom"
						},
						"0.25": {
							"post": [0, 0, 1.37],
							"lerp_mode": "catmullrom"
						},
						"0.3": {
							"post": [0, 0, -0.85],
							"lerp_mode": "catmullrom"
						},
						"0.3833": {
							"post": [0, 0, 0.525],
							"lerp_mode": "catmullrom"
						},
						"0.4167": {
							"post": [0, 0, -0.125],
							"lerp_mode": "catmullrom"
						},
						"0.45": {
							"post": [0, 0, 0],
							"lerp_mode": "catmullrom"
						},
						"0.55": {
							"post": [0, 0, 0],
							"lerp_mode": "catmullrom"
						},
						"0.6333": {
							"post": [0.45, -0.1, 0.275],
							"lerp_mode": "catmullrom"
						},
						"0.7": {
							"post": [0.4, -0.15, 0.275],
							"lerp_mode": "catmullrom"
						},
						"0.75": {
							"post": [0.825, -0.15, 0.775],
							"lerp_mode": "catmullrom"
						},
						"0.8333": {
							"post": [0.215, -0.15, 0.1],
							"lerp_mode": "catmullrom"
						},
						"0.8833": {
							"post": [0.525, -0.15, 0.275],
							"lerp_mode": "catmullrom"
						},
						"0.95": {
							"post": [0.615, -0.1, 0.8],
							"lerp_mode": "catmullrom"
						},
						"1.0": {
							"post": [1.53, 0, -0.125],
							"lerp_mode": "catmullrom"
						},
						"1.05": {
							"post": [0.77, 0.075, 0.425],
							"lerp_mode": "catmullrom"
						},
						"1.2": {
							"post": [1.085, 0.075, 0.2],
							"lerp_mode": "catmullrom"
						},
						"1.3": {
							"post": [0.78, 0, 0.275],
							"lerp_mode": "catmullrom"
						},
						"1.4167": {
							"post": [0.55, 0, 0.275],
							"lerp_mode": "catmullrom"
						},
						"1.5": {
							"post": [1.29, -0.1, 0.75],
							"lerp_mode": "catmullrom"
						},
						"1.55": {
							"post": [0.645, -0.175, 0],
							"lerp_mode": "catmullrom"
						},
						"1.6333": {
							"post": [0.89, -0.175, 0.6],
							"lerp_mode": "catmullrom"
						},
						"1.7": {
							"post": [0.465, -0.1, 0.05],
							"lerp_mode": "catmullrom"
						},
						"1.8": {
							"post": [0.295, 0.05, 0.275],
							"lerp_mode": "catmullrom"
						},
						"1.8833": {
							"post": [-0.1, 0, -0.025],
							"lerp_mode": "catmullrom"
						},
						"1.95": {
							"post": [0.25, 0, 0.275],
							"lerp_mode": "catmullrom"
						},
						"2.0": {
							"post": [0, 0, 0],
							"lerp_mode": "catmullrom"
						}
					}
				},
				"strap": {
					"rotation": {
						"0.0": [0, 0, 0],
						"0.0667": {
							"pre": [27.4785, -5.60148, 10.62941],
							"post": [27.4785, -5.60148, 10.62941],
							"lerp_mode": "catmullrom"
						},
						"0.3": {
							"post": [-18.04805, -8.87551, -1.00902],
							"lerp_mode": "catmullrom"
						},
						"0.7167": {
							"post": [8.95, -8.88, -1.01],
							"lerp_mode": "catmullrom"
						},
						"0.8333": {
							"post": [18.95, -8.88, -1.01],
							"lerp_mode": "catmullrom"
						},
						"0.9667": {
							"post": [4.95, -8.88, -1.01],
							"lerp_mode": "catmullrom"
						},
						"1.1167": {
							"post": [14.78162, -7.39001, -6.88136],
							"lerp_mode": "catmullrom"
						},
						"1.25": {
							"post": [-6.86131, -9.70498, 3.9373],
							"lerp_mode": "catmullrom"
						},
						"1.4333": {
							"post": [-17.16418, -10.15384, -0.09461],
							"lerp_mode": "catmullrom"
						},
						"1.6": {
							"post": [5.84, -10.15, -0.09],
							"lerp_mode": "catmullrom"
						},
						"1.7833": [-0.46221, -5.08924, -2.04779],
						"1.9667": [0, 0, 0]
					}
				}
			},
			"sound_effects": {
				"0.0": {
					"effect": "rb39_shoot"
				}
			}
		},
		"inspect": {
			"animation_length": 7.7917,
			"bones": {
				"root": {
					"rotation": {
						"0.0": [0, 0, 0],
						"0.5417": {
							"pre": [-24.3924, -45.45018, 1.38887],
							"post": [-24.3924, -45.45018, 1.38887],
							"lerp_mode": "catmullrom"
						},
						"1.0": {
							"post": [-24.39, -45.45, 1.39],
							"lerp_mode": "catmullrom"
						},
						"2.0": {
							"post": [-24.39, -45.45, 1.39],
							"lerp_mode": "catmullrom"
						},
						"2.6667": {
							"post": [-18.89047, -59.88155, 8.25014],
							"lerp_mode": "catmullrom"
						},
						"3.2917": {
							"post": [-18.89, -59.88, 8.25],
							"lerp_mode": "catmullrom"
						},
						"3.5": {
							"post": [-25.01516, -55.74788, 7.2517],
							"lerp_mode": "catmullrom"
						},
						"3.8333": {
							"post": [-38.53273, -38.14823, -14.13198],
							"lerp_mode": "catmullrom"
						},
						"4.0833": {
							"post": [-40.21349, -17.28862, -12.24823],
							"lerp_mode": "catmullrom"
						},
						"4.3333": {
							"post": [-41.45542, -13.3646, -7.54367],
							"lerp_mode": "catmullrom"
						},
						"5.0833": {
							"post": [-41.46, -13.36, -7.54],
							"lerp_mode": "catmullrom"
						},
						"5.25": {
							"post": [-37.46, -13.36, -7.54],
							"lerp_mode": "catmullrom"
						},
						"5.2917": {
							"post": [-37.46, -13.36, -7.54],
							"lerp_mode": "catmullrom"
						},
						"5.4583": {
							"post": [-41.46, -13.36, -7.54],
							"lerp_mode": "catmullrom"
						},
						"6.0833": {
							"post": [-16.18, -7.98, -1.37],
							"lerp_mode": "catmullrom"
						},
						"6.5417": {
							"post": [-6.27777, -5.47783, 0.79342],
							"lerp_mode": "catmullrom"
						},
						"6.75": {
							"post": [-1, 0, 0],
							"lerp_mode": "catmullrom"
						},
						"7.0": [0, 0, 0],
						"7.2083": [0, 0, 0]
					},
					"position": {
						"0.0": [0, 0, 0],
						"0.5417": {
							"pre": [1.2, 0, -1.1],
							"post": [1.2, 0, -1.1],
							"lerp_mode": "catmullrom"
						},
						"1.0": {
							"post": [1.2, 0, -1.1],
							"lerp_mode": "catmullrom"
						},
						"2.0": {
							"post": [1.2, 0, -1.1],
							"lerp_mode": "catmullrom"
						},
						"2.6667": {
							"post": [4.3, -0.6, -3.8],
							"lerp_mode": "catmullrom"
						},
						"3.2917": {
							"post": [4.3, -0.6, -3.8],
							"lerp_mode": "catmullrom"
						},
						"3.5": {
							"post": [3.4, -2.3, -4],
							"lerp_mode": "catmullrom"
						},
						"3.8333": {
							"post": [0.86, 8.56, -4.57],
							"lerp_mode": "catmullrom"
						},
						"4.0833": {
							"post": [-0.6, -0.6, -4.9],
							"lerp_mode": "catmullrom"
						},
						"4.3333": {
							"post": [-0.6, 0.5, -4.9],
							"lerp_mode": "catmullrom"
						},
						"5.0833": {
							"post": [-0.6, 0.5, -4.9],
							"lerp_mode": "catmullrom"
						},
						"5.25": {
							"post": [-0.6, -2.2, -6],
							"lerp_mode": "catmullrom"
						},
						"5.2917": {
							"post": [-0.6, -2.2, -6],
							"lerp_mode": "catmullrom"
						},
						"5.4583": {
							"post": [-0.6, 2.7, -4.9],
							"lerp_mode": "catmullrom"
						},
						"6.0833": {
							"post": [-2.64, -4.23, 1.75],
							"lerp_mode": "catmullrom"
						},
						"6.3333": {
							"post": [-2.14, -6.02, -1.25],
							"lerp_mode": "catmullrom"
						},
						"6.5417": {
							"post": [-0.6, 1.1, -2.6],
							"lerp_mode": "catmullrom"
						},
						"6.75": {
							"post": [0, 0, -1.6],
							"lerp_mode": "catmullrom"
						},
						"7.0": [0, 0, 0.4],
						"7.2083": [0, 0, 0]
					}
				},
				"lefthand": {
					"rotation": {
						"0.0417": [0, 0, 0],
						"0.375": [0, 40, 0],
						"3.2917": [0, 40, 0],
						"3.5833": [-6.41069, 42.41738, 15.38346],
						"3.875": [0, 0, 0],
						"4.0417": [0, 0, 0],
						"4.4167": {
							"pre": [0, 0, 0],
							"post": [0, 0, 0],
							"lerp_mode": "catmullrom"
						},
						"4.75": {
							"post": [0, 0, 0],
							"lerp_mode": "catmullrom"
						},
						"5.0833": {
							"post": [0, 0, 0],
							"lerp_mode": "catmullrom"
						},
						"5.25": {
							"post": [18, 0, 0],
							"lerp_mode": "catmullrom"
						},
						"5.2917": {
							"post": [18, 0, 0],
							"lerp_mode": "catmullrom"
						},
						"5.375": {
							"post": [-15.74131, -5.84697, 12.72676],
							"lerp_mode": "catmullrom"
						},
						"5.5": {
							"post": [-0.45, -0.07, 11.09],
							"lerp_mode": "catmullrom"
						},
						"5.6667": {
							"post": [-0.45, -0.07, 11.09],
							"lerp_mode": "catmullrom"
						},
						"5.75": {
							"post": [-0.45, -0.07, 11.09],
							"lerp_mode": "catmullrom"
						},
						"5.8333": {
							"post": [46.52178, 18.9907, 24.06741],
							"lerp_mode": "catmullrom"
						},
						"6.125": {
							"post": [46.52, 18.99, 24.07],
							"lerp_mode": "catmullrom"
						},
						"6.5": [0, 0, 0]
					},
					"position": {
						"0.0417": [0, 0, 0],
						"0.375": [2.3, 0, -6.2],
						"3.2917": [2.3, 0, -6.2],
						"3.5833": [2.4, -1.8, -6.2],
						"3.875": [4.3, -8.3, 13.5],
						"4.0417": [4.3, -8.3, 13.5],
						"4.4167": {
							"pre": [6.6, 1.3, 5.9],
							"post": [6.6, 1.3, 5.9],
							"lerp_mode": "catmullrom"
						},
						"4.75": {
							"post": [6.6, 1.3, 5.9],
							"lerp_mode": "catmullrom"
						},
						"5.0833": {
							"post": [6.6, 1.3, 5.9],
							"lerp_mode": "catmullrom"
						},
						"5.25": {
							"post": [7.4, 2.4, 8.1],
							"lerp_mode": "catmullrom"
						},
						"5.2917": {
							"post": [7.4, 2.4, 8.1],
							"lerp_mode": "catmullrom"
						},
						"5.375": {
							"post": [7.4, -0.2, 2.6],
							"lerp_mode": "catmullrom"
						},
						"5.5": {
							"post": [7.4, -0.2, 2.6],
							"lerp_mode": "catmullrom"
						},
						"5.6667": {
							"post": [1.4, -3.4, 3],
							"lerp_mode": "catmullrom"
						},
						"5.75": {
							"post": [1.4, -3.4, 3],
							"lerp_mode": "catmullrom"
						},
						"5.8333": {
							"post": [-1.2, -0.1, 3.3],
							"lerp_mode": "catmullrom"
						},
						"5.9583": {
							"post": [-2.27, -0.07, 3.7],
							"lerp_mode": "catmullrom"
						},
						"6.125": {
							"post": [-1.9, -0.6, 1.3],
							"lerp_mode": "catmullrom"
						},
						"6.5": [0, 0, 0]
					}
				},
				"righthand": {
					"rotation": {
						"0.0417": [0, 0, 0],
						"0.375": [-8, 67.5, 0],
						"1.8333": [-8, 67.5, 0],
						"2.5": [-8, 67.5, 0],
						"3.2917": [-8, 67.5, 0],
						"3.625": [-5.58815, 65.16548, 24.40584],
						"3.9167": [33.13, 10.52, 6.79],
						"5.0417": [33.13, 10.52, 6.79],
						"5.25": [37.07103, 26.9474, 18.89454],
						"6.2083": [37.07, 26.95, 18.89],
						"6.5": [0, 0, 0]
					},
					"position": {
						"0.0417": [0, 0, 0],
						"0.375": [13.7, -1.2, 6.3],
						"1.8333": [13.7, -1.2, 6.3],
						"2.5": [14.2, -1.4, 9.2],
						"3.2917": [14.2, -1.4, 9.2],
						"3.625": [15.6, -1.4, 10],
						"3.9167": [2, 6.2, 4.8],
						"5.0417": [2, 6.2, 4.8],
						"5.25": [6, 5.8, 6.6],
						"6.2083": [6, 5.8, 6.6],
						"6.5": [0, 0, 0]
					}
				},
				"bullet1": {
					"scale": 0
				},
				"mag_and_bullet": {
					"position": [0, 0, 0],
					"scale": 0
				},
				"gun_and_righthand": {
					"rotation": {
						"5.4583": [0, 0, 0],
						"5.625": {
							"pre": [-35.86162, -13.92074, 57.43511],
							"post": [-35.86162, -13.92074, 57.43511],
							"lerp_mode": "catmullrom"
						},
						"5.75": {
							"post": [-35.86, -13.92, 57.44],
							"lerp_mode": "catmullrom"
						},
						"5.8333": {
							"post": [38.64, -13.92, 57.44],
							"lerp_mode": "catmullrom"
						},
						"6.2083": {
							"post": [41.64, -13.92, 57.44],
							"lerp_mode": "catmullrom"
						},
						"6.5417": [0, 0, 0]
					},
					"position": {
						"5.4583": [0, 0, 0],
						"5.625": {
							"pre": [-7.2, 0, 0],
							"post": [-7.2, 0, 0],
							"lerp_mode": "catmullrom"
						},
						"5.75": {
							"post": [-7.2, 0, 0],
							"lerp_mode": "catmullrom"
						},
						"5.8333": {
							"post": [-3, 9.2, 13.1],
							"lerp_mode": "catmullrom"
						},
						"6.2083": {
							"post": [-3.6, 9.2, 10.6],
							"lerp_mode": "catmullrom"
						},
						"6.5417": [0, 0, 0]
					}
				},
				"apple": {
					"rotation": {
						"3.7917": [0, 0, 0],
						"4.0417": [97.27916, -39.30074, -76.70632],
						"4.4167": {
							"pre": [97.28, -39.3, -76.71],
							"post": [97.28, -39.3, -76.71],
							"lerp_mode": "catmullrom"
						},
						"4.75": {
							"post": [97.28, -39.3, -76.71],
							"lerp_mode": "catmullrom"
						},
						"5.0833": {
							"post": [97.28, -39.3, -76.71],
							"lerp_mode": "catmullrom"
						},
						"5.25": {
							"post": [95.93292, -18.43496, -73.9663],
							"lerp_mode": "catmullrom"
						},
						"5.2917": {
							"post": [95.93, -18.43, -73.97],
							"lerp_mode": "catmullrom"
						},
						"5.7917": {
							"post": [194.45014, -63.08514, -143.8744],
							"lerp_mode": "catmullrom"
						},
						"6.0": {
							"post": [194.45, -63.09, -143.87],
							"lerp_mode": "catmullrom"
						},
						"6.375": [194.45, -63.09, -143.87],
						"6.6667": [0, 0, 0]
					},
					"position": {
						"3.7917": [0, 0, 0],
						"4.0417": [4.9, -4.5, -10.8],
						"4.4167": {
							"pre": [7.9, 5, -19.1],
							"post": [7.9, 5, -19.1],
							"lerp_mode": "catmullrom"
						},
						"4.75": {
							"post": [7.9, 5, -19.1],
							"lerp_mode": "catmullrom"
						},
						"5.0833": {
							"post": [7.9, 5, -19.1],
							"lerp_mode": "catmullrom"
						},
						"5.25": {
							"post": [7.9, 3.5, -17.7],
							"lerp_mode": "catmullrom"
						},
						"5.2917": {
							"post": [7.9, 3.5, -17.7],
							"lerp_mode": "catmullrom"
						},
						"5.5417": {
							"post": [12.81, 39.1, -60.99],
							"lerp_mode": "catmullrom"
						},
						"5.7083": {
							"post": [20.36, 27.23, -69.93],
							"lerp_mode": "catmullrom"
						},
						"5.75": {
							"post": [18.5, 12.69, -64.42],
							"lerp_mode": "catmullrom"
						},
						"5.7917": {
							"post": [15.7, -0.5, -58.6],
							"lerp_mode": "catmullrom"
						},
						"6.375": [15.7, -1.5, 13.4],
						"6.6667": [0, 0, 0]
					}
				},
				"appleR": {
					"rotation": {
						"5.7917": [0, 0, 0],
						"6.2083": [-51, 0, 0],
						"6.5833": [0, 0, 0]
					},
					"position": {
						"5.7917": [0, 0, 0],
						"6.2083": [0, -105.1, -34.1],
						"6.5833": [0, 0, 0]
					}
				},
				"appleL": {
					"rotation": {
						"5.7917": [0, 0, 0],
						"6.2083": [46, 0, 0],
						"6.5833": [0, 0, 0]
					},
					"position": {
						"5.7917": [0, 0, 0],
						"6.2083": [9, -39.4, -39.4],
						"6.5833": [0, 0, 0]
					}
				},
				"strap": {
					"rotation": {
						"0.0": [0, 0, 0],
						"0.25": [0, -18.52, 10],
						"0.75": {
							"pre": [-3.36392, -51.64923, -12.16345],
							"post": [-3.36392, -51.64923, -12.16345],
							"lerp_mode": "catmullrom"
						},
						"1.0833": {
							"post": [-0.19769, -52.20887, 7.33879],
							"lerp_mode": "catmullrom"
						},
						"1.5": {
							"post": [-9.78699, -52.37259, 1.9234],
							"lerp_mode": "catmullrom"
						},
						"1.875": {
							"post": [1.43, -51.33, -4.91],
							"lerp_mode": "catmullrom"
						},
						"2.0833": {
							"post": [4.60527, -51.11574, -9.38566],
							"lerp_mode": "catmullrom"
						},
						"2.7083": {
							"post": [6.37253, -51.40049, -11.74843],
							"lerp_mode": "catmullrom"
						},
						"3.125": {
							"post": [6.37, -51.4, -4.75],
							"lerp_mode": "catmullrom"
						},
						"3.5": {
							"post": [15.79958, -50.51932, -12.08076],
							"lerp_mode": "catmullrom"
						},
						"3.9167": {
							"post": [63.78163, -12.76384, 0.53034],
							"lerp_mode": "catmullrom"
						},
						"4.1667": {
							"post": [41.57499, -3.63913, 12.2786],
							"lerp_mode": "catmullrom"
						},
						"4.4167": {
							"post": [64.80586, -30.97335, -32.83142],
							"lerp_mode": "catmullrom"
						},
						"4.75": {
							"post": [37.93457, -5.7501, 6.51688],
							"lerp_mode": "catmullrom"
						},
						"5.0833": {
							"post": [45.22827, -7.7421, 4.52718],
							"lerp_mode": "catmullrom"
						},
						"5.25": {
							"post": [47.69733, 0.06614, 10.87832],
							"lerp_mode": "catmullrom"
						},
						"5.4583": {
							"post": [22.37878, -10.65414, 10.28346],
							"lerp_mode": "catmullrom"
						},
						"5.7083": {
							"post": [-5.89364, 23.05497, -94.21774],
							"lerp_mode": "catmullrom"
						},
						"5.8333": {
							"post": [-18.89356, 14.66352, -132.97084],
							"lerp_mode": "catmullrom"
						},
						"5.9583": {
							"post": [1.23506, 14.6808, -122.62815],
							"lerp_mode": "catmullrom"
						},
						"6.1667": {
							"post": [22.59453, -7.51589, 27.98653],
							"lerp_mode": "catmullrom"
						},
						"6.25": {
							"post": [12.01932, 20.63657, -48.31143],
							"lerp_mode": "catmullrom"
						},
						"6.375": {
							"post": [12.92658, 20.09745, -45.7108],
							"lerp_mode": "catmullrom"
						},
						"6.5": {
							"post": [20.05424, -12.9952, 42.18176],
							"lerp_mode": "catmullrom"
						},
						"6.625": {
							"post": [22.64344, 7.35869, -6.53704],
							"lerp_mode": "catmullrom"
						},
						"6.875": {
							"post": [23.74277, 0.42252, 9.57353],
							"lerp_mode": "catmullrom"
						},
						"7.1667": {
							"post": [23.74, 0.42, 9.57],
							"lerp_mode": "catmullrom"
						},
						"7.375": {
							"post": [-4.18218, 0.19273, -1.79878],
							"lerp_mode": "catmullrom"
						},
						"7.625": [0.09664, 0.04858, 5.77999],
						"7.7917": [0, 0, 0]
					}
				},
				"camera": {
					"rotation": {
						"0.0": [0, 0, 0],
						"0.625": {
							"pre": [1, 4, 0],
							"post": [1, 4, 0],
							"lerp_mode": "catmullrom"
						},
						"1.5": {
							"post": [-2.00228, 1.00046, -0.05234],
							"lerp_mode": "catmullrom"
						},
						"2.0833": {
							"post": [-2, 1, -0.05],
							"lerp_mode": "catmullrom"
						},
						"2.875": {
							"post": [6.00446, 15.99083, -0.22579],
							"lerp_mode": "catmullrom"
						},
						"3.4167": {
							"post": [5.8966, 12.01152, -0.65713],
							"lerp_mode": "catmullrom"
						},
						"3.75": {
							"post": [-11.1, 12.01, -0.66],
							"lerp_mode": "catmullrom"
						},
						"3.9167": {
							"post": [4.53062, 11.78943, 2.39761],
							"lerp_mode": "catmullrom"
						},
						"4.0417": {
							"post": [1.04522, 12.11284, -4.74898],
							"lerp_mode": "catmullrom"
						},
						"4.25": {
							"post": [6.00446, 15.99083, -0.22579],
							"lerp_mode": "catmullrom"
						},
						"4.625": {
							"post": [-1.20335, 3.07598, -1.56375],
							"lerp_mode": "catmullrom"
						},
						"5.0": {
							"post": [0.80173, 0.08066, -1.4972],
							"lerp_mode": "catmullrom"
						},
						"5.25": {
							"post": [4.79431, 0.24727, -3.493],
							"lerp_mode": "catmullrom"
						},
						"5.5833": {
							"post": [-24.92629, 3.58196, 5.91697],
							"lerp_mode": "catmullrom"
						},
						"5.7083": {
							"post": [-25.07, 2.31658, 3.19318],
							"lerp_mode": "catmullrom"
						},
						"5.875": {
							"post": [-7.24061, 2.11855, -0.86572],
							"lerp_mode": "catmullrom"
						},
						"6.0": {
							"post": [-6.92998, 2.98445, 6.08339],
							"lerp_mode": "catmullrom"
						},
						"6.1667": {
							"post": [-7.20175, 2.24127, 0.11942],
							"lerp_mode": "catmullrom"
						},
						"6.375": {
							"post": [-5.20434, 3.23588, 0.02923],
							"lerp_mode": "catmullrom"
						},
						"6.5417": {
							"post": [-5.2, 3.24, 0.03],
							"lerp_mode": "catmullrom"
						},
						"7.0417": [0, 0, 0]
					}
				}
			},
			"sound_effects": {
				"0.0": {
					"effect": "99_wakamo_inspect"
				}
			}
		},
		"inspect_empty": {
			"animation_length": 7.7917,
			"bones": {
				"root": {
					"rotation": {
						"0.0": [0, 0, 0],
						"0.5417": {
							"pre": [-24.3924, -45.45018, 1.38887],
							"post": [-24.3924, -45.45018, 1.38887],
							"lerp_mode": "catmullrom"
						},
						"1.0": {
							"post": [-24.39, -45.45, 1.39],
							"lerp_mode": "catmullrom"
						},
						"2.0": {
							"post": [-24.39, -45.45, 1.39],
							"lerp_mode": "catmullrom"
						},
						"2.6667": {
							"post": [-18.89047, -59.88155, 8.25014],
							"lerp_mode": "catmullrom"
						},
						"3.2917": {
							"post": [-18.89, -59.88, 8.25],
							"lerp_mode": "catmullrom"
						},
						"3.5": {
							"post": [-25.01516, -55.74788, 7.2517],
							"lerp_mode": "catmullrom"
						},
						"3.8333": {
							"post": [-38.53273, -38.14823, -14.13198],
							"lerp_mode": "catmullrom"
						},
						"4.0833": {
							"post": [-40.21349, -17.28862, -12.24823],
							"lerp_mode": "catmullrom"
						},
						"4.3333": {
							"post": [-41.45542, -13.3646, -7.54367],
							"lerp_mode": "catmullrom"
						},
						"5.0833": {
							"post": [-41.46, -13.36, -7.54],
							"lerp_mode": "catmullrom"
						},
						"5.25": {
							"post": [-37.46, -13.36, -7.54],
							"lerp_mode": "catmullrom"
						},
						"5.2917": {
							"post": [-37.46, -13.36, -7.54],
							"lerp_mode": "catmullrom"
						},
						"5.4583": {
							"post": [-41.46, -13.36, -7.54],
							"lerp_mode": "catmullrom"
						},
						"6.0833": {
							"post": [-16.18, -7.98, -1.37],
							"lerp_mode": "catmullrom"
						},
						"6.5417": {
							"post": [-6.27777, -5.47783, 0.79342],
							"lerp_mode": "catmullrom"
						},
						"6.75": {
							"post": [-1, 0, 0],
							"lerp_mode": "catmullrom"
						},
						"7.0": [0, 0, 0],
						"7.2083": [0, 0, 0]
					},
					"position": {
						"0.0": [0, 0, 0],
						"0.5417": {
							"pre": [1.2, 0, -1.1],
							"post": [1.2, 0, -1.1],
							"lerp_mode": "catmullrom"
						},
						"1.0": {
							"post": [1.2, 0, -1.1],
							"lerp_mode": "catmullrom"
						},
						"2.0": {
							"post": [1.2, 0, -1.1],
							"lerp_mode": "catmullrom"
						},
						"2.6667": {
							"post": [4.3, -0.6, -3.8],
							"lerp_mode": "catmullrom"
						},
						"3.2917": {
							"post": [4.3, -0.6, -3.8],
							"lerp_mode": "catmullrom"
						},
						"3.5": {
							"post": [3.4, -2.3, -4],
							"lerp_mode": "catmullrom"
						},
						"3.8333": {
							"post": [0.86, 8.56, -4.57],
							"lerp_mode": "catmullrom"
						},
						"4.0833": {
							"post": [-0.6, -0.6, -4.9],
							"lerp_mode": "catmullrom"
						},
						"4.3333": {
							"post": [-0.6, 0.5, -4.9],
							"lerp_mode": "catmullrom"
						},
						"5.0833": {
							"post": [-0.6, 0.5, -4.9],
							"lerp_mode": "catmullrom"
						},
						"5.25": {
							"post": [-0.6, -2.2, -6],
							"lerp_mode": "catmullrom"
						},
						"5.2917": {
							"post": [-0.6, -2.2, -6],
							"lerp_mode": "catmullrom"
						},
						"5.4583": {
							"post": [-0.6, 2.7, -4.9],
							"lerp_mode": "catmullrom"
						},
						"6.0833": {
							"post": [-2.64, -4.23, 1.75],
							"lerp_mode": "catmullrom"
						},
						"6.3333": {
							"post": [-2.14, -6.02, -1.25],
							"lerp_mode": "catmullrom"
						},
						"6.5417": {
							"post": [-0.6, 1.1, -2.6],
							"lerp_mode": "catmullrom"
						},
						"6.75": {
							"post": [0, 0, -1.6],
							"lerp_mode": "catmullrom"
						},
						"7.0": [0, 0, 0.4],
						"7.2083": [0, 0, 0]
					}
				},
				"lefthand": {
					"rotation": {
						"0.0417": [0, 0, 0],
						"0.375": [0, 40, 0],
						"3.2917": [0, 40, 0],
						"3.5833": [-6.41069, 42.41738, 15.38346],
						"3.875": [0, 0, 0],
						"4.0417": [0, 0, 0],
						"4.4167": {
							"pre": [0, 0, 0],
							"post": [0, 0, 0],
							"lerp_mode": "catmullrom"
						},
						"4.75": {
							"post": [0, 0, 0],
							"lerp_mode": "catmullrom"
						},
						"5.0833": {
							"post": [0, 0, 0],
							"lerp_mode": "catmullrom"
						},
						"5.25": {
							"post": [18, 0, 0],
							"lerp_mode": "catmullrom"
						},
						"5.2917": {
							"post": [18, 0, 0],
							"lerp_mode": "catmullrom"
						},
						"5.375": {
							"post": [-15.74131, -5.84697, 12.72676],
							"lerp_mode": "catmullrom"
						},
						"5.5": {
							"post": [-0.45, -0.07, 11.09],
							"lerp_mode": "catmullrom"
						},
						"5.6667": {
							"post": [-0.45, -0.07, 11.09],
							"lerp_mode": "catmullrom"
						},
						"5.75": {
							"post": [-0.45, -0.07, 11.09],
							"lerp_mode": "catmullrom"
						},
						"5.8333": {
							"post": [46.52178, 18.9907, 24.06741],
							"lerp_mode": "catmullrom"
						},
						"6.125": {
							"post": [46.52, 18.99, 24.07],
							"lerp_mode": "catmullrom"
						},
						"6.5": [0, 0, 0]
					},
					"position": {
						"0.0417": [0, 0, 0],
						"0.375": [2.3, 0, -6.2],
						"3.2917": [2.3, 0, -6.2],
						"3.5833": [2.4, -1.8, -6.2],
						"3.875": [4.3, -8.3, 13.5],
						"4.0417": [4.3, -8.3, 13.5],
						"4.4167": {
							"pre": [6.6, 1.3, 5.9],
							"post": [6.6, 1.3, 5.9],
							"lerp_mode": "catmullrom"
						},
						"4.75": {
							"post": [6.6, 1.3, 5.9],
							"lerp_mode": "catmullrom"
						},
						"5.0833": {
							"post": [6.6, 1.3, 5.9],
							"lerp_mode": "catmullrom"
						},
						"5.25": {
							"post": [7.4, 2.4, 8.1],
							"lerp_mode": "catmullrom"
						},
						"5.2917": {
							"post": [7.4, 2.4, 8.1],
							"lerp_mode": "catmullrom"
						},
						"5.375": {
							"post": [7.4, -0.2, 2.6],
							"lerp_mode": "catmullrom"
						},
						"5.5": {
							"post": [7.4, -0.2, 2.6],
							"lerp_mode": "catmullrom"
						},
						"5.6667": {
							"post": [1.4, -3.4, 3],
							"lerp_mode": "catmullrom"
						},
						"5.75": {
							"post": [1.4, -3.4, 3],
							"lerp_mode": "catmullrom"
						},
						"5.8333": {
							"post": [-1.2, -0.1, 3.3],
							"lerp_mode": "catmullrom"
						},
						"5.9583": {
							"post": [-2.27, -0.07, 3.7],
							"lerp_mode": "catmullrom"
						},
						"6.125": {
							"post": [-1.9, -0.6, 1.3],
							"lerp_mode": "catmullrom"
						},
						"6.5": [0, 0, 0]
					}
				},
				"righthand": {
					"rotation": {
						"0.0417": [0, 0, 0],
						"0.375": [-8, 67.5, 0],
						"1.8333": [-8, 67.5, 0],
						"2.5": [-8, 67.5, 0],
						"3.2917": [-8, 67.5, 0],
						"3.625": [-5.58815, 65.16548, 24.40584],
						"3.9167": [33.13, 10.52, 6.79],
						"5.0417": [33.13, 10.52, 6.79],
						"5.25": [37.07103, 26.9474, 18.89454],
						"6.2083": [37.07, 26.95, 18.89],
						"6.5": [0, 0, 0]
					},
					"position": {
						"0.0417": [0, 0, 0],
						"0.375": [13.7, -1.2, 6.3],
						"1.8333": [13.7, -1.2, 6.3],
						"2.5": [14.2, -1.4, 9.2],
						"3.2917": [14.2, -1.4, 9.2],
						"3.625": [15.6, -1.4, 10],
						"3.9167": [2, 6.2, 4.8],
						"5.0417": [2, 6.2, 4.8],
						"5.25": [6, 5.8, 6.6],
						"6.2083": [6, 5.8, 6.6],
						"6.5": [0, 0, 0]
					}
				},
				"bullet1": {
					"scale": 0
				},
				"mag_and_bullet": {
					"position": [0, 0, 0],
					"scale": 0
				},
				"gun_and_righthand": {
					"rotation": {
						"5.4583": [0, 0, 0],
						"5.625": {
							"pre": [-35.86162, -13.92074, 57.43511],
							"post": [-35.86162, -13.92074, 57.43511],
							"lerp_mode": "catmullrom"
						},
						"5.75": {
							"post": [-35.86, -13.92, 57.44],
							"lerp_mode": "catmullrom"
						},
						"5.8333": {
							"post": [38.64, -13.92, 57.44],
							"lerp_mode": "catmullrom"
						},
						"6.2083": {
							"post": [41.64, -13.92, 57.44],
							"lerp_mode": "catmullrom"
						},
						"6.5417": [0, 0, 0]
					},
					"position": {
						"5.4583": [0, 0, 0],
						"5.625": {
							"pre": [-7.2, 0, 0],
							"post": [-7.2, 0, 0],
							"lerp_mode": "catmullrom"
						},
						"5.75": {
							"post": [-7.2, 0, 0],
							"lerp_mode": "catmullrom"
						},
						"5.8333": {
							"post": [-3, 9.2, 13.1],
							"lerp_mode": "catmullrom"
						},
						"6.2083": {
							"post": [-3.6, 9.2, 10.6],
							"lerp_mode": "catmullrom"
						},
						"6.5417": [0, 0, 0]
					}
				},
				"apple": {
					"rotation": {
						"3.7917": [0, 0, 0],
						"4.0417": [97.27916, -39.30074, -76.70632],
						"4.4167": {
							"pre": [97.28, -39.3, -76.71],
							"post": [97.28, -39.3, -76.71],
							"lerp_mode": "catmullrom"
						},
						"4.75": {
							"post": [97.28, -39.3, -76.71],
							"lerp_mode": "catmullrom"
						},
						"5.0833": {
							"post": [97.28, -39.3, -76.71],
							"lerp_mode": "catmullrom"
						},
						"5.25": {
							"post": [95.93292, -18.43496, -73.9663],
							"lerp_mode": "catmullrom"
						},
						"5.2917": {
							"post": [95.93, -18.43, -73.97],
							"lerp_mode": "catmullrom"
						},
						"5.7917": {
							"post": [194.45014, -63.08514, -143.8744],
							"lerp_mode": "catmullrom"
						},
						"6.0": {
							"post": [194.45, -63.09, -143.87],
							"lerp_mode": "catmullrom"
						},
						"6.375": [194.45, -63.09, -143.87],
						"6.6667": [0, 0, 0]
					},
					"position": {
						"3.7917": [0, 0, 0],
						"4.0417": [4.9, -4.5, -10.8],
						"4.4167": {
							"pre": [7.9, 5, -19.1],
							"post": [7.9, 5, -19.1],
							"lerp_mode": "catmullrom"
						},
						"4.75": {
							"post": [7.9, 5, -19.1],
							"lerp_mode": "catmullrom"
						},
						"5.0833": {
							"post": [7.9, 5, -19.1],
							"lerp_mode": "catmullrom"
						},
						"5.25": {
							"post": [7.9, 3.5, -17.7],
							"lerp_mode": "catmullrom"
						},
						"5.2917": {
							"post": [7.9, 3.5, -17.7],
							"lerp_mode": "catmullrom"
						},
						"5.5417": {
							"post": [12.81, 39.1, -60.99],
							"lerp_mode": "catmullrom"
						},
						"5.7083": {
							"post": [20.36, 27.23, -69.93],
							"lerp_mode": "catmullrom"
						},
						"5.75": {
							"post": [18.5, 12.69, -64.42],
							"lerp_mode": "catmullrom"
						},
						"5.7917": {
							"post": [15.7, -0.5, -58.6],
							"lerp_mode": "catmullrom"
						},
						"6.375": [15.7, -1.5, 13.4],
						"6.6667": [0, 0, 0]
					}
				},
				"appleR": {
					"rotation": {
						"5.7917": [0, 0, 0],
						"6.2083": [-51, 0, 0],
						"6.5833": [0, 0, 0]
					},
					"position": {
						"5.7917": [0, 0, 0],
						"6.2083": [0, -105.1, -34.1],
						"6.5833": [0, 0, 0]
					}
				},
				"appleL": {
					"rotation": {
						"5.7917": [0, 0, 0],
						"6.2083": [46, 0, 0],
						"6.5833": [0, 0, 0]
					},
					"position": {
						"5.7917": [0, 0, 0],
						"6.2083": [9, -39.4, -39.4],
						"6.5833": [0, 0, 0]
					}
				},
				"strap": {
					"rotation": {
						"0.0": [0, 0, 0],
						"0.25": [0, -18.52, 10],
						"0.75": {
							"pre": [-3.36392, -51.64923, -12.16345],
							"post": [-3.36392, -51.64923, -12.16345],
							"lerp_mode": "catmullrom"
						},
						"1.0833": {
							"post": [-0.19769, -52.20887, 7.33879],
							"lerp_mode": "catmullrom"
						},
						"1.5": {
							"post": [-9.78699, -52.37259, 1.9234],
							"lerp_mode": "catmullrom"
						},
						"1.875": {
							"post": [1.43, -51.33, -4.91],
							"lerp_mode": "catmullrom"
						},
						"2.0833": {
							"post": [4.60527, -51.11574, -9.38566],
							"lerp_mode": "catmullrom"
						},
						"2.7083": {
							"post": [6.37253, -51.40049, -11.74843],
							"lerp_mode": "catmullrom"
						},
						"3.125": {
							"post": [6.37, -51.4, -4.75],
							"lerp_mode": "catmullrom"
						},
						"3.5": {
							"post": [15.79958, -50.51932, -12.08076],
							"lerp_mode": "catmullrom"
						},
						"3.9167": {
							"post": [63.78163, -12.76384, 0.53034],
							"lerp_mode": "catmullrom"
						},
						"4.1667": {
							"post": [41.57499, -3.63913, 12.2786],
							"lerp_mode": "catmullrom"
						},
						"4.4167": {
							"post": [64.80586, -30.97335, -32.83142],
							"lerp_mode": "catmullrom"
						},
						"4.75": {
							"post": [37.93457, -5.7501, 6.51688],
							"lerp_mode": "catmullrom"
						},
						"5.0833": {
							"post": [45.22827, -7.7421, 4.52718],
							"lerp_mode": "catmullrom"
						},
						"5.25": {
							"post": [47.69733, 0.06614, 10.87832],
							"lerp_mode": "catmullrom"
						},
						"5.4583": {
							"post": [22.37878, -10.65414, 10.28346],
							"lerp_mode": "catmullrom"
						},
						"5.7083": {
							"post": [-5.89364, 23.05497, -94.21774],
							"lerp_mode": "catmullrom"
						},
						"5.8333": {
							"post": [-18.89356, 14.66352, -132.97084],
							"lerp_mode": "catmullrom"
						},
						"5.9583": {
							"post": [1.23506, 14.6808, -122.62815],
							"lerp_mode": "catmullrom"
						},
						"6.1667": {
							"post": [22.59453, -7.51589, 27.98653],
							"lerp_mode": "catmullrom"
						},
						"6.25": {
							"post": [12.01932, 20.63657, -48.31143],
							"lerp_mode": "catmullrom"
						},
						"6.375": {
							"post": [12.92658, 20.09745, -45.7108],
							"lerp_mode": "catmullrom"
						},
						"6.5": {
							"post": [20.05424, -12.9952, 42.18176],
							"lerp_mode": "catmullrom"
						},
						"6.625": {
							"post": [22.64344, 7.35869, -6.53704],
							"lerp_mode": "catmullrom"
						},
						"6.875": {
							"post": [23.74277, 0.42252, 9.57353],
							"lerp_mode": "catmullrom"
						},
						"7.1667": {
							"post": [23.74, 0.42, 9.57],
							"lerp_mode": "catmullrom"
						},
						"7.375": {
							"post": [-4.18218, 0.19273, -1.79878],
							"lerp_mode": "catmullrom"
						},
						"7.625": [0.09664, 0.04858, 5.77999],
						"7.7917": [0, 0, 0]
					}
				},
				"camera": {
					"rotation": {
						"0.0": [0, 0, 0],
						"0.625": {
							"pre": [1, 4, 0],
							"post": [1, 4, 0],
							"lerp_mode": "catmullrom"
						},
						"1.5": {
							"post": [-2.00228, 1.00046, -0.05234],
							"lerp_mode": "catmullrom"
						},
						"2.0833": {
							"post": [-2, 1, -0.05],
							"lerp_mode": "catmullrom"
						},
						"2.875": {
							"post": [6.00446, 15.99083, -0.22579],
							"lerp_mode": "catmullrom"
						},
						"3.4167": {
							"post": [5.8966, 12.01152, -0.65713],
							"lerp_mode": "catmullrom"
						},
						"3.75": {
							"post": [-11.1, 12.01, -0.66],
							"lerp_mode": "catmullrom"
						},
						"3.9167": {
							"post": [4.53062, 11.78943, 2.39761],
							"lerp_mode": "catmullrom"
						},
						"4.0417": {
							"post": [1.04522, 12.11284, -4.74898],
							"lerp_mode": "catmullrom"
						},
						"4.25": {
							"post": [6.00446, 15.99083, -0.22579],
							"lerp_mode": "catmullrom"
						},
						"4.625": {
							"post": [-1.20335, 3.07598, -1.56375],
							"lerp_mode": "catmullrom"
						},
						"5.0": {
							"post": [0.80173, 0.08066, -1.4972],
							"lerp_mode": "catmullrom"
						},
						"5.25": {
							"post": [4.79431, 0.24727, -3.493],
							"lerp_mode": "catmullrom"
						},
						"5.5833": {
							"post": [-24.92629, 3.58196, 5.91697],
							"lerp_mode": "catmullrom"
						},
						"5.7083": {
							"post": [-25.07, 2.31658, 3.19318],
							"lerp_mode": "catmullrom"
						},
						"5.875": {
							"post": [-7.24061, 2.11855, -0.86572],
							"lerp_mode": "catmullrom"
						},
						"6.0": {
							"post": [-6.92998, 2.98445, 6.08339],
							"lerp_mode": "catmullrom"
						},
						"6.1667": {
							"post": [-7.20175, 2.24127, 0.11942],
							"lerp_mode": "catmullrom"
						},
						"6.375": {
							"post": [-5.20434, 3.23588, 0.02923],
							"lerp_mode": "catmullrom"
						},
						"6.5417": {
							"post": [-5.2, 3.24, 0.03],
							"lerp_mode": "catmullrom"
						},
						"7.0417": [0, 0, 0]
					}
				}
			},
			"sound_effects": {
				"0.0": {
					"effect": "rb39_inspect"
				}
			}
		},
		"draw": {
			"animation_length": 1,
			"bones": {
				"root": {
					"rotation": {
						"0.05": [-89.46, -17.41, -10.01],
						"0.1": [-82.77, -16.02, -9.96],
						"0.15": [-73.21, -14.03, -9.98],
						"0.2": [-62.04, -11.71, -9.96],
						"0.25": [-50.51, -9.35, -9.8],
						"0.3": [-39.89, -7.22, -9.41],
						"0.35": [-31.43, -5.62, -8.69],
						"0.4": [-19.88, -3.84, -5.63],
						"0.45": [-11.94, -3.02, -1.63],
						"0.5": [-5.94, -2.47, 1.04],
						"0.55": [-0.29, -1.99, 0.46],
						"0.6": [2.08, -1.75, -1.15],
						"0.65": [1.23, -0.63, 0.25],
						"0.7": [0.46, -0.29, 0.15],
						"0.75": [-0.19, -0.08, -0.07],
						"0.8": [-0.24, -0.01, 0.15],
						"0.85": [-0.1, 0, 0.36],
						"0.9": [-0.06, 0.01, 0.28],
						"0.95": [-0.03, 0, 0.12],
						"1.0": [0, 0, 0]
					},
					"position": {
						"0.0": [0.95, -16.23, 13.84],
						"0.05": [-1.66, -12.09, 11.5],
						"0.1": [-3.8, -7.22, 8.13],
						"0.15": [-3.53, -5.77, 6.53],
						"0.2": [-2.73, -4.4, 4.67],
						"0.25": [-1.68, -3.18, 2.8],
						"0.3": [-0.67, -2.17, 1.13],
						"0.35": [0, -1.4, -0.09],
						"0.4": [0.39, -0.86, -1.2],
						"0.45": [0.27, -1, -1.04],
						"0.5": [0.14, -0.8, -0.07],
						"0.55": [-0.02, -0.58, 0.87],
						"0.6": [0, -0.12, -0.33],
						"0.65": [0, -0.07, -0.35],
						"0.7": [0, -0.06, -0.22],
						"0.75": [0, -0.05, -0.1],
						"0.8": [0, -0.03, -0.05],
						"0.85": [0, -0.01, -0.02],
						"0.9": [0, 0, 0]
					}
				},
				"lefthand": {
					"rotation": {
						"0.0": [0, 0, 0],
						"0.2": [0, 0, 0],
						"0.45": [0, 0, 0]
					},
					"position": {
						"0.0": [0.7, 7, -3.1],
						"0.2": [1.8, 2.1, 1.8],
						"0.45": [0, 0, 0]
					}
				},
				"camera": {
					"rotation": {
						"0.0": [0, 0, 0],
						"0.05": [0.02, 0.02, -0.02],
						"0.1": [0.11, 0.09, -0.12],
						"0.15": [0.3, 0.2, -0.32],
						"0.2": [0.52, 0.35, -0.58],
						"0.25": [0.6, 0.43, -0.75],
						"0.3": [0.17, 0.35, -0.76],
						"0.35": [-0.28, 0.21, -0.65],
						"0.4": [-0.23, 0.15, -0.6],
						"0.45": [-0.04, 0.09, -0.53],
						"0.5": [0.15, 0.05, -0.4],
						"0.55": [0.6, 0.02, 0.34],
						"0.6": [-0.1, 0, -0.12],
						"0.65": [-0.06, 0, -0.04],
						"0.7": [0.07, 0, 0.09],
						"0.75": [0.05, 0, 0.05],
						"0.8": [0, 0, -0.01],
						"0.85": [-0.01, 0, -0.01],
						"0.9": [0, 0, -0.01],
						"0.95": [0, 0, 0]
					}
				},
				"constraint": {
					"rotation": {
						"0.0": [1, 1, 1],
						"0.35": [0.2, 0.2, 0.2],
						"0.6": [0.2, 0.2, 0.4]
					},
					"position": {
						"0.0": [1, 1, 1],
						"0.35": [0.2, 0.2, 0.2],
						"0.6": [0.1, 0.1, 0.1]
					}
				},
				"strap": {
					"rotation": {
						"0.0": [67.5, 0, 0],
						"0.25": [33.75, 0, 0],
						"0.4": [3.46, 0, 0],
						"0.55": [-12.58, 0, 0],
						"0.7": [-13.99, 0, 0],
						"0.8": [-5.89, 0, 0],
						"0.9": [-8.63, 0, 0],
						"1.0": [0, 0, 0]
					}
				}
			},
			"sound_effects": {
				"0.0": {
					"effect": "p23_sn_alpha50_raise_quick_rattle"
				}
			}
		},
		"put_away": {
			"animation_length": 0.55,
			"bones": {
				"root": {
					"rotation": {
						"0.0": [0, 0, 0],
						"0.05": [-0.85, -0.23, -0.27],
						"0.1": [-4.53, -1.25, -1.42],
						"0.15": [-10.68, -3.18, -3.32],
						"0.2": [-18.83, -5.67, -5.85],
						"0.25": [-27.15, -7.52, -8.53],
						"0.3": [-35.55, -9.16, -12.21],
						"0.35": [-44.11, -10.16, -16.05],
						"0.4": [-57.25, -7.99, -16.99],
						"0.5": [-76.05, 23.54, 2.53]
					},
					"position": {
						"0.0": [0, 0, 0],
						"0.05": [-0.12, -0.58, 0.03],
						"0.1": [-0.38, -1.54, 0.09],
						"0.15": [-0.66, -2.49, 0.16],
						"0.2": [-1.02, -3.6, 0.24],
						"0.25": [-1.55, -4.62, 0.28],
						"0.3": [-2.33, -5.41, 0.24],
						"0.35": [-3.26, -6.11, 0.16],
						"0.4": [-4.15, -6.85, 3.4],
						"0.5": [-10.42, -15.38, 15.19]
					}
				},
				"lefthand": {
					"rotation": {
						"0.0": [0, 0, 0],
						"0.15": [0, 0, 0],
						"0.35": [0, 0, 0]
					},
					"position": {
						"0.0": [0, 0, 0],
						"0.15": [1.8, 2.1, 1.8],
						"0.35": [0.7, 7, -3.1]
					}
				},
				"camera": {
					"rotation": {
						"0.0": [0, 0, 0],
						"0.05": [-0.17, 0, -0.08],
						"0.1": [-0.22, 0, -0.12],
						"0.15": [-0.06, 0, -0.11],
						"0.2": [0.21, 0, -0.07],
						"0.25": [0.5, 0, 0.01],
						"0.3": [0.73, 0, 0.18],
						"0.35": [1.04, 0, 0.9],
						"0.4": [1.13, 0, 1.58],
						"0.45": [0.91, 0, 1.71],
						"0.5": [0.56, 0, 1.69],
						"0.55": [0, 0, 0]
					}
				},
				"constraint": {
					"rotation": {
						"0.0": [0.2, 0.2, 0.4],
						"0.15": [0.8, 0.8, 0.8],
						"0.45": [1, 1, 1]
					},
					"position": {
						"0.0": [0.1, 0.1, 0.1],
						"0.15": [0.8, 0.8, 0.8],
						"0.45": [1, 1, 1]
					}
				}
			},
			"sound_effects": {
				"0.0": {
					"effect": "p23_sn_alpha50_drop_rattle"
				}
			}
		},
		"melee_stock": {
			"animation_length": 0.8333,
			"bones": {
				"root": {
					"rotation": {
						"0.0": [0, 0, 0],
						"0.0833": {
							"pre": [-37.57101, 13.00902, 55.92253],
							"post": [-37.57101, 13.00902, 55.92253],
							"lerp_mode": "catmullrom"
						},
						"0.125": {
							"post": [-50.57101, 13.00902, 55.92253],
							"lerp_mode": "catmullrom"
						},
						"0.2083": {
							"post": [44.93, 13.01, 55.92],
							"lerp_mode": "catmullrom"
						},
						"0.2917": {
							"post": [44.93, 13.01, 55.92],
							"lerp_mode": "catmullrom"
						},
						"0.4583": {
							"post": [3, 0, 2],
							"lerp_mode": "catmullrom"
						},
						"0.625": {
							"post": [-1, 0, 0],
							"lerp_mode": "catmullrom"
						},
						"0.7083": [0, 0, 0],
						"0.7917": [0, 0, 0]
					},
					"position": {
						"0.0": [0, 0, 0],
						"0.0833": {
							"pre": [-4.3, 0, -0.9],
							"post": [-4.3, 0, -0.9],
							"lerp_mode": "catmullrom"
						},
						"0.125": {
							"post": [-5.2, 0, -0.9],
							"lerp_mode": "catmullrom"
						},
						"0.2083": {
							"post": [-4.3, -5, 2.4],
							"lerp_mode": "catmullrom"
						},
						"0.2917": {
							"post": [-4.3, -5, 2.4],
							"lerp_mode": "catmullrom"
						},
						"0.4583": {
							"post": [-0.5, -1.7, -0.8],
							"lerp_mode": "catmullrom"
						},
						"0.625": {
							"post": [0, 0, -1.6],
							"lerp_mode": "catmullrom"
						},
						"0.7083": [0, 0, 0.4],
						"0.7917": [0, 0, 0]
					}
				},
				"strap": {
					"rotation": {
						"0.0": [0, 0, 0],
						"0.125": [0, 0, -50],
						"0.2083": [0, 0, 25],
						"0.3333": [0, 0, 7.5],
						"0.4583": [0, 0, 15],
						"0.5833": [-16, 0, 5],
						"0.7083": [5, 0, 5],
						"0.8333": [0, 0, 0]
					}
				},
				"camera": {
					"rotation": {
						"0.0": [0, 0, 0],
						"0.0417": {
							"pre": [0, 0, 4],
							"post": [0, 0, 4],
							"lerp_mode": "catmullrom"
						},
						"0.0833": {
							"post": [0, 0, -1],
							"lerp_mode": "catmullrom"
						},
						"0.125": {
							"post": [2, 0, -1],
							"lerp_mode": "catmullrom"
						},
						"0.1667": {
							"post": [3.99757, 0.13948, -2.99513],
							"lerp_mode": "catmullrom"
						},
						"0.2083": {
							"post": [6.00185, -0.06937, -0.00731],
							"lerp_mode": "catmullrom"
						},
						"0.25": {
							"post": [1.99513, -0.13948, 2.99757],
							"lerp_mode": "catmullrom"
						},
						"0.2917": {
							"post": [2.00458, -0.03516, 0.00183],
							"lerp_mode": "catmullrom"
						},
						"0.3333": {
							"post": [1.999, -0.07489, 0.99939],
							"lerp_mode": "catmullrom"
						},
						"0.375": {
							"post": [2.00092, 0.03475, -1.99817],
							"lerp_mode": "catmullrom"
						},
						"0.4167": {
							"post": [0.00052, 0.03, -1],
							"lerp_mode": "catmullrom"
						},
						"0.4583": {
							"post": [-1, 0.03, -1],
							"lerp_mode": "catmullrom"
						},
						"0.5": {
							"post": [-2.99902, 0.08233, -0.00137],
							"lerp_mode": "catmullrom"
						},
						"0.5833": {
							"post": [-3, 0.08, 0],
							"lerp_mode": "catmullrom"
						},
						"0.6667": {
							"post": [-1, 0.08, 0],
							"lerp_mode": "catmullrom"
						},
						"0.7083": {
							"post": [0, 0.08, 0],
							"lerp_mode": "catmullrom"
						},
						"0.75": {
							"post": [1, 0.08, 0],
							"lerp_mode": "catmullrom"
						},
						"0.8333": [0, 0, 0]
					}
				}
			},
			"sound_effects": {
				"0.0": {
					"effect": "99_wakamo_melee"
				}
			}
		}
	}
}