{
	"format_version": "1.8.0",
	"animations": {
		"static_idle": {
			"animation_length": 0.0417,
			"bones": {
				"root": {
					"rotation": [0, 0, 0],
					"position": [0, 0, 0]
				},
				"camera": {
					"rotation": [0, 0, 0],
					"position": [0, 0, 0]
				},
				"righthand": {
					"rotation": [0, 0, 0],
					"position": [0, 0, 0]
				},
				"lefthand": {
					"rotation": [0, 0, 0],
					"position": [0, 0, 0]
				},
				"constraint": {
					"rotation": [0.2, 0.2, 0.2],
					"position": [0.2, 0.2, 0.2]
				}
			}
		},
		"reload_tactical": {
			"animation_length": 4.7,
			"bones": {
				"root": {
					"rotation": {
						"0.0": [0, 0, 0],
						"0.4167": {
							"pre": [-26.96, -6.29, -5.37],
							"post": [-26.96, -6.29, -5.37],
							"lerp_mode": "catmullrom"
						},
						"0.8333": {
							"post": [-45.14615, -24.30509, -22.26914],
							"lerp_mode": "catmullrom"
						},
						"1.0833": {
							"post": [-45.15, -24.31, -22.27],
							"lerp_mode": "catmullrom"
						},
						"1.1667": [-45.15, -24.31, -22.27],
						"1.2917": [-47.15, -24.31, -22.27],
						"1.4167": {
							"pre": [-45.15, -24.31, -22.27],
							"post": [-45.15, -24.31, -22.27],
							"lerp_mode": "catmullrom"
						},
						"1.5": {
							"post": [-44.99, -24.42, -22.38],
							"lerp_mode": "catmullrom"
						},
						"1.5833": {
							"post": [-45.6486, -23.03734, -20.88416],
							"lerp_mode": "catmullrom"
						},
						"1.7083": {
							"post": [-43.60436, -27.21431, -25.56011],
							"lerp_mode": "catmullrom"
						},
						"1.875": {
							"post": [-45.6486, -23.03734, -20.88416],
							"lerp_mode": "catmullrom"
						},
						"2.0417": {
							"post": [-43.60436, -27.21431, -25.56011],
							"lerp_mode": "catmullrom"
						},
						"2.1667": {
							"post": [-45.6486, -23.03734, -20.88416],
							"lerp_mode": "catmullrom"
						},
						"2.2917": {
							"post": [-43.60436, -27.21431, -25.56011],
							"lerp_mode": "catmullrom"
						},
						"2.4167": {
							"post": [-45.6486, -23.03734, -20.88416],
							"lerp_mode": "catmullrom"
						},
						"2.5417": {
							"post": [-43.60436, -27.21431, -25.56011],
							"lerp_mode": "catmullrom"
						},
						"2.6667": {
							"post": [-45.6486, -23.03734, -20.88416],
							"lerp_mode": "catmullrom"
						},
						"2.7917": {
							"post": [-43.60436, -27.21431, -25.56011],
							"lerp_mode": "catmullrom"
						},
						"2.875": {
							"post": [-45.6486, -23.03734, -20.88416],
							"lerp_mode": "catmullrom"
						},
						"3.0": {
							"post": [-43.60436, -27.21431, -25.56011],
							"lerp_mode": "catmullrom"
						},
						"3.0833": {
							"post": [-45.6486, -23.03734, -20.88416],
							"lerp_mode": "catmullrom"
						},
						"3.1667": {
							"post": [-43.60436, -27.21431, -25.56011],
							"lerp_mode": "catmullrom"
						},
						"3.25": {
							"post": [-45.6486, -23.03734, -20.88416],
							"lerp_mode": "catmullrom"
						},
						"3.3333": {
							"post": [-43.60436, -27.21431, -25.56011],
							"lerp_mode": "catmullrom"
						},
						"3.4167": {
							"post": [-45.6486, -23.03734, -20.88416],
							"lerp_mode": "catmullrom"
						},
						"3.5417": [-45.15, -24.31, -22.27],
						"3.875": {
							"pre": [-26.96, -6.29, -5.37],
							"post": [-26.96, -6.29, -5.37],
							"lerp_mode": "catmullrom"
						},
						"4.1667": {
							"post": [0, 0, 0],
							"lerp_mode": "catmullrom"
						},
						"4.4583": {
							"post": [0, 0, 0],
							"lerp_mode": "catmullrom"
						},
						"4.625": [0, 0, 0]
					},
					"position": {
						"0.0": [0, 0, 0],
						"0.4167": {
							"pre": [-2.2, -4, -1.85],
							"post": [-2.2, -4, -1.85],
							"lerp_mode": "catmullrom"
						},
						"0.8333": {
							"post": [0, 4, -10],
							"lerp_mode": "catmullrom"
						},
						"1.0833": {
							"post": [0, 4, -10],
							"lerp_mode": "catmullrom"
						},
						"1.1667": [0, 4, -10],
						"1.2917": [0, 4, -8.8],
						"1.4167": {
							"pre": [0, 4, -10],
							"post": [0, 4, -10],
							"lerp_mode": "catmullrom"
						},
						"1.5": {
							"post": [0.01, 4.05, -10.92],
							"lerp_mode": "catmullrom"
						},
						"1.5833": {
							"post": [0.01, 4.07, -10.93],
							"lerp_mode": "catmullrom"
						},
						"1.7083": {
							"post": [0.01, 4.05, -10.92],
							"lerp_mode": "catmullrom"
						},
						"1.875": {
							"post": [0.01, 4.07, -10.93],
							"lerp_mode": "catmullrom"
						},
						"2.0417": {
							"post": [0.01, 4.05, -10.92],
							"lerp_mode": "catmullrom"
						},
						"2.1667": {
							"post": [0.01, 4.07, -10.93],
							"lerp_mode": "catmullrom"
						},
						"2.2917": {
							"post": [0.01, 4.05, -10.92],
							"lerp_mode": "catmullrom"
						},
						"2.4167": {
							"post": [0.01, 4.07, -10.93],
							"lerp_mode": "catmullrom"
						},
						"2.5417": {
							"post": [0.01, 4.05, -10.92],
							"lerp_mode": "catmullrom"
						},
						"2.6667": {
							"post": [0.01, 4.07, -10.93],
							"lerp_mode": "catmullrom"
						},
						"2.7917": {
							"post": [0.01, 4.05, -10.92],
							"lerp_mode": "catmullrom"
						},
						"2.875": {
							"post": [0.01, 4.07, -10.93],
							"lerp_mode": "catmullrom"
						},
						"3.0": {
							"post": [0.01, 4.05, -10.92],
							"lerp_mode": "catmullrom"
						},
						"3.0833": {
							"post": [0.01, 4.07, -10.93],
							"lerp_mode": "catmullrom"
						},
						"3.1667": {
							"post": [0.01, 4.05, -10.92],
							"lerp_mode": "catmullrom"
						},
						"3.25": {
							"post": [0.01, 4.07, -10.93],
							"lerp_mode": "catmullrom"
						},
						"3.3333": {
							"post": [0.01, 4.05, -10.92],
							"lerp_mode": "catmullrom"
						},
						"3.4167": {
							"post": [0.01, 4.07, -10.93],
							"lerp_mode": "catmullrom"
						},
						"3.5417": [0, 4, -10],
						"3.875": {
							"pre": [-2.2, -4, -1.85],
							"post": [-2.2, -4, -1.85],
							"lerp_mode": "catmullrom"
						},
						"4.1667": {
							"post": [0, 0, 0],
							"lerp_mode": "catmullrom"
						},
						"4.4583": {
							"post": [0, 0, 0],
							"lerp_mode": "catmullrom"
						},
						"4.625": [0, 0, 0]
					}
				},
				"A": {
					"rotation": {
						"0.9167": {
							"pre": [0, 0, 0],
							"post": [0, 0, 0],
							"lerp_mode": "catmullrom"
						},
						"1.0417": {
							"post": [0, 0, 0],
							"lerp_mode": "catmullrom"
						},
						"1.1667": {
							"post": [0, 0, 0],
							"lerp_mode": "catmullrom"
						},
						"3.3333": [0, 0, 0],
						"3.5": {
							"pre": [0, 0, 0],
							"post": [0, 0, 0],
							"lerp_mode": "catmullrom"
						},
						"3.5833": {
							"post": [0, 0, 0],
							"lerp_mode": "catmullrom"
						},
						"3.7083": [0, 0, 0]
					},
					"position": {
						"0.9167": {
							"pre": [0, 0, 0],
							"post": [0, 0, 0],
							"lerp_mode": "catmullrom"
						},
						"1.0417": {
							"post": [0, 3.5, 0],
							"lerp_mode": "catmullrom"
						},
						"1.1667": {
							"post": [0, 3, 0],
							"lerp_mode": "catmullrom"
						},
						"3.3333": [0, 4.5, 0.6],
						"3.5": {
							"pre": [0, 0, 0],
							"post": [0, 0, 0],
							"lerp_mode": "catmullrom"
						},
						"3.5833": {
							"post": [0, 0, 0],
							"lerp_mode": "catmullrom"
						},
						"3.7083": [0, 0, 0]
					}
				},
				"B": {
					"rotation": {
						"0.9167": {
							"pre": [0, 0, 0],
							"post": [0, 0, 0],
							"lerp_mode": "catmullrom"
						},
						"1.0417": {
							"post": [0, 0, 0],
							"lerp_mode": "catmullrom"
						},
						"1.1667": {
							"post": [0, 0, 0],
							"lerp_mode": "catmullrom"
						},
						"3.3333": [0, 0, 0],
						"3.5": {
							"pre": [0, 0, 0],
							"post": [0, 0, 0],
							"lerp_mode": "catmullrom"
						},
						"3.5833": {
							"post": [0, 0, 0],
							"lerp_mode": "catmullrom"
						},
						"3.7083": [0, 0, 0]
					},
					"position": {
						"0.9167": {
							"pre": [0, 0, 0],
							"post": [0, 0, 0],
							"lerp_mode": "catmullrom"
						},
						"1.0417": {
							"post": [0, -3, 0],
							"lerp_mode": "catmullrom"
						},
						"1.1667": {
							"post": [0, -2.5, 0],
							"lerp_mode": "catmullrom"
						},
						"3.3333": [0, -4, 0.6],
						"3.5": {
							"pre": [0, 0, 0],
							"post": [0, 0, 0],
							"lerp_mode": "catmullrom"
						},
						"3.5833": {
							"post": [0, 0, 0],
							"lerp_mode": "catmullrom"
						},
						"3.7083": [0, 0, 0]
					}
				},
				"H": {
					"rotation": {
						"1.2083": {
							"pre": [0, 0, 0],
							"post": [0, 0, 0],
							"lerp_mode": "catmullrom"
						},
						"1.375": {
							"post": [0, 0, 0],
							"lerp_mode": "catmullrom"
						},
						"1.5417": [0, 0, 0],
						"3.25": [0, 0, 0],
						"3.4583": {
							"pre": [0, 0, 0],
							"post": [0, 0, 0],
							"lerp_mode": "catmullrom"
						},
						"3.5833": {
							"post": [0, 0, 0],
							"lerp_mode": "catmullrom"
						}
					},
					"position": {
						"1.2083": {
							"pre": [0, 0, 0],
							"post": [0, 0, 0],
							"lerp_mode": "catmullrom"
						},
						"1.375": {
							"post": [0, 2.7, 2.1],
							"lerp_mode": "catmullrom"
						},
						"1.5417": [0, 2.2, 1.6],
						"3.25": [0, 2.2, 1.6],
						"3.4583": {
							"pre": [0, 0, 0],
							"post": [0, 0, 0],
							"lerp_mode": "catmullrom"
						},
						"3.5833": {
							"post": [0, 0, 0],
							"lerp_mode": "catmullrom"
						}
					}
				},
				"I": {
					"rotation": {
						"1.2083": {
							"pre": [0, 0, 0],
							"post": [0, 0, 0],
							"lerp_mode": "catmullrom"
						},
						"1.375": {
							"post": [0, 0, 0],
							"lerp_mode": "catmullrom"
						},
						"1.5417": [0, 0, 0],
						"3.25": [0, 0, 0],
						"3.4583": {
							"pre": [0, 0, 0],
							"post": [0, 0, 0],
							"lerp_mode": "catmullrom"
						},
						"3.5833": {
							"post": [0, 0, 0],
							"lerp_mode": "catmullrom"
						}
					},
					"position": {
						"1.2083": {
							"pre": [0, 0, 0],
							"post": [0, 0, 0],
							"lerp_mode": "catmullrom"
						},
						"1.375": {
							"post": [0, 2.7, 2.1],
							"lerp_mode": "catmullrom"
						},
						"1.5417": [0, 2.2, 1.6],
						"3.25": [0, 2.2, 1.6],
						"3.4583": {
							"pre": [0, 0, 0],
							"post": [0, 0, 0],
							"lerp_mode": "catmullrom"
						},
						"3.5833": {
							"post": [0, 0, 0],
							"lerp_mode": "catmullrom"
						}
					}
				},
				"J": {
					"rotation": {
						"1.2083": {
							"pre": [0, 0, 0],
							"post": [0, 0, 0],
							"lerp_mode": "catmullrom"
						},
						"1.375": {
							"post": [0, 0, 0],
							"lerp_mode": "catmullrom"
						},
						"1.5417": {
							"post": [0, 0, 0],
							"lerp_mode": "catmullrom"
						},
						"3.25": [0, 0, 0],
						"3.4583": {
							"pre": [0, 0, 0],
							"post": [0, 0, 0],
							"lerp_mode": "catmullrom"
						},
						"3.5833": {
							"post": [0, 0, 0],
							"lerp_mode": "catmullrom"
						}
					},
					"position": {
						"1.2083": {
							"pre": [0, 0, 0],
							"post": [0, 0, 0],
							"lerp_mode": "catmullrom"
						},
						"1.375": {
							"post": [0, -3, 2.6],
							"lerp_mode": "catmullrom"
						},
						"1.5417": {
							"post": [0, -2.5, 2.1],
							"lerp_mode": "catmullrom"
						},
						"3.25": [0, -2.5, 2.1],
						"3.4583": {
							"pre": [0, 0, 0],
							"post": [0, 0, 0],
							"lerp_mode": "catmullrom"
						},
						"3.5833": {
							"post": [0, 0, 0],
							"lerp_mode": "catmullrom"
						}
					}
				},
				"K": {
					"rotation": {
						"1.2083": {
							"pre": [0, 0, 0],
							"post": [0, 0, 0],
							"lerp_mode": "catmullrom"
						},
						"1.375": {
							"post": [0, 0, 0],
							"lerp_mode": "catmullrom"
						},
						"1.5417": {
							"post": [0, 0, 0],
							"lerp_mode": "catmullrom"
						},
						"3.25": [0, 0, 0],
						"3.4583": {
							"pre": [0, 0, 0],
							"post": [0, 0, 0],
							"lerp_mode": "catmullrom"
						},
						"3.5833": {
							"post": [0, 0, 0],
							"lerp_mode": "catmullrom"
						}
					},
					"position": {
						"1.2083": {
							"pre": [0, 0, 0],
							"post": [0, 0, 0],
							"lerp_mode": "catmullrom"
						},
						"1.375": {
							"post": [0, -3, 2.6],
							"lerp_mode": "catmullrom"
						},
						"1.5417": {
							"post": [0, -2.5, 2.1],
							"lerp_mode": "catmullrom"
						},
						"3.25": [0, -2.5, 2.1],
						"3.4583": {
							"pre": [0, 0, 0],
							"post": [0, 0, 0],
							"lerp_mode": "catmullrom"
						},
						"3.5833": {
							"post": [0, 0, 0],
							"lerp_mode": "catmullrom"
						}
					}
				},
				"spin": {
					"rotation": {
						"0.9167": [0, 0, 0],
						"1.1667": [0, 0, 67.5],
						"1.4583": [0, 0, 197.5],
						"1.9167": [0, 0, 520],
						"2.3333": [0, 0, 1312.5],
						"3.0417": [0, 0, 2377.5],
						"3.375": [0, 0, 2662.5],
						"3.75": [0, 0, 2880]
					}
				},
				"camera": {
					"rotation": {
						"0.0": [0, 0, 0],
						"0.625": [1, 0, 0],
						"1.0833": {
							"pre": [0, 0, 0],
							"post": [0, 0, 0],
							"lerp_mode": "catmullrom"
						},
						"1.1667": {
							"post": [0, 0, 0.3],
							"lerp_mode": "catmullrom"
						},
						"1.25": {
							"post": [0, 0, -0.2],
							"lerp_mode": "catmullrom"
						},
						"1.3333": {
							"post": [0, 0, 0],
							"lerp_mode": "catmullrom"
						},
						"1.4167": {
							"post": [0, 0, -0.5],
							"lerp_mode": "catmullrom"
						},
						"1.5": {
							"post": [0, 0, 0.1],
							"lerp_mode": "catmullrom"
						},
						"1.5833": {
							"post": [0, 0, -0.3],
							"lerp_mode": "catmullrom"
						},
						"1.6667": {
							"post": [0, 0, 0.1],
							"lerp_mode": "catmullrom"
						},
						"1.75": {
							"post": [0, 0, -0.2],
							"lerp_mode": "catmullrom"
						},
						"1.8333": {
							"post": [0, 0, 0.3],
							"lerp_mode": "catmullrom"
						},
						"1.9167": {
							"post": [0, 0, -0.2],
							"lerp_mode": "catmullrom"
						},
						"2.0": {
							"post": [0, 0, 0.2],
							"lerp_mode": "catmullrom"
						},
						"2.0833": {
							"post": [0, 0, -0.4],
							"lerp_mode": "catmullrom"
						},
						"2.1667": {
							"post": [0, 0, 0.2],
							"lerp_mode": "catmullrom"
						},
						"2.25": {
							"post": [0, 0, -0.3],
							"lerp_mode": "catmullrom"
						},
						"2.3333": {
							"post": [0, 0, 0.1],
							"lerp_mode": "catmullrom"
						},
						"2.4167": {
							"post": [0, 0, -0.3],
							"lerp_mode": "catmullrom"
						},
						"2.5": {
							"post": [0, 0, 0.3],
							"lerp_mode": "catmullrom"
						},
						"2.5833": {
							"post": [0, 0, -0.2],
							"lerp_mode": "catmullrom"
						},
						"2.6667": {
							"post": [0, 0, 0.2],
							"lerp_mode": "catmullrom"
						},
						"2.75": {
							"post": [0, 0, -0.1],
							"lerp_mode": "catmullrom"
						},
						"2.8333": {
							"post": [0, 0, 0.4],
							"lerp_mode": "catmullrom"
						},
						"2.9167": {
							"post": [0, 0, -0.2],
							"lerp_mode": "catmullrom"
						},
						"3.0": {
							"post": [0, 0, 0.5],
							"lerp_mode": "catmullrom"
						},
						"3.0833": {
							"post": [0, 0, -0.2],
							"lerp_mode": "catmullrom"
						},
						"3.1667": {
							"post": [0, 0, 0.3],
							"lerp_mode": "catmullrom"
						},
						"3.25": {
							"post": [0, 0, -0.3],
							"lerp_mode": "catmullrom"
						},
						"3.3333": {
							"post": [0, 0, 0.2],
							"lerp_mode": "catmullrom"
						},
						"3.4167": {
							"post": [0, 0, -0.2],
							"lerp_mode": "catmullrom"
						},
						"3.5": {
							"post": [0, 0, 0.2],
							"lerp_mode": "catmullrom"
						},
						"3.5833": {
							"post": [0, 0, -0.3],
							"lerp_mode": "catmullrom"
						},
						"3.6667": {
							"post": [1.135, 0.5, -0.725],
							"lerp_mode": "catmullrom"
						},
						"4.0833": [0, 0, 0]
					}
				}
			},
			"sound_effects": {
				"0.0": {
					"effect": "al1s_reload"
				}
			}
		},
		"reload_empty": {
			"animation_length": 4.7,
			"bones": {
				"root": {
					"rotation": {
						"0.0": [0, 0, 0],
						"0.4167": {
							"pre": [-26.96, -6.29, -5.37],
							"post": [-26.96, -6.29, -5.37],
							"lerp_mode": "catmullrom"
						},
						"0.8333": {
							"post": [-45.14615, -24.30509, -22.26914],
							"lerp_mode": "catmullrom"
						},
						"1.0833": {
							"post": [-45.15, -24.31, -22.27],
							"lerp_mode": "catmullrom"
						},
						"1.1667": [-45.15, -24.31, -22.27],
						"1.2917": [-47.15, -24.31, -22.27],
						"1.4167": {
							"pre": [-45.15, -24.31, -22.27],
							"post": [-45.15, -24.31, -22.27],
							"lerp_mode": "catmullrom"
						},
						"1.5": {
							"post": [-44.99, -24.42, -22.38],
							"lerp_mode": "catmullrom"
						},
						"1.5833": {
							"post": [-45.6486, -23.03734, -20.88416],
							"lerp_mode": "catmullrom"
						},
						"1.7083": {
							"post": [-43.60436, -27.21431, -25.56011],
							"lerp_mode": "catmullrom"
						},
						"1.875": {
							"post": [-45.6486, -23.03734, -20.88416],
							"lerp_mode": "catmullrom"
						},
						"2.0417": {
							"post": [-43.60436, -27.21431, -25.56011],
							"lerp_mode": "catmullrom"
						},
						"2.1667": {
							"post": [-45.6486, -23.03734, -20.88416],
							"lerp_mode": "catmullrom"
						},
						"2.2917": {
							"post": [-43.60436, -27.21431, -25.56011],
							"lerp_mode": "catmullrom"
						},
						"2.4167": {
							"post": [-45.6486, -23.03734, -20.88416],
							"lerp_mode": "catmullrom"
						},
						"2.5417": {
							"post": [-43.60436, -27.21431, -25.56011],
							"lerp_mode": "catmullrom"
						},
						"2.6667": {
							"post": [-45.6486, -23.03734, -20.88416],
							"lerp_mode": "catmullrom"
						},
						"2.7917": {
							"post": [-43.60436, -27.21431, -25.56011],
							"lerp_mode": "catmullrom"
						},
						"2.875": {
							"post": [-45.6486, -23.03734, -20.88416],
							"lerp_mode": "catmullrom"
						},
						"3.0": {
							"post": [-43.60436, -27.21431, -25.56011],
							"lerp_mode": "catmullrom"
						},
						"3.0833": {
							"post": [-45.6486, -23.03734, -20.88416],
							"lerp_mode": "catmullrom"
						},
						"3.1667": {
							"post": [-43.60436, -27.21431, -25.56011],
							"lerp_mode": "catmullrom"
						},
						"3.25": {
							"post": [-45.6486, -23.03734, -20.88416],
							"lerp_mode": "catmullrom"
						},
						"3.3333": {
							"post": [-43.60436, -27.21431, -25.56011],
							"lerp_mode": "catmullrom"
						},
						"3.4167": {
							"post": [-45.6486, -23.03734, -20.88416],
							"lerp_mode": "catmullrom"
						},
						"3.5417": [-45.15, -24.31, -22.27],
						"3.875": {
							"pre": [-26.96, -6.29, -5.37],
							"post": [-26.96, -6.29, -5.37],
							"lerp_mode": "catmullrom"
						},
						"4.1667": {
							"post": [0, 0, 0],
							"lerp_mode": "catmullrom"
						},
						"4.4583": {
							"post": [0, 0, 0],
							"lerp_mode": "catmullrom"
						},
						"4.625": [0, 0, 0]
					},
					"position": {
						"0.0": [0, 0, 0],
						"0.4167": {
							"pre": [-2.2, -4, -1.85],
							"post": [-2.2, -4, -1.85],
							"lerp_mode": "catmullrom"
						},
						"0.8333": {
							"post": [0, 4, -10],
							"lerp_mode": "catmullrom"
						},
						"1.0833": {
							"post": [0, 4, -10],
							"lerp_mode": "catmullrom"
						},
						"1.1667": [0, 4, -10],
						"1.2917": [0, 4, -8.8],
						"1.4167": {
							"pre": [0, 4, -10],
							"post": [0, 4, -10],
							"lerp_mode": "catmullrom"
						},
						"1.5": {
							"post": [0.01, 4.05, -10.92],
							"lerp_mode": "catmullrom"
						},
						"1.5833": {
							"post": [0.01, 4.07, -10.93],
							"lerp_mode": "catmullrom"
						},
						"1.7083": {
							"post": [0.01, 4.05, -10.92],
							"lerp_mode": "catmullrom"
						},
						"1.875": {
							"post": [0.01, 4.07, -10.93],
							"lerp_mode": "catmullrom"
						},
						"2.0417": {
							"post": [0.01, 4.05, -10.92],
							"lerp_mode": "catmullrom"
						},
						"2.1667": {
							"post": [0.01, 4.07, -10.93],
							"lerp_mode": "catmullrom"
						},
						"2.2917": {
							"post": [0.01, 4.05, -10.92],
							"lerp_mode": "catmullrom"
						},
						"2.4167": {
							"post": [0.01, 4.07, -10.93],
							"lerp_mode": "catmullrom"
						},
						"2.5417": {
							"post": [0.01, 4.05, -10.92],
							"lerp_mode": "catmullrom"
						},
						"2.6667": {
							"post": [0.01, 4.07, -10.93],
							"lerp_mode": "catmullrom"
						},
						"2.7917": {
							"post": [0.01, 4.05, -10.92],
							"lerp_mode": "catmullrom"
						},
						"2.875": {
							"post": [0.01, 4.07, -10.93],
							"lerp_mode": "catmullrom"
						},
						"3.0": {
							"post": [0.01, 4.05, -10.92],
							"lerp_mode": "catmullrom"
						},
						"3.0833": {
							"post": [0.01, 4.07, -10.93],
							"lerp_mode": "catmullrom"
						},
						"3.1667": {
							"post": [0.01, 4.05, -10.92],
							"lerp_mode": "catmullrom"
						},
						"3.25": {
							"post": [0.01, 4.07, -10.93],
							"lerp_mode": "catmullrom"
						},
						"3.3333": {
							"post": [0.01, 4.05, -10.92],
							"lerp_mode": "catmullrom"
						},
						"3.4167": {
							"post": [0.01, 4.07, -10.93],
							"lerp_mode": "catmullrom"
						},
						"3.5417": [0, 4, -10],
						"3.875": {
							"pre": [-2.2, -4, -1.85],
							"post": [-2.2, -4, -1.85],
							"lerp_mode": "catmullrom"
						},
						"4.1667": {
							"post": [0, 0, 0],
							"lerp_mode": "catmullrom"
						},
						"4.4583": {
							"post": [0, 0, 0],
							"lerp_mode": "catmullrom"
						},
						"4.625": [0, 0, 0]
					}
				},
				"A": {
					"rotation": {
						"0.9167": {
							"pre": [0, 0, 0],
							"post": [0, 0, 0],
							"lerp_mode": "catmullrom"
						},
						"1.0417": {
							"post": [0, 0, 0],
							"lerp_mode": "catmullrom"
						},
						"1.1667": {
							"post": [0, 0, 0],
							"lerp_mode": "catmullrom"
						},
						"3.3333": [0, 0, 0],
						"3.5": {
							"pre": [0, 0, 0],
							"post": [0, 0, 0],
							"lerp_mode": "catmullrom"
						},
						"3.5833": {
							"post": [0, 0, 0],
							"lerp_mode": "catmullrom"
						},
						"3.7083": [0, 0, 0]
					},
					"position": {
						"0.9167": {
							"pre": [0, 0, 0],
							"post": [0, 0, 0],
							"lerp_mode": "catmullrom"
						},
						"1.0417": {
							"post": [0, 3.5, 0],
							"lerp_mode": "catmullrom"
						},
						"1.1667": {
							"post": [0, 3, 0],
							"lerp_mode": "catmullrom"
						},
						"3.3333": [0, 4.5, 0.6],
						"3.5": {
							"pre": [0, 0, 0],
							"post": [0, 0, 0],
							"lerp_mode": "catmullrom"
						},
						"3.5833": {
							"post": [0, 0, 0],
							"lerp_mode": "catmullrom"
						},
						"3.7083": [0, 0, 0]
					}
				},
				"B": {
					"rotation": {
						"0.9167": {
							"pre": [0, 0, 0],
							"post": [0, 0, 0],
							"lerp_mode": "catmullrom"
						},
						"1.0417": {
							"post": [0, 0, 0],
							"lerp_mode": "catmullrom"
						},
						"1.1667": {
							"post": [0, 0, 0],
							"lerp_mode": "catmullrom"
						},
						"3.3333": [0, 0, 0],
						"3.5": {
							"pre": [0, 0, 0],
							"post": [0, 0, 0],
							"lerp_mode": "catmullrom"
						},
						"3.5833": {
							"post": [0, 0, 0],
							"lerp_mode": "catmullrom"
						},
						"3.7083": [0, 0, 0]
					},
					"position": {
						"0.9167": {
							"pre": [0, 0, 0],
							"post": [0, 0, 0],
							"lerp_mode": "catmullrom"
						},
						"1.0417": {
							"post": [0, -3, 0],
							"lerp_mode": "catmullrom"
						},
						"1.1667": {
							"post": [0, -2.5, 0],
							"lerp_mode": "catmullrom"
						},
						"3.3333": [0, -4, 0.6],
						"3.5": {
							"pre": [0, 0, 0],
							"post": [0, 0, 0],
							"lerp_mode": "catmullrom"
						},
						"3.5833": {
							"post": [0, 0, 0],
							"lerp_mode": "catmullrom"
						},
						"3.7083": [0, 0, 0]
					}
				},
				"H": {
					"rotation": {
						"1.2083": {
							"pre": [0, 0, 0],
							"post": [0, 0, 0],
							"lerp_mode": "catmullrom"
						},
						"1.375": {
							"post": [0, 0, 0],
							"lerp_mode": "catmullrom"
						},
						"1.5417": [0, 0, 0],
						"3.25": [0, 0, 0],
						"3.4583": {
							"pre": [0, 0, 0],
							"post": [0, 0, 0],
							"lerp_mode": "catmullrom"
						},
						"3.5833": {
							"post": [0, 0, 0],
							"lerp_mode": "catmullrom"
						}
					},
					"position": {
						"1.2083": {
							"pre": [0, 0, 0],
							"post": [0, 0, 0],
							"lerp_mode": "catmullrom"
						},
						"1.375": {
							"post": [0, 2.7, 2.1],
							"lerp_mode": "catmullrom"
						},
						"1.5417": [0, 2.2, 1.6],
						"3.25": [0, 2.2, 1.6],
						"3.4583": {
							"pre": [0, 0, 0],
							"post": [0, 0, 0],
							"lerp_mode": "catmullrom"
						},
						"3.5833": {
							"post": [0, 0, 0],
							"lerp_mode": "catmullrom"
						}
					}
				},
				"I": {
					"rotation": {
						"1.2083": {
							"pre": [0, 0, 0],
							"post": [0, 0, 0],
							"lerp_mode": "catmullrom"
						},
						"1.375": {
							"post": [0, 0, 0],
							"lerp_mode": "catmullrom"
						},
						"1.5417": [0, 0, 0],
						"3.25": [0, 0, 0],
						"3.4583": {
							"pre": [0, 0, 0],
							"post": [0, 0, 0],
							"lerp_mode": "catmullrom"
						},
						"3.5833": {
							"post": [0, 0, 0],
							"lerp_mode": "catmullrom"
						}
					},
					"position": {
						"1.2083": {
							"pre": [0, 0, 0],
							"post": [0, 0, 0],
							"lerp_mode": "catmullrom"
						},
						"1.375": {
							"post": [0, 2.7, 2.1],
							"lerp_mode": "catmullrom"
						},
						"1.5417": [0, 2.2, 1.6],
						"3.25": [0, 2.2, 1.6],
						"3.4583": {
							"pre": [0, 0, 0],
							"post": [0, 0, 0],
							"lerp_mode": "catmullrom"
						},
						"3.5833": {
							"post": [0, 0, 0],
							"lerp_mode": "catmullrom"
						}
					}
				},
				"J": {
					"rotation": {
						"1.2083": {
							"pre": [0, 0, 0],
							"post": [0, 0, 0],
							"lerp_mode": "catmullrom"
						},
						"1.375": {
							"post": [0, 0, 0],
							"lerp_mode": "catmullrom"
						},
						"1.5417": {
							"post": [0, 0, 0],
							"lerp_mode": "catmullrom"
						},
						"3.25": [0, 0, 0],
						"3.4583": {
							"pre": [0, 0, 0],
							"post": [0, 0, 0],
							"lerp_mode": "catmullrom"
						},
						"3.5833": {
							"post": [0, 0, 0],
							"lerp_mode": "catmullrom"
						}
					},
					"position": {
						"1.2083": {
							"pre": [0, 0, 0],
							"post": [0, 0, 0],
							"lerp_mode": "catmullrom"
						},
						"1.375": {
							"post": [0, -3, 2.6],
							"lerp_mode": "catmullrom"
						},
						"1.5417": {
							"post": [0, -2.5, 2.1],
							"lerp_mode": "catmullrom"
						},
						"3.25": [0, -2.5, 2.1],
						"3.4583": {
							"pre": [0, 0, 0],
							"post": [0, 0, 0],
							"lerp_mode": "catmullrom"
						},
						"3.5833": {
							"post": [0, 0, 0],
							"lerp_mode": "catmullrom"
						}
					}
				},
				"K": {
					"rotation": {
						"1.2083": {
							"pre": [0, 0, 0],
							"post": [0, 0, 0],
							"lerp_mode": "catmullrom"
						},
						"1.375": {
							"post": [0, 0, 0],
							"lerp_mode": "catmullrom"
						},
						"1.5417": {
							"post": [0, 0, 0],
							"lerp_mode": "catmullrom"
						},
						"3.25": [0, 0, 0],
						"3.4583": {
							"pre": [0, 0, 0],
							"post": [0, 0, 0],
							"lerp_mode": "catmullrom"
						},
						"3.5833": {
							"post": [0, 0, 0],
							"lerp_mode": "catmullrom"
						}
					},
					"position": {
						"1.2083": {
							"pre": [0, 0, 0],
							"post": [0, 0, 0],
							"lerp_mode": "catmullrom"
						},
						"1.375": {
							"post": [0, -3, 2.6],
							"lerp_mode": "catmullrom"
						},
						"1.5417": {
							"post": [0, -2.5, 2.1],
							"lerp_mode": "catmullrom"
						},
						"3.25": [0, -2.5, 2.1],
						"3.4583": {
							"pre": [0, 0, 0],
							"post": [0, 0, 0],
							"lerp_mode": "catmullrom"
						},
						"3.5833": {
							"post": [0, 0, 0],
							"lerp_mode": "catmullrom"
						}
					}
				},
				"spin": {
					"rotation": {
						"0.9167": [0, 0, 0],
						"1.1667": [0, 0, 67.5],
						"1.4583": [0, 0, 197.5],
						"1.9167": [0, 0, 520],
						"2.3333": [0, 0, 1312.5],
						"3.0417": [0, 0, 2377.5],
						"3.375": [0, 0, 2662.5],
						"3.75": [0, 0, 2880]
					}
				},
				"camera": {
					"rotation": {
						"0.0": [0, 0, 0],
						"0.625": [1, 0, 0],
						"1.0833": {
							"pre": [0, 0, 0],
							"post": [0, 0, 0],
							"lerp_mode": "catmullrom"
						},
						"1.1667": {
							"post": [0, 0, 0.3],
							"lerp_mode": "catmullrom"
						},
						"1.25": {
							"post": [0, 0, -0.2],
							"lerp_mode": "catmullrom"
						},
						"1.3333": {
							"post": [0, 0, 0],
							"lerp_mode": "catmullrom"
						},
						"1.4167": {
							"post": [0, 0, -0.5],
							"lerp_mode": "catmullrom"
						},
						"1.5": {
							"post": [0, 0, 0.1],
							"lerp_mode": "catmullrom"
						},
						"1.5833": {
							"post": [0, 0, -0.3],
							"lerp_mode": "catmullrom"
						},
						"1.6667": {
							"post": [0, 0, 0.1],
							"lerp_mode": "catmullrom"
						},
						"1.75": {
							"post": [0, 0, -0.2],
							"lerp_mode": "catmullrom"
						},
						"1.8333": {
							"post": [0, 0, 0.3],
							"lerp_mode": "catmullrom"
						},
						"1.9167": {
							"post": [0, 0, -0.2],
							"lerp_mode": "catmullrom"
						},
						"2.0": {
							"post": [0, 0, 0.2],
							"lerp_mode": "catmullrom"
						},
						"2.0833": {
							"post": [0, 0, -0.4],
							"lerp_mode": "catmullrom"
						},
						"2.1667": {
							"post": [0, 0, 0.2],
							"lerp_mode": "catmullrom"
						},
						"2.25": {
							"post": [0, 0, -0.3],
							"lerp_mode": "catmullrom"
						},
						"2.3333": {
							"post": [0, 0, 0.1],
							"lerp_mode": "catmullrom"
						},
						"2.4167": {
							"post": [0, 0, -0.3],
							"lerp_mode": "catmullrom"
						},
						"2.5": {
							"post": [0, 0, 0.3],
							"lerp_mode": "catmullrom"
						},
						"2.5833": {
							"post": [0, 0, -0.2],
							"lerp_mode": "catmullrom"
						},
						"2.6667": {
							"post": [0, 0, 0.2],
							"lerp_mode": "catmullrom"
						},
						"2.75": {
							"post": [0, 0, -0.1],
							"lerp_mode": "catmullrom"
						},
						"2.8333": {
							"post": [0, 0, 0.4],
							"lerp_mode": "catmullrom"
						},
						"2.9167": {
							"post": [0, 0, -0.2],
							"lerp_mode": "catmullrom"
						},
						"3.0": {
							"post": [0, 0, 0.5],
							"lerp_mode": "catmullrom"
						},
						"3.0833": {
							"post": [0, 0, -0.2],
							"lerp_mode": "catmullrom"
						},
						"3.1667": {
							"post": [0, 0, 0.3],
							"lerp_mode": "catmullrom"
						},
						"3.25": {
							"post": [0, 0, -0.3],
							"lerp_mode": "catmullrom"
						},
						"3.3333": {
							"post": [0, 0, 0.2],
							"lerp_mode": "catmullrom"
						},
						"3.4167": {
							"post": [0, 0, -0.2],
							"lerp_mode": "catmullrom"
						},
						"3.5": {
							"post": [0, 0, 0.2],
							"lerp_mode": "catmullrom"
						},
						"3.5833": {
							"post": [0, 0, -0.3],
							"lerp_mode": "catmullrom"
						},
						"3.6667": {
							"post": [1.135, 0.5, -0.725],
							"lerp_mode": "catmullrom"
						},
						"4.0833": [0, 0, 0]
					}
				}
			},
			"sound_effects": {
				"0.0": {
					"effect": "al1s_reload"
				}
			}
		},
		"shoot": {
			"animation_length": 1.25,
			"bones": {
				"root": {
					"rotation": {
						"0.0": [0, 0, 0],
						"0.0833": [1.24, 3.15, -7],
						"0.1667": [-12.04, 3.14, -1.92],
						"0.2083": [-11.21, 2.63, -3.21],
						"0.25": [-9.86, 2.35, -3.19],
						"0.2917": [-9, 2.29, -4.46],
						"0.3333": [-7.38, 2.05, -4.95],
						"0.375": [-5.5, 1.57, -4.09],
						"0.4167": [-3.03, 0.89, -2.63],
						"0.4583": [-0.65, 0.24, -1.1],
						"0.5": [0.93, -0.17, -0.01],
						"0.5417": [1.36, -0.25, 0.39],
						"0.5833": [1.28, -0.17, 0.58],
						"0.625": [0.92, -0.02, 0.61],
						"0.6667": [0.5, 0.14, 0.56],
						"0.7083": [0.25, 0.23, 0.5],
						"0.75": [0.18, 0.22, 0.39],
						"0.7917": [0.13, 0.18, 0.17],
						"0.8333": [0.09, 0.12, -0.08],
						"0.875": [0, 0, 0]
					},
					"position": {
						"0.0": [0, 0, 0],
						"0.0833": [0, -0.75, 4],
						"0.1667": [-0.07, 0.64, 0.34],
						"0.2083": [-0.12, 0.83, 0.93],
						"0.25": [-0.12, 0.87, 0.98],
						"0.2917": [-0.1, 0.84, 0.96],
						"0.3333": [-0.07, 0.74, 0.92],
						"0.375": [-0.05, 0.53, 0.89],
						"0.4167": [-0.02, 0.26, 0.85],
						"0.4583": [0, 0.03, 0.79],
						"0.5": [0.01, -0.12, 0.71],
						"0.5417": [0, -0.22, 0.6],
						"0.5833": [0, -0.28, 0.48],
						"0.625": [0, -0.27, 0.32],
						"0.6667": [0, -0.21, 0.14],
						"0.7083": [0, -0.15, 0.03],
						"0.75": [0.01, -0.11, 0.01],
						"0.7917": [0.02, -0.07, 0.04],
						"0.8333": [0.03, -0.04, 0.08],
						"0.875": [0, 0, 0]
					}
				},
				"A": {
					"rotation": {
						"0.0": [0, 0, 0],
						"0.0417": {
							"pre": [0, 0, 0],
							"post": [0, 0, 0],
							"lerp_mode": "catmullrom"
						},
						"0.125": {
							"post": [0, 0, 0],
							"lerp_mode": "catmullrom"
						},
						"0.8333": [0, 0, 0],
						"1.0": {
							"pre": [0, 0, 0],
							"post": [0, 0, 0],
							"lerp_mode": "catmullrom"
						},
						"1.0833": {
							"post": [0, 0, 0],
							"lerp_mode": "catmullrom"
						},
						"1.2083": [0, 0, 0]
					},
					"position": {
						"0.0": [0, 0, 0],
						"0.0417": {
							"pre": [0, 3.5, 0],
							"post": [0, 3.5, 0],
							"lerp_mode": "catmullrom"
						},
						"0.125": {
							"post": [0, 3, 0],
							"lerp_mode": "catmullrom"
						},
						"0.8333": [0, 4.5, 0.6],
						"1.0": {
							"pre": [0, 0, 0],
							"post": [0, 0, 0],
							"lerp_mode": "catmullrom"
						},
						"1.0833": {
							"post": [0, 0, 0],
							"lerp_mode": "catmullrom"
						},
						"1.2083": [0, 0, 0]
					}
				},
				"H": {
					"rotation": {
						"0.0": {
							"post": [0, 0, 0],
							"lerp_mode": "catmullrom"
						},
						"0.0833": {
							"post": [0, 0, 0],
							"lerp_mode": "catmullrom"
						},
						"0.8333": [0, 0, 0],
						"1.0417": {
							"pre": [0, 0, 0],
							"post": [0, 0, 0],
							"lerp_mode": "catmullrom"
						},
						"1.1667": {
							"post": [0, 0, 0],
							"lerp_mode": "catmullrom"
						}
					},
					"position": {
						"0.0": {
							"post": [0, 0, 0],
							"lerp_mode": "catmullrom"
						},
						"0.0833": {
							"post": [0, 2.7, 2.1],
							"lerp_mode": "catmullrom"
						},
						"0.8333": [0, 2.2, 1.6],
						"1.0417": {
							"pre": [0, 0, 0],
							"post": [0, 0, 0],
							"lerp_mode": "catmullrom"
						},
						"1.1667": {
							"post": [0, 0, 0],
							"lerp_mode": "catmullrom"
						}
					}
				},
				"I": {
					"rotation": {
						"0.0": {
							"post": [0, 0, 0],
							"lerp_mode": "catmullrom"
						},
						"0.0833": {
							"post": [0, 0, 0],
							"lerp_mode": "catmullrom"
						},
						"0.8333": [0, 0, 0],
						"1.0417": {
							"pre": [0, 0, 0],
							"post": [0, 0, 0],
							"lerp_mode": "catmullrom"
						},
						"1.1667": {
							"post": [0, 0, 0],
							"lerp_mode": "catmullrom"
						}
					},
					"position": {
						"0.0": {
							"post": [0, 0, 0],
							"lerp_mode": "catmullrom"
						},
						"0.0833": {
							"post": [0, 2.7, 2.1],
							"lerp_mode": "catmullrom"
						},
						"0.8333": [0, 2.2, 1.6],
						"1.0417": {
							"pre": [0, 0, 0],
							"post": [0, 0, 0],
							"lerp_mode": "catmullrom"
						},
						"1.1667": {
							"post": [0, 0, 0],
							"lerp_mode": "catmullrom"
						}
					}
				},
				"B": {
					"rotation": {
						"0.0": [0, 0, 0],
						"0.0417": {
							"pre": [0, 0, 0],
							"post": [0, 0, 0],
							"lerp_mode": "catmullrom"
						},
						"0.125": {
							"post": [0, 0, 0],
							"lerp_mode": "catmullrom"
						},
						"0.8333": [0, 0, 0],
						"1.0": {
							"pre": [0, 0, 0],
							"post": [0, 0, 0],
							"lerp_mode": "catmullrom"
						},
						"1.0833": {
							"post": [0, 0, 0],
							"lerp_mode": "catmullrom"
						},
						"1.2083": [0, 0, 0]
					},
					"position": {
						"0.0": [0, 0, 0],
						"0.0417": {
							"pre": [0, -3, 0],
							"post": [0, -3, 0],
							"lerp_mode": "catmullrom"
						},
						"0.125": {
							"post": [0, -2.5, 0],
							"lerp_mode": "catmullrom"
						},
						"0.8333": [0, -4, 0.6],
						"1.0": {
							"pre": [0, 0, 0],
							"post": [0, 0, 0],
							"lerp_mode": "catmullrom"
						},
						"1.0833": {
							"post": [0, 0, 0],
							"lerp_mode": "catmullrom"
						},
						"1.2083": [0, 0, 0]
					}
				},
				"J": {
					"rotation": {
						"0.0": {
							"post": [0, 0, 0],
							"lerp_mode": "catmullrom"
						},
						"0.0833": {
							"post": [0, 0, 0],
							"lerp_mode": "catmullrom"
						},
						"0.8333": [0, 0, 0],
						"1.0417": {
							"pre": [0, 0, 0],
							"post": [0, 0, 0],
							"lerp_mode": "catmullrom"
						},
						"1.1667": {
							"post": [0, 0, 0],
							"lerp_mode": "catmullrom"
						}
					},
					"position": {
						"0.0": {
							"post": [0, 0, 0],
							"lerp_mode": "catmullrom"
						},
						"0.0833": {
							"post": [0, -3, 2.6],
							"lerp_mode": "catmullrom"
						},
						"0.8333": [0, -2.5, 2.1],
						"1.0417": {
							"pre": [0, 0, 0],
							"post": [0, 0, 0],
							"lerp_mode": "catmullrom"
						},
						"1.1667": {
							"post": [0, 0, 0],
							"lerp_mode": "catmullrom"
						}
					}
				},
				"K": {
					"rotation": {
						"0.0": {
							"post": [0, 0, 0],
							"lerp_mode": "catmullrom"
						},
						"0.0833": {
							"post": [0, 0, 0],
							"lerp_mode": "catmullrom"
						},
						"0.8333": [0, 0, 0],
						"1.0417": {
							"pre": [0, 0, 0],
							"post": [0, 0, 0],
							"lerp_mode": "catmullrom"
						},
						"1.1667": {
							"post": [0, 0, 0],
							"lerp_mode": "catmullrom"
						}
					},
					"position": {
						"0.0": {
							"post": [0, 0, 0],
							"lerp_mode": "catmullrom"
						},
						"0.0833": {
							"post": [0, -3, 2.6],
							"lerp_mode": "catmullrom"
						},
						"0.8333": [0, -2.5, 2.1],
						"1.0417": {
							"pre": [0, 0, 0],
							"post": [0, 0, 0],
							"lerp_mode": "catmullrom"
						},
						"1.1667": {
							"post": [0, 0, 0],
							"lerp_mode": "catmullrom"
						}
					}
				},
				"spin": {
					"rotation": {
						"0.0": [0, 0, 0],
						"1.0": [0, 0, 712.5]
					}
				},
				"camera": {
					"rotation": {
						"0.0": {
							"post": [0, 0, 0],
							"lerp_mode": "catmullrom"
						},
						"0.0417": {
							"post": [0, 0, 3.4],
							"lerp_mode": "catmullrom"
						},
						"0.0833": {
							"post": [0, 0, 2.445],
							"lerp_mode": "catmullrom"
						},
						"0.1667": {
							"post": [0, 0, -2.055],
							"lerp_mode": "catmullrom"
						},
						"0.25": {
							"post": [0, 0, 1.37],
							"lerp_mode": "catmullrom"
						},
						"0.2917": {
							"post": [0, 0, -0.85],
							"lerp_mode": "catmullrom"
						},
						"0.375": {
							"post": [0, 0, 0.525],
							"lerp_mode": "catmullrom"
						},
						"0.4167": {
							"post": [0, 0, -0.125],
							"lerp_mode": "catmullrom"
						},
						"0.5417": {
							"post": [0, 0, 0],
							"lerp_mode": "catmullrom"
						}
					}
				}
			},
			"sound_effects": {
				"0.0": {
					"effect": "al1s_shoot"
				}
			}
		},
		"inspect": {
			"animation_length": 7.9,
			"bones": {
				"root": {
					"rotation": {
						"0.0": [0, 0, 0],
						"0.4167": {
							"pre": [-26.96, -6.29, -5.37],
							"post": [-26.96, -6.29, -5.37],
							"lerp_mode": "catmullrom"
						},
						"0.8333": {
							"post": [-45.14615, -24.30509, -22.26914],
							"lerp_mode": "catmullrom"
						},
						"1.0417": {
							"post": [-45.15, -24.31, -22.27],
							"lerp_mode": "catmullrom"
						},
						"1.75": {
							"post": [-45.15, -24.31, -22.27],
							"lerp_mode": "catmullrom"
						},
						"2.3333": {
							"post": [-40.36824, -32.48018, -32.27998],
							"lerp_mode": "catmullrom"
						},
						"3.4167": {
							"post": [-40.36824, -32.48018, -32.27998],
							"lerp_mode": "catmullrom"
						},
						"3.9167": [-45.15, -24.31, -22.27],
						"4.0833": [-47.15, -24.31, -22.27],
						"4.2917": {
							"pre": [-45.15, -24.31, -22.27],
							"post": [-45.15, -24.31, -22.27],
							"lerp_mode": "catmullrom"
						},
						"4.375": {
							"post": [-44.99, -24.42, -22.38],
							"lerp_mode": "catmullrom"
						},
						"4.5417": {
							"post": [-44.99, -24.42, -22.38],
							"lerp_mode": "catmullrom"
						},
						"4.8333": {
							"post": [-42.46307, -29.30464, -28.08829],
							"lerp_mode": "catmullrom"
						},
						"5.2083": {
							"post": [-46.35, -34.04, -24.82],
							"lerp_mode": "catmullrom"
						},
						"5.7083": {
							"post": [-50.04646, -45.70779, -21.46885],
							"lerp_mode": "catmullrom"
						},
						"6.5417": {
							"post": [-50.05, -45.71, -21.47],
							"lerp_mode": "catmullrom"
						},
						"7.0": {
							"post": [-26.96, -6.29, -5.37],
							"lerp_mode": "catmullrom"
						},
						"7.4167": {
							"post": [0, 0, 0],
							"lerp_mode": "catmullrom"
						},
						"7.8333": {
							"post": [0, 0, 0],
							"lerp_mode": "catmullrom"
						}
					},
					"position": {
						"0.0": [0, 0, 0],
						"0.4167": {
							"pre": [-2.2, -4, -1.85],
							"post": [-2.2, -4, -1.85],
							"lerp_mode": "catmullrom"
						},
						"0.8333": {
							"post": [4, 2, -10],
							"lerp_mode": "catmullrom"
						},
						"1.0417": {
							"post": [4, 2, -10],
							"lerp_mode": "catmullrom"
						},
						"1.75": {
							"post": [4, 2, -10],
							"lerp_mode": "catmullrom"
						},
						"2.3333": {
							"post": [7.2, 2, -12],
							"lerp_mode": "catmullrom"
						},
						"3.4167": {
							"post": [8.2, 2, -12],
							"lerp_mode": "catmullrom"
						},
						"3.9167": [5, 2, -10],
						"4.0833": [5, 2, -8.8],
						"4.2917": {
							"pre": [5, 2, -10],
							"post": [5, 2, -10],
							"lerp_mode": "catmullrom"
						},
						"4.4583": {
							"post": [5.01, 2.05, -10.92],
							"lerp_mode": "catmullrom"
						},
						"4.625": {
							"post": [5.01, 2.05, -10.92],
							"lerp_mode": "catmullrom"
						},
						"4.7917": {
							"post": [5.01, 2.07, -10.93],
							"lerp_mode": "catmullrom"
						},
						"5.1667": {
							"post": [5.01, 2.07, -10.93],
							"lerp_mode": "catmullrom"
						},
						"5.7083": {
							"post": [4.01, 2.57, -11.63],
							"lerp_mode": "catmullrom"
						},
						"6.5417": {
							"post": [4.01, 2.57, -11.63],
							"lerp_mode": "catmullrom"
						},
						"7.0": {
							"post": [-2.2, -4, -1.85],
							"lerp_mode": "catmullrom"
						},
						"7.4167": {
							"post": [0, 0, 0],
							"lerp_mode": "catmullrom"
						},
						"7.8333": {
							"post": [0, 0, 0],
							"lerp_mode": "catmullrom"
						}
					}
				},
				"A": {
					"rotation": {
						"3.9583": {
							"pre": [0, 0, 0],
							"post": [0, 0, 0],
							"lerp_mode": "catmullrom"
						},
						"4.0833": {
							"post": [0, 0, 0],
							"lerp_mode": "catmullrom"
						},
						"4.2083": {
							"post": [0, 0, 0],
							"lerp_mode": "catmullrom"
						},
						"6.4167": [0, 0, 0],
						"6.5833": {
							"pre": [0, 0, 0],
							"post": [0, 0, 0],
							"lerp_mode": "catmullrom"
						},
						"6.6667": {
							"post": [0, 0, 0],
							"lerp_mode": "catmullrom"
						},
						"6.7917": [0, 0, 0]
					},
					"position": {
						"3.9583": {
							"pre": [0, 0, 0],
							"post": [0, 0, 0],
							"lerp_mode": "catmullrom"
						},
						"4.0833": {
							"post": [0, 3.5, 0],
							"lerp_mode": "catmullrom"
						},
						"4.2083": {
							"post": [0, 3, 0],
							"lerp_mode": "catmullrom"
						},
						"6.4167": [0, 4.5, 0.6],
						"6.5833": {
							"pre": [0, 0, 0],
							"post": [0, 0, 0],
							"lerp_mode": "catmullrom"
						},
						"6.6667": {
							"post": [0, 0, 0],
							"lerp_mode": "catmullrom"
						},
						"6.7917": [0, 0, 0]
					}
				},
				"H": {
					"rotation": {
						"4.25": {
							"pre": [0, 0, 0],
							"post": [0, 0, 0],
							"lerp_mode": "catmullrom"
						},
						"4.4167": {
							"post": [0, 0, 0],
							"lerp_mode": "catmullrom"
						},
						"4.5833": [0, 0, 0],
						"6.3333": [0, 0, 0],
						"6.5417": {
							"pre": [0, 0, 0],
							"post": [0, 0, 0],
							"lerp_mode": "catmullrom"
						},
						"6.6667": {
							"post": [0, 0, 0],
							"lerp_mode": "catmullrom"
						}
					},
					"position": {
						"4.25": {
							"pre": [0, 0, 0],
							"post": [0, 0, 0],
							"lerp_mode": "catmullrom"
						},
						"4.4167": {
							"post": [0, 2.7, 2.1],
							"lerp_mode": "catmullrom"
						},
						"4.5833": [0, 2.2, 1.6],
						"6.3333": [0, 2.2, 1.6],
						"6.5417": {
							"pre": [0, 0, 0],
							"post": [0, 0, 0],
							"lerp_mode": "catmullrom"
						},
						"6.6667": {
							"post": [0, 0, 0],
							"lerp_mode": "catmullrom"
						}
					}
				},
				"I": {
					"rotation": {
						"4.25": {
							"pre": [0, 0, 0],
							"post": [0, 0, 0],
							"lerp_mode": "catmullrom"
						},
						"4.4167": {
							"post": [0, 0, 0],
							"lerp_mode": "catmullrom"
						},
						"4.5833": [0, 0, 0],
						"6.3333": [0, 0, 0],
						"6.5417": {
							"pre": [0, 0, 0],
							"post": [0, 0, 0],
							"lerp_mode": "catmullrom"
						},
						"6.6667": {
							"post": [0, 0, 0],
							"lerp_mode": "catmullrom"
						}
					},
					"position": {
						"4.25": {
							"pre": [0, 0, 0],
							"post": [0, 0, 0],
							"lerp_mode": "catmullrom"
						},
						"4.4167": {
							"post": [0, 2.7, 2.1],
							"lerp_mode": "catmullrom"
						},
						"4.5833": [0, 2.2, 1.6],
						"6.3333": [0, 2.2, 1.6],
						"6.5417": {
							"pre": [0, 0, 0],
							"post": [0, 0, 0],
							"lerp_mode": "catmullrom"
						},
						"6.6667": {
							"post": [0, 0, 0],
							"lerp_mode": "catmullrom"
						}
					}
				},
				"B": {
					"rotation": {
						"3.9583": {
							"pre": [0, 0, 0],
							"post": [0, 0, 0],
							"lerp_mode": "catmullrom"
						},
						"4.0833": {
							"post": [0, 0, 0],
							"lerp_mode": "catmullrom"
						},
						"4.2083": {
							"post": [0, 0, 0],
							"lerp_mode": "catmullrom"
						},
						"6.4167": [0, 0, 0],
						"6.5833": {
							"pre": [0, 0, 0],
							"post": [0, 0, 0],
							"lerp_mode": "catmullrom"
						},
						"6.6667": {
							"post": [0, 0, 0],
							"lerp_mode": "catmullrom"
						},
						"6.7917": [0, 0, 0]
					},
					"position": {
						"3.9583": {
							"pre": [0, 0, 0],
							"post": [0, 0, 0],
							"lerp_mode": "catmullrom"
						},
						"4.0833": {
							"post": [0, -3, 0],
							"lerp_mode": "catmullrom"
						},
						"4.2083": {
							"post": [0, -2.5, 0],
							"lerp_mode": "catmullrom"
						},
						"6.4167": [0, -4, 0.6],
						"6.5833": {
							"pre": [0, 0, 0],
							"post": [0, 0, 0],
							"lerp_mode": "catmullrom"
						},
						"6.6667": {
							"post": [0, 0, 0],
							"lerp_mode": "catmullrom"
						},
						"6.7917": [0, 0, 0]
					}
				},
				"J": {
					"rotation": {
						"4.25": {
							"pre": [0, 0, 0],
							"post": [0, 0, 0],
							"lerp_mode": "catmullrom"
						},
						"4.4167": {
							"post": [0, 0, 0],
							"lerp_mode": "catmullrom"
						},
						"4.5833": {
							"post": [0, 0, 0],
							"lerp_mode": "catmullrom"
						},
						"6.3333": [0, 0, 0],
						"6.5417": {
							"pre": [0, 0, 0],
							"post": [0, 0, 0],
							"lerp_mode": "catmullrom"
						},
						"6.6667": {
							"post": [0, 0, 0],
							"lerp_mode": "catmullrom"
						}
					},
					"position": {
						"4.25": {
							"pre": [0, 0, 0],
							"post": [0, 0, 0],
							"lerp_mode": "catmullrom"
						},
						"4.4167": {
							"post": [0, -3, 2.6],
							"lerp_mode": "catmullrom"
						},
						"4.5833": {
							"post": [0, -2.5, 2.1],
							"lerp_mode": "catmullrom"
						},
						"6.3333": [0, -2.5, 2.1],
						"6.5417": {
							"pre": [0, 0, 0],
							"post": [0, 0, 0],
							"lerp_mode": "catmullrom"
						},
						"6.6667": {
							"post": [0, 0, 0],
							"lerp_mode": "catmullrom"
						}
					}
				},
				"K": {
					"rotation": {
						"4.25": {
							"pre": [0, 0, 0],
							"post": [0, 0, 0],
							"lerp_mode": "catmullrom"
						},
						"4.4167": {
							"post": [0, 0, 0],
							"lerp_mode": "catmullrom"
						},
						"4.5833": {
							"post": [0, 0, 0],
							"lerp_mode": "catmullrom"
						},
						"6.3333": [0, 0, 0],
						"6.5417": {
							"pre": [0, 0, 0],
							"post": [0, 0, 0],
							"lerp_mode": "catmullrom"
						},
						"6.6667": {
							"post": [0, 0, 0],
							"lerp_mode": "catmullrom"
						}
					},
					"position": {
						"4.25": {
							"pre": [0, 0, 0],
							"post": [0, 0, 0],
							"lerp_mode": "catmullrom"
						},
						"4.4167": {
							"post": [0, -3, 2.6],
							"lerp_mode": "catmullrom"
						},
						"4.5833": {
							"post": [0, -2.5, 2.1],
							"lerp_mode": "catmullrom"
						},
						"6.3333": [0, -2.5, 2.1],
						"6.5417": {
							"pre": [0, 0, 0],
							"post": [0, 0, 0],
							"lerp_mode": "catmullrom"
						},
						"6.6667": {
							"post": [0, 0, 0],
							"lerp_mode": "catmullrom"
						}
					}
				},
				"camera": {
					"relative_to": {
						"rotation": "entity"
					},
					"rotation": {
						"0.0": [0, 0, 0.01],
						"0.3333": {
							"pre": [2, 0, 0],
							"post": [2, 0, 0],
							"lerp_mode": "catmullrom"
						},
						"0.5833": {
							"post": [2, 0, 0],
							"lerp_mode": "catmullrom"
						},
						"0.9167": {
							"post": [2, 2, 0],
							"lerp_mode": "catmullrom"
						},
						"1.375": {
							"post": [2, 2, 0],
							"lerp_mode": "catmullrom"
						},
						"2.0833": {
							"post": [4.00763, 4.99695, 0.17494],
							"lerp_mode": "catmullrom"
						},
						"2.5": {
							"post": [4.01, 5, 0.17],
							"lerp_mode": "catmullrom"
						},
						"3.25": {
							"post": [8.0344, 5.97574, 0.53758],
							"lerp_mode": "catmullrom"
						},
						"3.5833": {
							"post": [8.0344, 5.97574, 0.53758],
							"lerp_mode": "catmullrom"
						},
						"3.9583": {
							"post": [4.01598, 6.99999, 0.17062],
							"lerp_mode": "catmullrom"
						},
						"4.5833": {
							"post": [4.02, 7, 0.17],
							"lerp_mode": "catmullrom"
						},
						"5.125": {
							"post": [4.02601, 8.99999, 0.17084],
							"lerp_mode": "catmullrom"
						},
						"6.5417": {
							"post": [4.02402, 7.00001, 0.16917],
							"lerp_mode": "catmullrom"
						},
						"7.4167": {
							"post": [2, 0, 0],
							"lerp_mode": "catmullrom"
						},
						"7.8333": [0, 0, 0.01]
					}
				}
			},
			"sound_effects": {
				"0.0": {
					"effect": "al1s_inspect"
				}
			}
		},
		"inspect_empty": {
			"animation_length": 7.8333,
			"bones": {
				"root": {
					"rotation": {
						"0.0": [0, 0, 0],
						"0.4167": {
							"pre": [-26.96, -6.29, -5.37],
							"post": [-26.96, -6.29, -5.37],
							"lerp_mode": "catmullrom"
						},
						"0.8333": {
							"post": [-45.14615, -24.30509, -22.26914],
							"lerp_mode": "catmullrom"
						},
						"1.0417": {
							"post": [-45.15, -24.31, -22.27],
							"lerp_mode": "catmullrom"
						},
						"1.75": {
							"post": [-45.15, -24.31, -22.27],
							"lerp_mode": "catmullrom"
						},
						"2.3333": {
							"post": [-40.36824, -32.48018, -32.27998],
							"lerp_mode": "catmullrom"
						},
						"3.4167": {
							"post": [-40.36824, -32.48018, -32.27998],
							"lerp_mode": "catmullrom"
						},
						"3.9167": [-45.15, -24.31, -22.27],
						"4.0833": [-47.15, -24.31, -22.27],
						"4.2917": {
							"pre": [-45.15, -24.31, -22.27],
							"post": [-45.15, -24.31, -22.27],
							"lerp_mode": "catmullrom"
						},
						"4.375": {
							"post": [-44.99, -24.42, -22.38],
							"lerp_mode": "catmullrom"
						},
						"4.5417": {
							"post": [-44.99, -24.42, -22.38],
							"lerp_mode": "catmullrom"
						},
						"4.8333": {
							"post": [-42.46307, -29.30464, -28.08829],
							"lerp_mode": "catmullrom"
						},
						"5.2083": {
							"post": [-46.35, -34.04, -24.82],
							"lerp_mode": "catmullrom"
						},
						"5.7083": {
							"post": [-50.04646, -45.70779, -21.46885],
							"lerp_mode": "catmullrom"
						},
						"6.5417": {
							"post": [-50.05, -45.71, -21.47],
							"lerp_mode": "catmullrom"
						},
						"7.0": {
							"post": [-26.96, -6.29, -5.37],
							"lerp_mode": "catmullrom"
						},
						"7.4167": {
							"post": [0, 0, 0],
							"lerp_mode": "catmullrom"
						},
						"7.8333": {
							"post": [0, 0, 0],
							"lerp_mode": "catmullrom"
						}
					},
					"position": {
						"0.0": [0, 0, 0],
						"0.4167": {
							"pre": [-2.2, -4, -1.85],
							"post": [-2.2, -4, -1.85],
							"lerp_mode": "catmullrom"
						},
						"0.8333": {
							"post": [4, 2, -10],
							"lerp_mode": "catmullrom"
						},
						"1.0417": {
							"post": [4, 2, -10],
							"lerp_mode": "catmullrom"
						},
						"1.75": {
							"post": [4, 2, -10],
							"lerp_mode": "catmullrom"
						},
						"2.3333": {
							"post": [7.2, 2, -12],
							"lerp_mode": "catmullrom"
						},
						"3.4167": {
							"post": [8.2, 2, -12],
							"lerp_mode": "catmullrom"
						},
						"3.9167": [5, 2, -10],
						"4.0833": [5, 2, -8.8],
						"4.2917": {
							"pre": [5, 2, -10],
							"post": [5, 2, -10],
							"lerp_mode": "catmullrom"
						},
						"4.4583": {
							"post": [5.01, 2.05, -10.92],
							"lerp_mode": "catmullrom"
						},
						"4.625": {
							"post": [5.01, 2.05, -10.92],
							"lerp_mode": "catmullrom"
						},
						"4.7917": {
							"post": [5.01, 2.07, -10.93],
							"lerp_mode": "catmullrom"
						},
						"5.1667": {
							"post": [5.01, 2.07, -10.93],
							"lerp_mode": "catmullrom"
						},
						"5.7083": {
							"post": [4.01, 2.57, -11.63],
							"lerp_mode": "catmullrom"
						},
						"6.5417": {
							"post": [4.01, 2.57, -11.63],
							"lerp_mode": "catmullrom"
						},
						"7.0": {
							"post": [-2.2, -4, -1.85],
							"lerp_mode": "catmullrom"
						},
						"7.4167": {
							"post": [0, 0, 0],
							"lerp_mode": "catmullrom"
						},
						"7.8333": {
							"post": [0, 0, 0],
							"lerp_mode": "catmullrom"
						}
					}
				},
				"A": {
					"rotation": {
						"3.9583": {
							"pre": [0, 0, 0],
							"post": [0, 0, 0],
							"lerp_mode": "catmullrom"
						},
						"4.0833": {
							"post": [0, 0, 0],
							"lerp_mode": "catmullrom"
						},
						"4.2083": {
							"post": [0, 0, 0],
							"lerp_mode": "catmullrom"
						},
						"6.4167": [0, 0, 0],
						"6.5833": {
							"pre": [0, 0, 0],
							"post": [0, 0, 0],
							"lerp_mode": "catmullrom"
						},
						"6.6667": {
							"post": [0, 0, 0],
							"lerp_mode": "catmullrom"
						},
						"6.7917": [0, 0, 0]
					},
					"position": {
						"3.9583": {
							"pre": [0, 0, 0],
							"post": [0, 0, 0],
							"lerp_mode": "catmullrom"
						},
						"4.0833": {
							"post": [0, 3.5, 0],
							"lerp_mode": "catmullrom"
						},
						"4.2083": {
							"post": [0, 3, 0],
							"lerp_mode": "catmullrom"
						},
						"6.4167": [0, 4.5, 0.6],
						"6.5833": {
							"pre": [0, 0, 0],
							"post": [0, 0, 0],
							"lerp_mode": "catmullrom"
						},
						"6.6667": {
							"post": [0, 0, 0],
							"lerp_mode": "catmullrom"
						},
						"6.7917": [0, 0, 0]
					}
				},
				"H": {
					"rotation": {
						"4.25": {
							"pre": [0, 0, 0],
							"post": [0, 0, 0],
							"lerp_mode": "catmullrom"
						},
						"4.4167": {
							"post": [0, 0, 0],
							"lerp_mode": "catmullrom"
						},
						"4.5833": [0, 0, 0],
						"6.3333": [0, 0, 0],
						"6.5417": {
							"pre": [0, 0, 0],
							"post": [0, 0, 0],
							"lerp_mode": "catmullrom"
						},
						"6.6667": {
							"post": [0, 0, 0],
							"lerp_mode": "catmullrom"
						}
					},
					"position": {
						"4.25": {
							"pre": [0, 0, 0],
							"post": [0, 0, 0],
							"lerp_mode": "catmullrom"
						},
						"4.4167": {
							"post": [0, 2.7, 2.1],
							"lerp_mode": "catmullrom"
						},
						"4.5833": [0, 2.2, 1.6],
						"6.3333": [0, 2.2, 1.6],
						"6.5417": {
							"pre": [0, 0, 0],
							"post": [0, 0, 0],
							"lerp_mode": "catmullrom"
						},
						"6.6667": {
							"post": [0, 0, 0],
							"lerp_mode": "catmullrom"
						}
					}
				},
				"I": {
					"rotation": {
						"4.25": {
							"pre": [0, 0, 0],
							"post": [0, 0, 0],
							"lerp_mode": "catmullrom"
						},
						"4.4167": {
							"post": [0, 0, 0],
							"lerp_mode": "catmullrom"
						},
						"4.5833": [0, 0, 0],
						"6.3333": [0, 0, 0],
						"6.5417": {
							"pre": [0, 0, 0],
							"post": [0, 0, 0],
							"lerp_mode": "catmullrom"
						},
						"6.6667": {
							"post": [0, 0, 0],
							"lerp_mode": "catmullrom"
						}
					},
					"position": {
						"4.25": {
							"pre": [0, 0, 0],
							"post": [0, 0, 0],
							"lerp_mode": "catmullrom"
						},
						"4.4167": {
							"post": [0, 2.7, 2.1],
							"lerp_mode": "catmullrom"
						},
						"4.5833": [0, 2.2, 1.6],
						"6.3333": [0, 2.2, 1.6],
						"6.5417": {
							"pre": [0, 0, 0],
							"post": [0, 0, 0],
							"lerp_mode": "catmullrom"
						},
						"6.6667": {
							"post": [0, 0, 0],
							"lerp_mode": "catmullrom"
						}
					}
				},
				"B": {
					"rotation": {
						"3.9583": {
							"pre": [0, 0, 0],
							"post": [0, 0, 0],
							"lerp_mode": "catmullrom"
						},
						"4.0833": {
							"post": [0, 0, 0],
							"lerp_mode": "catmullrom"
						},
						"4.2083": {
							"post": [0, 0, 0],
							"lerp_mode": "catmullrom"
						},
						"6.4167": [0, 0, 0],
						"6.5833": {
							"pre": [0, 0, 0],
							"post": [0, 0, 0],
							"lerp_mode": "catmullrom"
						},
						"6.6667": {
							"post": [0, 0, 0],
							"lerp_mode": "catmullrom"
						},
						"6.7917": [0, 0, 0]
					},
					"position": {
						"3.9583": {
							"pre": [0, 0, 0],
							"post": [0, 0, 0],
							"lerp_mode": "catmullrom"
						},
						"4.0833": {
							"post": [0, -3, 0],
							"lerp_mode": "catmullrom"
						},
						"4.2083": {
							"post": [0, -2.5, 0],
							"lerp_mode": "catmullrom"
						},
						"6.4167": [0, -4, 0.6],
						"6.5833": {
							"pre": [0, 0, 0],
							"post": [0, 0, 0],
							"lerp_mode": "catmullrom"
						},
						"6.6667": {
							"post": [0, 0, 0],
							"lerp_mode": "catmullrom"
						},
						"6.7917": [0, 0, 0]
					}
				},
				"J": {
					"rotation": {
						"4.25": {
							"pre": [0, 0, 0],
							"post": [0, 0, 0],
							"lerp_mode": "catmullrom"
						},
						"4.4167": {
							"post": [0, 0, 0],
							"lerp_mode": "catmullrom"
						},
						"4.5833": {
							"post": [0, 0, 0],
							"lerp_mode": "catmullrom"
						},
						"6.3333": [0, 0, 0],
						"6.5417": {
							"pre": [0, 0, 0],
							"post": [0, 0, 0],
							"lerp_mode": "catmullrom"
						},
						"6.6667": {
							"post": [0, 0, 0],
							"lerp_mode": "catmullrom"
						}
					},
					"position": {
						"4.25": {
							"pre": [0, 0, 0],
							"post": [0, 0, 0],
							"lerp_mode": "catmullrom"
						},
						"4.4167": {
							"post": [0, -3, 2.6],
							"lerp_mode": "catmullrom"
						},
						"4.5833": {
							"post": [0, -2.5, 2.1],
							"lerp_mode": "catmullrom"
						},
						"6.3333": [0, -2.5, 2.1],
						"6.5417": {
							"pre": [0, 0, 0],
							"post": [0, 0, 0],
							"lerp_mode": "catmullrom"
						},
						"6.6667": {
							"post": [0, 0, 0],
							"lerp_mode": "catmullrom"
						}
					}
				},
				"K": {
					"rotation": {
						"4.25": {
							"pre": [0, 0, 0],
							"post": [0, 0, 0],
							"lerp_mode": "catmullrom"
						},
						"4.4167": {
							"post": [0, 0, 0],
							"lerp_mode": "catmullrom"
						},
						"4.5833": {
							"post": [0, 0, 0],
							"lerp_mode": "catmullrom"
						},
						"6.3333": [0, 0, 0],
						"6.5417": {
							"pre": [0, 0, 0],
							"post": [0, 0, 0],
							"lerp_mode": "catmullrom"
						},
						"6.6667": {
							"post": [0, 0, 0],
							"lerp_mode": "catmullrom"
						}
					},
					"position": {
						"4.25": {
							"pre": [0, 0, 0],
							"post": [0, 0, 0],
							"lerp_mode": "catmullrom"
						},
						"4.4167": {
							"post": [0, -3, 2.6],
							"lerp_mode": "catmullrom"
						},
						"4.5833": {
							"post": [0, -2.5, 2.1],
							"lerp_mode": "catmullrom"
						},
						"6.3333": [0, -2.5, 2.1],
						"6.5417": {
							"pre": [0, 0, 0],
							"post": [0, 0, 0],
							"lerp_mode": "catmullrom"
						},
						"6.6667": {
							"post": [0, 0, 0],
							"lerp_mode": "catmullrom"
						}
					}
				},
				"camera": {
					"rotation": {
						"0.0": [0, 0, 0],
						"0.3333": {
							"pre": [2, 0, 0],
							"post": [2, 0, 0],
							"lerp_mode": "catmullrom"
						},
						"0.5833": {
							"post": [2, 0, 0],
							"lerp_mode": "catmullrom"
						},
						"0.9167": {
							"post": [2, 2, 0],
							"lerp_mode": "catmullrom"
						},
						"1.375": {
							"post": [2, 2, 0],
							"lerp_mode": "catmullrom"
						},
						"2.0833": {
							"post": [4.00763, 4.99695, 0.17494],
							"lerp_mode": "catmullrom"
						},
						"2.5": {
							"post": [4.01, 5, 0.17],
							"lerp_mode": "catmullrom"
						},
						"3.25": {
							"post": [8.0344, 5.97574, 0.53758],
							"lerp_mode": "catmullrom"
						},
						"3.5833": {
							"post": [8.0344, 5.97574, 0.53758],
							"lerp_mode": "catmullrom"
						},
						"3.9583": {
							"post": [4.01598, 6.99999, 0.17062],
							"lerp_mode": "catmullrom"
						},
						"4.5833": {
							"post": [4.02, 7, 0.17],
							"lerp_mode": "catmullrom"
						},
						"5.125": {
							"post": [4.02601, 8.99999, 0.17084],
							"lerp_mode": "catmullrom"
						},
						"6.5417": {
							"post": [4.02402, 7.00001, 0.16917],
							"lerp_mode": "catmullrom"
						},
						"7.4167": {
							"post": [2, 0, 0],
							"lerp_mode": "catmullrom"
						},
						"7.8333": [0, 0, 0]
					}
				}
			},
			"sound_effects": {
				"0.0": {
					"effect": "al1s_inspect"
				}
			}
		},
		"put_away": {
			"animation_length": 0.75,
			"bones": {
				"root": {
					"rotation": {
						"0.0": [0, 0, 0],
						"0.0417": [-0.47, -1.28, -1.35],
						"0.125": [0.26, -7.55, -0.77],
						"0.2083": [1.8, -12.38, 1.96],
						"0.2917": [3.1, -15.6, 4.35],
						"0.375": [4.61, -19.11, 7.2],
						"0.4583": [8.04, -29.69, 13.62],
						"0.5417": [9.94, -36.77, 17.19],
						"0.5833": [11.64, -43.66, 20.29],
						"0.625": [13.08, -50.6, 22.78],
						"0.6667": [15.16, -62.05, 26.17]
					},
					"position": {
						"0.0": [0, 0, 0],
						"0.0417": [-0.21, -0.18, 0.14],
						"0.0833": [-0.59, -0.99, 0.33],
						"0.6667": [14.92, -22.47, 0.67]
					}
				}
			}
		}
	}
}