{
	"format_version": "1.8.0",
	"animations": {
		"static_idle": {
			"animation_length": 0.4,
			"bones": {
				"lefthand_pos": {
					"rotation": [0, 0, 0],
					"position": [0, 0, 0],
					"scale": 1
				},
				"righthand_pos": {
					"rotation": [0, 0, 0],
					"position": [0, 0, 0],
					"scale": 1
				},
				"constraint": {
					"rotation": [0.2, 0.2, 0.2],
					"position": [0.2, 0.2, 0.2]
				},
				"lefthand": {
					"rotation": [0, 0, 0],
					"position": [0, 0, 0]
				},
				"righthand": {
					"rotation": [0, 0, 0],
					"position": [0, 0, 0]
				}
			}
		},
		"reload_tactical": {
			"animation_length": 1.92,
			"bones": {
				"root": {
					"rotation": {
						"0.0": [0, 0, 0],
						"0.2083": {
							"pre": [-16.93189, -9.59796, -11.83217],
							"post": [-16.93189, -9.59796, -11.83217],
							"lerp_mode": "catmullrom"
						},
						"0.3333": {
							"post": [-16.93189, -9.59796, -11.83217],
							"lerp_mode": "catmullrom"
						},
						"0.4583": {
							"post": [-13.99286, -8.02705, -3.36351],
							"lerp_mode": "catmullrom"
						},
						"0.5833": {
							"post": [-15.93, -9.6, -11.83],
							"lerp_mode": "catmullrom"
						},
						"0.7083": {
							"post": [-16.93, -9.6, -11.83],
							"lerp_mode": "catmullrom"
						},
						"0.875": {
							"post": [-12.97389, -23.18116, -24.18851],
							"lerp_mode": "catmullrom"
						},
						"0.9583": {
							"post": [-13.66027, -24.67782, -22.69107],
							"lerp_mode": "catmullrom"
						},
						"1.0833": {
							"post": [-12.97, -23.18, -24.19],
							"lerp_mode": "catmullrom"
						},
						"1.1667": {
							"post": [-12.98, -23.18, -24.41],
							"lerp_mode": "catmullrom"
						},
						"1.25": {
							"post": [-14.83089, -24.37204, -29.59958],
							"lerp_mode": "catmullrom"
						},
						"1.375": {
							"post": [-11.68, -20.88, -21.79],
							"lerp_mode": "catmullrom"
						},
						"1.625": {
							"post": [-1, 0, 0],
							"lerp_mode": "catmullrom"
						},
						"1.7917": [0, 0, 0],
						"1.9167": [0, 0, 0]
					},
					"position": {
						"0.0": [0, 0, 0],
						"0.2083": {
							"pre": [0.8, -0.5, 0.3],
							"post": [0.8, -0.5, 0.3],
							"lerp_mode": "catmullrom"
						},
						"0.3333": {
							"post": [0.8, -0.5, 0.3],
							"lerp_mode": "catmullrom"
						},
						"0.4583": {
							"post": [-0.16, -0.72, 0.41],
							"lerp_mode": "catmullrom"
						},
						"0.5833": {
							"post": [1, -0.8, 0.3],
							"lerp_mode": "catmullrom"
						},
						"0.7083": {
							"post": [0.8, -0.5, 0.3],
							"lerp_mode": "catmullrom"
						},
						"0.875": {
							"post": [2, -0.5, 2.1],
							"lerp_mode": "catmullrom"
						},
						"0.9583": {
							"post": [2.09, -0.5, 2.43],
							"lerp_mode": "catmullrom"
						},
						"1.0833": {
							"post": [2, -0.5, 2.1],
							"lerp_mode": "catmullrom"
						},
						"1.1667": {
							"post": [2, -0.5, 2.09],
							"lerp_mode": "catmullrom"
						},
						"1.25": {
							"post": [2.2, -0.5, 2.2],
							"lerp_mode": "catmullrom"
						},
						"1.375": {
							"post": [1.8, -0.45, 1.89],
							"lerp_mode": "catmullrom"
						},
						"1.625": {
							"post": [0, 0, -1.6],
							"lerp_mode": "catmullrom"
						},
						"1.7917": [0, 0, 0.4],
						"1.9167": [0, 0, 0]
					}
				},
				"lefthand": {
					"rotation": {
						"0.0": [0, 0, 0],
						"0.125": [0, 0, -28],
						"0.3333": [0, 0, -28],
						"1.25": [0, 0, -28],
						"1.375": [0, 0, -28],
						"1.5417": [0, 0, -28],
						"1.7083": [0, 0, 0]
					},
					"position": {
						"0.0": [0, 0, 0],
						"0.125": [1.66, 2.29, 2.35],
						"0.25": [0.3, 1.8, 4.4],
						"0.3333": [0.3, 1.8, 4.4],
						"0.4583": [0.3, -5.2, 4.4],
						"0.5417": [0.3, -12.2, 4.4],
						"0.7917": [0.3, -12.2, 4.4],
						"1.0417": [0.3, -2.2, 4.4],
						"1.125": [0.3, -2.2, 4.4],
						"1.25": [0.3, 1.8, 4.4],
						"1.375": [0.3, 1.8, 4.4],
						"1.5417": [1.66, 2.29, 2.35],
						"1.7083": [0, 0, 0]
					}
				},
				"magazine": {
					"position": {
						"0.3333": [0, 0, 0],
						"0.4583": [0, -7, 0],
						"0.5417": [0, -14, 0],
						"0.7917": [0, -14, 0],
						"1.0417": [0, -4, 0],
						"1.125": [0, -4, 0],
						"1.25": [0, 0, 0],
						"1.3333": [0, 0, 0]
					}
				}
			},
			"sound_effects": {
				"0.0": {
					"effect": "wf465_reload"
				}
			}
		},
		"reload_empty": {
			"animation_length": 2.875,
			"bones": {
				"root": {
					"rotation": {
						"0.0": [0, 0, 0],
						"0.2083": {
							"pre": [-16.93189, -9.59796, -11.83217],
							"post": [-16.93189, -9.59796, -11.83217],
							"lerp_mode": "catmullrom"
						},
						"0.3333": {
							"post": [-16.93189, -9.59796, -11.83217],
							"lerp_mode": "catmullrom"
						},
						"0.4583": {
							"post": [-13.99286, -8.02705, -3.36351],
							"lerp_mode": "catmullrom"
						},
						"0.5833": {
							"post": [-15.93, -9.6, -11.83],
							"lerp_mode": "catmullrom"
						},
						"0.7083": {
							"post": [-16.93, -9.6, -11.83],
							"lerp_mode": "catmullrom"
						},
						"0.875": {
							"post": [-12.97389, -23.18116, -24.18851],
							"lerp_mode": "catmullrom"
						},
						"0.9583": {
							"post": [-13.66027, -24.67782, -22.69107],
							"lerp_mode": "catmullrom"
						},
						"1.0833": {
							"post": [-12.97, -23.18, -24.19],
							"lerp_mode": "catmullrom"
						},
						"1.1667": {
							"post": [-12.98, -23.18, -24.41],
							"lerp_mode": "catmullrom"
						},
						"1.25": {
							"post": [-14.83089, -24.37204, -29.59958],
							"lerp_mode": "catmullrom"
						},
						"1.375": {
							"post": [-11.68, -20.88, -21.79],
							"lerp_mode": "catmullrom"
						},
						"1.5": {
							"post": [-11.46, -20.63, -21.24],
							"lerp_mode": "catmullrom"
						},
						"1.875": [-51.51895, 5.00571, 37.85507],
						"1.9583": [-51.52, 5.01, 37.86],
						"2.0417": [-53.52, 5.01, 37.86],
						"2.25": {
							"pre": [-48.52, 5.01, 37.86],
							"post": [-48.52, 5.01, 37.86],
							"lerp_mode": "catmullrom"
						},
						"2.5833": {
							"post": [-1, 0, 0],
							"lerp_mode": "catmullrom"
						},
						"2.75": [0, 0, 0],
						"2.875": [0, 0, 0]
					},
					"position": {
						"0.0": [0, 0, 0],
						"0.2083": {
							"pre": [0.8, -0.5, 0.3],
							"post": [0.8, -0.5, 0.3],
							"lerp_mode": "catmullrom"
						},
						"0.3333": {
							"post": [0.8, -0.5, 0.3],
							"lerp_mode": "catmullrom"
						},
						"0.4583": {
							"post": [-0.16, -0.72, 0.41],
							"lerp_mode": "catmullrom"
						},
						"0.5833": {
							"post": [1, -0.8, 0.3],
							"lerp_mode": "catmullrom"
						},
						"0.7083": {
							"post": [0.8, -0.5, 0.3],
							"lerp_mode": "catmullrom"
						},
						"0.875": {
							"post": [2, -0.5, 2.1],
							"lerp_mode": "catmullrom"
						},
						"0.9583": {
							"post": [2.09, -0.5, 2.43],
							"lerp_mode": "catmullrom"
						},
						"1.0833": {
							"post": [2, -0.5, 2.1],
							"lerp_mode": "catmullrom"
						},
						"1.1667": {
							"post": [2, -0.5, 2.09],
							"lerp_mode": "catmullrom"
						},
						"1.25": {
							"post": [2.2, -0.5, 2.2],
							"lerp_mode": "catmullrom"
						},
						"1.375": {
							"post": [1.8, -0.45, 1.89],
							"lerp_mode": "catmullrom"
						},
						"1.5": {
							"post": [1.77, -0.45, 1.87],
							"lerp_mode": "catmullrom"
						},
						"1.875": [-3.6, -0.75, -8.01],
						"1.9583": [-3.6, -0.75, -8.01],
						"2.0417": [-4.5, -1.55, -8.61],
						"2.25": {
							"pre": [-4.2, -0.75, -8.71],
							"post": [-4.2, -0.75, -8.71],
							"lerp_mode": "catmullrom"
						},
						"2.5833": {
							"post": [0, 0, -1.6],
							"lerp_mode": "catmullrom"
						},
						"2.75": [0, 0, 0.4],
						"2.875": [0, 0, 0]
					}
				},
				"magazine": {
					"position": {
						"0.3333": [0, 0, 0],
						"0.4583": [0, -7, 0],
						"0.5417": [0, -14, 0],
						"0.7917": [0, -14, 0],
						"1.0417": [0, -4, 0],
						"1.125": [0, -4, 0],
						"1.25": [0, 0, 0],
						"1.3333": [0, 0, 0]
					}
				},
				"lefthand": {
					"rotation": {
						"0.0": [0, 0, 0],
						"0.125": [0, 0, -28],
						"0.3333": [0, 0, -28],
						"1.25": [0, 0, -28],
						"1.375": [0, 0, -28],
						"1.5": [0, 0, -28],
						"1.8333": [-15.10971, -13.80477, -30.73375],
						"2.375": [-15.11, -13.8, -30.73],
						"2.625": [0, 0, 0]
					},
					"position": {
						"0.0": [0, 0, 0],
						"0.125": [1.66, 2.29, 2.35],
						"0.25": [0.3, 1.8, 4.4],
						"0.3333": [0.3, 1.8, 4.4],
						"0.4583": [0.3, -5.2, 4.4],
						"0.5417": [0.3, -12.2, 4.4],
						"0.7917": [0.3, -12.2, 4.4],
						"1.0417": [0.3, -2.2, 4.4],
						"1.125": [0.3, -2.2, 4.4],
						"1.25": [0.3, 1.8, 4.4],
						"1.375": [0.3, 1.8, 4.4],
						"1.5": [0.3, 1.8, 4.4],
						"1.8333": [-1.3, 1.7, 5.9],
						"2.375": [-1.3, 1.7, 5.9],
						"2.625": [0, 0, 0]
					}
				},
				"action": {
					"position": {
						"1.9583": [0, 0, 0],
						"2.0417": [0, 0, 3.5],
						"2.2083": [0, 0, 3.5],
						"2.25": [0, 0, 0]
					}
				},
				"righthand": {
					"rotation": {
						"1.5833": [0, 0, 0],
						"1.7917": [0, 0, 6.25],
						"1.9167": [0, 0, 10],
						"1.9583": [0, 0, 10],
						"2.0417": [0, 2.5, 10],
						"2.2083": [0, 2.5, 10],
						"2.2917": [0, 10, 10],
						"2.375": [0, 10, 10],
						"2.5": [0, 0, 6.25],
						"2.625": [0, 0, 0]
					},
					"position": {
						"1.5833": [0, 0, 0],
						"1.7917": [-4.98, 4.24, -2.78],
						"1.9167": [-3.3, 5.4, -5.8],
						"1.9583": [-3.3, 5.4, -5.8],
						"2.0417": [-3.3, 5.4, -2.3],
						"2.0833": [-3.3, 5.4, -2.3],
						"2.2083": [-3.3, 5.4, -2.3],
						"2.2917": [-3.8, 5.4, 0.1],
						"2.375": [-3.8, 5.4, 0.1],
						"2.5": [-4.68, -0.36, -2.78],
						"2.625": [0, 0, 0]
					}
				}
			},
			"sound_effects": {
				"0.0": {
					"effect": "wf465_reload_empty"
				}
			}
		},
		"shoot": {
			"animation_length": 0.625,
			"bones": {
				"root": {
					"rotation": {
						"0.0": [0, 0, 0],
						"0.0417": [1.23, 0, 0.73],
						"0.0833": [-1.99, 0, -1.23],
						"0.125": [-0.91, 0, -0.35],
						"0.1667": [0.18, 0, 0.53],
						"0.2083": [0.27, 0, 0.27],
						"0.25": [0.45, 0, -0.25],
						"0.2917": [0.38, -0.07, -0.08],
						"0.3333": [0.3, -0.13, 0.08],
						"0.375": [0.23, -0.2, 0.25],
						"0.4167": [0.14, -0.14, 0.09],
						"0.4583": [0.1, -0.11, 0.01],
						"0.5": [0.06, -0.07, -0.07],
						"0.5417": [0.04, -0.06, -0.06],
						"0.5833": [0.01, -0.02, -0.02],
						"0.625": [0, 0, 0]
					},
					"position": {
						"0.0": [0, 0, 0],
						"0.0417": [0, -0.02, 1.73],
						"0.0833": [0, -0.05, 0.67],
						"0.125": [0, -0.05, -0.04],
						"0.1667": [0, -0.04, -0.01],
						"0.2083": [0, -0.04, 0.03],
						"0.25": [0, -0.02, 0.1],
						"0.2917": [0, -0.02, 0.07],
						"0.3333": [0, -0.01, 0.03],
						"0.375": [0, 0, 0]
					}
				},
				"constraint": {
					"rotation": [0, 0, 0],
					"position": [0, 0, 0]
				},
				"action": {
					"position": {
						"0.0": [0, 0, 0],
						"0.0417": [0, 0, 3],
						"0.125": [0, 0, 0]
					}
				}
			}
		},
		"inspect": {
			"animation_length": 9.0417,
			"bones": {
				"root": {
					"rotation": {
						"0.0": [0, 0, 0],
						"0.4583": {
							"pre": [-20.24217, -42.03963, -23.8243],
							"post": [-20.24217, -42.03963, -23.8243],
							"lerp_mode": "catmullrom"
						},
						"0.875": {
							"post": [-20.24, -42.04, -23.82],
							"lerp_mode": "catmullrom"
						},
						"1.2917": {
							"post": [-19.44643, -42.05987, -25.29336],
							"lerp_mode": "catmullrom"
						},
						"1.7083": {
							"post": [-20.24, -42.04, -23.82],
							"lerp_mode": "catmullrom"
						},
						"2.1667": {
							"post": [-22.25876, -62.38339, -9.9392],
							"lerp_mode": "catmullrom"
						},
						"2.5": {
							"post": [-23.3474, -63.80487, -7.26017],
							"lerp_mode": "catmullrom"
						},
						"2.8333": {
							"post": [-23.57016, -64.1657, -6.57456],
							"lerp_mode": "catmullrom"
						},
						"3.2917": {
							"post": [-22.26076, -62.38303, -9.93748],
							"lerp_mode": "catmullrom"
						},
						"3.7083": {
							"post": [-16.93189, -9.59796, -11.83217],
							"lerp_mode": "catmullrom"
						},
						"3.8333": {
							"post": [-16.93189, -9.59796, -11.83217],
							"lerp_mode": "catmullrom"
						},
						"3.9583": {
							"post": [-13.99286, -8.02705, -3.36351],
							"lerp_mode": "catmullrom"
						},
						"4.2083": {
							"post": [-13.71438, -8.06824, -3.76063],
							"lerp_mode": "catmullrom"
						},
						"4.8333": {
							"post": [-14.57646, -7.40272, -3.3254],
							"lerp_mode": "catmullrom"
						},
						"5.5833": {
							"post": [-13.99286, -8.02705, -3.36351],
							"lerp_mode": "catmullrom"
						},
						"6.25": {
							"post": [-12.97, -23.18, -24.19],
							"lerp_mode": "catmullrom"
						},
						"6.4583": {
							"post": [-11.83089, -24.37204, -29.59958],
							"lerp_mode": "catmullrom"
						},
						"6.7083": {
							"post": [-11.46, -20.63, -21.24],
							"lerp_mode": "catmullrom"
						},
						"7.0833": [-51.51895, 5.00571, 37.85507],
						"7.1667": [-51.63, 5.35, 38.11],
						"7.2917": [-53.72501, 6.67653, 39.09476],
						"7.6667": [-56.4, 8.18, 40.24],
						"7.9167": {
							"pre": [-55.28, 8.73, 40.65],
							"post": [-55.28, 8.73, 40.65],
							"lerp_mode": "catmullrom"
						},
						"8.0": {
							"post": [-49.90682, 7.47204, 39.55603],
							"lerp_mode": "catmullrom"
						},
						"8.25": {
							"post": [-46.05, 9.82, 41.48],
							"lerp_mode": "catmullrom"
						},
						"8.5833": {
							"post": [-1, 0, 0],
							"lerp_mode": "catmullrom"
						},
						"8.75": {
							"post": [0, 0, 0],
							"lerp_mode": "catmullrom"
						},
						"8.875": [0, 0, 0]
					},
					"position": {
						"0.0": [0, 0, 0],
						"0.4583": {
							"pre": [6.26, 2.63, -5.13],
							"post": [6.26, 2.63, -5.13],
							"lerp_mode": "catmullrom"
						},
						"0.875": {
							"post": [6.26, 2.63, -5.13],
							"lerp_mode": "catmullrom"
						},
						"1.2917": {
							"post": [6.2, 2.52, -5.03],
							"lerp_mode": "catmullrom"
						},
						"1.7083": {
							"post": [6.26, 2.63, -4.13],
							"lerp_mode": "catmullrom"
						},
						"2.1667": {
							"post": [3.86, -0.87, -3.13],
							"lerp_mode": "catmullrom"
						},
						"2.5": {
							"post": [4.05, -0.87, -2.78],
							"lerp_mode": "catmullrom"
						},
						"2.8333": {
							"post": [3.87, -0.76, -2.67],
							"lerp_mode": "catmullrom"
						},
						"3.2917": {
							"post": [3.86, -0.87, -3.13],
							"lerp_mode": "catmullrom"
						},
						"3.7083": {
							"post": [2.8, 1.5, -1.7],
							"lerp_mode": "catmullrom"
						},
						"3.8333": {
							"post": [2.8, 1.5, -1.7],
							"lerp_mode": "catmullrom"
						},
						"3.9583": {
							"post": [1.84, 1.28, -1.59],
							"lerp_mode": "catmullrom"
						},
						"4.2083": {
							"post": [1.98, 1.28, -1.49],
							"lerp_mode": "catmullrom"
						},
						"4.8333": {
							"post": [1.85, 1.29, -1.81],
							"lerp_mode": "catmullrom"
						},
						"5.5833": {
							"post": [1.84, 1.28, -1.59],
							"lerp_mode": "catmullrom"
						},
						"6.25": {
							"post": [4, -0.5, -0.9],
							"lerp_mode": "catmullrom"
						},
						"6.4583": {
							"post": [4.2, -0.5, -0.8],
							"lerp_mode": "catmullrom"
						},
						"6.7083": {
							"post": [3.77, -0.45, -1.13],
							"lerp_mode": "catmullrom"
						},
						"7.0833": [-1.6, -0.75, -8.01],
						"7.1667": [-1.74, -0.75, -8.05],
						"7.2917": [-2.24, -0.75, -8.21],
						"7.6667": [-2.54, -0.65, -8.9],
						"7.9167": {
							"pre": [-2.86, -0.68, -8.8],
							"post": [-2.86, -0.68, -8.8],
							"lerp_mode": "catmullrom"
						},
						"8.0": {
							"post": [-3.02, -0.7, -9.35],
							"lerp_mode": "catmullrom"
						},
						"8.25": {
							"post": [-3.5, -0.95, -9.01],
							"lerp_mode": "catmullrom"
						},
						"8.5833": {
							"post": [0, 0, -1.6],
							"lerp_mode": "catmullrom"
						},
						"8.75": {
							"post": [0, 0, 0.4],
							"lerp_mode": "catmullrom"
						},
						"8.875": [0, 0, 0]
					}
				},
				"mag_and_lefthand": {
					"rotation": {
						"4.2917": [0, 0, 0],
						"4.5417": {
							"pre": [-15.85215, 2.19848, 7.69388],
							"post": [-15.85215, 2.19848, 7.69388],
							"lerp_mode": "catmullrom"
						},
						"5.0417": {
							"post": [-15.85, 2.2, 7.69],
							"lerp_mode": "catmullrom"
						},
						"5.2917": {
							"post": [-15.96121, -1.0998, -3.84952],
							"lerp_mode": "catmullrom"
						},
						"5.7083": {
							"post": [-15.96, -1.1, -3.85],
							"lerp_mode": "catmullrom"
						},
						"5.9583": [0, 0, 0]
					},
					"position": {
						"4.2917": [0, 0, 0],
						"4.5417": {
							"pre": [-0.8, 0.6, 0],
							"post": [-0.8, 0.6, 0],
							"lerp_mode": "catmullrom"
						},
						"5.0417": {
							"post": [-0.8, 0.6, 0],
							"lerp_mode": "catmullrom"
						},
						"5.2917": {
							"post": [0.6, -0.4, 0],
							"lerp_mode": "catmullrom"
						},
						"5.7083": {
							"post": [0.6, -0.4, 0],
							"lerp_mode": "catmullrom"
						},
						"5.9583": [0, 0, 0]
					}
				},
				"magazine": {
					"rotation": {
						"4.0": [0, 0, 0],
						"4.1667": [-9.96271, 0.86717, 4.92442],
						"4.25": [-9.96, 0.87, 4.92],
						"5.9583": [-9.96, 0.87, 4.92],
						"6.0833": [0, 0, 0]
					},
					"position": {
						"3.8333": [0, 0, 0],
						"3.9583": [0, -4, 0],
						"4.0": [0, -4, 0],
						"4.1667": [3, -2, 0],
						"4.25": [3, -2, 0],
						"5.9583": [3, -2, 0],
						"6.0833": [0, -4, 0],
						"6.2083": [0, -4, 0],
						"6.2917": [0, -4, 0],
						"6.4583": [0, 0, 0],
						"6.5417": [0, 0, 0]
					}
				},
				"lefthand": {
					"rotation": {
						"0.0": [0, 0, 0],
						"0.4583": {
							"pre": [0, 0, 0],
							"post": [0, 0, 0],
							"lerp_mode": "catmullrom"
						},
						"1.75": {
							"post": [0, 0, 0],
							"lerp_mode": "catmullrom"
						},
						"2.1667": [-13.15925, 24.64623, 13.95534],
						"3.3333": [-13.15925, 24.64623, 13.95534],
						"3.625": [0, 0, -28],
						"3.8333": [0, 0, -28],
						"4.0": [0, 0, -28],
						"4.1667": [-9.92558, -0.75746, -20.76057],
						"4.25": [-9.93, -0.76, -20.76],
						"5.9583": [-9.93, -0.76, -20.76],
						"6.0833": [0, 0, -28],
						"6.4583": [0, 0, -28],
						"6.5833": [0, 0, -28],
						"6.7083": [0, 0, -28],
						"7.0417": [-15.10971, -13.80477, -30.73375],
						"8.2083": [-15.11, -13.8, -30.73],
						"8.5": [0, 0, 0]
					},
					"position": {
						"0.0": [0, 0, 0],
						"0.4583": {
							"pre": [5, -9, 9],
							"post": [5, -9, 9],
							"lerp_mode": "catmullrom"
						},
						"1.75": {
							"post": [5, -9, 9],
							"lerp_mode": "catmullrom"
						},
						"2.1667": [0.1, -4.5, -4.6],
						"3.3333": [0.1, -4.5, -4.6],
						"3.625": [1.66, 2.29, 2.35],
						"3.75": [0.3, 1.8, 4.4],
						"3.8333": [0.3, 1.8, 4.4],
						"3.9583": [0.3, -2.2, 4.4],
						"4.0": [0.3, -2.2, 4.4],
						"4.1667": [3.3, -0.8, 5.4],
						"4.25": [3.3, -0.8, 5.4],
						"5.9583": [3.3, -0.8, 5.4],
						"6.0833": [0.3, -2.2, 4.4],
						"6.2083": [0.3, -2.2, 4.4],
						"6.2917": [0.3, -2.2, 4.4],
						"6.4583": [0.3, 1.8, 4.4],
						"6.5833": [0.3, 1.8, 4.4],
						"6.7083": [0.3, 1.8, 4.4],
						"7.0417": [-1.3, 1.7, 5.9],
						"8.2083": [-1.3, 1.7, 5.9],
						"8.5": [0, 0, 0]
					}
				},
				"action": {
					"rotation": [0, 0, 0],
					"position": {
						"7.1667": [0, 0, 0],
						"7.2917": [0, 0, 3.5],
						"7.7083": [0, 0, 3.5],
						"7.9167": [0, 0, 3.5],
						"7.9583": [0, 0, 0]
					}
				},
				"righthand": {
					"rotation": {
						"1.9167": [0, 0, 0],
						"2.125": [1.08927, 49.76583, 0.98859],
						"2.375": [3.9751, 67.47756, 1.68893],
						"3.3333": [3.9751, 67.47756, 1.68893],
						"3.5417": [2.5, 42.38, 1.06],
						"3.7917": [0.72, 12.27, 0.31],
						"6.1667": [0.72, 12.27, 0.31],
						"6.7083": [0, 0, 0],
						"7.0": [0, 0, 6.25],
						"7.125": [0, 0, 10],
						"7.1667": [0, 0, 10],
						"7.25": [0, 2.5, 10],
						"7.7083": [0, 2.5, 10],
						"7.9167": [0, 2.5, 10],
						"8.0": [0, 10, 10],
						"8.0833": [0, 10, 10],
						"8.2917": [0, 0, 6.25],
						"8.5": [0, 0, 0]
					},
					"position": {
						"1.9167": [0, 0, 0],
						"2.125": [9.27, -0.04, 5.62],
						"2.375": [12.5, -0.2, 4.9],
						"3.3333": [12.5, -0.2, 4.9],
						"3.5417": [7.49, -0.43, 5.11],
						"3.7917": [1.47, -0.04, 1.62],
						"6.1667": [1.47, -0.04, 1.62],
						"6.7083": [0, 0, 0],
						"7.0": [-4.98, 4.24, -2.78],
						"7.125": [-3.3, 5.4, -5.8],
						"7.1667": [-3.3, 5.4, -5.8],
						"7.2917": [-3.3, 5.4, -2.3],
						"7.3333": [-3.3, 5.4, -2.3],
						"7.7083": [-3.3, 5.4, -2.3],
						"7.9167": [-3.3, 5.4, -2.3],
						"8.0": [-3.8, 5.4, 0.1],
						"8.0833": [-3.8, 5.4, 0.1],
						"8.2917": [-3.78, 2.24, 0.92],
						"8.5": [0, 0, 0]
					}
				},
				"camera": {
					"rotation": {
						"0.1667": [0, 0, 0],
						"0.6667": {
							"pre": [3, 3, 0],
							"post": [3, 3, 0],
							"lerp_mode": "catmullrom"
						},
						"1.625": {
							"post": [3, 3, 0],
							"lerp_mode": "catmullrom"
						},
						"2.2083": {
							"post": [6.0032, 3.99863, 0.05246],
							"lerp_mode": "catmullrom"
						},
						"3.0417": {
							"post": [6, 4, 0.05],
							"lerp_mode": "catmullrom"
						},
						"3.4167": {
							"post": [5.98903, 2.01093, -0.15914],
							"lerp_mode": "catmullrom"
						},
						"3.7917": {
							"post": [5.99, 2.01, -0.16],
							"lerp_mode": "catmullrom"
						},
						"4.3333": {
							"post": [2.98995, -1.98456, -0.3686],
							"lerp_mode": "catmullrom"
						},
						"5.0": {
							"post": [2.99, -1.98, -0.37],
							"lerp_mode": "catmullrom"
						},
						"5.875": {
							"post": [2.99, -1.98, -0.37],
							"lerp_mode": "catmullrom"
						},
						"6.6667": {
							"post": [2.98821, 0.01728, -0.2657],
							"lerp_mode": "catmullrom"
						},
						"7.375": {
							"post": [6.99404, -2.97591, -0.42662],
							"lerp_mode": "catmullrom"
						},
						"7.9583": {
							"post": [6.99, -2.98, -0.43],
							"lerp_mode": "catmullrom"
						},
						"8.9583": [0, 0, 0]
					}
				}
			},
			"sound_effects": {
				"0.0": {
					"effect": "wf465_inspect1"
				}
			}
		},
		"inspect_empty": {
			"animation_length": 9.0417,
			"bones": {
				"root": {
					"rotation": {
						"0.0": [0, 0, 0],
						"0.4583": {
							"pre": [-20.24217, -42.03963, -23.8243],
							"post": [-20.24217, -42.03963, -23.8243],
							"lerp_mode": "catmullrom"
						},
						"0.875": {
							"post": [-20.24, -42.04, -23.82],
							"lerp_mode": "catmullrom"
						},
						"1.2917": {
							"post": [-19.44643, -42.05987, -25.29336],
							"lerp_mode": "catmullrom"
						},
						"1.7083": {
							"post": [-20.24, -42.04, -23.82],
							"lerp_mode": "catmullrom"
						},
						"2.1667": {
							"post": [-22.25876, -62.38339, -9.9392],
							"lerp_mode": "catmullrom"
						},
						"2.5": {
							"post": [-23.3474, -63.80487, -7.26017],
							"lerp_mode": "catmullrom"
						},
						"2.8333": {
							"post": [-23.57016, -64.1657, -6.57456],
							"lerp_mode": "catmullrom"
						},
						"3.2917": {
							"post": [-22.26076, -62.38303, -9.93748],
							"lerp_mode": "catmullrom"
						},
						"3.7083": {
							"post": [-16.93189, -9.59796, -11.83217],
							"lerp_mode": "catmullrom"
						},
						"3.8333": {
							"post": [-16.93189, -9.59796, -11.83217],
							"lerp_mode": "catmullrom"
						},
						"3.9583": {
							"post": [-13.99286, -8.02705, -3.36351],
							"lerp_mode": "catmullrom"
						},
						"4.2083": {
							"post": [-13.71438, -8.06824, -3.76063],
							"lerp_mode": "catmullrom"
						},
						"4.8333": {
							"post": [-14.57646, -7.40272, -3.3254],
							"lerp_mode": "catmullrom"
						},
						"5.5833": {
							"post": [-13.99286, -8.02705, -3.36351],
							"lerp_mode": "catmullrom"
						},
						"6.25": {
							"post": [-12.97, -23.18, -24.19],
							"lerp_mode": "catmullrom"
						},
						"6.4583": {
							"post": [-11.83089, -24.37204, -29.59958],
							"lerp_mode": "catmullrom"
						},
						"6.7083": {
							"post": [-11.46, -20.63, -21.24],
							"lerp_mode": "catmullrom"
						},
						"7.0833": [-51.51895, 5.00571, 37.85507],
						"7.1667": [-51.63, 5.35, 38.11],
						"7.2917": [-53.72501, 6.67653, 39.09476],
						"7.6667": [-56.4, 8.18, 40.24],
						"7.9167": {
							"pre": [-55.28, 8.73, 40.65],
							"post": [-55.28, 8.73, 40.65],
							"lerp_mode": "catmullrom"
						},
						"8.0": {
							"post": [-49.90682, 7.47204, 39.55603],
							"lerp_mode": "catmullrom"
						},
						"8.25": {
							"post": [-46.05, 9.82, 41.48],
							"lerp_mode": "catmullrom"
						},
						"8.5833": {
							"post": [-1, 0, 0],
							"lerp_mode": "catmullrom"
						},
						"8.75": {
							"post": [0, 0, 0],
							"lerp_mode": "catmullrom"
						},
						"8.875": [0, 0, 0]
					},
					"position": {
						"0.0": [0, 0, 0],
						"0.4583": {
							"pre": [6.26, 2.63, -5.13],
							"post": [6.26, 2.63, -5.13],
							"lerp_mode": "catmullrom"
						},
						"0.875": {
							"post": [6.26, 2.63, -5.13],
							"lerp_mode": "catmullrom"
						},
						"1.2917": {
							"post": [6.2, 2.52, -5.03],
							"lerp_mode": "catmullrom"
						},
						"1.7083": {
							"post": [6.26, 2.63, -4.13],
							"lerp_mode": "catmullrom"
						},
						"2.1667": {
							"post": [3.86, -0.87, -3.13],
							"lerp_mode": "catmullrom"
						},
						"2.5": {
							"post": [4.05, -0.87, -2.78],
							"lerp_mode": "catmullrom"
						},
						"2.8333": {
							"post": [3.87, -0.76, -2.67],
							"lerp_mode": "catmullrom"
						},
						"3.2917": {
							"post": [3.86, -0.87, -3.13],
							"lerp_mode": "catmullrom"
						},
						"3.7083": {
							"post": [2.8, 1.5, -1.7],
							"lerp_mode": "catmullrom"
						},
						"3.8333": {
							"post": [2.8, 1.5, -1.7],
							"lerp_mode": "catmullrom"
						},
						"3.9583": {
							"post": [1.84, 1.28, -1.59],
							"lerp_mode": "catmullrom"
						},
						"4.2083": {
							"post": [1.98, 1.28, -1.49],
							"lerp_mode": "catmullrom"
						},
						"4.8333": {
							"post": [1.85, 1.29, -1.81],
							"lerp_mode": "catmullrom"
						},
						"5.5833": {
							"post": [1.84, 1.28, -1.59],
							"lerp_mode": "catmullrom"
						},
						"6.25": {
							"post": [4, -0.5, -0.9],
							"lerp_mode": "catmullrom"
						},
						"6.4583": {
							"post": [4.2, -0.5, -0.8],
							"lerp_mode": "catmullrom"
						},
						"6.7083": {
							"post": [3.77, -0.45, -1.13],
							"lerp_mode": "catmullrom"
						},
						"7.0833": [-1.6, -0.75, -8.01],
						"7.1667": [-1.74, -0.75, -8.05],
						"7.2917": [-2.24, -0.75, -8.21],
						"7.6667": [-2.54, -0.65, -8.9],
						"7.9167": {
							"pre": [-2.86, -0.68, -8.8],
							"post": [-2.86, -0.68, -8.8],
							"lerp_mode": "catmullrom"
						},
						"8.0": {
							"post": [-3.02, -0.7, -9.35],
							"lerp_mode": "catmullrom"
						},
						"8.25": {
							"post": [-3.5, -0.95, -9.01],
							"lerp_mode": "catmullrom"
						},
						"8.5833": {
							"post": [0, 0, -1.6],
							"lerp_mode": "catmullrom"
						},
						"8.75": {
							"post": [0, 0, 0.4],
							"lerp_mode": "catmullrom"
						},
						"8.875": [0, 0, 0]
					}
				},
				"mag_and_lefthand": {
					"rotation": {
						"4.2917": [0, 0, 0],
						"4.5417": {
							"pre": [-15.85215, 2.19848, 7.69388],
							"post": [-15.85215, 2.19848, 7.69388],
							"lerp_mode": "catmullrom"
						},
						"5.0417": {
							"post": [-15.85, 2.2, 7.69],
							"lerp_mode": "catmullrom"
						},
						"5.2917": {
							"post": [-15.96121, -1.0998, -3.84952],
							"lerp_mode": "catmullrom"
						},
						"5.7083": {
							"post": [-15.96, -1.1, -3.85],
							"lerp_mode": "catmullrom"
						},
						"5.9583": [0, 0, 0]
					},
					"position": {
						"4.2917": [0, 0, 0],
						"4.5417": {
							"pre": [-0.8, 0.6, 0],
							"post": [-0.8, 0.6, 0],
							"lerp_mode": "catmullrom"
						},
						"5.0417": {
							"post": [-0.8, 0.6, 0],
							"lerp_mode": "catmullrom"
						},
						"5.2917": {
							"post": [0.6, -0.4, 0],
							"lerp_mode": "catmullrom"
						},
						"5.7083": {
							"post": [0.6, -0.4, 0],
							"lerp_mode": "catmullrom"
						},
						"5.9583": [0, 0, 0]
					}
				},
				"magazine": {
					"rotation": {
						"4.0": [0, 0, 0],
						"4.1667": [-9.96271, 0.86717, 4.92442],
						"4.25": [-9.96, 0.87, 4.92],
						"5.9583": [-9.96, 0.87, 4.92],
						"6.0833": [0, 0, 0]
					},
					"position": {
						"3.8333": [0, 0, 0],
						"3.9583": [0, -4, 0],
						"4.0": [0, -4, 0],
						"4.1667": [3, -2, 0],
						"4.25": [3, -2, 0],
						"5.9583": [3, -2, 0],
						"6.0833": [0, -4, 0],
						"6.2083": [0, -4, 0],
						"6.2917": [0, -4, 0],
						"6.4583": [0, 0, 0],
						"6.5417": [0, 0, 0]
					}
				},
				"bullet": {
					"scale": 0
				},
				"group4": {
					"scale": 0
				},
				"group5": {
					"position": [0, 0, 0],
					"scale": {
						"0.0": [1, 1, 1],
						"4.2083": [0, 0, 0]
					}
				},
				"group6": {
					"scale": 0
				},
				"lefthand": {
					"rotation": {
						"0.0": [0, 0, 0],
						"0.4583": {
							"pre": [0, 0, 0],
							"post": [0, 0, 0],
							"lerp_mode": "catmullrom"
						},
						"1.75": {
							"post": [0, 0, 0],
							"lerp_mode": "catmullrom"
						},
						"2.1667": [-13.15925, 24.64623, 13.95534],
						"3.3333": [-13.15925, 24.64623, 13.95534],
						"3.625": [0, 0, -28],
						"3.8333": [0, 0, -28],
						"4.0": [0, 0, -28],
						"4.1667": [-9.92558, -0.75746, -20.76057],
						"4.25": [-9.93, -0.76, -20.76],
						"5.9583": [-9.93, -0.76, -20.76],
						"6.0833": [0, 0, -28],
						"6.4583": [0, 0, -28],
						"6.5833": [0, 0, -28],
						"6.7083": [0, 0, -28],
						"7.0417": [-15.10971, -13.80477, -30.73375],
						"7.6667": [-15.11, -13.8, -30.73],
						"8.2083": [-15.11, -13.8, -30.73],
						"8.5": [0, 0, 0]
					},
					"position": {
						"0.0": [0, 0, 0],
						"0.4583": {
							"pre": [5, -9, 9],
							"post": [5, -9, 9],
							"lerp_mode": "catmullrom"
						},
						"1.75": {
							"post": [5, -9, 9],
							"lerp_mode": "catmullrom"
						},
						"2.1667": [0.1, -4.5, -4.6],
						"3.3333": [0.1, -4.5, -4.6],
						"3.625": [1.66, 2.29, 2.35],
						"3.75": [0.3, 1.8, 4.4],
						"3.8333": [0.3, 1.8, 4.4],
						"3.9583": [0.3, -2.2, 4.4],
						"4.0": [0.3, -2.2, 4.4],
						"4.1667": [3.3, -0.8, 5.4],
						"4.25": [3.3, -0.8, 5.4],
						"5.9583": [3.3, -0.8, 5.4],
						"6.0833": [0.3, -2.2, 4.4],
						"6.2083": [0.3, -2.2, 4.4],
						"6.2917": [0.3, -2.2, 4.4],
						"6.4583": [0.3, 1.8, 4.4],
						"6.5833": [0.3, 1.8, 4.4],
						"6.7083": [0.3, 1.8, 4.4],
						"7.0417": [-1.3, 1.7, 5.9],
						"7.6667": [-1.3, 1.7, 5.9],
						"8.2083": [-1.3, 1.7, 5.9],
						"8.5": [0, 0, 0]
					}
				},
				"bullet2": {
					"scale": 0
				},
				"action": {
					"rotation": [0, 0, 0],
					"position": {
						"7.1667": [0, 0, 0],
						"7.2917": [0, 0, 3.5],
						"7.7083": [0, 0, 3.5],
						"7.9167": [0, 0, 3.5],
						"7.9583": [0, 0, 0]
					}
				},
				"righthand": {
					"rotation": {
						"1.9167": [0, 0, 0],
						"2.125": [1.08927, 49.76583, 0.98859],
						"2.375": [3.9751, 67.47756, 1.68893],
						"3.3333": [3.9751, 67.47756, 1.68893],
						"3.5417": [2.5, 42.38, 1.06],
						"3.7917": [0.72, 12.27, 0.31],
						"6.1667": [0.72, 12.27, 0.31],
						"6.7083": [0, 0, 0],
						"7.0": [0, 0, 6.25],
						"7.125": [0, 0, 10],
						"7.1667": [0, 0, 10],
						"7.25": [0, 2.5, 10],
						"7.7083": [0, 2.5, 10],
						"7.9167": [0, 2.5, 10],
						"8.0": [0, 10, 10],
						"8.0833": [0, 10, 10],
						"8.2917": [0, 0, 6.25],
						"8.5": [0, 0, 0]
					},
					"position": {
						"1.9167": [0, 0, 0],
						"2.125": [9.27, -0.04, 5.62],
						"2.375": [12.5, -0.2, 4.9],
						"3.3333": [12.5, -0.2, 4.9],
						"3.5417": [7.49, -0.43, 5.11],
						"3.7917": [1.47, -0.04, 1.62],
						"6.1667": [1.47, -0.04, 1.62],
						"6.7083": [0, 0, 0],
						"7.0": [-4.98, 4.24, -2.78],
						"7.125": [-3.3, 5.4, -5.8],
						"7.1667": [-3.3, 5.4, -5.8],
						"7.2917": [-3.3, 5.4, -2.3],
						"7.3333": [-3.3, 5.4, -2.3],
						"7.7083": [-3.3, 5.4, -2.3],
						"7.9167": [-3.3, 5.4, -2.3],
						"8.0": [-3.8, 5.4, 0.1],
						"8.0833": [-3.8, 5.4, 0.1],
						"8.2917": [-3.78, 2.24, 0.92],
						"8.5": [0, 0, 0]
					}
				},
				"camera": {
					"rotation": {
						"0.1667": [0, 0, 0],
						"0.6667": {
							"pre": [3, 3, 0],
							"post": [3, 3, 0],
							"lerp_mode": "catmullrom"
						},
						"1.625": {
							"post": [3, 3, 0],
							"lerp_mode": "catmullrom"
						},
						"2.2083": {
							"post": [6.0032, 3.99863, 0.05246],
							"lerp_mode": "catmullrom"
						},
						"3.0417": {
							"post": [6, 4, 0.05],
							"lerp_mode": "catmullrom"
						},
						"3.4167": {
							"post": [5.98903, 2.01093, -0.15914],
							"lerp_mode": "catmullrom"
						},
						"3.7917": {
							"post": [5.99, 2.01, -0.16],
							"lerp_mode": "catmullrom"
						},
						"4.3333": {
							"post": [2.98995, -1.98456, -0.3686],
							"lerp_mode": "catmullrom"
						},
						"5.0": {
							"post": [2.99, -1.98, -0.37],
							"lerp_mode": "catmullrom"
						},
						"5.875": {
							"post": [2.99, -1.98, -0.37],
							"lerp_mode": "catmullrom"
						},
						"6.6667": {
							"post": [2.98821, 0.01728, -0.2657],
							"lerp_mode": "catmullrom"
						},
						"7.375": {
							"post": [6.99404, -2.97591, -0.42662],
							"lerp_mode": "catmullrom"
						},
						"7.9583": {
							"post": [6.99, -2.98, -0.43],
							"lerp_mode": "catmullrom"
						},
						"8.9583": [0, 0, 0]
					}
				}
			}
		}
	}
}