{
	"format_version": "1.8.0",
	"animations": {
		"spin": {
			"loop": true,
			"animation_length": 1,
			"bones": {
				"spinny": {
					"rotation": {
						"0.0": [0, 0, 0],
						"1.0": [0, 0, 360]
					}
				}
			},
			"sound_effects": {
				"0.0": {
					"effect": "tacz:minigun/minigun_barrel_whine_low_speed"
				}
			}
		},
		"static_idle": {
			"animation_length": 0.0417,
			"bones": {
				"root": {
					"rotation": [0, 0, 0],
					"position": [0, 0, 0]
				},
				"lefthand": {
					"rotation": [0, 0, 0],
					"position": [0, 0, 0]
				},
				"spinny": {
					"rotation": [0, 0, 0],
					"position": [0, 0, 0]
				},
				"righthand": {
					"rotation": [0, 0, 0],
					"position": [0, 0, 0]
				}
			}
		},
		"shoot": {
			"animation_length": 0.2917,
			"bones": {
				"root": {
					"rotation": {
						"0.0": [0, 0, 0],
						"0.0417": [1.23, 0, 0.73],
						"0.0833": [-1.99, 0, -1.23],
						"0.125": [-0.91, 0, -0.35],
						"0.1667": [0.18, 0, 0.53],
						"0.2083": [0.27, 0, 0.27],
						"0.25": [0.45, 0, -0.25]
					},
					"position": {
						"0.0": [0, 0, 0],
						"0.0417": [0, -0.02, 1.73],
						"0.0833": [0, -0.05, 0.67],
						"0.125": [0, -0.05, -0.04],
						"0.1667": [0, -0.04, -0.01],
						"0.2083": [0, -0.04, 0.03],
						"0.25": [0, -0.02, 0.1]
					}
				},
				"spinny": {
					"rotation": {
						"0.0": [0, 0, 0],
						"0.125": [0, 0, 960],
						"0.25": [0, 0, 1080]
					}
				}
			}
		},
		"inspect": {
			"animation_length": 6.625,
			"bones": {
				"root": {
					"rotation": {
						"0.0": [0, 0, 0],
						"0.0417": [-2.16, -0.15, -0.31],
						"0.0833": [-5, -0.52, -1.02],
						"0.125": [-8.39, -0.93, -1.84],
						"0.1667": [-12.2, -1.24, -2.46],
						"0.2083": [-16.33, -1.29, -2.56],
						"0.25": [-20.63, -0.93, -1.84],
						"0.2917": [-25, 0, 0],
						"0.3333": [-27.15, 0.7, 1.39],
						"0.375": [-29.53, 1.61, 3.2],
						"0.4167": [-32.07, 2.69, 5.34],
						"0.4583": [-34.75, 3.91, 7.76],
						"0.5": [-37.52, 5.24, 10.41],
						"0.5417": [-40.33, 6.65, 13.21],
						"0.5833": [-43.16, 8.11, 16.1],
						"0.625": [-45.95, 9.58, 19.03],
						"0.6667": [-48.66, 11.04, 21.92],
						"0.7083": [-51.26, 12.45, 24.72],
						"0.75": [-53.69, 13.78, 27.36],
						"0.7917": [-55.92, 15, 29.79],
						"0.8333": [-57.91, 16.08, 31.93],
						"0.875": [-59.62, 16.99, 33.73],
						"0.9167": [-61, 17.69, 35.13],
						"0.9583": [-62.73, 18.47, 36.68],
						"1.0": [-63.58, 18.7, 37.15],
						"1.0417": [-63.74, 18.54, 36.87],
						"1.0833": [-63.39, 18.16, 36.14],
						"1.125": [-62.75, 17.72, 35.29],
						"1.1667": [-62.01, 17.39, 34.62],
						"1.2083": [-61.36, 17.32, 34.46],
						"1.25": [-61, 17.69, 35.13],
						"1.2917": [-60.85, 18.34, 36.34],
						"1.3333": [-60.64, 19.24, 38.01],
						"1.375": [-60.39, 20.32, 40.02],
						"1.4167": [-60.11, 21.52, 42.25],
						"1.4583": [-59.82, 22.78, 44.6],
						"1.5": [-59.53, 24.05, 46.95],
						"1.5417": [-59.25, 25.25, 49.18],
						"1.5833": [-59, 26.33, 51.19],
						"1.625": [-58.79, 27.22, 52.85],
						"1.6667": [-58.64, 27.88, 54.06],
						"1.7083": [-58.55, 28.3, 54.88],
						"1.75": [-58.51, 28.48, 55.28],
						"1.7917": [-58.52, 28.47, 55.35],
						"1.8333": [-58.56, 28.34, 55.2],
						"1.875": [-58.62, 28.14, 54.89],
						"1.9167": [-58.67, 27.94, 54.54],
						"1.9583": [-58.7, 27.79, 54.22],
						"2.0": [-58.69, 27.75, 54.03],
						"2.0417": [-58.64, 27.88, 54.06],
						"2.0833": [-58.55, 28.12, 54.24],
						"2.125": [-58.43, 28.45, 54.48],
						"2.1667": [-58.29, 28.84, 54.76],
						"2.2083": [-58.13, 29.28, 55.08],
						"2.25": [-57.96, 29.76, 55.42],
						"2.2917": [-57.79, 30.24, 55.77],
						"2.3333": [-57.61, 30.71, 56.11],
						"2.375": [-57.45, 31.15, 56.43],
						"2.4167": [-57.31, 31.55, 56.72],
						"2.4583": [-57.19, 31.87, 56.95],
						"2.5": [-57.1, 32.12, 57.13],
						"2.5417": [-57.06, 32.25, 57.22],
						"2.5833": [-57.02, 32.42, 57.33],
						"2.625": [-56.97, 32.62, 57.46],
						"2.6667": [-56.92, 32.85, 57.6],
						"2.7083": [-56.87, 33.09, 57.75],
						"2.75": [-56.82, 33.33, 57.9],
						"2.7917": [-56.77, 33.58, 58.04],
						"2.8333": [-56.73, 33.8, 58.18],
						"2.875": [-56.69, 34.01, 58.3],
						"2.9167": [-56.66, 34.18, 58.4],
						"2.9583": [-56.64, 34.31, 58.47],
						"3.0": [-56.63, 34.39, 58.52],
						"3.0417": [-56.64, 34.41, 58.53],
						"3.0833": [-56.65, 34.37, 58.49],
						"3.125": [-56.68, 34.24, 58.41],
						"3.1667": [-56.73, 34.03, 58.28],
						"3.2083": [-56.79, 33.72, 58.09],
						"3.25": [-56.87, 33.3, 57.84],
						"3.2917": [-56.98, 32.77, 57.52],
						"3.3333": [-57.1, 32.12, 57.13],
						"3.375": [-57.3, 31.06, 56.49],
						"3.4167": [-57.56, 29.7, 55.68],
						"3.4583": [-57.86, 28.1, 54.72],
						"3.5": [-58.21, 26.28, 53.63],
						"3.5417": [-58.59, 24.29, 52.44],
						"3.5833": [-58.99, 22.18, 51.17],
						"3.625": [-59.4, 19.98, 49.85],
						"3.6667": [-59.83, 17.74, 48.51],
						"3.7083": [-60.25, 15.5, 47.17],
						"3.75": [-60.67, 13.3, 45.85],
						"3.7917": [-61.07, 11.19, 44.58],
						"3.8333": [-61.45, 9.2, 43.39],
						"3.875": [-61.8, 7.38, 42.3],
						"3.9167": [-62.1, 5.78, 41.34],
						"3.9583": [-62.36, 4.42, 40.53],
						"4.0": [-62.56, 3.36, 39.89],
						"4.0417": [-62.69, 2.68, 39.48],
						"4.0833": [-62.79, 2.15, 39.17],
						"4.125": [-62.87, 1.75, 38.93],
						"4.1667": [-62.92, 1.47, 38.76],
						"4.2083": [-62.95, 1.31, 38.66],
						"4.25": [-62.96, 1.23, 38.62],
						"4.2917": [-62.96, 1.25, 38.62],
						"4.3333": [-62.94, 1.33, 38.67],
						"4.375": [-62.92, 1.47, 38.76],
						"4.4167": [-62.88, 1.66, 38.87],
						"4.4583": [-62.84, 1.88, 39.01],
						"4.5": [-62.79, 2.13, 39.15],
						"4.5417": [-62.75, 2.38, 39.3],
						"4.5833": [-62.7, 2.63, 39.45],
						"4.625": [-62.66, 2.86, 39.59],
						"4.6667": [-62.62, 3.06, 39.71],
						"4.7083": [-62.59, 3.22, 39.8],
						"4.75": [-62.57, 3.32, 39.87],
						"4.7917": [-62.56, 3.36, 39.89],
						"4.8333": [-62.62, 3.37, 39.95],
						"4.875": [-62.79, 3.38, 40.13],
						"4.9167": [-63.04, 3.4, 40.4],
						"4.9583": [-63.36, 3.43, 40.73],
						"5.0": [-63.71, 3.46, 41.11],
						"5.0417": [-64.07, 3.5, 41.5],
						"5.0833": [-64.43, 3.53, 41.88],
						"5.125": [-64.76, 3.56, 42.23],
						"5.1667": [-65.04, 3.58, 42.52],
						"5.2083": [-65.24, 3.6, 42.73],
						"5.25": [-65.34, 3.61, 42.84],
						"5.2917": [-65.31, 3.61, 42.81],
						"5.3333": [-65.14, 3.59, 42.63],
						"5.375": [-64.81, 3.56, 42.28],
						"5.4167": [-64.28, 3.51, 41.72],
						"5.4583": [-63.54, 3.45, 40.93],
						"5.5": [-62.56, 3.36, 39.89],
						"5.5417": [-60.51, 3.17, 37.61],
						"5.5833": [-57.85, 2.91, 34.53],
						"5.625": [-54.69, 2.6, 30.81],
						"5.6667": [-51.14, 2.24, 26.64],
						"5.7083": [-47.32, 1.87, 22.21],
						"5.75": [-43.34, 1.49, 17.68],
						"5.7917": [-39.31, 1.12, 13.25],
						"5.8333": [-35.35, 0.76, 9.08],
						"5.875": [-31.57, 0.45, 5.36],
						"5.9167": [-28.08, 0.19, 2.28],
						"5.9583": [-25, 0, 0],
						"6.0": [-22.92, -0.1, -1.16],
						"6.0417": [-20.84, -0.17, -2],
						"6.0833": [-18.8, -0.22, -2.55],
						"6.125": [-16.78, -0.24, -2.86],
						"6.1667": [-14.81, -0.25, -2.95],
						"6.2083": [-12.9, -0.24, -2.87],
						"6.25": [-11.05, -0.22, -2.65],
						"6.2917": [-9.28, -0.2, -2.32],
						"6.3333": [-7.6, -0.16, -1.91],
						"6.375": [-6.02, -0.12, -1.48],
						"6.4167": [-4.55, -0.09, -1.04],
						"6.4583": [-3.2, -0.05, -0.64],
						"6.5": [-1.98, -0.03, -0.31],
						"6.5417": [-0.91, -0.01, -0.08],
						"6.5833": [0, 0, 0]
					},
					"position": {
						"0.0": [0, 0, 0],
						"0.0417": [0.03, -0.83, -0.21],
						"0.0833": [0.09, -2.2, -0.39],
						"0.125": [0.16, -3.8, -0.62],
						"0.1667": [0.22, -5.33, -0.97],
						"0.2083": [0.23, -6.49, -1.53],
						"0.25": [0.16, -6.98, -2.38],
						"0.2917": [0, -6.5, -3.6],
						"0.3333": [-0.12, -5.84, -4.36],
						"0.375": [-0.28, -4.87, -5.27],
						"0.4167": [-0.47, -3.65, -6.32],
						"0.4583": [-0.69, -2.21, -7.48],
						"0.5": [-0.92, -0.61, -8.73],
						"0.5417": [-1.17, 1.12, -10.03],
						"0.5833": [-1.42, 2.92, -11.36],
						"0.625": [-1.68, 4.77, -12.69],
						"0.6667": [-1.93, 6.6, -14.01],
						"0.7083": [-2.18, 8.39, -15.27],
						"0.75": [-2.41, 10.08, -16.47],
						"0.7917": [-2.63, 11.63, -17.56],
						"0.8333": [-2.82, 12.99, -18.54],
						"0.875": [-2.98, 14.13, -19.36],
						"0.9167": [-3.1, 15, -20],
						"0.9583": [-3.25, 16, -20.78],
						"1.0": [-3.33, 16.42, -21.15],
						"1.0417": [-3.35, 16.41, -21.2],
						"1.0833": [-3.33, 16.11, -21.03],
						"1.125": [-3.28, 15.67, -20.72],
						"1.1667": [-3.21, 15.24, -20.38],
						"1.2083": [-3.15, 14.97, -20.11],
						"1.25": [-3.1, 15, -20],
						"1.2917": [-3.06, 15.24, -20],
						"1.3333": [-3.01, 15.56, -20],
						"1.375": [-2.95, 15.95, -20],
						"1.4167": [-2.87, 16.39, -20],
						"1.4583": [-2.8, 16.85, -20],
						"1.5": [-2.73, 17.31, -20],
						"1.5417": [-2.65, 17.75, -20],
						"1.5833": [-2.59, 18.14, -20],
						"1.625": [-2.54, 18.46, -20],
						"1.6667": [-2.5, 18.7, -20],
						"1.7083": [-2.49, 18.85, -20],
						"1.75": [-2.5, 18.89, -20],
						"1.7917": [-2.54, 18.86, -20],
						"1.8333": [-2.58, 18.79, -20],
						"1.875": [-2.62, 18.7, -20],
						"1.9167": [-2.64, 18.61, -20],
						"1.9583": [-2.64, 18.57, -20],
						"2.0": [-2.59, 18.59, -20],
						"2.0417": [-2.5, 18.7, -20],
						"2.0833": [-2.37, 18.87, -20],
						"2.125": [-2.2, 19.1, -20],
						"2.1667": [-2, 19.38, -20],
						"2.2083": [-1.77, 19.7, -20],
						"2.25": [-1.52, 20.03, -20],
						"2.2917": [-1.28, 20.37, -20],
						"2.3333": [-1.03, 20.7, -20],
						"2.375": [-0.8, 21.02, -20],
						"2.4167": [-0.6, 21.3, -20],
						"2.4583": [-0.43, 21.53, -20],
						"2.5": [-0.3, 21.7, -20],
						"2.5417": [-0.25, 21.78, -19.99],
						"2.5833": [-0.23, 21.85, -19.98],
						"2.625": [-0.21, 21.93, -19.96],
						"2.6667": [-0.22, 22, -19.93],
						"2.7083": [-0.23, 22.08, -19.89],
						"2.75": [-0.25, 22.14, -19.86],
						"2.7917": [-0.28, 22.2, -19.82],
						"2.8333": [-0.31, 22.25, -19.78],
						"2.875": [-0.35, 22.29, -19.74],
						"2.9167": [-0.38, 22.33, -19.71],
						"2.9583": [-0.42, 22.34, -19.69],
						"3.0": [-0.45, 22.35, -19.67],
						"3.0417": [-0.47, 22.34, -19.66],
						"3.0833": [-0.49, 22.31, -19.66],
						"3.125": [-0.49, 22.26, -19.68],
						"3.1667": [-0.49, 22.2, -19.71],
						"3.2083": [-0.47, 22.11, -19.75],
						"3.25": [-0.43, 22, -19.81],
						"3.2917": [-0.38, 21.86, -19.9],
						"3.3333": [-0.3, 21.7, -20],
						"3.375": [-0.17, 21.44, -20.17],
						"3.4167": [-0.01, 21.11, -20.39],
						"3.4583": [0.19, 20.72, -20.64],
						"3.5": [0.41, 20.28, -20.93],
						"3.5417": [0.65, 19.79, -21.25],
						"3.5833": [0.91, 19.28, -21.59],
						"3.625": [1.18, 18.75, -21.94],
						"3.6667": [1.45, 18.2, -22.3],
						"3.7083": [1.72, 17.65, -22.66],
						"3.75": [1.99, 17.12, -23.01],
						"3.7917": [2.25, 16.61, -23.35],
						"3.8333": [2.49, 16.12, -23.67],
						"3.875": [2.71, 15.68, -23.96],
						"3.9167": [2.91, 15.29, -24.21],
						"3.9583": [3.07, 14.96, -24.43],
						"4.0": [3.2, 14.7, -24.6],
						"4.0417": [3.28, 14.53, -24.71],
						"4.0833": [3.35, 14.41, -24.79],
						"4.125": [3.4, 14.31, -24.86],
						"4.1667": [3.43, 14.24, -24.9],
						"4.2083": [3.45, 14.2, -24.93],
						"4.25": [3.46, 14.18, -24.94],
						"4.2917": [3.46, 14.19, -24.94],
						"4.3333": [3.45, 14.21, -24.92],
						"4.375": [3.43, 14.24, -24.9],
						"4.4167": [3.41, 14.29, -24.87],
						"4.4583": [3.38, 14.34, -24.84],
						"4.5": [3.35, 14.4, -24.8],
						"4.5417": [3.32, 14.46, -24.76],
						"4.5833": [3.29, 14.52, -24.72],
						"4.625": [3.26, 14.58, -24.68],
						"4.6667": [3.24, 14.63, -24.65],
						"4.7083": [3.22, 14.67, -24.62],
						"4.75": [3.2, 14.69, -24.61],
						"4.7917": [3.2, 14.7, -24.6],
						"4.8333": [3.21, 14.73, -24.63],
						"4.875": [3.22, 14.83, -24.73],
						"4.9167": [3.24, 14.97, -24.87],
						"4.9583": [3.27, 15.15, -25.04],
						"5.0": [3.3, 15.35, -25.24],
						"5.0417": [3.33, 15.55, -25.45],
						"5.0833": [3.36, 15.76, -25.65],
						"5.125": [3.39, 15.94, -25.83],
						"5.1667": [3.41, 16.1, -25.98],
						"5.2083": [3.43, 16.21, -26.1],
						"5.25": [3.44, 16.27, -26.15],
						"5.2917": [3.43, 16.25, -26.14],
						"5.3333": [3.42, 16.16, -26.04],
						"5.375": [3.39, 15.97, -25.86],
						"5.4167": [3.35, 15.67, -25.56],
						"5.4583": [3.28, 15.25, -25.15],
						"5.5": [3.2, 14.7, -24.6],
						"5.5417": [3.02, 13.47, -23.41],
						"5.5833": [2.77, 11.76, -21.82],
						"5.625": [2.47, 9.7, -19.92],
						"5.6667": [2.14, 7.39, -17.78],
						"5.7083": [1.78, 4.94, -15.49],
						"5.75": [1.42, 2.46, -13.15],
						"5.7917": [1.06, 0.06, -10.84],
						"5.8333": [0.73, -2.14, -8.64],
						"5.875": [0.43, -4.04, -6.64],
						"5.9167": [0.18, -5.53, -4.93],
						"5.9583": [0, -6.5, -3.6],
						"6.0": [-0.09, -6.86, -2.85],
						"6.0417": [-0.16, -6.97, -2.22],
						"6.0833": [-0.2, -6.87, -1.71],
						"6.125": [-0.23, -6.58, -1.3],
						"6.1667": [-0.24, -6.14, -0.98],
						"6.2083": [-0.23, -5.58, -0.73],
						"6.25": [-0.21, -4.93, -0.56],
						"6.2917": [-0.19, -4.21, -0.43],
						"6.3333": [-0.15, -3.46, -0.35],
						"6.375": [-0.12, -2.71, -0.29],
						"6.4167": [-0.08, -1.99, -0.25],
						"6.4583": [-0.05, -1.33, -0.21],
						"6.5": [-0.02, -0.75, -0.17],
						"6.5417": [-0.01, -0.3, -0.1],
						"6.5833": [0, 0, 0]
					}
				}
			},
			"sound_effects": {
				"0.0": {
					"effect": "lmv_inspect2"
				}
			}
		},
		"inspect_empty": {
			"animation_length": 6.625,
			"bones": {
				"root": {
					"rotation": {
						"0.0": [0, 0, 0],
						"0.0417": [-2.16, -0.15, -0.31],
						"0.0833": [-5, -0.52, -1.02],
						"0.125": [-8.39, -0.93, -1.84],
						"0.1667": [-12.2, -1.24, -2.46],
						"0.2083": [-16.33, -1.29, -2.56],
						"0.25": [-20.63, -0.93, -1.84],
						"0.2917": [-25, 0, 0],
						"0.3333": [-27.15, 0.7, 1.39],
						"0.375": [-29.53, 1.61, 3.2],
						"0.4167": [-32.07, 2.69, 5.34],
						"0.4583": [-34.75, 3.91, 7.76],
						"0.5": [-37.52, 5.24, 10.41],
						"0.5417": [-40.33, 6.65, 13.21],
						"0.5833": [-43.16, 8.11, 16.1],
						"0.625": [-45.95, 9.58, 19.03],
						"0.6667": [-48.66, 11.04, 21.92],
						"0.7083": [-51.26, 12.45, 24.72],
						"0.75": [-53.69, 13.78, 27.36],
						"0.7917": [-55.92, 15, 29.79],
						"0.8333": [-57.91, 16.08, 31.93],
						"0.875": [-59.62, 16.99, 33.73],
						"0.9167": [-61, 17.69, 35.13],
						"0.9583": [-62.73, 18.47, 36.68],
						"1.0": [-63.58, 18.7, 37.15],
						"1.0417": [-63.74, 18.54, 36.87],
						"1.0833": [-63.39, 18.16, 36.14],
						"1.125": [-62.75, 17.72, 35.29],
						"1.1667": [-62.01, 17.39, 34.62],
						"1.2083": [-61.36, 17.32, 34.46],
						"1.25": [-61, 17.69, 35.13],
						"1.2917": [-60.85, 18.34, 36.34],
						"1.3333": [-60.64, 19.24, 38.01],
						"1.375": [-60.39, 20.32, 40.02],
						"1.4167": [-60.11, 21.52, 42.25],
						"1.4583": [-59.82, 22.78, 44.6],
						"1.5": [-59.53, 24.05, 46.95],
						"1.5417": [-59.25, 25.25, 49.18],
						"1.5833": [-59, 26.33, 51.19],
						"1.625": [-58.79, 27.22, 52.85],
						"1.6667": [-58.64, 27.88, 54.06],
						"1.7083": [-58.55, 28.3, 54.88],
						"1.75": [-58.51, 28.48, 55.28],
						"1.7917": [-58.52, 28.47, 55.35],
						"1.8333": [-58.56, 28.34, 55.2],
						"1.875": [-58.62, 28.14, 54.89],
						"1.9167": [-58.67, 27.94, 54.54],
						"1.9583": [-58.7, 27.79, 54.22],
						"2.0": [-58.69, 27.75, 54.03],
						"2.0417": [-58.64, 27.88, 54.06],
						"2.0833": [-58.55, 28.12, 54.24],
						"2.125": [-58.43, 28.45, 54.48],
						"2.1667": [-58.29, 28.84, 54.76],
						"2.2083": [-58.13, 29.28, 55.08],
						"2.25": [-57.96, 29.76, 55.42],
						"2.2917": [-57.79, 30.24, 55.77],
						"2.3333": [-57.61, 30.71, 56.11],
						"2.375": [-57.45, 31.15, 56.43],
						"2.4167": [-57.31, 31.55, 56.72],
						"2.4583": [-57.19, 31.87, 56.95],
						"2.5": [-57.1, 32.12, 57.13],
						"2.5417": [-57.06, 32.25, 57.22],
						"2.5833": [-57.02, 32.42, 57.33],
						"2.625": [-56.97, 32.62, 57.46],
						"2.6667": [-56.92, 32.85, 57.6],
						"2.7083": [-56.87, 33.09, 57.75],
						"2.75": [-56.82, 33.33, 57.9],
						"2.7917": [-56.77, 33.58, 58.04],
						"2.8333": [-56.73, 33.8, 58.18],
						"2.875": [-56.69, 34.01, 58.3],
						"2.9167": [-56.66, 34.18, 58.4],
						"2.9583": [-56.64, 34.31, 58.47],
						"3.0": [-56.63, 34.39, 58.52],
						"3.0417": [-56.64, 34.41, 58.53],
						"3.0833": [-56.65, 34.37, 58.49],
						"3.125": [-56.68, 34.24, 58.41],
						"3.1667": [-56.73, 34.03, 58.28],
						"3.2083": [-56.79, 33.72, 58.09],
						"3.25": [-56.87, 33.3, 57.84],
						"3.2917": [-56.98, 32.77, 57.52],
						"3.3333": [-57.1, 32.12, 57.13],
						"3.375": [-57.3, 31.06, 56.49],
						"3.4167": [-57.56, 29.7, 55.68],
						"3.4583": [-57.86, 28.1, 54.72],
						"3.5": [-58.21, 26.28, 53.63],
						"3.5417": [-58.59, 24.29, 52.44],
						"3.5833": [-58.99, 22.18, 51.17],
						"3.625": [-59.4, 19.98, 49.85],
						"3.6667": [-59.83, 17.74, 48.51],
						"3.7083": [-60.25, 15.5, 47.17],
						"3.75": [-60.67, 13.3, 45.85],
						"3.7917": [-61.07, 11.19, 44.58],
						"3.8333": [-61.45, 9.2, 43.39],
						"3.875": [-61.8, 7.38, 42.3],
						"3.9167": [-62.1, 5.78, 41.34],
						"3.9583": [-62.36, 4.42, 40.53],
						"4.0": [-62.56, 3.36, 39.89],
						"4.0417": [-62.69, 2.68, 39.48],
						"4.0833": [-62.79, 2.15, 39.17],
						"4.125": [-62.87, 1.75, 38.93],
						"4.1667": [-62.92, 1.47, 38.76],
						"4.2083": [-62.95, 1.31, 38.66],
						"4.25": [-62.96, 1.23, 38.62],
						"4.2917": [-62.96, 1.25, 38.62],
						"4.3333": [-62.94, 1.33, 38.67],
						"4.375": [-62.92, 1.47, 38.76],
						"4.4167": [-62.88, 1.66, 38.87],
						"4.4583": [-62.84, 1.88, 39.01],
						"4.5": [-62.79, 2.13, 39.15],
						"4.5417": [-62.75, 2.38, 39.3],
						"4.5833": [-62.7, 2.63, 39.45],
						"4.625": [-62.66, 2.86, 39.59],
						"4.6667": [-62.62, 3.06, 39.71],
						"4.7083": [-62.59, 3.22, 39.8],
						"4.75": [-62.57, 3.32, 39.87],
						"4.7917": [-62.56, 3.36, 39.89],
						"4.8333": [-62.62, 3.37, 39.95],
						"4.875": [-62.79, 3.38, 40.13],
						"4.9167": [-63.04, 3.4, 40.4],
						"4.9583": [-63.36, 3.43, 40.73],
						"5.0": [-63.71, 3.46, 41.11],
						"5.0417": [-64.07, 3.5, 41.5],
						"5.0833": [-64.43, 3.53, 41.88],
						"5.125": [-64.76, 3.56, 42.23],
						"5.1667": [-65.04, 3.58, 42.52],
						"5.2083": [-65.24, 3.6, 42.73],
						"5.25": [-65.34, 3.61, 42.84],
						"5.2917": [-65.31, 3.61, 42.81],
						"5.3333": [-65.14, 3.59, 42.63],
						"5.375": [-64.81, 3.56, 42.28],
						"5.4167": [-64.28, 3.51, 41.72],
						"5.4583": [-63.54, 3.45, 40.93],
						"5.5": [-62.56, 3.36, 39.89],
						"5.5417": [-60.51, 3.17, 37.61],
						"5.5833": [-57.85, 2.91, 34.53],
						"5.625": [-54.69, 2.6, 30.81],
						"5.6667": [-51.14, 2.24, 26.64],
						"5.7083": [-47.32, 1.87, 22.21],
						"5.75": [-43.34, 1.49, 17.68],
						"5.7917": [-39.31, 1.12, 13.25],
						"5.8333": [-35.35, 0.76, 9.08],
						"5.875": [-31.57, 0.45, 5.36],
						"5.9167": [-28.08, 0.19, 2.28],
						"5.9583": [-25, 0, 0],
						"6.0": [-22.92, -0.1, -1.16],
						"6.0417": [-20.84, -0.17, -2],
						"6.0833": [-18.8, -0.22, -2.55],
						"6.125": [-16.78, -0.24, -2.86],
						"6.1667": [-14.81, -0.25, -2.95],
						"6.2083": [-12.9, -0.24, -2.87],
						"6.25": [-11.05, -0.22, -2.65],
						"6.2917": [-9.28, -0.2, -2.32],
						"6.3333": [-7.6, -0.16, -1.91],
						"6.375": [-6.02, -0.12, -1.48],
						"6.4167": [-4.55, -0.09, -1.04],
						"6.4583": [-3.2, -0.05, -0.64],
						"6.5": [-1.98, -0.03, -0.31],
						"6.5417": [-0.91, -0.01, -0.08],
						"6.5833": [0, 0, 0]
					},
					"position": {
						"0.0": [0, 0, 0],
						"0.0417": [0.03, -0.83, -0.21],
						"0.0833": [0.09, -2.2, -0.39],
						"0.125": [0.16, -3.8, -0.62],
						"0.1667": [0.22, -5.33, -0.97],
						"0.2083": [0.23, -6.49, -1.53],
						"0.25": [0.16, -6.98, -2.38],
						"0.2917": [0, -6.5, -3.6],
						"0.3333": [-0.12, -5.84, -4.36],
						"0.375": [-0.28, -4.87, -5.27],
						"0.4167": [-0.47, -3.65, -6.32],
						"0.4583": [-0.69, -2.21, -7.48],
						"0.5": [-0.92, -0.61, -8.73],
						"0.5417": [-1.17, 1.12, -10.03],
						"0.5833": [-1.42, 2.92, -11.36],
						"0.625": [-1.68, 4.77, -12.69],
						"0.6667": [-1.93, 6.6, -14.01],
						"0.7083": [-2.18, 8.39, -15.27],
						"0.75": [-2.41, 10.08, -16.47],
						"0.7917": [-2.63, 11.63, -17.56],
						"0.8333": [-2.82, 12.99, -18.54],
						"0.875": [-2.98, 14.13, -19.36],
						"0.9167": [-3.1, 15, -20],
						"0.9583": [-3.25, 16, -20.78],
						"1.0": [-3.33, 16.42, -21.15],
						"1.0417": [-3.35, 16.41, -21.2],
						"1.0833": [-3.33, 16.11, -21.03],
						"1.125": [-3.28, 15.67, -20.72],
						"1.1667": [-3.21, 15.24, -20.38],
						"1.2083": [-3.15, 14.97, -20.11],
						"1.25": [-3.1, 15, -20],
						"1.2917": [-3.06, 15.24, -20],
						"1.3333": [-3.01, 15.56, -20],
						"1.375": [-2.95, 15.95, -20],
						"1.4167": [-2.87, 16.39, -20],
						"1.4583": [-2.8, 16.85, -20],
						"1.5": [-2.73, 17.31, -20],
						"1.5417": [-2.65, 17.75, -20],
						"1.5833": [-2.59, 18.14, -20],
						"1.625": [-2.54, 18.46, -20],
						"1.6667": [-2.5, 18.7, -20],
						"1.7083": [-2.49, 18.85, -20],
						"1.75": [-2.5, 18.89, -20],
						"1.7917": [-2.54, 18.86, -20],
						"1.8333": [-2.58, 18.79, -20],
						"1.875": [-2.62, 18.7, -20],
						"1.9167": [-2.64, 18.61, -20],
						"1.9583": [-2.64, 18.57, -20],
						"2.0": [-2.59, 18.59, -20],
						"2.0417": [-2.5, 18.7, -20],
						"2.0833": [-2.37, 18.87, -20],
						"2.125": [-2.2, 19.1, -20],
						"2.1667": [-2, 19.38, -20],
						"2.2083": [-1.77, 19.7, -20],
						"2.25": [-1.52, 20.03, -20],
						"2.2917": [-1.28, 20.37, -20],
						"2.3333": [-1.03, 20.7, -20],
						"2.375": [-0.8, 21.02, -20],
						"2.4167": [-0.6, 21.3, -20],
						"2.4583": [-0.43, 21.53, -20],
						"2.5": [-0.3, 21.7, -20],
						"2.5417": [-0.25, 21.78, -19.99],
						"2.5833": [-0.23, 21.85, -19.98],
						"2.625": [-0.21, 21.93, -19.96],
						"2.6667": [-0.22, 22, -19.93],
						"2.7083": [-0.23, 22.08, -19.89],
						"2.75": [-0.25, 22.14, -19.86],
						"2.7917": [-0.28, 22.2, -19.82],
						"2.8333": [-0.31, 22.25, -19.78],
						"2.875": [-0.35, 22.29, -19.74],
						"2.9167": [-0.38, 22.33, -19.71],
						"2.9583": [-0.42, 22.34, -19.69],
						"3.0": [-0.45, 22.35, -19.67],
						"3.0417": [-0.47, 22.34, -19.66],
						"3.0833": [-0.49, 22.31, -19.66],
						"3.125": [-0.49, 22.26, -19.68],
						"3.1667": [-0.49, 22.2, -19.71],
						"3.2083": [-0.47, 22.11, -19.75],
						"3.25": [-0.43, 22, -19.81],
						"3.2917": [-0.38, 21.86, -19.9],
						"3.3333": [-0.3, 21.7, -20],
						"3.375": [-0.17, 21.44, -20.17],
						"3.4167": [-0.01, 21.11, -20.39],
						"3.4583": [0.19, 20.72, -20.64],
						"3.5": [0.41, 20.28, -20.93],
						"3.5417": [0.65, 19.79, -21.25],
						"3.5833": [0.91, 19.28, -21.59],
						"3.625": [1.18, 18.75, -21.94],
						"3.6667": [1.45, 18.2, -22.3],
						"3.7083": [1.72, 17.65, -22.66],
						"3.75": [1.99, 17.12, -23.01],
						"3.7917": [2.25, 16.61, -23.35],
						"3.8333": [2.49, 16.12, -23.67],
						"3.875": [2.71, 15.68, -23.96],
						"3.9167": [2.91, 15.29, -24.21],
						"3.9583": [3.07, 14.96, -24.43],
						"4.0": [3.2, 14.7, -24.6],
						"4.0417": [3.28, 14.53, -24.71],
						"4.0833": [3.35, 14.41, -24.79],
						"4.125": [3.4, 14.31, -24.86],
						"4.1667": [3.43, 14.24, -24.9],
						"4.2083": [3.45, 14.2, -24.93],
						"4.25": [3.46, 14.18, -24.94],
						"4.2917": [3.46, 14.19, -24.94],
						"4.3333": [3.45, 14.21, -24.92],
						"4.375": [3.43, 14.24, -24.9],
						"4.4167": [3.41, 14.29, -24.87],
						"4.4583": [3.38, 14.34, -24.84],
						"4.5": [3.35, 14.4, -24.8],
						"4.5417": [3.32, 14.46, -24.76],
						"4.5833": [3.29, 14.52, -24.72],
						"4.625": [3.26, 14.58, -24.68],
						"4.6667": [3.24, 14.63, -24.65],
						"4.7083": [3.22, 14.67, -24.62],
						"4.75": [3.2, 14.69, -24.61],
						"4.7917": [3.2, 14.7, -24.6],
						"4.8333": [3.21, 14.73, -24.63],
						"4.875": [3.22, 14.83, -24.73],
						"4.9167": [3.24, 14.97, -24.87],
						"4.9583": [3.27, 15.15, -25.04],
						"5.0": [3.3, 15.35, -25.24],
						"5.0417": [3.33, 15.55, -25.45],
						"5.0833": [3.36, 15.76, -25.65],
						"5.125": [3.39, 15.94, -25.83],
						"5.1667": [3.41, 16.1, -25.98],
						"5.2083": [3.43, 16.21, -26.1],
						"5.25": [3.44, 16.27, -26.15],
						"5.2917": [3.43, 16.25, -26.14],
						"5.3333": [3.42, 16.16, -26.04],
						"5.375": [3.39, 15.97, -25.86],
						"5.4167": [3.35, 15.67, -25.56],
						"5.4583": [3.28, 15.25, -25.15],
						"5.5": [3.2, 14.7, -24.6],
						"5.5417": [3.02, 13.47, -23.41],
						"5.5833": [2.77, 11.76, -21.82],
						"5.625": [2.47, 9.7, -19.92],
						"5.6667": [2.14, 7.39, -17.78],
						"5.7083": [1.78, 4.94, -15.49],
						"5.75": [1.42, 2.46, -13.15],
						"5.7917": [1.06, 0.06, -10.84],
						"5.8333": [0.73, -2.14, -8.64],
						"5.875": [0.43, -4.04, -6.64],
						"5.9167": [0.18, -5.53, -4.93],
						"5.9583": [0, -6.5, -3.6],
						"6.0": [-0.09, -6.86, -2.85],
						"6.0417": [-0.16, -6.97, -2.22],
						"6.0833": [-0.2, -6.87, -1.71],
						"6.125": [-0.23, -6.58, -1.3],
						"6.1667": [-0.24, -6.14, -0.98],
						"6.2083": [-0.23, -5.58, -0.73],
						"6.25": [-0.21, -4.93, -0.56],
						"6.2917": [-0.19, -4.21, -0.43],
						"6.3333": [-0.15, -3.46, -0.35],
						"6.375": [-0.12, -2.71, -0.29],
						"6.4167": [-0.08, -1.99, -0.25],
						"6.4583": [-0.05, -1.33, -0.21],
						"6.5": [-0.02, -0.75, -0.17],
						"6.5417": [-0.01, -0.3, -0.1],
						"6.5833": [0, 0, 0]
					}
				}
			},
			"sound_effects": {
				"0.0": {
					"effect": "lmv_inspect2"
				}
			}
		},
		"put_away": {
			"animation_length": 1.1667,
			"bones": {
				"root": {
					"rotation": {
						"0.0": {
							"post": [0, 0, 0],
							"lerp_mode": "catmullrom"
						},
						"0.1667": {
							"post": [0.7, -0.76, 1.725],
							"lerp_mode": "catmullrom"
						},
						"0.3": {
							"post": [1.01, -1.16, -0.39],
							"lerp_mode": "catmullrom"
						},
						"0.5667": {
							"post": [-4.28446, -3.0823, 5.70013],
							"lerp_mode": "catmullrom"
						},
						"0.8": {
							"post": [18.10484, -16.709, 1.64115],
							"lerp_mode": "catmullrom"
						},
						"1.0": {
							"post": [27.63626, -12.39732, 1.96667],
							"lerp_mode": "catmullrom"
						}
					},
					"position": {
						"0.0": {
							"post": [0, 0, 0],
							"lerp_mode": "catmullrom"
						},
						"0.1667": {
							"post": [-0.27, -0.655, 0.35],
							"lerp_mode": "catmullrom"
						},
						"0.3": {
							"post": [-0.31, -1.165, 0.51],
							"lerp_mode": "catmullrom"
						},
						"0.5667": {
							"post": [-0.45, -4.825, 0.675],
							"lerp_mode": "catmullrom"
						},
						"1.0": {
							"post": [-6.8, -8.2, 6.7],
							"lerp_mode": "catmullrom"
						}
					}
				},
				"camera": {
					"rotation": {
						"0.0": {
							"post": [0, 0, 0],
							"lerp_mode": "catmullrom"
						},
						"0.2667": {
							"post": [0.3, 0.05, -0.125],
							"lerp_mode": "catmullrom"
						},
						"0.5": {
							"post": [-0.7, 0.225, -0.45],
							"lerp_mode": "catmullrom"
						},
						"0.8": {
							"post": [0.1, -0.03, 0.05],
							"lerp_mode": "catmullrom"
						},
						"1.0": {
							"post": [0, 0, 0],
							"lerp_mode": "catmullrom"
						}
					}
				},
				"spinny": {
					"rotation": {
						"0.0": [0, 0, 0],
						"0.2667": [0, 0, 120],
						"0.5667": {
							"pre": [0, 0, 240],
							"post": [0, 0, 240],
							"lerp_mode": "catmullrom"
						},
						"0.8": {
							"post": [0, 0, 335.92],
							"lerp_mode": "catmullrom"
						},
						"1.0667": [0, 0, 360],
						"1.1667": [0, 0, 360]
					}
				}
			}
		},
		"draw": {
			"animation_length": 1.9167,
			"bones": {
				"root": {
					"rotation": {
						"0.0": {
							"post": [27.63626, -12.39732, 1.96667],
							"lerp_mode": "catmullrom"
						},
						"0.3333": {
							"post": [18.10484, -16.709, 1.64115],
							"lerp_mode": "catmullrom"
						},
						"0.7083": {
							"post": [-4.28446, -3.0823, 5.70013],
							"lerp_mode": "catmullrom"
						},
						"0.9583": {
							"post": [-2.93983, -1.1144, 5.20444],
							"lerp_mode": "catmullrom"
						},
						"1.0417": {
							"post": [0.90314, -1.29549, 0.97824],
							"lerp_mode": "catmullrom"
						},
						"1.0833": {
							"post": [1.01, -1.16, -0.39],
							"lerp_mode": "catmullrom"
						},
						"1.2083": {
							"post": [0.7, -0.76, 1.725],
							"lerp_mode": "catmullrom"
						},
						"1.3333": {
							"post": [-0.06693, 0.15151, -0.28733],
							"lerp_mode": "catmullrom"
						},
						"1.5417": {
							"post": [0, 0, 0],
							"lerp_mode": "catmullrom"
						}
					},
					"position": {
						"0.0": {
							"post": [-6.8, -8.2, 6.7],
							"lerp_mode": "catmullrom"
						},
						"0.7083": {
							"post": [-0.45, 0.175, 0.675],
							"lerp_mode": "catmullrom"
						},
						"1.0": {
							"post": [-0.33, -0.38, 0.64],
							"lerp_mode": "catmullrom"
						},
						"1.0833": {
							"post": [-0.31, -1.165, 0.51],
							"lerp_mode": "catmullrom"
						},
						"1.2083": {
							"post": [-0.27, -0.655, 0.35],
							"lerp_mode": "catmullrom"
						},
						"1.4167": {
							"post": [-0.06, -0.04, 0.025],
							"lerp_mode": "catmullrom"
						},
						"1.5417": {
							"post": [0, 0, 0],
							"lerp_mode": "catmullrom"
						}
					}
				},
				"camera": {
					"rotation": {
						"0.0": {
							"post": [0, 0, 0],
							"lerp_mode": "catmullrom"
						},
						"0.25": {
							"post": [-0.3, -0.05, 0.125],
							"lerp_mode": "catmullrom"
						},
						"0.5": {
							"post": [1.535, -0.425, 0.85],
							"lerp_mode": "catmullrom"
						},
						"0.6667": {
							"post": [2.175, -0.45, 1.3],
							"lerp_mode": "catmullrom"
						},
						"0.8333": {
							"post": [2.55, -0.275, 0.85],
							"lerp_mode": "catmullrom"
						},
						"1.0833": {
							"post": [1.03, -0.2, 0],
							"lerp_mode": "catmullrom"
						},
						"1.2083": {
							"post": [-0.45, 0.05, 0.325],
							"lerp_mode": "catmullrom"
						},
						"1.2917": {
							"post": [0.325, 0, -0.375],
							"lerp_mode": "catmullrom"
						},
						"1.4583": {
							"post": [-0.075, 0, 0.075],
							"lerp_mode": "catmullrom"
						},
						"1.5833": {
							"post": [0, 0, 0],
							"lerp_mode": "catmullrom"
						}
					}
				},
				"spinny": {
					"rotation": {
						"0.4167": [0, 0, 0],
						"0.5833": [0, 0, 0],
						"0.75": {
							"pre": [0, 0, 24.08],
							"post": [0, 0, 24.08],
							"lerp_mode": "catmullrom"
						},
						"1.0833": {
							"post": [0, 0, 120],
							"lerp_mode": "catmullrom"
						},
						"1.25": [0, 0, 240],
						"1.625": [0, 0, 360],
						"1.9167": [0, 0, 480]
					}
				}
			},
			"sound_effects": {
				"0.0417": {
					"effect": "tacz:minigun/minigun_draw"
				},
				"0.5833": {
					"effect": "tacz:minigun/minigun_windup"
				}
			}
		},
		"over_heat": {
			"animation_length": 2.6,
			"bones": {
				"root": {
					"rotation": {
						"0.0": {
							"post": [0, 0, 0],
							"lerp_mode": "catmullrom"
						},
						"0.05": {
							"post": [1.22274, -1.27668, 1.22274],
							"lerp_mode": "catmullrom"
						},
						"0.15": {
							"post": [0.39505, 0.5563, 0.40792],
							"lerp_mode": "catmullrom"
						},
						"0.35": {
							"post": [2.06738, -0.11066, -0.42414],
							"lerp_mode": "catmullrom"
						},
						"0.7": {
							"post": [4.02085, -3.5426, 7.57594],
							"lerp_mode": "catmullrom"
						},
						"0.95": {
							"post": [5.03384, -3.71711, 6.47411],
							"lerp_mode": "catmullrom"
						},
						"1.4": {
							"post": [4.56369, -3.17025, 5.43034],
							"lerp_mode": "catmullrom"
						},
						"1.65": {
							"post": [4.08887, -1.56127, 3.69567],
							"lerp_mode": "catmullrom"
						},
						"1.95": {
							"post": [7.25611, -1.98501, 4.70728],
							"lerp_mode": "catmullrom"
						},
						"2.15": {
							"post": [-0.86, -0.13, 2.725],
							"lerp_mode": "catmullrom"
						},
						"2.25": {
							"post": [-1.76804, 0.40298, -0.29141],
							"lerp_mode": "catmullrom"
						},
						"2.35": {
							"post": [0.15, 0.36, 1.105],
							"lerp_mode": "catmullrom"
						},
						"2.4": {
							"post": [0.63, 0.23, -0.38],
							"lerp_mode": "catmullrom"
						},
						"2.5": {
							"post": [0.375, 0, 0],
							"lerp_mode": "catmullrom"
						},
						"2.6": {
							"post": [0, 0, 0],
							"lerp_mode": "catmullrom"
						}
					},
					"position": {
						"0.0": {
							"post": [0, 0, 0],
							"lerp_mode": "catmullrom"
						},
						"0.1": {
							"post": [0, -0.3, 0.745],
							"lerp_mode": "catmullrom"
						},
						"0.25": {
							"post": [-0.225, -0.375, 0.475],
							"lerp_mode": "catmullrom"
						},
						"0.4": {
							"post": [-0.22, -0.35, 0.35],
							"lerp_mode": "catmullrom"
						},
						"0.85": {
							"post": [-0.13, -0.56, 0.22],
							"lerp_mode": "catmullrom"
						},
						"1.55": {
							"post": [-0.015, -0.59, 0.05],
							"lerp_mode": "catmullrom"
						},
						"1.8": {
							"post": [-0.04, -2.105, 0.01],
							"lerp_mode": "catmullrom"
						},
						"1.9": {
							"post": [-0.05, -2.07, -0.01],
							"lerp_mode": "catmullrom"
						},
						"1.95": {
							"post": [-0.06, -1.405, 0],
							"lerp_mode": "catmullrom"
						},
						"2.05": {
							"post": [-0.07, 0.16, 0.16],
							"lerp_mode": "catmullrom"
						},
						"2.15": {
							"post": [-0.09, 0.8, 0.28],
							"lerp_mode": "catmullrom"
						},
						"2.25": {
							"post": [-0.11, 0.54, 0.015],
							"lerp_mode": "catmullrom"
						},
						"2.3": {
							"post": [-0.11, 0.36, -0.03],
							"lerp_mode": "catmullrom"
						},
						"2.35": {
							"post": [-0.11, -0.34, -0.035],
							"lerp_mode": "catmullrom"
						},
						"2.5": {
							"post": [-0.05, -0.005, -0.02],
							"lerp_mode": "catmullrom"
						},
						"2.6": {
							"post": [0, 0, 0],
							"lerp_mode": "catmullrom"
						}
					}
				},
				"spinny": {
					"rotation": {
						"0.0": [0, 0, 0],
						"0.25": [0, 0, 120],
						"0.5": {
							"pre": [0, 0, 240],
							"post": [0, 0, 240],
							"lerp_mode": "catmullrom"
						},
						"0.75": {
							"post": [0, 0, 335.92],
							"lerp_mode": "catmullrom"
						},
						"1.0": [0, 0, 360],
						"1.15": [0, 0, 360],
						"1.4": [0, 0, 360],
						"1.75": {
							"pre": [0, 0, 384.08],
							"post": [0, 0, 384.08],
							"lerp_mode": "catmullrom"
						},
						"2.1": {
							"post": [0, 0, 480],
							"lerp_mode": "catmullrom"
						},
						"2.3": [0, 0, 600],
						"2.6": [0, 0, 720]
					}
				},
				"camera": {
					"rotation": {
						"0.0": {
							"post": [0, 0, 0],
							"lerp_mode": "catmullrom"
						},
						"0.1": {
							"post": [-0.205, 0, 0.725],
							"lerp_mode": "catmullrom"
						},
						"0.2": {
							"post": [-0.11, -0.03, 0.095],
							"lerp_mode": "catmullrom"
						},
						"0.35": {
							"post": [0.355, -0.1, 0.475],
							"lerp_mode": "catmullrom"
						},
						"0.55": {
							"post": [3, -0.325, 0.675],
							"lerp_mode": "catmullrom"
						},
						"0.75": {
							"post": [3.61, -0.325, 0.725],
							"lerp_mode": "catmullrom"
						},
						"0.95": {
							"post": [2.95, -0.525, 1.05],
							"lerp_mode": "catmullrom"
						},
						"1.15": {
							"post": [2.195, -0.59, 1.06],
							"lerp_mode": "catmullrom"
						},
						"1.4": {
							"post": [2.58, -0.625, 1.025],
							"lerp_mode": "catmullrom"
						},
						"1.65": {
							"post": [2.59, -0.425, 1.025],
							"lerp_mode": "catmullrom"
						},
						"1.85": {
							"post": [3.51, -0.425, 0.875],
							"lerp_mode": "catmullrom"
						},
						"2.0": {
							"post": [2.68, -0.425, 0.625],
							"lerp_mode": "catmullrom"
						},
						"2.25": {
							"post": [-0.255, 0, 0],
							"lerp_mode": "catmullrom"
						},
						"2.35": {
							"post": [0.255, 0.02, 0.53],
							"lerp_mode": "catmullrom"
						},
						"2.45": {
							"post": [0, 0, -0.3],
							"lerp_mode": "catmullrom"
						},
						"2.6": {
							"post": [0, 0, 0],
							"lerp_mode": "catmullrom"
						}
					}
				}
			},
			"sound_effects": {
				"0.0": {
					"effect": "tacz:minigun/minigun_winddown"
				},
				"0.05": {
					"effect": "tacz:minigun/minigun_overheat_buzz"
				},
				"0.35": {
					"effect": "tacz:minigun/minigun_overheat_mvmt1"
				},
				"1.25": {
					"effect": "tacz:minigun/minigun_windup"
				},
				"1.8": {
					"effect": "tacz:minigun/minigun_overheat_mvmt2"
				},
				"2.1": {
					"effect": "tacz:minigun/minigun_overheat_mvmt3"
				}
			}
		}
	}
}