{
	"format_version": "1.8.0",
	"animations": {
		"static_idle": {
			"animation_length": 0.0417,
			"bones": {
				"constraint": {
					"rotation": [0.2, 0.2, 0.2],
					"position": [0.2, 0.2, 0.2]
				},
				"root": {
					"rotation": [0, 0, 0],
					"position": [0, 0, 0]
				},
				"lefthand": {
					"rotation": [0, 0, 0],
					"position": [0, 0, 0]
				},
				"righthand": {
					"rotation": [0, 0, 0],
					"position": [0, 0, 0]
				},
				"slidestop": {
					"rotation": [0, 0, 0]
				},
				"slide": {
					"position": [0, 0, 0]
				},
				"stock_rear": {
					"position": [0, 0, 0]
				}
			}
		},
		"static_bolt_caught": {
			"animation_length": 0.0417,
			"bones": {
				"root": {
					"rotation": [0, 0, 0],
					"position": [0, 0, 0]
				},
				"bullet_in_mag": {
					"scale": 0
				},
				"lefthand": {
					"rotation": [0, 0, 0],
					"position": [0, 0, 0]
				},
				"slidestop": {
					"rotation": [2.5, 0, 0]
				},
				"slide": {
					"position": [0, 0, 2]
				},
				"righthand": {
					"rotation": [0, 0, 0],
					"position": [0, 0, 0]
				}
			}
		},
		"reload_tactical": {
			"animation_length": 1.5,
			"bones": {
				"root": {
					"rotation": {
						"0.0": [0, 0, 0],
						"0.2083": {
							"pre": [-22.65681, -25.47827, -3.74257],
							"post": [-22.65681, -25.47827, -3.74257],
							"lerp_mode": "catmullrom"
						},
						"0.4167": {
							"post": [-22.66, -25.48, -3.74],
							"lerp_mode": "catmullrom"
						},
						"0.5833": {
							"post": [-22.66, -25.48, -3.74],
							"lerp_mode": "catmullrom"
						},
						"0.75": {
							"post": [-24.2358, -28.83734, -6.93746],
							"lerp_mode": "catmullrom"
						},
						"0.875": {
							"post": [-24.24, -28.84, -6.94],
							"lerp_mode": "catmullrom"
						},
						"0.9583": {
							"post": [-21.82361, -31.71782, -11.81529],
							"lerp_mode": "catmullrom"
						},
						"1.0833": {
							"post": [-24.24, -28.84, -6.94],
							"lerp_mode": "catmullrom"
						},
						"1.2917": {
							"post": [-1, 0, 0],
							"lerp_mode": "catmullrom"
						},
						"1.4167": [0, 0, 0],
						"1.5": [0, 0, 0]
					},
					"position": {
						"0.0": [0, 0, 0],
						"0.2083": {
							"pre": [3.47722, 3.60767, -4.32865],
							"post": [3.47722, 3.60767, -4.32865],
							"lerp_mode": "catmullrom"
						},
						"0.4167": {
							"post": [3.14, 3.24, -3.58],
							"lerp_mode": "catmullrom"
						},
						"0.5833": {
							"post": [3.14, 3.24, -3.58],
							"lerp_mode": "catmullrom"
						},
						"0.75": {
							"post": [3.14, 3.24, -3.58],
							"lerp_mode": "catmullrom"
						},
						"0.875": {
							"post": [3.14, 3.24, -3.58],
							"lerp_mode": "catmullrom"
						},
						"0.9583": {
							"post": [2.93605, 3.70832, -3.53606],
							"lerp_mode": "catmullrom"
						},
						"1.0833": {
							"post": [3.14, 3.24, -3.58],
							"lerp_mode": "catmullrom"
						},
						"1.2917": {
							"post": [0, 0, -1.6],
							"lerp_mode": "catmullrom"
						},
						"1.4167": [0, 0, 0.4],
						"1.5": [0, 0, 0]
					}
				},
				"mag_and_lefthand": {
					"rotation": {
						"0.0": {
							"post": [0, 0, 0],
							"lerp_mode": "catmullrom"
						},
						"0.1667": {
							"post": [0, 0, 0],
							"lerp_mode": "catmullrom"
						},
						"0.75": {
							"post": [0, 0, 0],
							"lerp_mode": "catmullrom"
						},
						"0.8333": {
							"post": [0, 0, 0],
							"lerp_mode": "catmullrom"
						},
						"0.9583": [0, 0, 0],
						"1.0833": [0, 0, 0],
						"1.2917": [0, 0, 0]
					},
					"position": {
						"0.0": {
							"post": [0, 0, 0],
							"lerp_mode": "catmullrom"
						},
						"0.1667": {
							"post": [0, 0, 0],
							"lerp_mode": "catmullrom"
						},
						"0.75": {
							"post": [0, 0, 0],
							"lerp_mode": "catmullrom"
						},
						"0.8333": {
							"post": [0, 5.76, -1.44],
							"lerp_mode": "catmullrom"
						},
						"0.9583": [0, 14.4, -3.6],
						"1.0833": [0, 14.4, -3.6],
						"1.2917": [0, 0, 0]
					}
				},
				"magazine": {
					"rotation": {
						"0.0": [0, 0, 0],
						"0.1667": [0, 0, 0],
						"0.2917": [0, 0, 0],
						"0.75": [0, 0, 0],
						"0.9583": [0, 0, 0],
						"1.0833": [0, 0, 0],
						"1.2917": [0, 0, 0]
					},
					"position": {
						"0.0": [0, 0, 0],
						"0.1667": [0, 0, 0],
						"0.2083": [0, -4.78955, 1.27945],
						"0.2917": [0, -14.41041, 3.52561],
						"0.4167": [0, -14.41, 3.53],
						"0.75": [0, -14.41, 3.53],
						"0.9583": [0, -14.41, 3.53],
						"1.0833": [0, -14.41, 3.53],
						"1.2917": [0, 0, 0]
					}
				},
				"lefthand": {
					"rotation": {
						"0.0": [0, 0, 0],
						"0.0833": [0, 0, 0],
						"0.1667": [0, 0, 0],
						"0.2083": {
							"pre": [1.99818, 0.10465, -1.99726],
							"post": [1.99818, 0.10465, -1.99726],
							"lerp_mode": "catmullrom"
						},
						"0.4167": [0, 0, 0],
						"0.4583": {
							"pre": [1, 0, 0],
							"post": [1, 0, 0],
							"lerp_mode": "catmullrom"
						},
						"0.8333": {
							"post": [3, 0, 0],
							"lerp_mode": "catmullrom"
						},
						"0.9583": {
							"post": [-0.99939, -0.0349, -1.9997],
							"lerp_mode": "catmullrom"
						},
						"1.0833": [0, 0, 0],
						"1.125": {
							"pre": [3, 0, 0],
							"post": [3, 0, 0],
							"lerp_mode": "catmullrom"
						},
						"1.2917": [0, 0, 0],
						"1.375": [0, 0, 0]
					},
					"position": {
						"0.0": [0, 0, 0],
						"0.1667": [3, -15, 6],
						"0.4167": [0.6, -19.3, 4.3],
						"0.9583": [0.6, -19.3, 4.3],
						"1.0833": [0.6, -19.3, 4.3],
						"1.2917": [0, 0, 0]
					}
				}
			},
			"sound_effects": {
				"0.0": {
					"effect": "rb224_moe_reload_tactical"
				}
			}
		},
		"reload_empty": {
			"animation_length": 1.625,
			"bones": {
				"root": {
					"rotation": {
						"0.0": [0, 0, 0],
						"0.2083": {
							"pre": [-22.65681, -25.47827, -3.74257],
							"post": [-22.65681, -25.47827, -3.74257],
							"lerp_mode": "catmullrom"
						},
						"0.4167": {
							"post": [-22.66, -25.48, -3.74],
							"lerp_mode": "catmullrom"
						},
						"0.5833": {
							"post": [-22.66, -25.48, -3.74],
							"lerp_mode": "catmullrom"
						},
						"0.75": {
							"post": [-24.2358, -28.83734, -6.93746],
							"lerp_mode": "catmullrom"
						},
						"0.875": {
							"post": [-24.24, -28.84, -6.94],
							"lerp_mode": "catmullrom"
						},
						"0.9583": {
							"post": [-21.82361, -31.71782, -11.81529],
							"lerp_mode": "catmullrom"
						},
						"1.0833": {
							"post": [-24.24, -28.84, -6.94],
							"lerp_mode": "catmullrom"
						},
						"1.2083": {
							"post": [-24.24, -28.84, -6.94],
							"lerp_mode": "catmullrom"
						},
						"1.4167": {
							"post": [-1, 0, 0],
							"lerp_mode": "catmullrom"
						},
						"1.5417": [0, 0, 0],
						"1.625": [0, 0, 0]
					},
					"position": {
						"0.0": [0, 0, 0],
						"0.2083": {
							"pre": [3.47722, 3.60767, -4.32865],
							"post": [3.47722, 3.60767, -4.32865],
							"lerp_mode": "catmullrom"
						},
						"0.4167": {
							"post": [3.14, 3.24, -3.58],
							"lerp_mode": "catmullrom"
						},
						"0.5833": {
							"post": [3.14, 3.24, -3.58],
							"lerp_mode": "catmullrom"
						},
						"0.75": {
							"post": [3.14, 3.24, -3.58],
							"lerp_mode": "catmullrom"
						},
						"0.875": {
							"post": [3.14, 3.24, -3.58],
							"lerp_mode": "catmullrom"
						},
						"0.9583": {
							"post": [2.93605, 3.70832, -3.53606],
							"lerp_mode": "catmullrom"
						},
						"1.0833": {
							"post": [3.14, 3.24, -3.58],
							"lerp_mode": "catmullrom"
						},
						"1.2083": {
							"post": [3.14, 3.24, -3.58],
							"lerp_mode": "catmullrom"
						},
						"1.4167": {
							"post": [0, 0, -1.6],
							"lerp_mode": "catmullrom"
						},
						"1.5417": [0, 0, 0.4],
						"1.625": [0, 0, 0]
					}
				},
				"mag_and_lefthand": {
					"rotation": {
						"0.0": {
							"post": [0, 0, 0],
							"lerp_mode": "catmullrom"
						},
						"0.1667": {
							"post": [0, 0, 0],
							"lerp_mode": "catmullrom"
						},
						"0.75": {
							"post": [0, 0, 0],
							"lerp_mode": "catmullrom"
						},
						"0.8333": {
							"post": [0, 0, 0],
							"lerp_mode": "catmullrom"
						},
						"0.9583": [0, 0, 0],
						"1.0833": [0, 0, 0],
						"1.2917": [0, 0, 0]
					},
					"position": {
						"0.0": {
							"post": [0, 0, 0],
							"lerp_mode": "catmullrom"
						},
						"0.1667": {
							"post": [0, 0, 0],
							"lerp_mode": "catmullrom"
						},
						"0.75": {
							"post": [0, 0, 0],
							"lerp_mode": "catmullrom"
						},
						"0.8333": {
							"post": [0, 5.76, -1.44],
							"lerp_mode": "catmullrom"
						},
						"0.9583": [0, 14.4, -3.6],
						"1.0833": [0, 14.4, -3.6],
						"1.2917": [0, 0, 0]
					}
				},
				"magazine": {
					"rotation": {
						"0.0": [0, 0, 0],
						"0.1667": [0, 0, 0],
						"0.2917": [0, 0, 0],
						"0.75": [0, 0, 0],
						"0.9583": [0, 0, 0],
						"1.0833": [0, 0, 0],
						"1.2917": [0, 0, 0]
					},
					"position": {
						"0.0": [0, 0, 0],
						"0.1667": [0, 0, 0],
						"0.2083": [0, -4.78955, 1.27945],
						"0.2917": [0, -14.41041, 3.52561],
						"0.4167": [0, -14.41, 3.53],
						"0.75": [0, -14.41, 3.53],
						"0.9583": [0, -14.41, 3.53],
						"1.0833": [0, -14.41, 3.53],
						"1.2917": [0, 0, 0]
					}
				},
				"lefthand": {
					"rotation": {
						"0.0": [0, 0, 0],
						"0.1667": [0, 0, 0],
						"0.4167": [0, 0, 0],
						"0.9583": [0, 0, 0],
						"1.0833": [0, 0, 0],
						"1.2917": [0, 0, 0]
					},
					"position": {
						"0.0": [0, 0, 0],
						"0.1667": [3, -15, 6],
						"0.4167": [0.6, -19.3, 4.3],
						"0.9583": [0.6, -19.3, 4.3],
						"1.0833": [0.6, -19.3, 4.3],
						"1.2917": [0, 0, 0]
					}
				},
				"righthand": {
					"rotation": {
						"0.0": [0, 0, 0],
						"0.8333": [0, 0, 0],
						"0.9167": [0, 0, 0],
						"0.9583": {
							"pre": [-0.99939, -0.0349, -1.9997],
							"post": [-0.99939, -0.0349, -1.9997],
							"lerp_mode": "catmullrom"
						},
						"1.0": [-4, 0, 0],
						"1.125": {
							"pre": [3, 0, 0],
							"post": [3, 0, 0],
							"lerp_mode": "catmullrom"
						},
						"1.2083": [0, 0, 0],
						"1.375": [0, 0, 0]
					},
					"position": {
						"0.875": [0, 0, 0],
						"0.9583": [0, 0.55581, -1.79805],
						"1.125": [0, 0.55581, -1.79805],
						"1.2083": [0, 0, 0]
					}
				},
				"slidestop": {
					"rotation": {
						"0.0": [2.5, 0, 0],
						"0.9583": [2.5, 0, 0],
						"1.0": [0, 0, 0]
					}
				},
				"slide": {
					"position": {
						"0.0": [0, 0, 2],
						"1.0417": [0, 0, 2],
						"1.0833": [0, 0, 0]
					}
				}
			},
			"sound_effects": {
				"0.0": {
					"effect": "rb224_moe_reload_empty"
				}
			}
		},
		"inspect": {
			"animation_length": 8.7917,
			"bones": {
				"root": {
					"rotation": {
						"0.0": [0, 0, 0],
						"0.2917": {
							"pre": [-14.50672, -48.54123, -8.65376],
							"post": [-14.50672, -48.54123, -8.65376],
							"lerp_mode": "catmullrom"
						},
						"0.6667": {
							"post": [-14.51, -48.54, -8.65],
							"lerp_mode": "catmullrom"
						},
						"1.125": {
							"post": [-15.34, -47.75, -7.55],
							"lerp_mode": "catmullrom"
						},
						"1.5": {
							"post": [-14.51, -48.54, -8.65],
							"lerp_mode": "catmullrom"
						},
						"1.9167": {
							"post": [-2.2819, -60.1061, -24.77356],
							"lerp_mode": "catmullrom"
						},
						"2.2083": {
							"post": [-2.28, -60.11, -24.77],
							"lerp_mode": "catmullrom"
						},
						"2.625": {
							"post": [-2.28, -60.11, -24.77],
							"lerp_mode": "catmullrom"
						},
						"3.0": {
							"post": [-2.28, -60.11, -24.77],
							"lerp_mode": "catmullrom"
						},
						"3.375": {
							"post": [-22.65681, -25.47827, -3.74257],
							"lerp_mode": "catmullrom"
						},
						"3.5417": {
							"post": [-20.10473, -25.1399, -2.69975],
							"lerp_mode": "catmullrom"
						},
						"3.6667": {
							"post": [-22.65681, -25.47827, -3.74257],
							"lerp_mode": "catmullrom"
						},
						"4.0417": {
							"post": [-22.34613, -25.86379, -4.79456],
							"lerp_mode": "catmullrom"
						},
						"4.5": {
							"post": [-22.80118, -25.34601, -3.40668],
							"lerp_mode": "catmullrom"
						},
						"4.9583": {
							"post": [-22.76, -25.31, -3.3],
							"lerp_mode": "catmullrom"
						},
						"5.3333": {
							"post": [-21.64, -25.32, -3.31],
							"lerp_mode": "catmullrom"
						},
						"5.875": {
							"post": [-22.66, -25.48, -3.74],
							"lerp_mode": "catmullrom"
						},
						"6.0": {
							"post": [-24.30031, -26.60316, -6.83631],
							"lerp_mode": "catmullrom"
						},
						"6.2917": {
							"post": [-22.66, -25.48, -3.74],
							"lerp_mode": "catmullrom"
						},
						"6.625": {
							"post": [-50.50654, 26.2369, 52.33846],
							"lerp_mode": "catmullrom"
						},
						"7.4167": {
							"post": [-50.51, 26.24, 52.34],
							"lerp_mode": "catmullrom"
						},
						"8.0417": {
							"post": [-50.51, 26.24, 52.34],
							"lerp_mode": "catmullrom"
						},
						"8.4167": {
							"post": [-1, 0, 0],
							"lerp_mode": "catmullrom"
						},
						"8.625": [0, 0, 0],
						"8.7917": [0, 0, 0]
					},
					"position": {
						"0.0": [0, 0, 0],
						"0.2917": {
							"pre": [4.79244, 4.12883, -0.99264],
							"post": [4.79244, 4.12883, -0.99264],
							"lerp_mode": "catmullrom"
						},
						"0.6667": {
							"post": [4.79, 4.13, -0.99],
							"lerp_mode": "catmullrom"
						},
						"1.125": {
							"post": [4.79521, 4.31863, -1.03705],
							"lerp_mode": "catmullrom"
						},
						"1.5": {
							"post": [4.79, 4.13, -0.99],
							"lerp_mode": "catmullrom"
						},
						"1.9167": {
							"post": [5.24004, 3.23721, -1.00984],
							"lerp_mode": "catmullrom"
						},
						"2.2083": {
							"post": [5.24, 3.24, -1.01],
							"lerp_mode": "catmullrom"
						},
						"2.625": {
							"post": [5.24, 3.24, -1.01],
							"lerp_mode": "catmullrom"
						},
						"3.0": {
							"post": [5.24, 3.24, -1.01],
							"lerp_mode": "catmullrom"
						},
						"3.375": {
							"post": [3.47722, 3.60767, -4.32865],
							"lerp_mode": "catmullrom"
						},
						"3.5417": {
							"post": [3.62726, 2.96664, -4.56247],
							"lerp_mode": "catmullrom"
						},
						"3.6667": {
							"post": [3.47722, 3.60767, -4.32865],
							"lerp_mode": "catmullrom"
						},
						"4.0417": {
							"post": [3.49269, 3.5491, -4.34497],
							"lerp_mode": "catmullrom"
						},
						"4.5": {
							"post": [3.46291, 3.50897, -4.24669],
							"lerp_mode": "catmullrom"
						},
						"4.9583": {
							"post": [3.2895, 3.50959, -4.3355],
							"lerp_mode": "catmullrom"
						},
						"5.3333": {
							"post": [3.6156, 3.61866, -4.41251],
							"lerp_mode": "catmullrom"
						},
						"5.875": {
							"post": [3.48, 3.61, -4.33],
							"lerp_mode": "catmullrom"
						},
						"6.0": {
							"post": [3.20396, 4.06842, -4.56164],
							"lerp_mode": "catmullrom"
						},
						"6.2917": {
							"post": [3.48, 3.61, -4.33],
							"lerp_mode": "catmullrom"
						},
						"6.625": {
							"post": [-1.0476, 3.07665, -4.45706],
							"lerp_mode": "catmullrom"
						},
						"7.4167": {
							"post": [-1.0503, 3.07173, -4.46131],
							"lerp_mode": "catmullrom"
						},
						"8.0417": {
							"post": [-0.189, 3.70187, -5.31048],
							"lerp_mode": "catmullrom"
						},
						"8.4167": {
							"post": [0, 0, -1.6],
							"lerp_mode": "catmullrom"
						},
						"8.625": [0, 0, 0.4],
						"8.7917": [0, 0, 0]
					}
				},
				"mag_and_lefthand": {
					"rotation": {
						"3.3333": [0, 0, 0],
						"3.375": {
							"pre": [0, 0, 0],
							"post": [0, 0, 0],
							"lerp_mode": "catmullrom"
						},
						"3.5417": {
							"post": [0, 0, 0],
							"lerp_mode": "catmullrom"
						},
						"3.5833": {
							"post": [0, 0, 0],
							"lerp_mode": "catmullrom"
						},
						"3.7917": {
							"post": [0, 0, 11],
							"lerp_mode": "catmullrom"
						},
						"4.25": {
							"post": [0, 0, 11],
							"lerp_mode": "catmullrom"
						},
						"4.5": {
							"post": [-16, 0, 11],
							"lerp_mode": "catmullrom"
						},
						"4.8333": {
							"post": [-16, 0, 11],
							"lerp_mode": "catmullrom"
						},
						"5.2917": {
							"post": [-16, 0, 11],
							"lerp_mode": "catmullrom"
						},
						"5.5417": {
							"post": [0, 0, 11],
							"lerp_mode": "catmullrom"
						},
						"5.7917": [0, 0, 0],
						"5.8333": [0, 0, 0],
						"5.9583": [0, 0, 0],
						"6.0": [0, 0, 0]
					},
					"position": {
						"3.3333": [0, 0, 0],
						"3.375": {
							"pre": [0, 0, 0],
							"post": [0, 0, 0],
							"lerp_mode": "catmullrom"
						},
						"3.5417": {
							"post": [0, -9.1, 2.3],
							"lerp_mode": "catmullrom"
						},
						"3.5833": {
							"post": [0, -9.1, 2.3],
							"lerp_mode": "catmullrom"
						},
						"3.7917": {
							"post": [3.25469, -0.85491, -0.7],
							"lerp_mode": "catmullrom"
						},
						"4.25": {
							"post": [3.7, -0.13, -0.7],
							"lerp_mode": "catmullrom"
						},
						"4.5": {
							"post": [4.37693, 0.73207, -0.83643],
							"lerp_mode": "catmullrom"
						},
						"4.8333": {
							"post": [4.38, 0.73, -0.84],
							"lerp_mode": "catmullrom"
						},
						"5.2917": {
							"post": [4.38, 0.73, -0.84],
							"lerp_mode": "catmullrom"
						},
						"5.5417": {
							"post": [3.25469, -0.85491, -0.7],
							"lerp_mode": "catmullrom"
						},
						"5.7917": [0, -9.1, 2.3],
						"5.8333": [0, -9.1, 2.3],
						"5.9583": [0, 0, 0],
						"6.0": [0, 0, 0]
					}
				},
				"magazine": {
					"rotation": {
						"0.0": [0, 0, 0],
						"3.3333": [0, 0, 0],
						"6.0": [0, 0, 0]
					},
					"position": {
						"0.0": [0, 0.00041, 0.00439],
						"3.3333": [0, 0.00041, 0.00439],
						"6.0": [0, 0.00041, 0.00439]
					}
				},
				"lefthand": {
					"rotation": {
						"0.0": [0, 0, 0],
						"0.2917": [0, 0, 0],
						"0.4583": {
							"pre": [1, 2, 0],
							"post": [1, 2, 0],
							"lerp_mode": "catmullrom"
						},
						"1.5833": {
							"post": [1, 2, 0],
							"lerp_mode": "catmullrom"
						},
						"1.9583": {
							"post": [-2.98721, 2.00363, 0.2094],
							"lerp_mode": "catmullrom"
						},
						"3.0": {
							"post": [-2.99, 2, 0.21],
							"lerp_mode": "catmullrom"
						},
						"3.1667": [0, 0, 0],
						"3.3333": [0, 0, 0],
						"3.375": {
							"pre": [1.01, 2, 0.21],
							"post": [1.01, 2, 0.21],
							"lerp_mode": "catmullrom"
						},
						"3.5417": {
							"post": [2.07856, 1.92865, 2.2099],
							"lerp_mode": "catmullrom"
						},
						"3.8333": {
							"post": [0.01, -1.99938, 0.13951],
							"lerp_mode": "catmullrom"
						},
						"4.375": {
							"post": [0.01, -2, 0.14],
							"lerp_mode": "catmullrom"
						},
						"4.5417": {
							"post": [1.01, -2, 0.14],
							"lerp_mode": "catmullrom"
						},
						"5.3333": {
							"post": [1.01, -2, 0.14],
							"lerp_mode": "catmullrom"
						},
						"5.625": {
							"post": [0.01, -2, 0.14],
							"lerp_mode": "catmullrom"
						},
						"5.875": {
							"post": [0.01, -2, 0.14],
							"lerp_mode": "catmullrom"
						},
						"6.0": {
							"post": [-0.92018, -1.99843, -1.86122],
							"lerp_mode": "catmullrom"
						},
						"6.25": {
							"pre": [0.01, -2, 0.14],
							"post": [0.01, -2, 0.14],
							"lerp_mode": "catmullrom"
						},
						"6.2917": [0, 0, 0],
						"6.5": [0, 0, 0],
						"6.6667": {
							"pre": [6.01223, 1.98336, 0.47176],
							"post": [6.01223, 1.98336, 0.47176],
							"lerp_mode": "catmullrom"
						},
						"6.875": {
							"post": [6.01, 1.98, 0.47],
							"lerp_mode": "catmullrom"
						},
						"7.9167": {
							"post": [2.00867, -1.01586, 0.31252],
							"lerp_mode": "catmullrom"
						},
						"8.0833": [0, 0, 0],
						"8.3333": [-2.74, -0.22, 0.05],
						"8.4167": [0, 0, 0],
						"8.5": [2.48, -0.12, 0.03],
						"8.7083": [0, 0, 0]
					},
					"position": {
						"0.0": [0, 0, 0],
						"0.2917": [9.2, -9.6, 0.1],
						"3.1667": [9.2, -9.6, 0.1],
						"3.3333": [0.1, -4.8, 0.4],
						"6.0": [0.1, -4.8, 0.4],
						"6.2917": [0.1, -4.8, 0.4],
						"6.5": [7.2, 1.4, 14.1],
						"8.0833": [7.2, 1.4, 14.1],
						"8.4167": [0, 0, 0]
					}
				}
			},
			"sound_effects": {
				"0.0": {
					"effect": "rb224_moe_inspect"
				},
				"8.0833": {
					"effect": "cz75_inspect_empty_end"
				}
			}
		},
		"inspect_empty": {
			"animation_length": 8.7917,
			"bones": {
				"root": {
					"rotation": {
						"0.0": [0, 0, 0],
						"0.2917": {
							"pre": [-14.50672, -48.54123, -8.65376],
							"post": [-14.50672, -48.54123, -8.65376],
							"lerp_mode": "catmullrom"
						},
						"0.6667": {
							"post": [-14.51, -48.54, -8.65],
							"lerp_mode": "catmullrom"
						},
						"1.125": {
							"post": [-15.34, -47.75, -7.55],
							"lerp_mode": "catmullrom"
						},
						"1.5": {
							"post": [-14.51, -48.54, -8.65],
							"lerp_mode": "catmullrom"
						},
						"1.9167": {
							"post": [-2.2819, -60.1061, -24.77356],
							"lerp_mode": "catmullrom"
						},
						"2.2083": {
							"post": [-2.28, -60.11, -24.77],
							"lerp_mode": "catmullrom"
						},
						"2.625": {
							"post": [-2.28, -60.11, -24.77],
							"lerp_mode": "catmullrom"
						},
						"3.0": {
							"post": [-2.28, -60.11, -24.77],
							"lerp_mode": "catmullrom"
						},
						"3.375": {
							"post": [-22.65681, -25.47827, -3.74257],
							"lerp_mode": "catmullrom"
						},
						"3.5417": {
							"post": [-20.10473, -25.1399, -2.69975],
							"lerp_mode": "catmullrom"
						},
						"3.6667": {
							"post": [-22.65681, -25.47827, -3.74257],
							"lerp_mode": "catmullrom"
						},
						"4.0417": {
							"post": [-22.34613, -25.86379, -4.79456],
							"lerp_mode": "catmullrom"
						},
						"4.5": {
							"post": [-22.80118, -25.34601, -3.40668],
							"lerp_mode": "catmullrom"
						},
						"4.9583": {
							"post": [-22.76, -25.31, -3.3],
							"lerp_mode": "catmullrom"
						},
						"5.3333": {
							"post": [-21.64, -25.32, -3.31],
							"lerp_mode": "catmullrom"
						},
						"5.875": {
							"post": [-22.66, -25.48, -3.74],
							"lerp_mode": "catmullrom"
						},
						"6.0": {
							"post": [-24.30031, -26.60316, -6.83631],
							"lerp_mode": "catmullrom"
						},
						"6.2917": {
							"post": [-22.66, -25.48, -3.74],
							"lerp_mode": "catmullrom"
						},
						"6.625": {
							"post": [-50.50654, 26.2369, 52.33846],
							"lerp_mode": "catmullrom"
						},
						"7.4167": {
							"post": [-50.51, 26.24, 52.34],
							"lerp_mode": "catmullrom"
						},
						"8.0417": {
							"post": [-50.51, 26.24, 52.34],
							"lerp_mode": "catmullrom"
						},
						"8.4167": {
							"post": [-1, 0, 0],
							"lerp_mode": "catmullrom"
						},
						"8.625": [0, 0, 0],
						"8.7917": [0, 0, 0]
					},
					"position": {
						"0.0": [0, 0, 0],
						"0.2917": {
							"pre": [4.79244, 4.12883, -0.99264],
							"post": [4.79244, 4.12883, -0.99264],
							"lerp_mode": "catmullrom"
						},
						"0.6667": {
							"post": [4.79, 4.13, -0.99],
							"lerp_mode": "catmullrom"
						},
						"1.125": {
							"post": [4.79521, 4.31863, -1.03705],
							"lerp_mode": "catmullrom"
						},
						"1.5": {
							"post": [4.79, 4.13, -0.99],
							"lerp_mode": "catmullrom"
						},
						"1.9167": {
							"post": [5.24004, 3.23721, -1.00984],
							"lerp_mode": "catmullrom"
						},
						"2.2083": {
							"post": [5.24, 3.24, -1.01],
							"lerp_mode": "catmullrom"
						},
						"2.625": {
							"post": [5.24, 3.24, -1.01],
							"lerp_mode": "catmullrom"
						},
						"3.0": {
							"post": [5.24, 3.24, -1.01],
							"lerp_mode": "catmullrom"
						},
						"3.375": {
							"post": [3.47722, 3.60767, -4.32865],
							"lerp_mode": "catmullrom"
						},
						"3.5417": {
							"post": [3.62726, 2.96664, -4.56247],
							"lerp_mode": "catmullrom"
						},
						"3.6667": {
							"post": [3.47722, 3.60767, -4.32865],
							"lerp_mode": "catmullrom"
						},
						"4.0417": {
							"post": [3.49269, 3.5491, -4.34497],
							"lerp_mode": "catmullrom"
						},
						"4.5": {
							"post": [3.46291, 3.50897, -4.24669],
							"lerp_mode": "catmullrom"
						},
						"4.9583": {
							"post": [3.2895, 3.50959, -4.3355],
							"lerp_mode": "catmullrom"
						},
						"5.3333": {
							"post": [3.6156, 3.61866, -4.41251],
							"lerp_mode": "catmullrom"
						},
						"5.875": {
							"post": [3.48, 3.61, -4.33],
							"lerp_mode": "catmullrom"
						},
						"6.0": {
							"post": [3.20396, 4.06842, -4.56164],
							"lerp_mode": "catmullrom"
						},
						"6.2917": {
							"post": [3.48, 3.61, -4.33],
							"lerp_mode": "catmullrom"
						},
						"6.625": {
							"post": [-1.0476, 3.07665, -4.45706],
							"lerp_mode": "catmullrom"
						},
						"7.4167": {
							"post": [-1.0503, 3.07173, -4.46131],
							"lerp_mode": "catmullrom"
						},
						"8.0417": {
							"post": [-0.189, 3.70187, -5.31048],
							"lerp_mode": "catmullrom"
						},
						"8.4167": {
							"post": [0, 0, -1.6],
							"lerp_mode": "catmullrom"
						},
						"8.625": [0, 0, 0.4],
						"8.7917": [0, 0, 0]
					}
				},
				"mag_and_lefthand": {
					"rotation": {
						"3.3333": [0, 0, 0],
						"3.375": [0, 0, 0],
						"3.5417": [0, 0, 0],
						"3.5833": [0, 0, 0],
						"3.7917": {
							"pre": [0, 0, 11],
							"post": [0, 0, 11],
							"lerp_mode": "catmullrom"
						},
						"4.25": {
							"post": [0, 0, 11],
							"lerp_mode": "catmullrom"
						},
						"4.5": {
							"post": [-16, 0, 11],
							"lerp_mode": "catmullrom"
						},
						"4.8333": {
							"post": [-16, 0, 11],
							"lerp_mode": "catmullrom"
						},
						"5.2917": {
							"post": [-16, 0, 11],
							"lerp_mode": "catmullrom"
						},
						"5.5417": {
							"post": [0, 0, 11],
							"lerp_mode": "catmullrom"
						},
						"5.7917": [0, 0, 0],
						"5.8333": [0, 0, 0],
						"5.9583": [0, 0, 0],
						"6.0": [0, 0, 0]
					},
					"position": {
						"3.3333": [0, 0, 0],
						"3.375": [0, 0, 0],
						"3.5417": [0, -9.1, 2.3],
						"3.5833": [0, -9.1, 2.3],
						"3.7917": {
							"pre": [3.25469, -0.85491, -0.7],
							"post": [3.25469, -0.85491, -0.7],
							"lerp_mode": "catmullrom"
						},
						"4.25": {
							"post": [3.7, -0.13, -0.7],
							"lerp_mode": "catmullrom"
						},
						"4.5": {
							"post": [4.37693, 0.73207, -0.83643],
							"lerp_mode": "catmullrom"
						},
						"4.8333": {
							"post": [4.38, 0.73, -0.84],
							"lerp_mode": "catmullrom"
						},
						"5.2917": {
							"post": [4.38, 0.73, -0.84],
							"lerp_mode": "catmullrom"
						},
						"5.5417": {
							"post": [3.25469, -0.85491, -0.7],
							"lerp_mode": "catmullrom"
						},
						"5.7917": [0, -9.1, 2.3],
						"5.8333": [0, -9.1, 2.3],
						"5.9583": [0, 0, 0],
						"6.0": [0, 0, 0]
					}
				},
				"magazine": {
					"rotation": {
						"0.0": [0, 0, 0],
						"3.375": [0, 0, 0],
						"6.0": [0, 0, 0]
					},
					"position": {
						"0.0": [0, 0.00041, 0.00439],
						"3.375": [0, 0.00041, 0.00439],
						"6.0": [0, 0.00041, 0.00439]
					}
				},
				"bullet_in_mag": {
					"scale": 0
				},
				"lefthand": {
					"rotation": {
						"0.0": [0, 0, 0],
						"0.2917": [0, 0, 0],
						"3.1667": [0, 0, 0],
						"3.3333": [0, 0, 0],
						"6.0": [0, 0, 0],
						"6.2917": [0, 0, 0],
						"6.5": [0, 0, 0],
						"8.0833": [0, 0, 0],
						"8.4167": [0, 0, 0]
					},
					"position": {
						"0.0": [0, 0, 0],
						"0.2917": [9.2, -9.6, 0.1],
						"3.1667": [9.2, -9.6, 0.1],
						"3.3333": [0.1, -4.8, 0.4],
						"6.0": [0.1, -4.8, 0.4],
						"6.2917": [0.1, -4.8, 0.4],
						"6.5": [7.2, 1.4, 14.1],
						"8.0833": [7.2, 1.4, 14.1],
						"8.4167": [0, 0, 0]
					}
				},
				"slidestop": {
					"rotation": [2.5, 0, 0]
				},
				"slide": {
					"position": [0, 0, 2]
				}
			},
			"sound_effects": {
				"0.0": {
					"effect": "rb224_moe_inspect"
				}
			}
		},
		"draw": {
			"animation_length": 0.9167,
			"bones": {
				"root": {
					"rotation": {
						"0.0": [58.50188, -34.48492, -22.11364],
						"0.2083": {
							"pre": [24.31785, -40.6989, -9.58935],
							"post": [24.31785, -40.6989, -9.58935],
							"lerp_mode": "catmullrom"
						},
						"0.375": {
							"post": [24.31785, -40.6989, -9.58935],
							"lerp_mode": "catmullrom"
						},
						"0.6667": {
							"post": [-1, 0, 0],
							"lerp_mode": "catmullrom"
						},
						"0.7917": [0, 0, 0],
						"0.875": [0, 0, 0]
					},
					"position": {
						"0.0": [3.6, -9, 9.5],
						"0.2083": {
							"pre": [2.2, -0.7, 3.8],
							"post": [2.2, -0.7, 3.8],
							"lerp_mode": "catmullrom"
						},
						"0.375": {
							"post": [2.2, -0.7, 3.8],
							"lerp_mode": "catmullrom"
						},
						"0.6667": {
							"post": [0, 0, -1.6],
							"lerp_mode": "catmullrom"
						},
						"0.7917": [0, 0, 0.4],
						"0.875": [0, 0, 0]
					}
				},
				"stock_rear": {
					"position": {
						"0.0": [0, 0, -10],
						"0.2917": [0, 0, -10],
						"0.4167": [0, 0, 0]
					}
				},
				"righthand": {
					"rotation": {
						"0.375": [-12.17963, 9.7793, -2.09955],
						"0.4583": [0, 0, 0]
					},
					"position": {
						"0.375": [0, 0, 0.4],
						"0.4583": [0, 0, 0]
					}
				}
			},
			"sound_effects": {
				"0.0": {
					"effect": "noa45_draw"
				}
			}
		},
		"shoot": {
			"animation_length": 0.275,
			"bones": {
				"root": {
					"rotation": {
						"0.0": {
							"post": [0, 0, 0],
							"lerp_mode": "catmullrom"
						},
						"0.025": {
							"post": [-1.73885, 0.46757, 0.94769],
							"lerp_mode": "catmullrom"
						},
						"0.05": {
							"post": [-1.20648, 0.73503, 2.96293],
							"lerp_mode": "catmullrom"
						},
						"0.1": {
							"post": [-0.52322, -0.09648, -1.78017],
							"lerp_mode": "catmullrom"
						},
						"0.15": {
							"post": [1.0612, 0.02889, 1.24846],
							"lerp_mode": "catmullrom"
						},
						"0.25": {
							"post": [0, 0, 0],
							"lerp_mode": "catmullrom"
						}
					},
					"position": {
						"0.0": {
							"post": [0, 0, 0],
							"lerp_mode": "catmullrom"
						},
						"0.025": {
							"post": [0, -0.17, 0.84],
							"lerp_mode": "catmullrom"
						},
						"0.05": {
							"post": [0, -0.075, 0.7],
							"lerp_mode": "catmullrom"
						},
						"0.1": {
							"post": [0, 0.3, 0.2],
							"lerp_mode": "catmullrom"
						},
						"0.175": {
							"post": [0, 0.1, -0.3],
							"lerp_mode": "catmullrom"
						},
						"0.275": {
							"post": [0, 0, 0],
							"lerp_mode": "catmullrom"
						}
					}
				},
				"hammer": {
					"rotation": {
						"0.0": [0, 0, 0],
						"0.025": [85, 0, 0],
						"0.075": [0, 0, 0]
					}
				},
				"slide": {
					"position": {
						"0.0": [0, 0, 0],
						"0.025": [0, 0, 2],
						"0.075": [0, 0, 0]
					}
				},
				"constraint": {
					"rotation": [0.25, 0.3, 0.5],
					"position": [0.35, 0.2, 0.25]
				},
				"camera": {
					"rotation": {
						"0.0": {
							"post": [0, 0, 0],
							"lerp_mode": "catmullrom"
						},
						"0.025": {
							"post": [0, 0, -1.25],
							"lerp_mode": "catmullrom"
						},
						"0.075": {
							"post": [0, 0, 0.75],
							"lerp_mode": "catmullrom"
						},
						"0.15": {
							"post": [0, 0, -0.5],
							"lerp_mode": "catmullrom"
						},
						"0.225": {
							"post": [0, 0, 0],
							"lerp_mode": "catmullrom"
						}
					}
				}
			}
		}
	}
}