{
	"format_version": "1.8.0",
	"animations": {
		"static_idle": {
			"loop": true,
			"animation_length": 1.125,
			"bones": {
				"constraint": {
					"rotation": [0.2, 0.2, 0.2],
					"position": [0.2, 0.2, 0.2]
				},
				"move_illuminated": {
					"position": {
						"0.0": [0, 0, 0],
						"1.125": [0, 0, 23.5]
					}
				},
				"root": {
					"rotation": [0, 0, 0],
					"position": [0, 0, 0]
				},
				"lefthand": {
					"rotation": [0, 0, 0],
					"position": [0, 0, 0]
				},
				"righthand": {
					"rotation": [0, 0, 0],
					"position": [0, 0, 0]
				},
				"railgun_scope_move": {
					"position": {
						"0.0": [0, 0, 0],
						"1.125": [0, 0, 6]
					}
				},
				"scopeA": {
					"rotation": {
						"0.0": [0, 0, 0],
						"1.125": [0, 0, 90]
					}
				},
				"scopeB": {
					"rotation": {
						"0.0": [0, 0, 0],
						"1.125": [0, 0, -90]
					}
				}
			}
		},
		"reload_empty": {
			"animation_length": 5.2917,
			"bones": {
				"root": {
					"rotation": {
						"0.0": [0, 0, 0],
						"0.5417": {
							"pre": [-14.91391, -18.35409, -15.74373],
							"post": [-14.91391, -18.35409, -15.74373],
							"lerp_mode": "catmullrom"
						},
						"1.0": {
							"post": [-14.91, -18.35, -15.74],
							"lerp_mode": "catmullrom"
						},
						"1.1667": {
							"post": [-15.14027, -20.76456, -15.05226],
							"lerp_mode": "catmullrom"
						},
						"1.25": {
							"post": [-15.24186, -21.72506, -14.76886],
							"lerp_mode": "catmullrom"
						},
						"1.3333": {
							"post": [-15.04243, -19.74941, -15.33848],
							"lerp_mode": "catmullrom"
						},
						"1.4167": {
							"post": [-15.23692, -21.62061, -14.79184],
							"lerp_mode": "catmullrom"
						},
						"1.5": {
							"post": [-15.04243, -19.74941, -15.33848],
							"lerp_mode": "catmullrom"
						},
						"1.5833": {
							"post": [-15.23692, -21.62061, -14.79184],
							"lerp_mode": "catmullrom"
						},
						"1.6667": {
							"post": [-15.03349, -19.65933, -15.35781],
							"lerp_mode": "catmullrom"
						},
						"1.7083": {
							"post": [-15.23692, -21.62061, -14.79184],
							"lerp_mode": "catmullrom"
						},
						"1.75": {
							"post": [-15.03349, -19.65933, -15.35781],
							"lerp_mode": "catmullrom"
						},
						"1.7917": {
							"post": [-15.23692, -21.62061, -14.79184],
							"lerp_mode": "catmullrom"
						},
						"1.8333": {
							"post": [-15.03349, -19.65933, -15.35781],
							"lerp_mode": "catmullrom"
						},
						"1.875": {
							"post": [-15.23692, -21.62061, -14.79184],
							"lerp_mode": "catmullrom"
						},
						"1.9167": {
							"post": [-15.03349, -19.65933, -15.35781],
							"lerp_mode": "catmullrom"
						},
						"1.9583": {
							"post": [-15.23692, -21.62061, -14.79184],
							"lerp_mode": "catmullrom"
						},
						"2.0": {
							"post": [-15.03349, -19.65933, -15.35781],
							"lerp_mode": "catmullrom"
						},
						"2.0417": {
							"post": [-15.23692, -21.62061, -14.79184],
							"lerp_mode": "catmullrom"
						},
						"2.0833": {
							"post": [-15.03349, -19.65933, -15.35781],
							"lerp_mode": "catmullrom"
						},
						"2.125": {
							"post": [-15.23692, -21.62061, -14.79184],
							"lerp_mode": "catmullrom"
						},
						"2.1667": {
							"post": [-15.03349, -19.65933, -15.35781],
							"lerp_mode": "catmullrom"
						},
						"2.2083": {
							"post": [-15.23692, -21.62061, -14.79184],
							"lerp_mode": "catmullrom"
						},
						"2.25": {
							"post": [-15.03349, -19.65933, -15.35781],
							"lerp_mode": "catmullrom"
						},
						"2.2917": {
							"post": [-15.23692, -21.62061, -14.79184],
							"lerp_mode": "catmullrom"
						},
						"2.3333": {
							"post": [-15.03349, -19.65933, -15.35781],
							"lerp_mode": "catmullrom"
						},
						"2.375": {
							"post": [-15.23692, -21.62061, -14.79184],
							"lerp_mode": "catmullrom"
						},
						"2.4167": {
							"post": [-15.03349, -19.65933, -15.35781],
							"lerp_mode": "catmullrom"
						},
						"2.4583": {
							"post": [-15.23692, -21.62061, -14.79184],
							"lerp_mode": "catmullrom"
						},
						"2.5": {
							"post": [-15.03349, -19.65933, -15.35781],
							"lerp_mode": "catmullrom"
						},
						"2.5417": {
							"post": [-15.23692, -21.62061, -14.79184],
							"lerp_mode": "catmullrom"
						},
						"2.5833": {
							"post": [-15.03349, -19.65933, -15.35781],
							"lerp_mode": "catmullrom"
						},
						"2.625": {
							"post": [-15.23692, -21.62061, -14.79184],
							"lerp_mode": "catmullrom"
						},
						"2.6667": {
							"post": [-15.03349, -19.65933, -15.35781],
							"lerp_mode": "catmullrom"
						},
						"2.7083": {
							"post": [-15.23692, -21.62061, -14.79184],
							"lerp_mode": "catmullrom"
						},
						"2.75": {
							"post": [-15.03349, -19.65933, -15.35781],
							"lerp_mode": "catmullrom"
						},
						"2.7917": {
							"post": [-15.23692, -21.62061, -14.79184],
							"lerp_mode": "catmullrom"
						},
						"2.8333": {
							"post": [-15.03349, -19.65933, -15.35781],
							"lerp_mode": "catmullrom"
						},
						"2.875": {
							"post": [-15.23692, -21.62061, -14.79184],
							"lerp_mode": "catmullrom"
						},
						"2.9167": {
							"post": [-15.03349, -19.65933, -15.35781],
							"lerp_mode": "catmullrom"
						},
						"2.9583": {
							"post": [-15.23692, -21.62061, -14.79184],
							"lerp_mode": "catmullrom"
						},
						"3.0": {
							"post": [-15.03349, -19.65933, -15.35781],
							"lerp_mode": "catmullrom"
						},
						"3.0417": {
							"post": [-15.23692, -21.62061, -14.79184],
							"lerp_mode": "catmullrom"
						},
						"3.0833": {
							"post": [-15.03349, -19.65933, -15.35781],
							"lerp_mode": "catmullrom"
						},
						"3.125": {
							"post": [-15.23692, -21.62061, -14.79184],
							"lerp_mode": "catmullrom"
						},
						"3.1667": {
							"post": [-15.03349, -19.65933, -15.35781],
							"lerp_mode": "catmullrom"
						},
						"3.2083": {
							"post": [-15.23692, -21.62061, -14.79184],
							"lerp_mode": "catmullrom"
						},
						"3.25": {
							"post": [-15.03349, -19.65933, -15.35781],
							"lerp_mode": "catmullrom"
						},
						"3.2917": {
							"post": [-15.23692, -21.62061, -14.79184],
							"lerp_mode": "catmullrom"
						},
						"3.3333": {
							"post": [-15.03349, -19.65933, -15.35781],
							"lerp_mode": "catmullrom"
						},
						"3.375": {
							"post": [-15.23692, -21.62061, -14.79184],
							"lerp_mode": "catmullrom"
						},
						"3.4167": {
							"post": [-15.03349, -19.65933, -15.35781],
							"lerp_mode": "catmullrom"
						},
						"3.4583": {
							"post": [-15.23692, -21.62061, -14.79184],
							"lerp_mode": "catmullrom"
						},
						"3.5": {
							"post": [-15.03349, -19.65933, -15.35781],
							"lerp_mode": "catmullrom"
						},
						"3.5417": {
							"post": [-15.23692, -21.62061, -14.79184],
							"lerp_mode": "catmullrom"
						},
						"3.5833": {
							"post": [-15.03349, -19.65933, -15.35781],
							"lerp_mode": "catmullrom"
						},
						"3.625": {
							"post": [-15.23692, -21.62061, -14.79184],
							"lerp_mode": "catmullrom"
						},
						"3.6667": {
							"post": [-15.03349, -19.65933, -15.35781],
							"lerp_mode": "catmullrom"
						},
						"3.7083": {
							"post": [-15.23692, -21.62061, -14.79184],
							"lerp_mode": "catmullrom"
						},
						"3.75": {
							"post": [-15.03349, -19.65933, -15.35781],
							"lerp_mode": "catmullrom"
						},
						"3.7917": {
							"post": [-15.23692, -21.62061, -14.79184],
							"lerp_mode": "catmullrom"
						},
						"3.9167": {
							"post": [-14.91, -18.35, -15.74],
							"lerp_mode": "catmullrom"
						},
						"4.3333": {
							"post": [-14.91391, -18.35409, -15.74373],
							"lerp_mode": "catmullrom"
						},
						"4.7083": {
							"post": [2, 0, 0],
							"lerp_mode": "catmullrom"
						},
						"5.0": [0, 0, 0],
						"5.25": [0, 0, 0]
					},
					"position": {
						"0.0": [0, 0, 0],
						"0.5417": {
							"pre": [3.5, 2.5, 0.3],
							"post": [3.5, 2.5, 0.3],
							"lerp_mode": "catmullrom"
						},
						"1.0": {
							"post": [3.5, 2.7, -0.4],
							"lerp_mode": "catmullrom"
						},
						"3.9167": {
							"post": [3.5, 2.7, 3.6],
							"lerp_mode": "catmullrom"
						},
						"4.3333": {
							"post": [3.5, 2.5, 0.3],
							"lerp_mode": "catmullrom"
						},
						"4.7083": {
							"post": [0, -0.6, -0.9],
							"lerp_mode": "catmullrom"
						},
						"5.0": [0, 0, 0.4],
						"5.25": [0, 0, 0]
					}
				},
				"lefthand": {
					"rotation": {
						"0.0417": [0, 0, 0],
						"0.4167": [0, 0, -16],
						"4.0833": [0, 0, -16],
						"4.5833": [0, 0, 0]
					},
					"position": {
						"0.0417": [0, 0, 0],
						"0.4167": [0, 3, 3.1],
						"4.0833": [0, 3, 3.1],
						"4.5833": [0, 0, 0]
					}
				},
				"move_illuminated": {
					"position": {
						"0.25": [0, 0, 0],
						"1.0833": [0, 0, 24],
						"1.875": [0, 0, 0],
						"2.75": [0, 0, 24],
						"3.5833": [0, 0, 0],
						"4.4583": [0, 0, 24],
						"5.25": [0, 0, 0]
					}
				},
				"spin": {
					"rotation": {
						"1.0833": [0, 0, 0],
						"1.2917": {
							"pre": [0, 0, 90],
							"post": [0, 0, 90],
							"lerp_mode": "catmullrom"
						},
						"1.5": {
							"post": [0, 0, 240],
							"lerp_mode": "catmullrom"
						},
						"1.7083": {
							"post": [0, 0, 510],
							"lerp_mode": "catmullrom"
						},
						"1.9167": {
							"post": [0, 0, 990],
							"lerp_mode": "catmullrom"
						},
						"2.125": {
							"post": [0, 0, 1830],
							"lerp_mode": "catmullrom"
						},
						"2.3333": {
							"post": [0, 0, 3240],
							"lerp_mode": "catmullrom"
						},
						"2.5417": {
							"post": [0, 0, 5490],
							"lerp_mode": "catmullrom"
						},
						"2.75": {
							"post": [0, 0, 8520],
							"lerp_mode": "catmullrom"
						},
						"2.9583": {
							"post": [0, 0, 10560],
							"lerp_mode": "catmullrom"
						},
						"3.1667": {
							"post": [0, 0, 11760],
							"lerp_mode": "catmullrom"
						},
						"3.375": {
							"post": [0, 0, 12780],
							"lerp_mode": "catmullrom"
						},
						"3.5833": {
							"post": [0, 0, 13050],
							"lerp_mode": "catmullrom"
						},
						"3.7917": {
							"post": [0, 0, 13232.94],
							"lerp_mode": "catmullrom"
						},
						"4.0": {
							"post": [0, 0, 13305.07],
							"lerp_mode": "catmullrom"
						},
						"4.25": {
							"post": [0, 0, 13320],
							"lerp_mode": "catmullrom"
						}
					}
				},
				"action": {
					"position": {
						"0.8333": [0, 0, 0],
						"0.9583": {
							"pre": [0, 0.425, 0.725],
							"post": [0, 0.425, 0.725],
							"lerp_mode": "catmullrom"
						},
						"1.125": {
							"post": [0, 0.38, 0.655],
							"lerp_mode": "catmullrom"
						},
						"3.9583": {
							"post": [0, 0.38, 0.66],
							"lerp_mode": "catmullrom"
						},
						"4.2083": [0, 0, 0]
					}
				},
				"camera": {
					"rotation": {
						"0.125": [0, 0, 0],
						"0.4167": {
							"pre": [2, 3, 0],
							"post": [2, 3, 0],
							"lerp_mode": "catmullrom"
						},
						"0.9583": {
							"post": [0, 2, 0],
							"lerp_mode": "catmullrom"
						},
						"1.2083": {
							"post": [0, 2, 0],
							"lerp_mode": "catmullrom"
						},
						"1.3333": {
							"post": [0.03492, 1.9997, 1.00061],
							"lerp_mode": "catmullrom"
						},
						"1.4583": {
							"post": [-0.03985, 1.99983, -1.00122],
							"lerp_mode": "catmullrom"
						},
						"1.5833": {
							"post": [0.02985, 2.00018, 1.00122],
							"lerp_mode": "catmullrom"
						},
						"1.7083": {
							"post": [-0.03985, 1.99983, -1.00122],
							"lerp_mode": "catmullrom"
						},
						"1.7917": {
							"post": [0.02985, 2.00018, 1.00122],
							"lerp_mode": "catmullrom"
						},
						"1.875": {
							"post": [-0.03985, 1.99983, -1.00122],
							"lerp_mode": "catmullrom"
						},
						"1.9167": {
							"post": [0.02985, 2.00018, 1.00122],
							"lerp_mode": "catmullrom"
						},
						"1.9583": {
							"post": [-0.03985, 1.99983, -1.00122],
							"lerp_mode": "catmullrom"
						},
						"2.0": {
							"post": [0.02985, 2.00018, 1.00122],
							"lerp_mode": "catmullrom"
						},
						"2.0417": {
							"post": [-0.03985, 1.99983, -1.00122],
							"lerp_mode": "catmullrom"
						},
						"2.0833": {
							"post": [0.02985, 2.00018, 1.00122],
							"lerp_mode": "catmullrom"
						},
						"2.125": {
							"post": [-0.03985, 1.99983, -1.00122],
							"lerp_mode": "catmullrom"
						},
						"2.1667": {
							"post": [0.04731, 1.99984, 1.50152],
							"lerp_mode": "catmullrom"
						},
						"2.2083": {
							"post": [-0.03732, 2.00028, -1.00152],
							"lerp_mode": "catmullrom"
						},
						"2.25": {
							"post": [0.04731, 1.99984, 1.50152],
							"lerp_mode": "catmullrom"
						},
						"2.2917": {
							"post": [-0.03732, 2.00028, -1.00152],
							"lerp_mode": "catmullrom"
						},
						"2.3333": {
							"post": [0.05, 2, 1.5],
							"lerp_mode": "catmullrom"
						},
						"2.375": {
							"post": [-0.03732, 2.00028, -1.00152],
							"lerp_mode": "catmullrom"
						},
						"2.4167": {
							"post": [0.05, 2, 1.5],
							"lerp_mode": "catmullrom"
						},
						"2.4583": {
							"post": [-0.03732, 2.00028, -1.00152],
							"lerp_mode": "catmullrom"
						},
						"2.5": {
							"post": [0.05, 2, 1.5],
							"lerp_mode": "catmullrom"
						},
						"2.5417": {
							"post": [-0.03732, 2.00028, -1.00152],
							"lerp_mode": "catmullrom"
						},
						"2.5833": {
							"post": [0.05, 2, 1.5],
							"lerp_mode": "catmullrom"
						},
						"2.625": {
							"post": [-0.03732, 2.00028, -1.00152],
							"lerp_mode": "catmullrom"
						},
						"2.6667": {
							"post": [0.05, 2, 1.5],
							"lerp_mode": "catmullrom"
						},
						"2.7083": {
							"post": [-0.03732, 2.00028, -1.00152],
							"lerp_mode": "catmullrom"
						},
						"2.75": {
							"post": [0.05, 2, 1.5],
							"lerp_mode": "catmullrom"
						},
						"2.7917": {
							"post": [-0.03732, 2.00028, -1.00152],
							"lerp_mode": "catmullrom"
						},
						"2.8333": {
							"post": [0.05, 2, 1.5],
							"lerp_mode": "catmullrom"
						},
						"2.875": {
							"post": [-0.03732, 2.00028, -1.00152],
							"lerp_mode": "catmullrom"
						},
						"2.9167": {
							"post": [0.05, 2, 1.5],
							"lerp_mode": "catmullrom"
						},
						"2.9583": {
							"post": [-0.03732, 2.00028, -1.00152],
							"lerp_mode": "catmullrom"
						},
						"3.0": {
							"post": [0.05, 2, 1.5],
							"lerp_mode": "catmullrom"
						},
						"3.0417": {
							"post": [-0.03732, 2.00028, -1.00152],
							"lerp_mode": "catmullrom"
						},
						"3.0833": {
							"post": [0.05, 2, 1.5],
							"lerp_mode": "catmullrom"
						},
						"3.125": {
							"post": [-0.03732, 2.00028, -1.00152],
							"lerp_mode": "catmullrom"
						},
						"3.1667": {
							"post": [0.05, 2, 1.5],
							"lerp_mode": "catmullrom"
						},
						"3.2083": {
							"post": [-0.03732, 2.00028, -1.00152],
							"lerp_mode": "catmullrom"
						},
						"3.25": {
							"post": [0.05, 2, 1.5],
							"lerp_mode": "catmullrom"
						},
						"3.2917": {
							"post": [-0.03732, 2.00028, -1.00152],
							"lerp_mode": "catmullrom"
						},
						"3.3333": {
							"post": [0.05, 2, 1.5],
							"lerp_mode": "catmullrom"
						},
						"3.375": {
							"post": [-0.03732, 2.00028, -1.00152],
							"lerp_mode": "catmullrom"
						},
						"3.4167": {
							"post": [0.05, 2, 1.5],
							"lerp_mode": "catmullrom"
						},
						"3.4583": {
							"post": [-0.03732, 2.00028, -1.00152],
							"lerp_mode": "catmullrom"
						},
						"3.5417": {
							"post": [-0.12457, 1.99674, -3.50304],
							"lerp_mode": "catmullrom"
						},
						"3.625": {
							"post": [0.05, 2, 1.5],
							"lerp_mode": "catmullrom"
						},
						"3.7083": {
							"post": [-0.12457, 1.99674, -3.50304],
							"lerp_mode": "catmullrom"
						},
						"3.7917": {
							"post": [0.05, 2, 1.5],
							"lerp_mode": "catmullrom"
						},
						"3.9167": {
							"post": [-0.12457, 1.99674, -3.50304],
							"lerp_mode": "catmullrom"
						},
						"4.0833": {
							"post": [0.05, 2, 1.5],
							"lerp_mode": "catmullrom"
						},
						"4.25": {
							"post": [-0.12457, 1.99674, -3.50304],
							"lerp_mode": "catmullrom"
						},
						"4.4583": {
							"post": [2, 3, 0],
							"lerp_mode": "catmullrom"
						},
						"4.7917": [3, 0, 0],
						"5.0": [0, 0, 0]
					}
				},
				"railgun_scope_move": {
					"position": {
						"0.25": [0, 0, 0],
						"1.5": [0, 0, 5.7],
						"2.7083": [0, 0, 0],
						"3.8333": [0, 0, 5.7],
						"5.0417": [0, 0, 0]
					}
				}
			},
			"sound_effects": {
				"0.0": {
					"effect": "noa_proto_reload2"
				}
			}
		},
		"reload_tactical": {
			"animation_length": 5.2917,
			"bones": {
				"root": {
					"rotation": {
						"0.0": [0, 0, 0],
						"0.5417": {
							"pre": [-14.91391, -18.35409, -15.74373],
							"post": [-14.91391, -18.35409, -15.74373],
							"lerp_mode": "catmullrom"
						},
						"1.0": {
							"post": [-14.91, -18.35, -15.74],
							"lerp_mode": "catmullrom"
						},
						"1.1667": {
							"post": [-15.14027, -20.76456, -15.05226],
							"lerp_mode": "catmullrom"
						},
						"1.25": {
							"post": [-15.24186, -21.72506, -14.76886],
							"lerp_mode": "catmullrom"
						},
						"1.3333": {
							"post": [-15.04243, -19.74941, -15.33848],
							"lerp_mode": "catmullrom"
						},
						"1.4167": {
							"post": [-15.23692, -21.62061, -14.79184],
							"lerp_mode": "catmullrom"
						},
						"1.5": {
							"post": [-15.04243, -19.74941, -15.33848],
							"lerp_mode": "catmullrom"
						},
						"1.5833": {
							"post": [-15.23692, -21.62061, -14.79184],
							"lerp_mode": "catmullrom"
						},
						"1.6667": {
							"post": [-15.03349, -19.65933, -15.35781],
							"lerp_mode": "catmullrom"
						},
						"1.7083": {
							"post": [-15.23692, -21.62061, -14.79184],
							"lerp_mode": "catmullrom"
						},
						"1.75": {
							"post": [-15.03349, -19.65933, -15.35781],
							"lerp_mode": "catmullrom"
						},
						"1.7917": {
							"post": [-15.23692, -21.62061, -14.79184],
							"lerp_mode": "catmullrom"
						},
						"1.8333": {
							"post": [-15.03349, -19.65933, -15.35781],
							"lerp_mode": "catmullrom"
						},
						"1.875": {
							"post": [-15.23692, -21.62061, -14.79184],
							"lerp_mode": "catmullrom"
						},
						"1.9167": {
							"post": [-15.03349, -19.65933, -15.35781],
							"lerp_mode": "catmullrom"
						},
						"1.9583": {
							"post": [-15.23692, -21.62061, -14.79184],
							"lerp_mode": "catmullrom"
						},
						"2.0": {
							"post": [-15.03349, -19.65933, -15.35781],
							"lerp_mode": "catmullrom"
						},
						"2.0417": {
							"post": [-15.23692, -21.62061, -14.79184],
							"lerp_mode": "catmullrom"
						},
						"2.0833": {
							"post": [-15.03349, -19.65933, -15.35781],
							"lerp_mode": "catmullrom"
						},
						"2.125": {
							"post": [-15.23692, -21.62061, -14.79184],
							"lerp_mode": "catmullrom"
						},
						"2.1667": {
							"post": [-15.03349, -19.65933, -15.35781],
							"lerp_mode": "catmullrom"
						},
						"2.2083": {
							"post": [-15.23692, -21.62061, -14.79184],
							"lerp_mode": "catmullrom"
						},
						"2.25": {
							"post": [-15.03349, -19.65933, -15.35781],
							"lerp_mode": "catmullrom"
						},
						"2.2917": {
							"post": [-15.23692, -21.62061, -14.79184],
							"lerp_mode": "catmullrom"
						},
						"2.3333": {
							"post": [-15.03349, -19.65933, -15.35781],
							"lerp_mode": "catmullrom"
						},
						"2.375": {
							"post": [-15.23692, -21.62061, -14.79184],
							"lerp_mode": "catmullrom"
						},
						"2.4167": {
							"post": [-15.03349, -19.65933, -15.35781],
							"lerp_mode": "catmullrom"
						},
						"2.4583": {
							"post": [-15.23692, -21.62061, -14.79184],
							"lerp_mode": "catmullrom"
						},
						"2.5": {
							"post": [-15.03349, -19.65933, -15.35781],
							"lerp_mode": "catmullrom"
						},
						"2.5417": {
							"post": [-15.23692, -21.62061, -14.79184],
							"lerp_mode": "catmullrom"
						},
						"2.5833": {
							"post": [-15.03349, -19.65933, -15.35781],
							"lerp_mode": "catmullrom"
						},
						"2.625": {
							"post": [-15.23692, -21.62061, -14.79184],
							"lerp_mode": "catmullrom"
						},
						"2.6667": {
							"post": [-15.03349, -19.65933, -15.35781],
							"lerp_mode": "catmullrom"
						},
						"2.7083": {
							"post": [-15.23692, -21.62061, -14.79184],
							"lerp_mode": "catmullrom"
						},
						"2.75": {
							"post": [-15.03349, -19.65933, -15.35781],
							"lerp_mode": "catmullrom"
						},
						"2.7917": {
							"post": [-15.23692, -21.62061, -14.79184],
							"lerp_mode": "catmullrom"
						},
						"2.8333": {
							"post": [-15.03349, -19.65933, -15.35781],
							"lerp_mode": "catmullrom"
						},
						"2.875": {
							"post": [-15.23692, -21.62061, -14.79184],
							"lerp_mode": "catmullrom"
						},
						"2.9167": {
							"post": [-15.03349, -19.65933, -15.35781],
							"lerp_mode": "catmullrom"
						},
						"2.9583": {
							"post": [-15.23692, -21.62061, -14.79184],
							"lerp_mode": "catmullrom"
						},
						"3.0": {
							"post": [-15.03349, -19.65933, -15.35781],
							"lerp_mode": "catmullrom"
						},
						"3.0417": {
							"post": [-15.23692, -21.62061, -14.79184],
							"lerp_mode": "catmullrom"
						},
						"3.0833": {
							"post": [-15.03349, -19.65933, -15.35781],
							"lerp_mode": "catmullrom"
						},
						"3.125": {
							"post": [-15.23692, -21.62061, -14.79184],
							"lerp_mode": "catmullrom"
						},
						"3.1667": {
							"post": [-15.03349, -19.65933, -15.35781],
							"lerp_mode": "catmullrom"
						},
						"3.2083": {
							"post": [-15.23692, -21.62061, -14.79184],
							"lerp_mode": "catmullrom"
						},
						"3.25": {
							"post": [-15.03349, -19.65933, -15.35781],
							"lerp_mode": "catmullrom"
						},
						"3.2917": {
							"post": [-15.23692, -21.62061, -14.79184],
							"lerp_mode": "catmullrom"
						},
						"3.3333": {
							"post": [-15.03349, -19.65933, -15.35781],
							"lerp_mode": "catmullrom"
						},
						"3.375": {
							"post": [-15.23692, -21.62061, -14.79184],
							"lerp_mode": "catmullrom"
						},
						"3.4167": {
							"post": [-15.03349, -19.65933, -15.35781],
							"lerp_mode": "catmullrom"
						},
						"3.4583": {
							"post": [-15.23692, -21.62061, -14.79184],
							"lerp_mode": "catmullrom"
						},
						"3.5": {
							"post": [-15.03349, -19.65933, -15.35781],
							"lerp_mode": "catmullrom"
						},
						"3.5417": {
							"post": [-15.23692, -21.62061, -14.79184],
							"lerp_mode": "catmullrom"
						},
						"3.5833": {
							"post": [-15.03349, -19.65933, -15.35781],
							"lerp_mode": "catmullrom"
						},
						"3.625": {
							"post": [-15.23692, -21.62061, -14.79184],
							"lerp_mode": "catmullrom"
						},
						"3.6667": {
							"post": [-15.03349, -19.65933, -15.35781],
							"lerp_mode": "catmullrom"
						},
						"3.7083": {
							"post": [-15.23692, -21.62061, -14.79184],
							"lerp_mode": "catmullrom"
						},
						"3.75": {
							"post": [-15.03349, -19.65933, -15.35781],
							"lerp_mode": "catmullrom"
						},
						"3.7917": {
							"post": [-15.23692, -21.62061, -14.79184],
							"lerp_mode": "catmullrom"
						},
						"3.9167": {
							"post": [-14.91, -18.35, -15.74],
							"lerp_mode": "catmullrom"
						},
						"4.3333": {
							"post": [-14.91391, -18.35409, -15.74373],
							"lerp_mode": "catmullrom"
						},
						"4.7083": {
							"post": [2, 0, 0],
							"lerp_mode": "catmullrom"
						},
						"5.0": [0, 0, 0],
						"5.25": [0, 0, 0]
					},
					"position": {
						"0.0": [0, 0, 0],
						"0.5417": {
							"pre": [3.5, 2.5, 0.3],
							"post": [3.5, 2.5, 0.3],
							"lerp_mode": "catmullrom"
						},
						"1.0": {
							"post": [3.5, 2.7, -0.4],
							"lerp_mode": "catmullrom"
						},
						"3.9167": {
							"post": [3.5, 2.7, 3.6],
							"lerp_mode": "catmullrom"
						},
						"4.3333": {
							"post": [3.5, 2.5, 0.3],
							"lerp_mode": "catmullrom"
						},
						"4.7083": {
							"post": [0, -0.6, -0.9],
							"lerp_mode": "catmullrom"
						},
						"5.0": [0, 0, 0.4],
						"5.25": [0, 0, 0]
					}
				},
				"lefthand": {
					"rotation": {
						"0.0417": [0, 0, 0],
						"0.4167": [0, 0, -16],
						"4.0833": [0, 0, -16],
						"4.5833": [0, 0, 0]
					},
					"position": {
						"0.0417": [0, 0, 0],
						"0.4167": [0, 3, 3.1],
						"4.0833": [0, 3, 3.1],
						"4.5833": [0, 0, 0]
					}
				},
				"move_illuminated": {
					"position": {
						"0.25": [0, 0, 0],
						"1.0833": [0, 0, 24],
						"1.875": [0, 0, 0],
						"2.75": [0, 0, 24],
						"3.5833": [0, 0, 0],
						"4.4583": [0, 0, 24],
						"5.25": [0, 0, 0]
					}
				},
				"spin": {
					"rotation": {
						"1.0833": [0, 0, 0],
						"1.2917": {
							"pre": [0, 0, 90],
							"post": [0, 0, 90],
							"lerp_mode": "catmullrom"
						},
						"1.5": {
							"post": [0, 0, 240],
							"lerp_mode": "catmullrom"
						},
						"1.7083": {
							"post": [0, 0, 510],
							"lerp_mode": "catmullrom"
						},
						"1.9167": {
							"post": [0, 0, 990],
							"lerp_mode": "catmullrom"
						},
						"2.125": {
							"post": [0, 0, 1830],
							"lerp_mode": "catmullrom"
						},
						"2.3333": {
							"post": [0, 0, 3240],
							"lerp_mode": "catmullrom"
						},
						"2.5417": {
							"post": [0, 0, 5490],
							"lerp_mode": "catmullrom"
						},
						"2.75": {
							"post": [0, 0, 8520],
							"lerp_mode": "catmullrom"
						},
						"2.9583": {
							"post": [0, 0, 10560],
							"lerp_mode": "catmullrom"
						},
						"3.1667": {
							"post": [0, 0, 11760],
							"lerp_mode": "catmullrom"
						},
						"3.375": {
							"post": [0, 0, 12780],
							"lerp_mode": "catmullrom"
						},
						"3.5833": {
							"post": [0, 0, 13050],
							"lerp_mode": "catmullrom"
						},
						"3.7917": {
							"post": [0, 0, 13232.94],
							"lerp_mode": "catmullrom"
						},
						"4.0": {
							"post": [0, 0, 13305.07],
							"lerp_mode": "catmullrom"
						},
						"4.25": {
							"post": [0, 0, 13320],
							"lerp_mode": "catmullrom"
						}
					}
				},
				"action": {
					"position": {
						"0.8333": [0, 0, 0],
						"0.9583": {
							"pre": [0, 0.425, 0.725],
							"post": [0, 0.425, 0.725],
							"lerp_mode": "catmullrom"
						},
						"1.125": {
							"post": [0, 0.38, 0.655],
							"lerp_mode": "catmullrom"
						},
						"3.9583": {
							"post": [0, 0.38, 0.66],
							"lerp_mode": "catmullrom"
						},
						"4.2083": [0, 0, 0]
					}
				},
				"camera": {
					"rotation": {
						"0.125": [0, 0, 0],
						"0.4167": {
							"pre": [2, 3, 0],
							"post": [2, 3, 0],
							"lerp_mode": "catmullrom"
						},
						"0.9583": {
							"post": [0, 2, 0],
							"lerp_mode": "catmullrom"
						},
						"1.2083": {
							"post": [0, 2, 0],
							"lerp_mode": "catmullrom"
						},
						"1.3333": {
							"post": [0.03492, 1.9997, 1.00061],
							"lerp_mode": "catmullrom"
						},
						"1.4583": {
							"post": [-0.03985, 1.99983, -1.00122],
							"lerp_mode": "catmullrom"
						},
						"1.5833": {
							"post": [0.02985, 2.00018, 1.00122],
							"lerp_mode": "catmullrom"
						},
						"1.7083": {
							"post": [-0.03985, 1.99983, -1.00122],
							"lerp_mode": "catmullrom"
						},
						"1.7917": {
							"post": [0.02985, 2.00018, 1.00122],
							"lerp_mode": "catmullrom"
						},
						"1.875": {
							"post": [-0.03985, 1.99983, -1.00122],
							"lerp_mode": "catmullrom"
						},
						"1.9167": {
							"post": [0.02985, 2.00018, 1.00122],
							"lerp_mode": "catmullrom"
						},
						"1.9583": {
							"post": [-0.03985, 1.99983, -1.00122],
							"lerp_mode": "catmullrom"
						},
						"2.0": {
							"post": [0.02985, 2.00018, 1.00122],
							"lerp_mode": "catmullrom"
						},
						"2.0417": {
							"post": [-0.03985, 1.99983, -1.00122],
							"lerp_mode": "catmullrom"
						},
						"2.0833": {
							"post": [0.02985, 2.00018, 1.00122],
							"lerp_mode": "catmullrom"
						},
						"2.125": {
							"post": [-0.03985, 1.99983, -1.00122],
							"lerp_mode": "catmullrom"
						},
						"2.1667": {
							"post": [0.04731, 1.99984, 1.50152],
							"lerp_mode": "catmullrom"
						},
						"2.2083": {
							"post": [-0.03732, 2.00028, -1.00152],
							"lerp_mode": "catmullrom"
						},
						"2.25": {
							"post": [0.04731, 1.99984, 1.50152],
							"lerp_mode": "catmullrom"
						},
						"2.2917": {
							"post": [-0.03732, 2.00028, -1.00152],
							"lerp_mode": "catmullrom"
						},
						"2.3333": {
							"post": [0.05, 2, 1.5],
							"lerp_mode": "catmullrom"
						},
						"2.375": {
							"post": [-0.03732, 2.00028, -1.00152],
							"lerp_mode": "catmullrom"
						},
						"2.4167": {
							"post": [0.05, 2, 1.5],
							"lerp_mode": "catmullrom"
						},
						"2.4583": {
							"post": [-0.03732, 2.00028, -1.00152],
							"lerp_mode": "catmullrom"
						},
						"2.5": {
							"post": [0.05, 2, 1.5],
							"lerp_mode": "catmullrom"
						},
						"2.5417": {
							"post": [-0.03732, 2.00028, -1.00152],
							"lerp_mode": "catmullrom"
						},
						"2.5833": {
							"post": [0.05, 2, 1.5],
							"lerp_mode": "catmullrom"
						},
						"2.625": {
							"post": [-0.03732, 2.00028, -1.00152],
							"lerp_mode": "catmullrom"
						},
						"2.6667": {
							"post": [0.05, 2, 1.5],
							"lerp_mode": "catmullrom"
						},
						"2.7083": {
							"post": [-0.03732, 2.00028, -1.00152],
							"lerp_mode": "catmullrom"
						},
						"2.75": {
							"post": [0.05, 2, 1.5],
							"lerp_mode": "catmullrom"
						},
						"2.7917": {
							"post": [-0.03732, 2.00028, -1.00152],
							"lerp_mode": "catmullrom"
						},
						"2.8333": {
							"post": [0.05, 2, 1.5],
							"lerp_mode": "catmullrom"
						},
						"2.875": {
							"post": [-0.03732, 2.00028, -1.00152],
							"lerp_mode": "catmullrom"
						},
						"2.9167": {
							"post": [0.05, 2, 1.5],
							"lerp_mode": "catmullrom"
						},
						"2.9583": {
							"post": [-0.03732, 2.00028, -1.00152],
							"lerp_mode": "catmullrom"
						},
						"3.0": {
							"post": [0.05, 2, 1.5],
							"lerp_mode": "catmullrom"
						},
						"3.0417": {
							"post": [-0.03732, 2.00028, -1.00152],
							"lerp_mode": "catmullrom"
						},
						"3.0833": {
							"post": [0.05, 2, 1.5],
							"lerp_mode": "catmullrom"
						},
						"3.125": {
							"post": [-0.03732, 2.00028, -1.00152],
							"lerp_mode": "catmullrom"
						},
						"3.1667": {
							"post": [0.05, 2, 1.5],
							"lerp_mode": "catmullrom"
						},
						"3.2083": {
							"post": [-0.03732, 2.00028, -1.00152],
							"lerp_mode": "catmullrom"
						},
						"3.25": {
							"post": [0.05, 2, 1.5],
							"lerp_mode": "catmullrom"
						},
						"3.2917": {
							"post": [-0.03732, 2.00028, -1.00152],
							"lerp_mode": "catmullrom"
						},
						"3.3333": {
							"post": [0.05, 2, 1.5],
							"lerp_mode": "catmullrom"
						},
						"3.375": {
							"post": [-0.03732, 2.00028, -1.00152],
							"lerp_mode": "catmullrom"
						},
						"3.4167": {
							"post": [0.05, 2, 1.5],
							"lerp_mode": "catmullrom"
						},
						"3.4583": {
							"post": [-0.03732, 2.00028, -1.00152],
							"lerp_mode": "catmullrom"
						},
						"3.5417": {
							"post": [-0.12457, 1.99674, -3.50304],
							"lerp_mode": "catmullrom"
						},
						"3.625": {
							"post": [0.05, 2, 1.5],
							"lerp_mode": "catmullrom"
						},
						"3.7083": {
							"post": [-0.12457, 1.99674, -3.50304],
							"lerp_mode": "catmullrom"
						},
						"3.7917": {
							"post": [0.05, 2, 1.5],
							"lerp_mode": "catmullrom"
						},
						"3.9167": {
							"post": [-0.12457, 1.99674, -3.50304],
							"lerp_mode": "catmullrom"
						},
						"4.0833": {
							"post": [0.05, 2, 1.5],
							"lerp_mode": "catmullrom"
						},
						"4.25": {
							"post": [-0.12457, 1.99674, -3.50304],
							"lerp_mode": "catmullrom"
						},
						"4.4583": {
							"post": [2, 3, 0],
							"lerp_mode": "catmullrom"
						},
						"4.7917": [3, 0, 0],
						"5.0": [0, 0, 0]
					}
				},
				"railgun_scope_move": {
					"position": {
						"0.25": [0, 0, 0],
						"1.5": [0, 0, 5.7],
						"2.7083": [0, 0, 0],
						"3.8333": [0, 0, 5.7],
						"5.0417": [0, 0, 0]
					}
				}
			},
			"sound_effects": {
				"0.0": {
					"effect": "noa_proto_reload2"
				}
			}
		},
		"shoot": {
			"animation_length": 1.5,
			"bones": {
				"root": {
					"rotation": {
						"0.0": [0, 0, 0],
						"0.0833": [1.24, 3.15, -7],
						"0.1667": [-12.04, 3.14, -1.92],
						"0.2083": [-11.21, 2.63, -3.21],
						"0.25": [-9.86, 2.35, -3.19],
						"0.2917": [-9, 2.29, -4.46],
						"0.3333": [-7.38, 2.05, -4.95],
						"0.375": [-5.5, 1.57, -4.09],
						"0.4167": [-3.03, 0.89, -2.63],
						"0.4583": [-0.65, 0.24, -1.1],
						"0.5": [0.93, -0.17, -0.01],
						"0.5417": [1.36, -0.25, 0.39],
						"0.5833": [1.28, -0.17, 0.58],
						"0.625": [0.92, -0.02, 0.61],
						"0.6667": [0.5, 0.14, 0.56],
						"0.7083": [0.25, 0.23, 0.5],
						"0.75": [0.18, 0.22, 0.39],
						"0.7917": [0.13, 0.18, 0.17],
						"0.8333": [0.09, 0.12, -0.08],
						"0.875": [0, 0, 0]
					},
					"position": {
						"0.0": [0, 0, 0],
						"0.0833": [0, -0.75, 4],
						"0.1667": [-0.07, 0.64, 0.34],
						"0.2083": [-0.12, 0.83, 0.93],
						"0.25": [-0.12, 0.87, 0.98],
						"0.2917": [-0.1, 0.84, 0.96],
						"0.3333": [-0.07, 0.74, 0.92],
						"0.375": [-0.05, 0.53, 0.89],
						"0.4167": [-0.02, 0.26, 0.85],
						"0.4583": [0, 0.03, 0.79],
						"0.5": [0.01, -0.12, 0.71],
						"0.5417": [0, -0.22, 0.6],
						"0.5833": [0, -0.28, 0.48],
						"0.625": [0, -0.27, 0.32],
						"0.6667": [0, -0.21, 0.14],
						"0.7083": [0, -0.15, 0.03],
						"0.75": [0.01, -0.11, 0.01],
						"0.7917": [0.02, -0.07, 0.04],
						"0.8333": [0.03, -0.04, 0.08],
						"0.875": [0, 0, 0]
					}
				},
				"spin": {
					"rotation": {
						"0.0": [0, 0, 0],
						"1.25": [0, 0, 1792.5]
					}
				},
				"camera": {
					"rotation": {
						"0.0": {
							"post": [0, 0, 0],
							"lerp_mode": "catmullrom"
						},
						"0.0417": {
							"post": [0, 0, 3.4],
							"lerp_mode": "catmullrom"
						},
						"0.0833": {
							"post": [0, 0, 2.445],
							"lerp_mode": "catmullrom"
						},
						"0.1667": {
							"post": [0, 0, -2.055],
							"lerp_mode": "catmullrom"
						},
						"0.25": {
							"post": [0, 0, 1.37],
							"lerp_mode": "catmullrom"
						},
						"0.2917": {
							"post": [0, 0, -0.85],
							"lerp_mode": "catmullrom"
						},
						"0.375": {
							"post": [0, 0, 0.525],
							"lerp_mode": "catmullrom"
						},
						"0.4167": {
							"post": [0, 0, -0.125],
							"lerp_mode": "catmullrom"
						},
						"0.5417": {
							"post": [0, 0, 0],
							"lerp_mode": "catmullrom"
						}
					}
				},
				"action": {
					"position": {
						"0.0": [0, 0, 0],
						"0.125": [0, 0.5, 0.9],
						"0.375": [0, 0, 0]
					}
				}
			},
			"sound_effects": {
				"0.0": {
					"effect": "noa_proto_shoot"
				}
			}
		},
		"inspect": {
			"animation_length": 8.125,
			"bones": {
				"root": {
					"rotation": {
						"0.0": [0, 0, 0],
						"0.5417": {
							"pre": [-14.91391, -18.35409, -15.74373],
							"post": [-14.91391, -18.35409, -15.74373],
							"lerp_mode": "catmullrom"
						},
						"1.0": {
							"post": [-14.91, -18.35, -15.74],
							"lerp_mode": "catmullrom"
						},
						"2.625": {
							"post": [-14.91, -18.35, -15.74],
							"lerp_mode": "catmullrom"
						},
						"3.5": {
							"post": [-16.53687, -44.85302, -6.99445],
							"lerp_mode": "catmullrom"
						},
						"4.1667": {
							"post": [-16.53967, -44.84835, -6.99724],
							"lerp_mode": "catmullrom"
						},
						"7.0417": {
							"post": [-16.53967, -44.84835, -6.99724],
							"lerp_mode": "catmullrom"
						},
						"7.5": {
							"post": [2, 0, 0],
							"lerp_mode": "catmullrom"
						},
						"7.7917": [0, 0, 0],
						"8.0417": [0, 0, 0]
					},
					"position": {
						"0.0": [0, 0, 0],
						"0.5417": {
							"pre": [3.5, 2.5, 0.3],
							"post": [3.5, 2.5, 0.3],
							"lerp_mode": "catmullrom"
						},
						"1.0": {
							"post": [3.5, 2.7, -0.4],
							"lerp_mode": "catmullrom"
						},
						"2.625": {
							"post": [3.5, 2.7, -0.4],
							"lerp_mode": "catmullrom"
						},
						"3.5": {
							"post": [3.5, 2.7, -0.4],
							"lerp_mode": "catmullrom"
						},
						"4.1667": {
							"post": [3.5, 2.7, -0.4],
							"lerp_mode": "catmullrom"
						},
						"7.0417": {
							"post": [3.5, 2.7, -0.4],
							"lerp_mode": "catmullrom"
						},
						"7.5": {
							"post": [0, -0.6, -0.9],
							"lerp_mode": "catmullrom"
						},
						"7.7917": [0, 0, 0.4],
						"8.0417": [0, 0, 0]
					}
				},
				"lefthand": {
					"rotation": {
						"0.125": [0, 0, 0],
						"0.5417": [0, 15, 0],
						"2.7083": [0, 15, 0],
						"3.375": [0, 25, 0],
						"7.0417": [0, 25, 0],
						"7.25": [0, 15, 0],
						"7.4583": [0, 0, 0]
					},
					"position": {
						"0.125": [0, 0, 0],
						"0.5417": [1.2, 0.8, 1],
						"2.7083": [1.2, 0.8, 1],
						"3.375": [1.2, 0.8, -0.7],
						"7.0417": [1.2, 0.8, -0.7],
						"7.25": [1.2, 0.8, 1],
						"7.4583": [0, 0, 0]
					}
				},
				"move_illuminated": {
					"position": {
						"0.0": [0, 0, 0],
						"1.125": [0, 0, 23.5],
						"1.1667": [0, 0, 0],
						"2.2917": [0, 0, 23.5],
						"2.3333": [0, 0, 0],
						"3.4583": [0, 0, 23.5],
						"3.5": [0, 0, 0],
						"4.625": [0, 0, 23.5],
						"4.6667": [0, 0, 0],
						"5.7917": [0, 0, 23.5],
						"5.8333": [0, 0, 0],
						"6.9583": [0, 0, 23.5],
						"7.0": [0, 0, 0],
						"8.125": [0, 0, 23.5]
					}
				},
				"railgun_scope_move": {
					"position": {
						"0.0": [0, 0, 0],
						"1.125": [0, 0, 6],
						"1.1667": [0, 0, 0],
						"2.2917": [0, 0, 6],
						"2.3333": [0, 0, 0],
						"3.4583": [0, 0, 6],
						"3.5": [0, 0, 0],
						"4.625": [0, 0, 6],
						"4.6667": [0, 0, 0],
						"5.7917": [0, 0, 6],
						"5.8333": [0, 0, 0],
						"6.9583": [0, 0, 6],
						"7.0": [0, 0, 0],
						"8.125": [0, 0, 6]
					}
				},
				"camera": {
					"rotation": {
						"0.0": [0, 0, 0],
						"0.7083": {
							"pre": [3.00474, 2.49048, 0.21803],
							"post": [3.00474, 2.49048, 0.21803],
							"lerp_mode": "catmullrom"
						},
						"1.625": {
							"post": [3, 2.49, 0.22],
							"lerp_mode": "catmullrom"
						},
						"2.2917": {
							"post": [-1, 2.49, 0.22],
							"lerp_mode": "catmullrom"
						},
						"2.9583": {
							"post": [-1, 2.49, 0.22],
							"lerp_mode": "catmullrom"
						},
						"3.7917": {
							"post": [-0.9994, -1.50939, 0.28978],
							"lerp_mode": "catmullrom"
						},
						"4.375": {
							"post": [-1, -1.51, 0.29],
							"lerp_mode": "catmullrom"
						},
						"6.5833": {
							"post": [4.0247, 7.47762, 0.76312],
							"lerp_mode": "catmullrom"
						},
						"7.375": {
							"post": [4.0247, 7.47762, 0.76312],
							"lerp_mode": "catmullrom"
						},
						"7.7917": [0, 0, 0]
					}
				}
			},
			"sound_effects": {
				"0.0": {
					"effect": "noa_proto_inspect2"
				}
			}
		},
		"inspect_empty": {
			"animation_length": 8.125,
			"bones": {
				"root": {
					"rotation": {
						"0.0": [0, 0, 0],
						"0.5417": {
							"pre": [-14.91391, -18.35409, -15.74373],
							"post": [-14.91391, -18.35409, -15.74373],
							"lerp_mode": "catmullrom"
						},
						"1.0": {
							"post": [-14.91, -18.35, -15.74],
							"lerp_mode": "catmullrom"
						},
						"2.625": {
							"post": [-14.91, -18.35, -15.74],
							"lerp_mode": "catmullrom"
						},
						"3.5": {
							"post": [-16.53687, -44.85302, -6.99445],
							"lerp_mode": "catmullrom"
						},
						"4.1667": {
							"post": [-16.53967, -44.84835, -6.99724],
							"lerp_mode": "catmullrom"
						},
						"7.0417": {
							"post": [-16.53967, -44.84835, -6.99724],
							"lerp_mode": "catmullrom"
						},
						"7.5": {
							"post": [2, 0, 0],
							"lerp_mode": "catmullrom"
						},
						"7.7917": [0, 0, 0],
						"8.0417": [0, 0, 0]
					},
					"position": {
						"0.0": [0, 0, 0],
						"0.5417": {
							"pre": [3.5, 2.5, 0.3],
							"post": [3.5, 2.5, 0.3],
							"lerp_mode": "catmullrom"
						},
						"1.0": {
							"post": [3.5, 2.7, -0.4],
							"lerp_mode": "catmullrom"
						},
						"2.625": {
							"post": [3.5, 2.7, -0.4],
							"lerp_mode": "catmullrom"
						},
						"3.5": {
							"post": [3.5, 2.7, -0.4],
							"lerp_mode": "catmullrom"
						},
						"4.1667": {
							"post": [3.5, 2.7, -0.4],
							"lerp_mode": "catmullrom"
						},
						"7.0417": {
							"post": [3.5, 2.7, -0.4],
							"lerp_mode": "catmullrom"
						},
						"7.5": {
							"post": [0, -0.6, -0.9],
							"lerp_mode": "catmullrom"
						},
						"7.7917": [0, 0, 0.4],
						"8.0417": [0, 0, 0]
					}
				},
				"lefthand": {
					"rotation": {
						"0.125": [0, 0, 0],
						"0.5417": [0, 15, 0],
						"2.7083": [0, 15, 0],
						"3.375": [0, 25, 0],
						"7.0417": [0, 25, 0],
						"7.25": [0, 15, 0],
						"7.4583": [0, 0, 0]
					},
					"position": {
						"0.125": [0, 0, 0],
						"0.5417": [1.2, 0.8, 1],
						"2.7083": [1.2, 0.8, 1],
						"3.375": [1.2, 0.8, -0.7],
						"7.0417": [1.2, 0.8, -0.7],
						"7.25": [1.2, 0.8, 1],
						"7.4583": [0, 0, 0]
					}
				},
				"move_illuminated": {
					"position": {
						"0.0": [0, 0, 0],
						"1.125": [0, 0, 23.5],
						"1.1667": [0, 0, 0],
						"2.2917": [0, 0, 23.5],
						"2.3333": [0, 0, 0],
						"3.4583": [0, 0, 23.5],
						"3.5": [0, 0, 0],
						"4.625": [0, 0, 23.5],
						"4.6667": [0, 0, 0],
						"5.7917": [0, 0, 23.5],
						"5.8333": [0, 0, 0],
						"6.9583": [0, 0, 23.5],
						"7.0": [0, 0, 0],
						"8.125": [0, 0, 23.5]
					}
				},
				"railgun_scope_move": {
					"position": {
						"0.0": [0, 0, 0],
						"1.125": [0, 0, 6],
						"1.1667": [0, 0, 0],
						"2.2917": [0, 0, 6],
						"2.3333": [0, 0, 0],
						"3.4583": [0, 0, 6],
						"3.5": [0, 0, 0],
						"4.625": [0, 0, 6],
						"4.6667": [0, 0, 0],
						"5.7917": [0, 0, 6],
						"5.8333": [0, 0, 0],
						"6.9583": [0, 0, 6],
						"7.0": [0, 0, 0],
						"8.125": [0, 0, 6]
					}
				},
				"camera": {
					"rotation": {
						"0.0": [0, 0, 0],
						"0.7083": {
							"pre": [3.00474, 2.49048, 0.21803],
							"post": [3.00474, 2.49048, 0.21803],
							"lerp_mode": "catmullrom"
						},
						"1.625": {
							"post": [3, 2.49, 0.22],
							"lerp_mode": "catmullrom"
						},
						"2.2917": {
							"post": [-1, 2.49, 0.22],
							"lerp_mode": "catmullrom"
						},
						"2.9583": {
							"post": [-1, 2.49, 0.22],
							"lerp_mode": "catmullrom"
						},
						"3.7917": {
							"post": [-0.9994, -1.50939, 0.28978],
							"lerp_mode": "catmullrom"
						},
						"4.375": {
							"post": [-1, -1.51, 0.29],
							"lerp_mode": "catmullrom"
						},
						"6.5833": {
							"post": [4.0247, 7.47762, 0.76312],
							"lerp_mode": "catmullrom"
						},
						"7.375": {
							"post": [4.0247, 7.47762, 0.76312],
							"lerp_mode": "catmullrom"
						},
						"7.7917": [0, 0, 0]
					}
				}
			}
		},
		"put_away": {
			"animation_length": 1.125,
			"bones": {
				"root": {
					"rotation": {
						"0.0": [0, 0, 0],
						"0.0417": [-0.47, -1.28, -1.35],
						"0.125": [0.26, -7.55, -0.77],
						"0.2083": [1.8, -12.38, 1.96],
						"0.2917": [3.1, -15.6, 4.35],
						"0.375": [4.61, -19.11, 7.2],
						"0.4583": [8.04, -29.69, 13.62],
						"0.5417": [9.94, -36.77, 17.19],
						"0.5833": [11.64, -43.66, 20.29],
						"0.625": [13.08, -50.6, 22.78],
						"0.6667": [15.16, -62.05, 26.17]
					},
					"position": {
						"0.0": [0, 0, 0],
						"0.0417": [-0.21, -0.18, 0.14],
						"0.0833": [-0.59, -0.99, 0.33],
						"0.6667": [14.92, -22.47, 0.67]
					}
				},
				"move_illuminated": {
					"position": {
						"0.0": [0, 0, 0],
						"1.125": [0, 0, 23.5]
					}
				}
			}
		},
		"draw": {
			"animation_length": 1.5417,
			"bones": {
				"root": {
					"rotation": {
						"0.0": {
							"post": [27.63626, -12.39732, 1.96667],
							"lerp_mode": "catmullrom"
						},
						"0.3333": {
							"post": [18.10484, -16.709, 1.64115],
							"lerp_mode": "catmullrom"
						},
						"0.7083": {
							"post": [-4.28446, -3.0823, 5.70013],
							"lerp_mode": "catmullrom"
						},
						"0.9583": {
							"post": [-2.93983, -1.1144, 5.20444],
							"lerp_mode": "catmullrom"
						},
						"1.0417": {
							"post": [0.90314, -1.29549, 0.97824],
							"lerp_mode": "catmullrom"
						},
						"1.0833": {
							"post": [1.01, -1.16, -0.39],
							"lerp_mode": "catmullrom"
						},
						"1.2083": {
							"post": [0.7, -0.76, 1.725],
							"lerp_mode": "catmullrom"
						},
						"1.3333": {
							"post": [-0.06693, 0.15151, -0.28733],
							"lerp_mode": "catmullrom"
						},
						"1.5417": {
							"post": [0, 0, 0],
							"lerp_mode": "catmullrom"
						}
					},
					"position": {
						"0.0": {
							"post": [-6.8, -8.2, 6.7],
							"lerp_mode": "catmullrom"
						},
						"0.7083": {
							"post": [-0.45, 0.175, 0.675],
							"lerp_mode": "catmullrom"
						},
						"1.0": {
							"post": [-0.33, -0.38, 0.64],
							"lerp_mode": "catmullrom"
						},
						"1.0833": {
							"post": [-0.31, -1.165, 0.51],
							"lerp_mode": "catmullrom"
						},
						"1.2083": {
							"post": [-0.27, -0.655, 0.35],
							"lerp_mode": "catmullrom"
						},
						"1.4167": {
							"post": [-0.06, -0.04, 0.025],
							"lerp_mode": "catmullrom"
						},
						"1.5417": {
							"post": [0, 0, 0],
							"lerp_mode": "catmullrom"
						}
					}
				},
				"camera": {
					"rotation": {
						"0.0": {
							"post": [0, 0, 0],
							"lerp_mode": "catmullrom"
						},
						"0.25": {
							"post": [-0.3, -0.05, 0.125],
							"lerp_mode": "catmullrom"
						},
						"0.5": {
							"post": [1.535, -0.425, 0.85],
							"lerp_mode": "catmullrom"
						},
						"0.6667": {
							"post": [2.175, -0.45, 1.3],
							"lerp_mode": "catmullrom"
						},
						"0.8333": {
							"post": [2.55, -0.275, 0.85],
							"lerp_mode": "catmullrom"
						},
						"1.0833": {
							"post": [1.03, -0.2, 0],
							"lerp_mode": "catmullrom"
						},
						"1.2083": {
							"post": [-0.45, 0.05, 0.325],
							"lerp_mode": "catmullrom"
						},
						"1.2917": {
							"post": [0.325, 0, -0.375],
							"lerp_mode": "catmullrom"
						},
						"1.4583": {
							"post": [-0.075, 0, 0.075],
							"lerp_mode": "catmullrom"
						},
						"1.5417": {
							"post": [0, 0, 0],
							"lerp_mode": "catmullrom"
						}
					}
				},
				"move_illuminated": {
					"position": {
						"0.0": [0, 0, 0],
						"1.125": [0, 0, 23.5]
					}
				},
				"railgun_scope_move": {
					"position": {
						"0.0": [0, 0, 0],
						"1.125": [0, 0, 6]
					}
				}
			}
		}
	}
}