{
	"format_version": "1.8.0",
	"animations": {
		"static_idle": {
			"animation_length": 0.0417,
			"bones": {
				"constraint": {
					"rotation": [0.2, 0.2, 0.2],
					"position": [0.2, 0.2, 0.2]
				}
			}
		},
		"reload_tactical": {
			"animation_length": 2.45,
			"bones": {
				"root": {
					"rotation": {
						"0.0": [0, 0, 0],
						"0.25": {
							"pre": [-16.93189, -9.59796, -11.83217],
							"post": [-16.93189, -9.59796, -11.83217],
							"lerp_mode": "catmullrom"
						},
						"0.4167": {
							"post": [-16.93189, -9.59796, -11.83217],
							"lerp_mode": "catmullrom"
						},
						"0.5417": {
							"post": [-14.41248, -9.00881, -7.28431],
							"lerp_mode": "catmullrom"
						},
						"0.7917": {
							"post": [-15.93, -9.6, -11.83],
							"lerp_mode": "catmullrom"
						},
						"0.9167": {
							"post": [-16.93, -9.6, -11.83],
							"lerp_mode": "catmullrom"
						},
						"1.125": {
							"post": [-14.59087, -17.86718, -18.98708],
							"lerp_mode": "catmullrom"
						},
						"1.25": {
							"post": [-14.11548, -18.63663, -20.462],
							"lerp_mode": "catmullrom"
						},
						"1.375": {
							"post": [-14.59, -17.87, -18.99],
							"lerp_mode": "catmullrom"
						},
						"1.5833": {
							"post": [-14.95133, -18.93078, -20.81981],
							"lerp_mode": "catmullrom"
						},
						"1.6667": {
							"post": [-16.49, -19.47, -21.18],
							"lerp_mode": "catmullrom"
						},
						"1.8333": {
							"post": [-14.59, -17.87, -18.99],
							"lerp_mode": "catmullrom"
						},
						"2.125": {
							"post": [-1, 0, 0],
							"lerp_mode": "catmullrom"
						},
						"2.2917": [0, 0, 0],
						"2.4167": [0, 0, 0]
					},
					"position": {
						"0.0": [0, 0, 0],
						"0.25": {
							"pre": [0.8, -0.5, 0.3],
							"post": [0.8, -0.5, 0.3],
							"lerp_mode": "catmullrom"
						},
						"0.4167": {
							"post": [0.8, -0.5, 0.3],
							"lerp_mode": "catmullrom"
						},
						"0.5417": {
							"post": [-0.16, -0.62, 0.61],
							"lerp_mode": "catmullrom"
						},
						"0.7917": {
							"post": [1, -0.8, 0.3],
							"lerp_mode": "catmullrom"
						},
						"0.9167": {
							"post": [0.8, -0.5, 0.3],
							"lerp_mode": "catmullrom"
						},
						"1.125": {
							"post": [2, -1.2, 2],
							"lerp_mode": "catmullrom"
						},
						"1.25": {
							"post": [1.98, -1.24, 2.21],
							"lerp_mode": "catmullrom"
						},
						"1.375": {
							"post": [2, -1.2, 2],
							"lerp_mode": "catmullrom"
						},
						"1.5833": {
							"post": [2.3, -1.25, 2.16],
							"lerp_mode": "catmullrom"
						},
						"1.6667": {
							"post": [2.2, -1.49, 2.68],
							"lerp_mode": "catmullrom"
						},
						"1.8333": {
							"post": [2, -1.2, 2],
							"lerp_mode": "catmullrom"
						},
						"2.125": {
							"post": [0, 0, -1.6],
							"lerp_mode": "catmullrom"
						},
						"2.2917": [0, 0, 0.4],
						"2.4167": [0, 0, 0]
					}
				},
				"mag_and_lefthand": {
					"rotation": {
						"0.3333": [0, 0, 0],
						"0.4583": [-11, 0, 0],
						"0.5417": [-11, 0, 0],
						"0.5833": [-11, 0, 0],
						"1.0833": [-11, 0, 0],
						"1.375": [-11, 0, 0],
						"1.5": [-11, 0, 0],
						"1.5833": [-11, 0, 0],
						"1.6667": [0, 0, 0],
						"1.75": [0, 0, 0],
						"1.875": [0, 0, 0]
					},
					"position": {
						"0.3333": [0, 0, 0],
						"0.4583": [0, -2.7, -2],
						"0.5417": [0, -2.7, -2],
						"0.5833": [0, -5.27, -2],
						"0.8333": [0, -20.7, -2],
						"1.0833": [0, -20.7, -2],
						"1.375": [0, -5.27, -2],
						"1.5": [0, -2.7, -2],
						"1.5833": [0, -2.7, -2],
						"1.6667": [0, 0, 0],
						"1.75": [0, 0, 0],
						"1.875": [0, 0, 0]
					}
				},
				"lefthand": {
					"rotation": {
						"0.125": [0, 0, 0],
						"0.3333": [0, 0, 0],
						"1.75": [0, 0, 0],
						"1.875": [0, 0, 0],
						"2.125": [0, 0, 0]
					},
					"position": {
						"0.125": [0, 0, 0],
						"0.3333": [0.3, -1.7, 1.3],
						"1.75": [0.3, -1.7, 1.3],
						"1.875": [0.3, -1.7, 1.3],
						"2.125": [0, 0, 0]
					}
				}
			},
			"sound_effects": {
				"0.0": {
					"effect": "rb26_reload_tactical"
				}
			}
		},
		"reload_empty": {
			"animation_length": 3.6,
			"bones": {
				"root": {
					"rotation": {
						"0.0": [0, 0, 0],
						"0.375": {
							"pre": [-51.51895, 5.00571, 37.85507],
							"post": [-51.51895, 5.00571, 37.85507],
							"lerp_mode": "catmullrom"
						},
						"0.625": {
							"post": [-51.52, 5.01, 37.86],
							"lerp_mode": "catmullrom"
						},
						"0.7083": [-53.52, 5.01, 37.86],
						"0.9167": {
							"pre": [-48.52, 5.01, 37.86],
							"post": [-48.52, 5.01, 37.86],
							"lerp_mode": "catmullrom"
						},
						"1.2917": {
							"post": [-16.93189, -9.59796, -11.83217],
							"lerp_mode": "catmullrom"
						},
						"1.5417": {
							"post": [-16.93189, -9.59796, -11.83217],
							"lerp_mode": "catmullrom"
						},
						"1.6667": {
							"post": [-14.41248, -9.00881, -7.28431],
							"lerp_mode": "catmullrom"
						},
						"1.9167": {
							"post": [-15.93, -9.6, -11.83],
							"lerp_mode": "catmullrom"
						},
						"2.0417": {
							"post": [-16.93, -9.6, -11.83],
							"lerp_mode": "catmullrom"
						},
						"2.25": {
							"post": [-14.59087, -17.86718, -18.98708],
							"lerp_mode": "catmullrom"
						},
						"2.375": {
							"post": [-14.11548, -18.63663, -20.462],
							"lerp_mode": "catmullrom"
						},
						"2.5": {
							"post": [-14.59, -17.87, -18.99],
							"lerp_mode": "catmullrom"
						},
						"2.7083": {
							"post": [-14.95133, -18.93078, -20.81981],
							"lerp_mode": "catmullrom"
						},
						"2.7917": {
							"post": [-16.49, -19.47, -21.18],
							"lerp_mode": "catmullrom"
						},
						"2.9583": {
							"post": [-14.59, -17.87, -18.99],
							"lerp_mode": "catmullrom"
						},
						"3.25": {
							"post": [-1, 0, 0],
							"lerp_mode": "catmullrom"
						},
						"3.4167": [0, 0, 0],
						"3.5417": [0, 0, 0]
					},
					"position": {
						"0.0": [0, 0, 0],
						"0.375": {
							"pre": [-3.6, -0.75, -8.01],
							"post": [-3.6, -0.75, -8.01],
							"lerp_mode": "catmullrom"
						},
						"0.625": {
							"post": [-3.6, -0.75, -8.01],
							"lerp_mode": "catmullrom"
						},
						"0.7083": [-4.5, -1.55, -8.61],
						"0.9167": {
							"pre": [-4.2, -0.75, -8.71],
							"post": [-4.2, -0.75, -8.71],
							"lerp_mode": "catmullrom"
						},
						"1.2917": {
							"post": [0.8, -0.5, 0.3],
							"lerp_mode": "catmullrom"
						},
						"1.5417": {
							"post": [0.8, -0.5, 0.3],
							"lerp_mode": "catmullrom"
						},
						"1.6667": {
							"post": [-0.16, -0.62, 0.61],
							"lerp_mode": "catmullrom"
						},
						"1.9167": {
							"post": [1, -0.8, 0.3],
							"lerp_mode": "catmullrom"
						},
						"2.0417": {
							"post": [0.8, -0.5, 0.3],
							"lerp_mode": "catmullrom"
						},
						"2.25": {
							"post": [2, -1.2, 2],
							"lerp_mode": "catmullrom"
						},
						"2.375": {
							"post": [1.98, -1.24, 2.21],
							"lerp_mode": "catmullrom"
						},
						"2.5": {
							"post": [2, -1.2, 2],
							"lerp_mode": "catmullrom"
						},
						"2.7083": {
							"post": [2.3, -1.25, 2.16],
							"lerp_mode": "catmullrom"
						},
						"2.7917": {
							"post": [2.2, -1.49, 2.68],
							"lerp_mode": "catmullrom"
						},
						"2.9583": {
							"post": [2, -1.2, 2],
							"lerp_mode": "catmullrom"
						},
						"3.25": {
							"post": [0, 0, -1.6],
							"lerp_mode": "catmullrom"
						},
						"3.4167": [0, 0, 0.4],
						"3.5417": [0, 0, 0]
					}
				},
				"mag_and_lefthand": {
					"rotation": {
						"1.4583": [0, 0, 0],
						"1.5833": [-11, 0, 0],
						"1.6667": [-11, 0, 0],
						"1.7083": [-11, 0, 0],
						"2.2083": [-11, 0, 0],
						"2.5": [-11, 0, 0],
						"2.625": [-11, 0, 0],
						"2.7083": [-11, 0, 0],
						"2.7917": [0, 0, 0],
						"2.875": [0, 0, 0],
						"3.0": [0, 0, 0]
					},
					"position": {
						"1.4583": [0, 0, 0],
						"1.5833": [0, -2.7, -2],
						"1.6667": [0, -2.7, -2],
						"1.7083": [0, -5.27, -2],
						"1.9583": [0, -20.7, -2],
						"2.2083": [0, -20.7, -2],
						"2.5": [0, -5.27, -2],
						"2.625": [0, -2.7, -2],
						"2.7083": [0, -2.7, -2],
						"2.7917": [0, 0, 0],
						"2.875": [0, 0, 0],
						"3.0": [0, 0, 0]
					}
				},
				"lefthand": {
					"rotation": {
						"1.25": [0, 0, 0],
						"1.4583": [0, 0, 0],
						"2.875": [0, 0, 0],
						"3.0": [0, 0, 0],
						"3.25": [0, 0, 0]
					},
					"position": {
						"1.25": [0, 0, 0],
						"1.4583": [0.3, -1.7, 1.3],
						"2.875": [0.3, -1.7, 1.3],
						"3.0": [0.3, -1.7, 1.3],
						"3.25": [0, 0, 0]
					}
				},
				"action": {
					"position": {
						"0.6667": [0, 0, 0],
						"0.75": [0, 0, 2.3],
						"0.875": [0, 0, 2.3],
						"0.9167": [0, 0, 0]
					}
				},
				"righthand": {
					"rotation": {
						"0.0833": [0, 0, 0],
						"0.2917": [0, 0, 6.25],
						"0.4167": [0, 0, 10],
						"0.6667": [0, 0, 10],
						"0.75": [0, 2.5, 10],
						"0.875": [0, 2.5, 10],
						"0.9583": [0, 10, 10],
						"1.0417": [0, 10, 10],
						"1.1667": [0, 0, 6.25],
						"1.2917": [0, 0, 0]
					},
					"position": {
						"0.0833": [0, 0, 0],
						"0.2917": [-4.98, 4.24, -2.78],
						"0.4167": [-3.3, 6, -2.8],
						"0.6667": [-3.3, 6, -2.8],
						"0.75": [-3.3, 6, 0],
						"0.7917": [-3.3, 6, 0],
						"0.8333": [-3.3, 6, 0],
						"0.875": [-3.3, 6, 0],
						"0.9583": [-3.8, 6, 3.1],
						"1.0417": [-3.8, 6, 3.1],
						"1.1667": [-4.68, 1.24, -0.78],
						"1.2917": [0, 0, 0]
					}
				}
			},
			"sound_effects": {
				"0.0": {
					"effect": "rb26_reload_empty"
				}
			}
		},
		"shoot": {
			"animation_length": 0.625,
			"bones": {
				"root": {
					"rotation": {
						"0.0": [0, 0, 0],
						"0.0417": [1.23, 0, 0.73],
						"0.0833": [-1.99, 0, -1.23],
						"0.125": [-0.91, 0, -0.35],
						"0.1667": [0.18, 0, 0.53],
						"0.2083": [0.27, 0, 0.27],
						"0.25": [0.45, 0, -0.25],
						"0.2917": [0.38, -0.07, -0.08],
						"0.3333": [0.3, -0.13, 0.08],
						"0.375": [0.23, -0.2, 0.25],
						"0.4167": [0.14, -0.14, 0.09],
						"0.4583": [0.1, -0.11, 0.01],
						"0.5": [0.06, -0.07, -0.07],
						"0.5417": [0.04, -0.06, -0.06],
						"0.5833": [0.01, -0.02, -0.02],
						"0.625": [0, 0, 0]
					},
					"position": {
						"0.0": [0, 0, 0],
						"0.0417": [0, -0.02, 1.73],
						"0.0833": [0, -0.05, 0.67],
						"0.125": [0, -0.05, -0.04],
						"0.1667": [0, -0.04, -0.01],
						"0.2083": [0, -0.04, 0.03],
						"0.25": [0, -0.02, 0.1],
						"0.2917": [0, -0.02, 0.07],
						"0.3333": [0, -0.01, 0.03],
						"0.375": [0, 0, 0]
					}
				},
				"constraint": {
					"rotation": [0, 0, 0],
					"position": [0, 0, 0]
				},
				"bolt": {
					"position": {
						"0.0": [0, 0, 0],
						"0.0417": [0, 0, 1.25],
						"0.0833": [0, 0, -3],
						"0.1667": [0, 0, 0]
					}
				}
			},
			"sound_effects": {
				"0.0": {
					"effect": "ak47_shoot"
				}
			}
		},
		"inspect": {
			"animation_length": 9.4583,
			"bones": {
				"root": {
					"rotation": {
						"0.0": [0, 0, 0],
						"0.4583": {
							"pre": [-20.24217, -42.03963, -23.8243],
							"post": [-20.24217, -42.03963, -23.8243],
							"lerp_mode": "catmullrom"
						},
						"0.875": {
							"post": [-20.24, -42.04, -23.82],
							"lerp_mode": "catmullrom"
						},
						"1.2917": {
							"post": [-19.44643, -42.05987, -25.29336],
							"lerp_mode": "catmullrom"
						},
						"1.7083": {
							"post": [-20.24, -42.04, -23.82],
							"lerp_mode": "catmullrom"
						},
						"2.1667": {
							"post": [-22.25876, -62.38339, -9.9392],
							"lerp_mode": "catmullrom"
						},
						"2.5": {
							"post": [-23.3474, -63.80487, -7.26017],
							"lerp_mode": "catmullrom"
						},
						"2.8333": {
							"post": [-23.57016, -64.1657, -6.57456],
							"lerp_mode": "catmullrom"
						},
						"3.2917": {
							"post": [-22.26076, -62.38303, -9.93748],
							"lerp_mode": "catmullrom"
						},
						"3.7083": {
							"post": [-16.93189, -9.59796, -11.83217],
							"lerp_mode": "catmullrom"
						},
						"3.875": {
							"post": [-16.49, -7.08, -11.19],
							"lerp_mode": "catmullrom"
						},
						"4.0": {
							"post": [-14.49, -7.08, -11.19],
							"lerp_mode": "catmullrom"
						},
						"4.2917": {
							"post": [-16.71886, -6.09504, -6.75564],
							"lerp_mode": "catmullrom"
						},
						"5.5833": {
							"post": [-13.99286, -8.02705, -3.36351],
							"lerp_mode": "catmullrom"
						},
						"6.1667": {
							"post": [-12.97, -23.18, -24.19],
							"lerp_mode": "catmullrom"
						},
						"6.2917": {
							"post": [-13.78, -24.41, -26.08],
							"lerp_mode": "catmullrom"
						},
						"6.375": {
							"post": [-15.35, -23.99, -25.61],
							"lerp_mode": "catmullrom"
						},
						"6.5417": {
							"post": [-14.35, -23.99, -25.61],
							"lerp_mode": "catmullrom"
						},
						"6.7083": {
							"post": [-11.46, -20.63, -21.24],
							"lerp_mode": "catmullrom"
						},
						"7.0833": {
							"post": [-51.51895, 5.00571, 37.85507],
							"lerp_mode": "catmullrom"
						},
						"7.875": {
							"post": [-54.67, 6.65, 42],
							"lerp_mode": "catmullrom"
						},
						"8.6667": {
							"post": [-51.51895, 5.00571, 37.85507],
							"lerp_mode": "catmullrom"
						},
						"9.125": {
							"post": [-1, 0, 0],
							"lerp_mode": "catmullrom"
						},
						"9.2917": {
							"post": [0, 0, 0],
							"lerp_mode": "catmullrom"
						},
						"9.4167": [0, 0, 0]
					},
					"position": {
						"0.0": [0, 0, 0],
						"0.4583": {
							"pre": [5.26, -0.37, -5.13],
							"post": [5.26, -0.37, -5.13],
							"lerp_mode": "catmullrom"
						},
						"0.875": {
							"post": [5.26, -0.37, -5.13],
							"lerp_mode": "catmullrom"
						},
						"1.2917": {
							"post": [5.2, -0.48, -5.03],
							"lerp_mode": "catmullrom"
						},
						"1.7083": {
							"post": [5.26, -0.37, -4.13],
							"lerp_mode": "catmullrom"
						},
						"2.1667": {
							"post": [1.86, -2.87, -4.13],
							"lerp_mode": "catmullrom"
						},
						"2.5": {
							"post": [2.05, -2.87, -3.78],
							"lerp_mode": "catmullrom"
						},
						"2.8333": {
							"post": [1.87, -2.76, -3.67],
							"lerp_mode": "catmullrom"
						},
						"3.2917": {
							"post": [1.86, -2.87, -4.13],
							"lerp_mode": "catmullrom"
						},
						"3.7083": {
							"post": [2.8, 0.5, 0.3],
							"lerp_mode": "catmullrom"
						},
						"3.875": {
							"post": [2.76, 0.65, 0.43],
							"lerp_mode": "catmullrom"
						},
						"4.0": {
							"post": [2.76, 0.35, 0.63],
							"lerp_mode": "catmullrom"
						},
						"4.2917": {
							"post": [2.58, 0.39, 0.39],
							"lerp_mode": "catmullrom"
						},
						"5.5833": {
							"post": [1.84, -0.02, 0.41],
							"lerp_mode": "catmullrom"
						},
						"6.1667": {
							"post": [4, -2.5, 0.1],
							"lerp_mode": "catmullrom"
						},
						"6.2917": {
							"post": [4.2, -2.57, 0.57],
							"lerp_mode": "catmullrom"
						},
						"6.375": {
							"post": [4.06, -2.42, 1.08],
							"lerp_mode": "catmullrom"
						},
						"6.5417": {
							"post": [4.16, -2.42, 0.88],
							"lerp_mode": "catmullrom"
						},
						"6.7083": {
							"post": [3.77, -1.45, -0.13],
							"lerp_mode": "catmullrom"
						},
						"7.0833": {
							"post": [-2.6, -1.75, -12.01],
							"lerp_mode": "catmullrom"
						},
						"7.875": {
							"post": [-3.03, -1.49, -12.88],
							"lerp_mode": "catmullrom"
						},
						"8.6667": {
							"post": [-2.6, -0.75, -12.01],
							"lerp_mode": "catmullrom"
						},
						"9.125": {
							"post": [0, 0, -1.6],
							"lerp_mode": "catmullrom"
						},
						"9.2917": {
							"post": [0, 0, 0.4],
							"lerp_mode": "catmullrom"
						},
						"9.4167": [0, 0, 0]
					}
				},
				"mag_and_lefthand": {
					"rotation": {
						"3.75": [0, 0, 0],
						"3.8333": [-13, 0, 0],
						"4.2917": [0, 0, 0],
						"4.5417": {
							"pre": [-15.48139, 4.09097, 14.44369],
							"post": [-15.48139, 4.09097, 14.44369],
							"lerp_mode": "catmullrom"
						},
						"5.0417": {
							"post": [-15.48139, 4.09097, 14.44369],
							"lerp_mode": "catmullrom"
						},
						"5.2917": {
							"post": [-15.96121, -1.0998, -3.84952],
							"lerp_mode": "catmullrom"
						},
						"5.7083": {
							"post": [-15.96, -1.1, -3.85],
							"lerp_mode": "catmullrom"
						},
						"5.9583": [0, 0, 0],
						"6.1667": [-13, 0, 0],
						"6.2917": [-13, 0, 0],
						"6.375": [0, 0, 0]
					},
					"position": {
						"3.75": [0, 0, 0],
						"3.8333": [0, -2.9, -1.7],
						"4.2917": [0, 0, 0],
						"4.5417": {
							"pre": [1.2, 0.6, 0],
							"post": [1.2, 0.6, 0],
							"lerp_mode": "catmullrom"
						},
						"5.0417": {
							"post": [1.2, 0.6, 0],
							"lerp_mode": "catmullrom"
						},
						"5.2917": {
							"post": [2.2, -0.4, 0],
							"lerp_mode": "catmullrom"
						},
						"5.7083": {
							"post": [2.6, -0.4, 0],
							"lerp_mode": "catmullrom"
						},
						"5.9583": [0, 0, 0],
						"6.0833": [0, -4.54, -1.86],
						"6.1667": [0, -4.9, -2.6],
						"6.2917": [0, -4.5, -2.3],
						"6.375": [0, 0, 0]
					}
				},
				"magazine": {
					"rotation": {
						"3.75": [0, 0, 0],
						"3.7917": [0, 0, 0],
						"3.875": [0, 0, 0],
						"4.0833": [0, 0, 0],
						"4.375": [0, 0, 0],
						"5.7083": [0, 0, 0],
						"6.375": [0, 0, 0]
					},
					"position": {
						"3.75": [0, 0, 0],
						"3.7917": [0, 0, 0],
						"3.875": [0, 0, 0],
						"4.0417": [0, -4, 0],
						"4.0833": [0, -4, 0],
						"4.375": [4.5, -3, 1],
						"5.7083": [4.5, -3, 1],
						"6.1667": [0, 2, 0],
						"6.2917": [0, 2, 0],
						"6.375": [0, 0, 0]
					}
				},
				"camera": {
					"rotation": {
						"0.1667": [0, 0, 0],
						"0.6667": {
							"pre": [3, 3, 0],
							"post": [3, 3, 0],
							"lerp_mode": "catmullrom"
						},
						"1.625": {
							"post": [3, 3, 0],
							"lerp_mode": "catmullrom"
						},
						"2.2083": {
							"post": [6.0032, 3.99863, 0.05246],
							"lerp_mode": "catmullrom"
						},
						"3.0417": {
							"post": [6, 4, 0.05],
							"lerp_mode": "catmullrom"
						},
						"3.4167": {
							"post": [5.98903, 2.01093, -0.15914],
							"lerp_mode": "catmullrom"
						},
						"3.7917": {
							"post": [5.99, 2.01, -0.16],
							"lerp_mode": "catmullrom"
						},
						"4.3333": {
							"post": [2.98995, -1.98456, -0.3686],
							"lerp_mode": "catmullrom"
						},
						"5.0": {
							"post": [2.99, -1.98, -0.37],
							"lerp_mode": "catmullrom"
						},
						"5.875": {
							"post": [2.99, -1.98, -0.37],
							"lerp_mode": "catmullrom"
						},
						"6.6667": {
							"post": [2.98821, 0.01728, -0.2657],
							"lerp_mode": "catmullrom"
						},
						"7.375": {
							"post": [6.99404, -2.97591, -0.42662],
							"lerp_mode": "catmullrom"
						},
						"7.9583": {
							"post": [6.99, -2.98, -0.43],
							"lerp_mode": "catmullrom"
						},
						"8.9583": [0, 0, 0]
					}
				},
				"lefthand": {
					"rotation": {
						"0.0": [0, 0, 0],
						"0.4583": {
							"pre": [0, 0, 0],
							"post": [0, 0, 0],
							"lerp_mode": "catmullrom"
						},
						"1.75": {
							"post": [0, 0, 0],
							"lerp_mode": "catmullrom"
						},
						"2.1667": [-13.15925, 24.64623, 13.95534],
						"3.3333": [-13.15925, 24.64623, 13.95534],
						"3.625": [0, 0, -28],
						"3.75": [0, 0, -28],
						"3.8333": [0, 0, -28],
						"3.875": [0, 0, -28],
						"4.0833": [0, 0, -28],
						"4.375": [0, 0, -28],
						"5.7083": [0, 0, -28],
						"6.1667": [0, 0, -28],
						"6.25": [0, 0, -28],
						"6.5833": [0, 0, -28],
						"6.7083": [0, 0, -28],
						"7.0417": [-15.10971, -13.80477, -30.73375],
						"8.9167": [-15.11, -13.8, -30.73],
						"9.2083": [0, 0, 0]
					},
					"position": {
						"0.0": [0, 0, 0],
						"0.4583": {
							"pre": [5, -9, 9],
							"post": [5, -9, 9],
							"lerp_mode": "catmullrom"
						},
						"1.75": {
							"post": [5, -9, 9],
							"lerp_mode": "catmullrom"
						},
						"2.1667": [0.1, -4.5, -4.6],
						"3.3333": [0.1, -4.5, -4.6],
						"3.625": [1.66, 2.29, 2.35],
						"3.75": [0.84, 2, 1.78],
						"3.8333": [0.3, 1.8, 1.4],
						"3.875": [0.3, 1.8, 1.4],
						"4.0417": [0.3, -2.2, 1.4],
						"4.0833": [0.3, -2.2, 1.4],
						"4.375": [5.06, -1.08, 2.49],
						"5.7083": [5.06, -1.08, 2.49],
						"6.1667": [0.3, 3.8, 1.4],
						"6.25": [0.3, 3.8, 1.4],
						"6.5833": [0.3, 1.8, 1.4],
						"6.7083": [0.3, 1.8, 1.4],
						"7.0417": [-1.3, 1.7, 5.9],
						"8.9167": [-1.3, 1.7, 5.9],
						"9.2083": [0, 0, 0]
					}
				},
				"righthand": {
					"rotation": {
						"1.9167": [0, 0, 0],
						"2.125": [1.08927, 49.76583, 0.98859],
						"2.375": [3.9751, 67.47756, 1.68893],
						"3.3333": [3.9751, 67.47756, 1.68893],
						"3.5417": [2.5, 42.38, 1.06],
						"3.7917": [0.72, 12.27, 0.31],
						"6.1667": [0.72, 12.27, 0.31],
						"6.7083": [0, 0, 0]
					},
					"position": {
						"1.9167": [0, 0, 0],
						"2.125": [9.27, -0.04, 5.62],
						"2.375": [12.5, -0.2, 4.9],
						"3.3333": [12.5, -0.2, 4.9],
						"3.5417": [7.49, -0.43, 5.11],
						"3.7917": [1.47, -0.04, 1.62],
						"6.1667": [1.47, -0.04, 1.62],
						"6.7083": [0, 0, 0]
					}
				}
			},
			"sound_effects": {
				"0.0": {
					"effect": "rb26_inspect"
				}
			}
		},
		"inspect_empty": {
			"animation_length": 9.4583,
			"bones": {
				"root": {
					"rotation": {
						"0.0": [0, 0, 0],
						"0.4583": {
							"pre": [-20.24217, -42.03963, -23.8243],
							"post": [-20.24217, -42.03963, -23.8243],
							"lerp_mode": "catmullrom"
						},
						"0.875": {
							"post": [-20.24, -42.04, -23.82],
							"lerp_mode": "catmullrom"
						},
						"1.2917": {
							"post": [-19.44643, -42.05987, -25.29336],
							"lerp_mode": "catmullrom"
						},
						"1.7083": {
							"post": [-20.24, -42.04, -23.82],
							"lerp_mode": "catmullrom"
						},
						"2.1667": {
							"post": [-22.25876, -62.38339, -9.9392],
							"lerp_mode": "catmullrom"
						},
						"2.5": {
							"post": [-23.3474, -63.80487, -7.26017],
							"lerp_mode": "catmullrom"
						},
						"2.8333": {
							"post": [-23.57016, -64.1657, -6.57456],
							"lerp_mode": "catmullrom"
						},
						"3.2917": {
							"post": [-22.26076, -62.38303, -9.93748],
							"lerp_mode": "catmullrom"
						},
						"3.7083": {
							"post": [-16.93189, -9.59796, -11.83217],
							"lerp_mode": "catmullrom"
						},
						"3.875": {
							"post": [-16.49, -7.08, -11.19],
							"lerp_mode": "catmullrom"
						},
						"4.0": {
							"post": [-14.49, -7.08, -11.19],
							"lerp_mode": "catmullrom"
						},
						"4.2917": {
							"post": [-16.71886, -6.09504, -6.75564],
							"lerp_mode": "catmullrom"
						},
						"5.5833": {
							"post": [-13.99286, -8.02705, -3.36351],
							"lerp_mode": "catmullrom"
						},
						"6.1667": {
							"post": [-12.97, -23.18, -24.19],
							"lerp_mode": "catmullrom"
						},
						"6.2917": {
							"post": [-13.78, -24.41, -26.08],
							"lerp_mode": "catmullrom"
						},
						"6.375": {
							"post": [-15.35, -23.99, -25.61],
							"lerp_mode": "catmullrom"
						},
						"6.5417": {
							"post": [-14.35, -23.99, -25.61],
							"lerp_mode": "catmullrom"
						},
						"6.7083": {
							"post": [-11.46, -20.63, -21.24],
							"lerp_mode": "catmullrom"
						},
						"7.0833": {
							"post": [-51.51895, 5.00571, 37.85507],
							"lerp_mode": "catmullrom"
						},
						"7.875": {
							"post": [-54.67, 6.65, 42],
							"lerp_mode": "catmullrom"
						},
						"8.6667": {
							"post": [-51.51895, 5.00571, 37.85507],
							"lerp_mode": "catmullrom"
						},
						"9.125": {
							"post": [-1, 0, 0],
							"lerp_mode": "catmullrom"
						},
						"9.2917": {
							"post": [0, 0, 0],
							"lerp_mode": "catmullrom"
						},
						"9.4167": [0, 0, 0]
					},
					"position": {
						"0.0": [0, 0, 0],
						"0.4583": {
							"pre": [5.26, -0.37, -5.13],
							"post": [5.26, -0.37, -5.13],
							"lerp_mode": "catmullrom"
						},
						"0.875": {
							"post": [5.26, -0.37, -5.13],
							"lerp_mode": "catmullrom"
						},
						"1.2917": {
							"post": [5.2, -0.48, -5.03],
							"lerp_mode": "catmullrom"
						},
						"1.7083": {
							"post": [5.26, -0.37, -4.13],
							"lerp_mode": "catmullrom"
						},
						"2.1667": {
							"post": [1.86, -2.87, -4.13],
							"lerp_mode": "catmullrom"
						},
						"2.5": {
							"post": [2.05, -2.87, -3.78],
							"lerp_mode": "catmullrom"
						},
						"2.8333": {
							"post": [1.87, -2.76, -3.67],
							"lerp_mode": "catmullrom"
						},
						"3.2917": {
							"post": [1.86, -2.87, -4.13],
							"lerp_mode": "catmullrom"
						},
						"3.7083": {
							"post": [2.8, 0.5, 0.3],
							"lerp_mode": "catmullrom"
						},
						"3.875": {
							"post": [2.76, 0.65, 0.43],
							"lerp_mode": "catmullrom"
						},
						"4.0": {
							"post": [2.76, 0.35, 0.63],
							"lerp_mode": "catmullrom"
						},
						"4.2917": {
							"post": [2.58, 0.39, 0.39],
							"lerp_mode": "catmullrom"
						},
						"5.5833": {
							"post": [1.84, -0.02, 0.41],
							"lerp_mode": "catmullrom"
						},
						"6.1667": {
							"post": [4, -2.5, 0.1],
							"lerp_mode": "catmullrom"
						},
						"6.2917": {
							"post": [4.2, -2.57, 0.57],
							"lerp_mode": "catmullrom"
						},
						"6.375": {
							"post": [4.06, -2.42, 1.08],
							"lerp_mode": "catmullrom"
						},
						"6.5417": {
							"post": [4.16, -2.42, 0.88],
							"lerp_mode": "catmullrom"
						},
						"6.7083": {
							"post": [3.77, -1.45, -0.13],
							"lerp_mode": "catmullrom"
						},
						"7.0833": {
							"post": [-2.6, -1.75, -12.01],
							"lerp_mode": "catmullrom"
						},
						"7.875": {
							"post": [-3.03, -1.49, -12.88],
							"lerp_mode": "catmullrom"
						},
						"8.6667": {
							"post": [-2.6, -0.75, -12.01],
							"lerp_mode": "catmullrom"
						},
						"9.125": {
							"post": [0, 0, -1.6],
							"lerp_mode": "catmullrom"
						},
						"9.2917": {
							"post": [0, 0, 0.4],
							"lerp_mode": "catmullrom"
						},
						"9.4167": [0, 0, 0]
					}
				},
				"mag_and_lefthand": {
					"rotation": {
						"3.75": [0, 0, 0],
						"3.8333": [-13, 0, 0],
						"4.2917": [0, 0, 0],
						"4.5417": {
							"pre": [-15.48139, 4.09097, 14.44369],
							"post": [-15.48139, 4.09097, 14.44369],
							"lerp_mode": "catmullrom"
						},
						"5.0417": {
							"post": [-15.48139, 4.09097, 14.44369],
							"lerp_mode": "catmullrom"
						},
						"5.2917": {
							"post": [-15.96121, -1.0998, -3.84952],
							"lerp_mode": "catmullrom"
						},
						"5.7083": {
							"post": [-15.96, -1.1, -3.85],
							"lerp_mode": "catmullrom"
						},
						"5.9583": [0, 0, 0],
						"6.1667": [-13, 0, 0],
						"6.2917": [-13, 0, 0],
						"6.375": [0, 0, 0]
					},
					"position": {
						"3.75": [0, 0, 0],
						"3.8333": [0, -2.9, -1.7],
						"4.2917": [0, 0, 0],
						"4.5417": {
							"pre": [1.2, 0.6, 0],
							"post": [1.2, 0.6, 0],
							"lerp_mode": "catmullrom"
						},
						"5.0417": {
							"post": [1.2, 0.6, 0],
							"lerp_mode": "catmullrom"
						},
						"5.2917": {
							"post": [2.2, -0.4, 0],
							"lerp_mode": "catmullrom"
						},
						"5.7083": {
							"post": [2.6, -0.4, 0],
							"lerp_mode": "catmullrom"
						},
						"5.9583": [0, 0, 0],
						"6.0833": [0, -4.54, -1.86],
						"6.1667": [0, -4.9, -2.6],
						"6.2917": [0, -4.5, -2.3],
						"6.375": [0, 0, 0]
					}
				},
				"magazine": {
					"rotation": {
						"3.75": [0, 0, 0],
						"3.7917": [0, 0, 0],
						"3.875": [0, 0, 0],
						"4.0833": [0, 0, 0],
						"4.375": [0, 0, 0],
						"5.7083": [0, 0, 0],
						"6.375": [0, 0, 0]
					},
					"position": {
						"3.75": [0, 0, 0],
						"3.7917": [0, 0, 0],
						"3.875": [0, 0, 0],
						"4.0417": [0, -4, 0],
						"4.0833": [0, -4, 0],
						"4.375": [4.5, -3, 1],
						"5.7083": [4.5, -3, 1],
						"6.1667": [0, 2, 0],
						"6.2917": [0, 2, 0],
						"6.375": [0, 0, 0]
					}
				},
				"camera": {
					"rotation": {
						"0.1667": [0, 0, 0],
						"0.6667": {
							"pre": [3, 3, 0],
							"post": [3, 3, 0],
							"lerp_mode": "catmullrom"
						},
						"1.625": {
							"post": [3, 3, 0],
							"lerp_mode": "catmullrom"
						},
						"2.2083": {
							"post": [6.0032, 3.99863, 0.05246],
							"lerp_mode": "catmullrom"
						},
						"3.0417": {
							"post": [6, 4, 0.05],
							"lerp_mode": "catmullrom"
						},
						"3.4167": {
							"post": [5.98903, 2.01093, -0.15914],
							"lerp_mode": "catmullrom"
						},
						"3.7917": {
							"post": [5.99, 2.01, -0.16],
							"lerp_mode": "catmullrom"
						},
						"4.3333": {
							"post": [2.98995, -1.98456, -0.3686],
							"lerp_mode": "catmullrom"
						},
						"5.0": {
							"post": [2.99, -1.98, -0.37],
							"lerp_mode": "catmullrom"
						},
						"5.875": {
							"post": [2.99, -1.98, -0.37],
							"lerp_mode": "catmullrom"
						},
						"6.6667": {
							"post": [2.98821, 0.01728, -0.2657],
							"lerp_mode": "catmullrom"
						},
						"7.375": {
							"post": [6.99404, -2.97591, -0.42662],
							"lerp_mode": "catmullrom"
						},
						"7.9583": {
							"post": [6.99, -2.98, -0.43],
							"lerp_mode": "catmullrom"
						},
						"8.9583": [0, 0, 0]
					}
				},
				"group5": {
					"scale": 0
				},
				"lefthand": {
					"rotation": {
						"0.0": [0, 0, 0],
						"0.4583": {
							"pre": [0, 0, 0],
							"post": [0, 0, 0],
							"lerp_mode": "catmullrom"
						},
						"1.75": {
							"post": [0, 0, 0],
							"lerp_mode": "catmullrom"
						},
						"2.1667": [-13.15925, 24.64623, 13.95534],
						"3.3333": [-13.15925, 24.64623, 13.95534],
						"3.625": [0, 0, -28],
						"3.75": [0, 0, -28],
						"3.8333": [0, 0, -28],
						"3.875": [0, 0, -28],
						"4.0833": [0, 0, -28],
						"4.375": [0, 0, -28],
						"5.7083": [0, 0, -28],
						"6.1667": [0, 0, -28],
						"6.25": [0, 0, -28],
						"6.5833": [0, 0, -28],
						"6.7083": [0, 0, -28],
						"7.0417": [-15.10971, -13.80477, -30.73375],
						"8.9167": [-15.11, -13.8, -30.73],
						"9.2083": [0, 0, 0]
					},
					"position": {
						"0.0": [0, 0, 0],
						"0.4583": {
							"pre": [5, -9, 9],
							"post": [5, -9, 9],
							"lerp_mode": "catmullrom"
						},
						"1.75": {
							"post": [5, -9, 9],
							"lerp_mode": "catmullrom"
						},
						"2.1667": [0.1, -4.5, -4.6],
						"3.3333": [0.1, -4.5, -4.6],
						"3.625": [1.66, 2.29, 2.35],
						"3.75": [0.84, 2, 1.78],
						"3.8333": [0.3, 1.8, 1.4],
						"3.875": [0.3, 1.8, 1.4],
						"4.0417": [0.3, -2.2, 1.4],
						"4.0833": [0.3, -2.2, 1.4],
						"4.375": [5.06, -1.08, 2.49],
						"5.7083": [5.06, -1.08, 2.49],
						"6.1667": [0.3, 3.8, 1.4],
						"6.25": [0.3, 3.8, 1.4],
						"6.5833": [0.3, 1.8, 1.4],
						"6.7083": [0.3, 1.8, 1.4],
						"7.0417": [-1.3, 1.7, 5.9],
						"8.9167": [-1.3, 1.7, 5.9],
						"9.2083": [0, 0, 0]
					}
				},
				"righthand": {
					"rotation": {
						"1.9167": [0, 0, 0],
						"2.125": [1.08927, 49.76583, 0.98859],
						"2.375": [3.9751, 67.47756, 1.68893],
						"3.3333": [3.9751, 67.47756, 1.68893],
						"3.5417": [2.5, 42.38, 1.06],
						"3.7917": [0.72, 12.27, 0.31],
						"6.1667": [0.72, 12.27, 0.31],
						"6.7083": [0, 0, 0]
					},
					"position": {
						"1.9167": [0, 0, 0],
						"2.125": [9.27, -0.04, 5.62],
						"2.375": [12.5, -0.2, 4.9],
						"3.3333": [12.5, -0.2, 4.9],
						"3.5417": [7.49, -0.43, 5.11],
						"3.7917": [1.47, -0.04, 1.62],
						"6.1667": [1.47, -0.04, 1.62],
						"6.7083": [0, 0, 0]
					}
				}
			},
			"sound_effects": {
				"0.0": {
					"effect": "rb31_miyako_inspect"
				}
			}
		}
	}
}