{
  "model": "bluearchivejp:ammo/380t_geo",
  "texture": "bluearchivejp:ammo/uv/380t",
  "slot": "bluearchivejp:ammo/slot/380t",
  "shell": {
    "model": "tacz:shell/9mm_shell",
    "texture": "tacz:shell/9mm_shell"
  },
  "tracer_color": "#FF8888",
  "transform": {
    "scale": {
      "thirdperson": [
        0.3,
        0.3,
        0.3
      ],
      "ground": [
        0.3,
        0.3,
        0.3
      ],
      "fixed": [
        0.5,
        0.5,
        0.5
      ]
    }
  }
}