{
  "model": "bluearchivejp:ammo/eoht_ammo_geo",
  "texture": "bluearchivejp:ammo/uv/eoht_ammo",
  "slot": "bluearchivejp:ammo/slot/eoht_ammo",
  "shell": {
    "model": "tacz:shell/12g_shell",
    "texture": "tacz:shell/12g_shell"
  },
  "tracer_color": "#FF3030",
  "particle": {
    "name": "lava",
    "delta": [
      0,
      0,
      0
    ],
    "speed": 0.0,
    "life_time": 45,
    "count": 30
  },
  "transform": {
    "scale": {
      "thirdperson": [
        0.6,
        0.6,
        0.6
      ],
      "ground": [
        0.6,
        0.6,
        0.6
      ],
      "fixed": [
        1,
        1,
        1
      ]
    }
  }
}