{
  "model": "bluearchivejp:ammo/hinamg_ammo_geo",
  "texture": "bluearchivejp:ammo/uv/hinamg_ammo",
  "slot": "bluearchivejp:ammo/slot/hinamg_ammo",
  "shell": {
    "model": "tacz:shell/762x39_shell",
    "texture": "tacz:shell/762x39_shell"
  },
  "tracer_color": "#ee52dd",
  "transform": {
    "scale": {
      "thirdperson": [
        0.3,
        0.3,
        0.3
      ],
      "ground": [
        0.3,
        0.3,
        0.3
      ],
      "fixed": [
        0.5,
        0.5,
        0.5
      ]
    }
  }
}