{
    "model": "bluearchivejp:gun/99_wakamo_sea_geo",
    "texture": "bluearchivejp:gun/uv/99_wakamo_sea",
    "slot": "bluearchivejp:gun/slot/99_wakamo_sea",
    "hud": "bluearchivejp:gun/hud/99_wakamo",
    "muzzle_flash": {
      "texture": "tacz:flash/common_muzzle_flash",
      "scale": 1
    },
    "animation": "bluearchivejp:99_wakamo",
    "use_default_animation": "rifle",
    "transform": {
        "scale": {
            "thirdperson": [
                0.6,
                0.6,
                0.6
            ],
            "ground": [
                0.5,
                0.5,
                0.5
            ],
            "fixed": [
                1,
                1,
                1
            ]
        }
    },
    "sounds": {
    "draw": "tacz:springfield1873/springfield1873_draw",
    "put_away": "tacz:springfield1873/springfield1873_put_away",
    "shoot": "bluearchivejp:sounds/rb39_shoot",
    "shoot_3p": "tacz:springfield1873/springfield1873_shoot_3p",
    "silence": "bluearchivejp:sounds/rb39_shoot_silence",
    "silence_3p": "bluearchivejp:sounds/rb39_shoot_silence_3p",
    "dry_fire": "bluearchivejp:sounds/ba_dry_fire",
    "melee_stock": "bluearchivejp:sounds/99_wakamo_melee",
    "reload_tactical":"bluearchivejp:sounds/rb39_reload_tactical",
    "reload_empty":"bluearchivejp:sounds/rb39_reload_empty",
    "inspect": "bluearchivejp:sounds/99_wakamo_inspect",
    "inspect_empty": "bluearchivejp:sounds/99_wakamo_inspect"
    },
    "third_person_animation": "default"
}