{
    "model": "bluearchivejp:gun/al1s_geo",
    "texture": "bluearchivejp:gun/uv/al1s",
    "slot": "bluearchivejp:gun/slot/al1s",
    "hud": "bluearchivejp:gun/hud/al1s",
    "muzzle_flash": {
      "texture": "bluearchivejp:flash/bajp_flash",
      "scale": 5
    },
    "animation": "bluearchivejp:al1s",
    "use_default_animation": "rifle",
    "transform": {
        "scale": {
            "thirdperson": [
                0.6,
                0.6,
                0.6
            ],
            "ground": [
                0.9,
                0.9,
                0.9
            ],
            "fixed": [
                1,
                1,
                1
            ]
        }
    },
    "sounds": {
        "draw": "tacz:rpk/rpk_draw",
        "put_away": "tacz:m249/m249_put_away",
        "shoot": "bluearchivejp:sounds/al1s_shoot",
        "shoot_3p": "bluearchivejp:sounds/al1s_shoot",
        "dry_fire": "bluearchivejp:sounds/ba_dry_fire",
        "reload_tactical":"bluearchivejp:sounds/al1s_reload",
        "reload_empty":"bluearchivejp:sounds/al1s_reload",
        "inspect": "bluearchivejp:sounds/al1s_inspect",
        "inspect_empty": "bluearchivejp:sounds/al1s_inspect"
    },
    "third_person_animation": "default"
}