{
    "model": "bluearchivejp:gun/noa_proto_geo",
    "texture": "bluearchivejp:gun/uv/noa_proto",
    "slot": "bluearchivejp:gun/slot/noa_proto",
    "hud": "bluearchivejp:gun/hud/noa_proto",
    "muzzle_flash": {
      "texture": "bluearchivejp:flash/bajp_flash",
      "scale": 5
    },
    "animation": "bluearchivejp:noa_proto",
    "use_default_animation": "rifle",
    "transform": {
        "scale": {
            "thirdperson": [
                0.9,
                0.9,
                0.9
            ],
            "ground": [
                1.2,
                1.2,
                1.2
            ],
            "fixed": [
                1.2,
                1.2,
                1.2
            ]
        }
    },
    "sounds": {
    "draw": "tacz:m107/m107_draw",
    "put_away": "tacz:m107/m107_put_away",
        "shoot": "bluearchivejp:sounds/noa_proto_shoot",
        "shoot_3p": "bluearchivejp:sounds/noa_proto_shoot",
        "dry_fire": "bluearchivejp:sounds/ba_dry_fire",
        "reload_tactical":"bluearchivejp:sounds/noa_proto_reload",
        "reload_empty":"bluearchivejp:sounds/noa_proto_reload",
        "inspect": "bluearchivejp:sounds/noa_proto_inspect",
        "inspect_empty": "bluearchivejp:sounds/noa_proto_inspect"
    },
    "third_person_animation": "default"
}