{
    "model": "bluearchivejp:gun/rb224_moe_geo",
    "texture": "bluearchivejp:gun/uv/rb224_moe",
    "slot": "bluearchivejp:gun/slot/rb224_moe",
    "hud": "bluearchivejp:gun/hud/rb224_moe",
    "muzzle_flash": {
      "texture": "tacz:flash/common_muzzle_flash",
      "scale": 1
    },
    "animation": "bluearchivejp:rb224_moe",
    "use_default_animation": "pistol",
    "transform": {
        "scale": {
            "thirdperson": [
                0.6,
                0.6,
                0.6
            ],
            "ground": [
                0.5,
                0.5,
                0.5
            ],
            "fixed": [
                1,
                1,
                1
            ]
        }
    },
  "shell": {
    "initial_velocity": [5, 2, 1],
    "random_velocity": [1, 1, 0.25],
    "acceleration": [0.0, -10, 0.0],
    "angular_velocity": [360, -1200, 90],
    "living_time": 1.0
  },
    "sounds": {
        "draw": "tacz:glock_17/glock17_draw",
        "put_away": "tacz:cz75/cz75_drop",
        "shoot": "tacz:cz75/cz75_shoot",
        "shoot_3p": "tacz:cz75/cz75_shoot_3p",
        "dry_fire": "bluearchivejp:sounds/ba_dry_fire",
        "silence": "tacz:cz75/cz75_silence",
        "silence_3p": "tacz:cz75/cz75_silence_3p",
        "reload_tactical":"bluearchivejp:sounds/rb224_moe_reload_tactical",
        "reload_empty":"bluearchivejp:sounds/rb224_moe_reload_empty",
        "inspect": "bluearchivejp:sounds/rb224_moe_inspect",
        "inspect_empty": "bluearchivejp:sounds/rb224_moe_inspect"
    },
    "third_person_animation": "default"
}